ISO-10303-21;
HEADER;
FILE_DESCRIPTION(('STEP AP242'),'1');
FILE_NAME('1054051104.stp','2024-12-04T09:18:36',('TraceParts'),('TraceParts S.A.'),'Spatial InterOp 3D',' ',' ');
FILE_SCHEMA(('AP242_MANAGED_MODEL_BASED_3D_ENGINEERING_MIM_LF  {1 0 10303 442 1 1 4}'));
ENDSEC;
DATA;
#1=PRODUCT_DEFINITION_CONTEXT('',#10,'design');
#2=APPLICATION_PROTOCOL_DEFINITION('INTERNATIONAL STANDARD','ap242_managed_model_based_3d_engineering',2014,#10);
#3=PRODUCT_CATEGORY_RELATIONSHIP('NONE','NONE',#11,#12);
#4=SHAPE_DEFINITION_REPRESENTATION(#13,#14);
#5=SHAPE_DEFINITION_REPRESENTATION(#13,#15);
#6= (GEOMETRIC_REPRESENTATION_CONTEXT(3)GLOBAL_UNCERTAINTY_ASSIGNED_CONTEXT((#18))GLOBAL_UNIT_ASSIGNED_CONTEXT((#20,#21,#22))REPRESENTATION_CONTEXT('NONE','WORKSPACE'));
#10=APPLICATION_CONTEXT('managed model based 3d engineering');
#11=PRODUCT_CATEGORY('part','NONE');
#12=PRODUCT_RELATED_PRODUCT_CATEGORY('detail',' ',(#24));
#13=PRODUCT_DEFINITION_SHAPE('NONE','NONE',#25);
#14=ADVANCED_BREP_SHAPE_REPRESENTATION('1054051104_1',(#26,#27),#6);
#15=GEOMETRICALLY_BOUNDED_SURFACE_SHAPE_REPRESENTATION('1',(#28,#29),#6);
#18=UNCERTAINTY_MEASURE_WITH_UNIT(LENGTH_MEASURE(1.0E-06),#20,'','');
#20= (CONVERSION_BASED_UNIT('MILLIMETRE',#32)LENGTH_UNIT()NAMED_UNIT(#35));
#21= (NAMED_UNIT(#37)PLANE_ANGLE_UNIT()SI_UNIT($,.RADIAN.));
#22= (NAMED_UNIT(#37)SOLID_ANGLE_UNIT()SI_UNIT($,.STERADIAN.));
#24=PRODUCT('1054051104_1','1054051104_1','PART-1054051104_1-DESC',(#43));
#25=PRODUCT_DEFINITION('','NONE',#44,#1);
#26=MANIFOLD_SOLID_BREP('1054051104_1',#45);
#27=AXIS2_PLACEMENT_3D('',#46,#47,#48);
#28=GEOMETRIC_SET('1',(#49,#50,#51,#52,#53,#54,#55,#56,#57,#58,#59,#60,#61,#62,#63,#64,#65,#66,#67,#68,#69,#70,#71,#72));
#29=AXIS2_PLACEMENT_3D('',#73,#74,#75);
#32=LENGTH_MEASURE_WITH_UNIT(LENGTH_MEASURE(1.0),#76);
#35=DIMENSIONAL_EXPONENTS(1.0,0.0,0.0,0.0,0.0,0.0,0.0);
#37=DIMENSIONAL_EXPONENTS(0.0,0.0,0.0,0.0,0.0,0.0,0.0);
#43=PRODUCT_CONTEXT('',#10,'mechanical');
#44=PRODUCT_DEFINITION_FORMATION_WITH_SPECIFIED_SOURCE(' ','NONE',#24,.NOT_KNOWN.);
#45=CLOSED_SHELL('',(#77,#78,#79,#80,#81,#82,#83,#84,#85,#86,#87,#88,#89,#90,#91,#92,#93,#94,#95,#96,#97,#98,#99,#100,#101,#102,#103,#104,#105,#106,#107,#108,#109,#110,#111,#112,#113,#114,#115,#116,#117,#118,#119,#120,#121,#122,#123,#124,#125,#126,#127,#128,#129,#130,#131,#132,#133,#134,#135,#136,#137,#138,#139,#140,#141,#142,#143,#144,#145,#146,#147,#148,#149,#150,#151,#152,#153,#154,#155,#156,#157,#158,#159,#160,#161,#162,#163,#164,#165,#166,#167,#168,#169,#170,#171,#172,#173,#174,#175,#176,#177,#178,#179,#180,#181,#182,#183,#184,#185,#186,#187,#188,#189,#190,#191,#192,#193,#194,#195,#196,#197,#198,#199,#200,#201,#202,#203,#204,#205,#206,#207,#208,#209,#210,#211,#212,#213,#214,#215,#216,#217,#218,#219,#220,#221,#222,#223,#224,#225,#226,#227,#228,#229,#230,#231,#232,#233,#234,#235,#236,#237,#238,#239,#240,#241,#242,#243,#244,#245,#246,#247,#248,#249,#250,#251,#252,#253,#254,#255,#256,#257,#258,#259,#260,#261,#262,#263,#264,#265,#266,#267,#268,#269,#270,#271,#272));
#46=CARTESIAN_POINT('',(0.0,0.0,0.0));
#47=DIRECTION('',(0.0,0.0,1.0));
#48=DIRECTION('',(1.0,0.0,0.0));
#49=COMPOSITE_CURVE('1054051104_2',(#273),.U.);
#50=COMPOSITE_CURVE('1054051104_3',(#274),.U.);
#51=COMPOSITE_CURVE('1054051104_4',(#275),.U.);
#52=COMPOSITE_CURVE('1054051104_5',(#276),.U.);
#53=COMPOSITE_CURVE('1054051104_6',(#277),.U.);
#54=COMPOSITE_CURVE('1054051104_7',(#278),.U.);
#55=COMPOSITE_CURVE('1054051104_8',(#279),.U.);
#56=COMPOSITE_CURVE('1054051104_9',(#280),.U.);
#57=COMPOSITE_CURVE('1054051104_10',(#281),.U.);
#58=COMPOSITE_CURVE('1054051104_11',(#282),.U.);
#59=COMPOSITE_CURVE('1054051104_12',(#283),.U.);
#60=COMPOSITE_CURVE('1054051104_13',(#284),.U.);
#61=COMPOSITE_CURVE('1054051104_14',(#285),.U.);
#62=COMPOSITE_CURVE('1054051104_15',(#286),.U.);
#63=COMPOSITE_CURVE('1054051104_16',(#287),.U.);
#64=COMPOSITE_CURVE('1054051104_17',(#288),.U.);
#65=COMPOSITE_CURVE('1054051104_18',(#289),.U.);
#66=COMPOSITE_CURVE('1054051104_19',(#290),.U.);
#67=COMPOSITE_CURVE('1054051104_20',(#291),.U.);
#68=COMPOSITE_CURVE('1054051104_21',(#292),.U.);
#69=COMPOSITE_CURVE('1054051104_22',(#293),.U.);
#70=COMPOSITE_CURVE('1054051104_23',(#294),.U.);
#71=COMPOSITE_CURVE('1054051104_24',(#295),.U.);
#72=COMPOSITE_CURVE('1054051104_25',(#296),.U.);
#73=CARTESIAN_POINT('',(0.0,0.0,0.0));
#74=DIRECTION('',(0.0,0.0,1.0));
#75=DIRECTION('',(1.0,0.0,0.0));
#76= (NAMED_UNIT(#35)LENGTH_UNIT()SI_UNIT(.MILLI.,.METRE.));
#77=ADVANCED_FACE('',(#298),#299,.F.);
#78=ADVANCED_FACE('',(#300),#301,.F.);
#79=ADVANCED_FACE('',(#302),#303,.F.);
#80=ADVANCED_FACE('',(#304),#305,.F.);
#81=ADVANCED_FACE('',(#306),#307,.T.);
#82=ADVANCED_FACE('',(#308),#309,.T.);
#83=ADVANCED_FACE('',(#310),#311,.T.);
#84=ADVANCED_FACE('',(#312),#313,.F.);
#85=ADVANCED_FACE('',(#314),#315,.F.);
#86=ADVANCED_FACE('',(#316),#317,.T.);
#87=ADVANCED_FACE('',(#318),#319,.T.);
#88=ADVANCED_FACE('',(#320),#321,.T.);
#89=ADVANCED_FACE('',(#322),#323,.T.);
#90=ADVANCED_FACE('',(#324),#325,.T.);
#91=ADVANCED_FACE('',(#326),#327,.F.);
#92=ADVANCED_FACE('',(#328),#329,.T.);
#93=ADVANCED_FACE('',(#330),#331,.F.);
#94=ADVANCED_FACE('',(#332),#333,.T.);
#95=ADVANCED_FACE('',(#334),#335,.T.);
#96=ADVANCED_FACE('',(#336),#337,.T.);
#97=ADVANCED_FACE('',(#338),#339,.T.);
#98=ADVANCED_FACE('',(#340),#341,.T.);
#99=ADVANCED_FACE('',(#342),#343,.T.);
#100=ADVANCED_FACE('',(#344,#345),#346,.T.);
#101=ADVANCED_FACE('',(#347),#348,.F.);
#102=ADVANCED_FACE('',(#349),#350,.F.);
#103=ADVANCED_FACE('',(#351),#352,.F.);
#104=ADVANCED_FACE('',(#353),#354,.T.);
#105=ADVANCED_FACE('',(#355),#356,.T.);
#106=ADVANCED_FACE('',(#357),#358,.F.);
#107=ADVANCED_FACE('',(#359,#360),#361,.F.);
#108=ADVANCED_FACE('',(#362),#363,.F.);
#109=ADVANCED_FACE('',(#364),#365,.F.);
#110=ADVANCED_FACE('',(#366),#367,.F.);
#111=ADVANCED_FACE('',(#368),#369,.T.);
#112=ADVANCED_FACE('',(#370),#371,.T.);
#113=ADVANCED_FACE('',(#372),#373,.T.);
#114=ADVANCED_FACE('',(#374),#375,.T.);
#115=ADVANCED_FACE('',(#376,#377,#378,#379,#380),#381,.T.);
#116=ADVANCED_FACE('',(#382),#383,.F.);
#117=ADVANCED_FACE('',(#384),#385,.F.);
#118=ADVANCED_FACE('',(#386),#387,.T.);
#119=ADVANCED_FACE('',(#388),#389,.T.);
#120=ADVANCED_FACE('',(#390),#391,.T.);
#121=ADVANCED_FACE('',(#392),#393,.T.);
#122=ADVANCED_FACE('',(#394),#395,.T.);
#123=ADVANCED_FACE('',(#396),#397,.T.);
#124=ADVANCED_FACE('',(#398),#399,.F.);
#125=ADVANCED_FACE('',(#400),#401,.T.);
#126=ADVANCED_FACE('',(#402),#403,.T.);
#127=ADVANCED_FACE('',(#404),#405,.T.);
#128=ADVANCED_FACE('',(#406),#407,.T.);
#129=ADVANCED_FACE('',(#408),#409,.T.);
#130=ADVANCED_FACE('',(#410),#411,.T.);
#131=ADVANCED_FACE('',(#412),#413,.T.);
#132=ADVANCED_FACE('',(#414),#415,.T.);
#133=ADVANCED_FACE('',(#416),#417,.T.);
#134=ADVANCED_FACE('',(#418),#419,.T.);
#135=ADVANCED_FACE('',(#420,#421,#422),#423,.F.);
#136=ADVANCED_FACE('',(#424),#425,.F.);
#137=ADVANCED_FACE('',(#426),#427,.F.);
#138=ADVANCED_FACE('',(#428),#429,.T.);
#139=ADVANCED_FACE('',(#430),#431,.T.);
#140=ADVANCED_FACE('',(#432),#433,.T.);
#141=ADVANCED_FACE('',(#434),#435,.T.);
#142=ADVANCED_FACE('',(#436),#437,.T.);
#143=ADVANCED_FACE('',(#438),#439,.T.);
#144=ADVANCED_FACE('',(#440),#441,.F.);
#145=ADVANCED_FACE('',(#442),#443,.T.);
#146=ADVANCED_FACE('',(#444),#445,.T.);
#147=ADVANCED_FACE('',(#446),#447,.T.);
#148=ADVANCED_FACE('',(#448),#449,.T.);
#149=ADVANCED_FACE('',(#450),#451,.T.);
#150=ADVANCED_FACE('',(#452),#453,.T.);
#151=ADVANCED_FACE('',(#454),#455,.T.);
#152=ADVANCED_FACE('',(#456),#457,.T.);
#153=ADVANCED_FACE('',(#458),#459,.T.);
#154=ADVANCED_FACE('',(#460),#461,.T.);
#155=ADVANCED_FACE('',(#462),#463,.T.);
#156=ADVANCED_FACE('',(#464),#465,.T.);
#157=ADVANCED_FACE('',(#466),#467,.T.);
#158=ADVANCED_FACE('',(#468),#469,.T.);
#159=ADVANCED_FACE('',(#470),#471,.T.);
#160=ADVANCED_FACE('',(#472),#473,.T.);
#161=ADVANCED_FACE('',(#474),#475,.T.);
#162=ADVANCED_FACE('',(#476),#477,.T.);
#163=ADVANCED_FACE('',(#478),#479,.F.);
#164=ADVANCED_FACE('',(#480),#481,.F.);
#165=ADVANCED_FACE('',(#482),#483,.F.);
#166=ADVANCED_FACE('',(#484),#485,.F.);
#167=ADVANCED_FACE('',(#486),#487,.F.);
#168=ADVANCED_FACE('',(#488),#489,.F.);
#169=ADVANCED_FACE('',(#490),#491,.F.);
#170=ADVANCED_FACE('',(#492),#493,.F.);
#171=ADVANCED_FACE('',(#494),#495,.T.);
#172=ADVANCED_FACE('',(#496),#497,.F.);
#173=ADVANCED_FACE('',(#498,#499),#500,.F.);
#174=ADVANCED_FACE('',(#501),#502,.F.);
#175=ADVANCED_FACE('',(#503),#504,.F.);
#176=ADVANCED_FACE('',(#505),#506,.F.);
#177=ADVANCED_FACE('',(#507),#508,.T.);
#178=ADVANCED_FACE('',(#509),#510,.T.);
#179=ADVANCED_FACE('',(#511),#512,.T.);
#180=ADVANCED_FACE('',(#513),#514,.T.);
#181=ADVANCED_FACE('',(#515),#516,.F.);
#182=ADVANCED_FACE('',(#517),#518,.T.);
#183=ADVANCED_FACE('',(#519),#520,.T.);
#184=ADVANCED_FACE('',(#521),#522,.T.);
#185=ADVANCED_FACE('',(#523),#524,.T.);
#186=ADVANCED_FACE('',(#525),#526,.T.);
#187=ADVANCED_FACE('',(#527),#528,.T.);
#188=ADVANCED_FACE('',(#529),#530,.F.);
#189=ADVANCED_FACE('',(#531),#532,.T.);
#190=ADVANCED_FACE('',(#533),#534,.T.);
#191=ADVANCED_FACE('',(#535),#536,.T.);
#192=ADVANCED_FACE('',(#537),#538,.T.);
#193=ADVANCED_FACE('',(#539),#540,.T.);
#194=ADVANCED_FACE('',(#541),#542,.T.);
#195=ADVANCED_FACE('',(#543),#544,.T.);
#196=ADVANCED_FACE('',(#545),#546,.T.);
#197=ADVANCED_FACE('',(#547),#548,.T.);
#198=ADVANCED_FACE('',(#549),#550,.T.);
#199=ADVANCED_FACE('',(#551),#552,.F.);
#200=ADVANCED_FACE('',(#553),#554,.F.);
#201=ADVANCED_FACE('',(#555),#556,.F.);
#202=ADVANCED_FACE('',(#557),#558,.F.);
#203=ADVANCED_FACE('',(#559),#560,.F.);
#204=ADVANCED_FACE('',(#561),#562,.F.);
#205=ADVANCED_FACE('',(#563),#564,.F.);
#206=ADVANCED_FACE('',(#565),#566,.F.);
#207=ADVANCED_FACE('',(#567),#568,.T.);
#208=ADVANCED_FACE('',(#569),#570,.T.);
#209=ADVANCED_FACE('',(#571),#572,.F.);
#210=ADVANCED_FACE('',(#573),#574,.F.);
#211=ADVANCED_FACE('',(#575),#576,.F.);
#212=ADVANCED_FACE('',(#577),#578,.F.);
#213=ADVANCED_FACE('',(#579),#580,.T.);
#214=ADVANCED_FACE('',(#581),#582,.T.);
#215=ADVANCED_FACE('',(#583),#584,.F.);
#216=ADVANCED_FACE('',(#585),#586,.T.);
#217=ADVANCED_FACE('',(#587),#588,.T.);
#218=ADVANCED_FACE('',(#589),#590,.T.);
#219=ADVANCED_FACE('',(#591),#592,.F.);
#220=ADVANCED_FACE('',(#593),#594,.T.);
#221=ADVANCED_FACE('',(#595),#596,.T.);
#222=ADVANCED_FACE('',(#597),#598,.T.);
#223=ADVANCED_FACE('',(#599),#600,.F.);
#224=ADVANCED_FACE('',(#601),#602,.F.);
#225=ADVANCED_FACE('',(#603),#604,.T.);
#226=ADVANCED_FACE('',(#605),#606,.T.);
#227=ADVANCED_FACE('',(#607),#608,.T.);
#228=ADVANCED_FACE('',(#609),#610,.F.);
#229=ADVANCED_FACE('',(#611),#612,.F.);
#230=ADVANCED_FACE('',(#613),#614,.T.);
#231=ADVANCED_FACE('',(#615),#616,.T.);
#232=ADVANCED_FACE('',(#617),#618,.T.);
#233=ADVANCED_FACE('',(#619),#620,.T.);
#234=ADVANCED_FACE('',(#621),#622,.T.);
#235=ADVANCED_FACE('',(#623),#624,.T.);
#236=ADVANCED_FACE('',(#625),#626,.F.);
#237=ADVANCED_FACE('',(#627),#628,.T.);
#238=ADVANCED_FACE('',(#629),#630,.F.);
#239=ADVANCED_FACE('',(#631),#632,.T.);
#240=ADVANCED_FACE('',(#633),#634,.T.);
#241=ADVANCED_FACE('',(#635),#636,.T.);
#242=ADVANCED_FACE('',(#637),#638,.T.);
#243=ADVANCED_FACE('',(#639),#640,.T.);
#244=ADVANCED_FACE('',(#641),#642,.F.);
#245=ADVANCED_FACE('',(#643),#644,.F.);
#246=ADVANCED_FACE('',(#645),#646,.T.);
#247=ADVANCED_FACE('',(#647),#648,.F.);
#248=ADVANCED_FACE('',(#649),#650,.F.);
#249=ADVANCED_FACE('',(#651),#652,.F.);
#250=ADVANCED_FACE('',(#653),#654,.T.);
#251=ADVANCED_FACE('',(#655),#656,.T.);
#252=ADVANCED_FACE('',(#657),#658,.T.);
#253=ADVANCED_FACE('',(#659),#660,.F.);
#254=ADVANCED_FACE('',(#661),#662,.F.);
#255=ADVANCED_FACE('',(#663),#664,.F.);
#256=ADVANCED_FACE('',(#665),#666,.T.);
#257=ADVANCED_FACE('',(#667),#668,.T.);
#258=ADVANCED_FACE('',(#669),#670,.T.);
#259=ADVANCED_FACE('',(#671),#672,.T.);
#260=ADVANCED_FACE('',(#673),#674,.T.);
#261=ADVANCED_FACE('',(#675),#676,.T.);
#262=ADVANCED_FACE('',(#677),#678,.T.);
#263=ADVANCED_FACE('',(#679),#680,.T.);
#264=ADVANCED_FACE('',(#681),#682,.T.);
#265=ADVANCED_FACE('',(#683),#684,.T.);
#266=ADVANCED_FACE('',(#685),#686,.T.);
#267=ADVANCED_FACE('',(#687),#688,.T.);
#268=ADVANCED_FACE('',(#689),#690,.T.);
#269=ADVANCED_FACE('',(#691),#692,.T.);
#270=ADVANCED_FACE('',(#693),#694,.F.);
#271=ADVANCED_FACE('',(#695),#696,.T.);
#272=ADVANCED_FACE('',(#697),#698,.T.);
#273=COMPOSITE_CURVE_SEGMENT(.CONTINUOUS.,.T.,#699);
#274=COMPOSITE_CURVE_SEGMENT(.CONTINUOUS.,.T.,#700);
#275=COMPOSITE_CURVE_SEGMENT(.CONTINUOUS.,.T.,#701);
#276=COMPOSITE_CURVE_SEGMENT(.CONTINUOUS.,.T.,#702);
#277=COMPOSITE_CURVE_SEGMENT(.CONTINUOUS.,.T.,#703);
#278=COMPOSITE_CURVE_SEGMENT(.CONTINUOUS.,.T.,#704);
#279=COMPOSITE_CURVE_SEGMENT(.CONTINUOUS.,.T.,#705);
#280=COMPOSITE_CURVE_SEGMENT(.CONTINUOUS.,.T.,#706);
#281=COMPOSITE_CURVE_SEGMENT(.CONTINUOUS.,.T.,#707);
#282=COMPOSITE_CURVE_SEGMENT(.CONTINUOUS.,.T.,#708);
#283=COMPOSITE_CURVE_SEGMENT(.CONTINUOUS.,.T.,#709);
#284=COMPOSITE_CURVE_SEGMENT(.CONTINUOUS.,.T.,#710);
#285=COMPOSITE_CURVE_SEGMENT(.CONTINUOUS.,.T.,#711);
#286=COMPOSITE_CURVE_SEGMENT(.CONTINUOUS.,.T.,#712);
#287=COMPOSITE_CURVE_SEGMENT(.CONTINUOUS.,.T.,#713);
#288=COMPOSITE_CURVE_SEGMENT(.CONTINUOUS.,.T.,#714);
#289=COMPOSITE_CURVE_SEGMENT(.CONTINUOUS.,.T.,#715);
#290=COMPOSITE_CURVE_SEGMENT(.CONTINUOUS.,.T.,#716);
#291=COMPOSITE_CURVE_SEGMENT(.CONTINUOUS.,.T.,#717);
#292=COMPOSITE_CURVE_SEGMENT(.CONTINUOUS.,.T.,#718);
#293=COMPOSITE_CURVE_SEGMENT(.CONTINUOUS.,.T.,#719);
#294=COMPOSITE_CURVE_SEGMENT(.CONTINUOUS.,.T.,#720);
#295=COMPOSITE_CURVE_SEGMENT(.CONTINUOUS.,.T.,#721);
#296=COMPOSITE_CURVE_SEGMENT(.CONTINUOUS.,.T.,#722);
#298=FACE_OUTER_BOUND('',#723,.T.);
#299=PLANE('',#724);
#300=FACE_OUTER_BOUND('',#725,.T.);
#301=PLANE('',#726);
#302=FACE_OUTER_BOUND('',#727,.T.);
#303=PLANE('',#728);
#304=FACE_OUTER_BOUND('',#729,.T.);
#305=PLANE('',#730);
#306=FACE_OUTER_BOUND('',#731,.T.);
#307=PLANE('',#732);
#308=FACE_OUTER_BOUND('',#733,.T.);
#309=PLANE('',#734);
#310=FACE_OUTER_BOUND('',#735,.T.);
#311=CYLINDRICAL_SURFACE('',#736,0.35);
#312=FACE_OUTER_BOUND('',#737,.T.);
#313=PLANE('',#738);
#314=FACE_OUTER_BOUND('',#739,.T.);
#315=PLANE('',#740);
#316=FACE_OUTER_BOUND('',#741,.T.);
#317=PLANE('',#742);
#318=FACE_OUTER_BOUND('',#743,.T.);
#319=CYLINDRICAL_SURFACE('',#744,0.3);
#320=FACE_OUTER_BOUND('',#745,.T.);
#321=PLANE('',#746);
#322=FACE_OUTER_BOUND('',#747,.T.);
#323=CYLINDRICAL_SURFACE('',#748,0.15);
#324=FACE_OUTER_BOUND('',#749,.T.);
#325=PLANE('',#750);
#326=FACE_OUTER_BOUND('',#751,.T.);
#327=CYLINDRICAL_SURFACE('',#752,0.15);
#328=FACE_OUTER_BOUND('',#753,.T.);
#329=PLANE('',#754);
#330=FACE_OUTER_BOUND('',#755,.T.);
#331=CYLINDRICAL_SURFACE('',#756,0.15);
#332=FACE_OUTER_BOUND('',#757,.T.);
#333=PLANE('',#758);
#334=FACE_OUTER_BOUND('',#759,.T.);
#335=CYLINDRICAL_SURFACE('',#760,0.15);
#336=FACE_OUTER_BOUND('',#761,.T.);
#337=PLANE('',#762);
#338=FACE_OUTER_BOUND('',#763,.T.);
#339=CYLINDRICAL_SURFACE('',#764,0.35);
#340=FACE_OUTER_BOUND('',#765,.T.);
#341=PLANE('',#766);
#342=FACE_OUTER_BOUND('',#767,.T.);
#343=PLANE('',#768);
#344=FACE_OUTER_BOUND('',#769,.T.);
#345=FACE_BOUND('',#770,.T.);
#346=PLANE('',#771);
#347=FACE_OUTER_BOUND('',#772,.T.);
#348=PLANE('',#773);
#349=FACE_OUTER_BOUND('',#774,.T.);
#350=PLANE('',#775);
#351=FACE_OUTER_BOUND('',#776,.T.);
#352=PLANE('',#777);
#353=FACE_OUTER_BOUND('',#778,.T.);
#354=PLANE('',#779);
#355=FACE_OUTER_BOUND('',#780,.T.);
#356=PLANE('',#781);
#357=FACE_OUTER_BOUND('',#782,.T.);
#358=PLANE('',#783);
#359=FACE_OUTER_BOUND('',#784,.T.);
#360=FACE_BOUND('',#785,.T.);
#361=PLANE('',#786);
#362=FACE_OUTER_BOUND('',#787,.T.);
#363=PLANE('',#788);
#364=FACE_OUTER_BOUND('',#789,.T.);
#365=PLANE('',#790);
#366=FACE_OUTER_BOUND('',#791,.T.);
#367=PLANE('',#792);
#368=FACE_OUTER_BOUND('',#793,.T.);
#369=PLANE('',#794);
#370=FACE_OUTER_BOUND('',#795,.T.);
#371=PLANE('',#796);
#372=FACE_OUTER_BOUND('',#797,.T.);
#373=PLANE('',#798);
#374=FACE_OUTER_BOUND('',#799,.T.);
#375=PLANE('',#800);
#376=FACE_OUTER_BOUND('',#801,.T.);
#377=FACE_BOUND('',#802,.T.);
#378=FACE_BOUND('',#803,.T.);
#379=FACE_BOUND('',#804,.T.);
#380=FACE_BOUND('',#805,.T.);
#381=PLANE('',#806);
#382=FACE_OUTER_BOUND('',#807,.T.);
#383=PLANE('',#808);
#384=FACE_OUTER_BOUND('',#809,.T.);
#385=PLANE('',#810);
#386=FACE_OUTER_BOUND('',#811,.T.);
#387=PLANE('',#812);
#388=FACE_OUTER_BOUND('',#813,.T.);
#389=PLANE('',#814);
#390=FACE_OUTER_BOUND('',#815,.T.);
#391=PLANE('',#816);
#392=FACE_OUTER_BOUND('',#817,.T.);
#393=PLANE('',#818);
#394=FACE_OUTER_BOUND('',#819,.T.);
#395=PLANE('',#820);
#396=FACE_OUTER_BOUND('',#821,.T.);
#397=PLANE('',#822);
#398=FACE_OUTER_BOUND('',#823,.T.);
#399=CYLINDRICAL_SURFACE('',#824,0.3);
#400=FACE_OUTER_BOUND('',#825,.T.);
#401=PLANE('',#826);
#402=FACE_OUTER_BOUND('',#827,.T.);
#403=PLANE('',#828);
#404=FACE_OUTER_BOUND('',#829,.T.);
#405=PLANE('',#830);
#406=FACE_OUTER_BOUND('',#831,.T.);
#407=CYLINDRICAL_SURFACE('',#832,0.2);
#408=FACE_OUTER_BOUND('',#833,.T.);
#409=PLANE('',#834);
#410=FACE_OUTER_BOUND('',#835,.T.);
#411=CYLINDRICAL_SURFACE('',#836,0.2);
#412=FACE_OUTER_BOUND('',#837,.T.);
#413=PLANE('',#838);
#414=FACE_OUTER_BOUND('',#839,.T.);
#415=PLANE('',#840);
#416=FACE_OUTER_BOUND('',#841,.T.);
#417=PLANE('',#842);
#418=FACE_OUTER_BOUND('',#843,.T.);
#419=PLANE('',#844);
#420=FACE_OUTER_BOUND('',#845,.T.);
#421=FACE_BOUND('',#846,.T.);
#422=FACE_BOUND('',#847,.T.);
#423=PLANE('',#848);
#424=FACE_OUTER_BOUND('',#849,.T.);
#425=PLANE('',#850);
#426=FACE_OUTER_BOUND('',#851,.T.);
#427=PLANE('',#852);
#428=FACE_OUTER_BOUND('',#853,.T.);
#429=PLANE('',#854);
#430=FACE_OUTER_BOUND('',#855,.T.);
#431=PLANE('',#856);
#432=FACE_OUTER_BOUND('',#857,.T.);
#433=PLANE('',#858);
#434=FACE_OUTER_BOUND('',#859,.T.);
#435=PLANE('',#860);
#436=FACE_OUTER_BOUND('',#861,.T.);
#437=PLANE('',#862);
#438=FACE_OUTER_BOUND('',#863,.T.);
#439=PLANE('',#864);
#440=FACE_OUTER_BOUND('',#865,.T.);
#441=CYLINDRICAL_SURFACE('',#866,0.3);
#442=FACE_OUTER_BOUND('',#867,.T.);
#443=PLANE('',#868);
#444=FACE_OUTER_BOUND('',#869,.T.);
#445=PLANE('',#870);
#446=FACE_OUTER_BOUND('',#871,.T.);
#447=PLANE('',#872);
#448=FACE_OUTER_BOUND('',#873,.T.);
#449=CYLINDRICAL_SURFACE('',#874,0.2);
#450=FACE_OUTER_BOUND('',#875,.T.);
#451=PLANE('',#876);
#452=FACE_OUTER_BOUND('',#877,.T.);
#453=CYLINDRICAL_SURFACE('',#878,0.2);
#454=FACE_OUTER_BOUND('',#879,.T.);
#455=PLANE('',#880);
#456=FACE_OUTER_BOUND('',#881,.T.);
#457=PLANE('',#882);
#458=FACE_OUTER_BOUND('',#883,.T.);
#459=PLANE('',#884);
#460=FACE_OUTER_BOUND('',#885,.T.);
#461=PLANE('',#886);
#462=FACE_OUTER_BOUND('',#887,.T.);
#463=PLANE('',#888);
#464=FACE_OUTER_BOUND('',#889,.T.);
#465=PLANE('',#890);
#466=FACE_OUTER_BOUND('',#891,.T.);
#467=PLANE('',#892);
#468=FACE_OUTER_BOUND('',#893,.T.);
#469=PLANE('',#894);
#470=FACE_OUTER_BOUND('',#895,.T.);
#471=PLANE('',#896);
#472=FACE_OUTER_BOUND('',#897,.T.);
#473=PLANE('',#898);
#474=FACE_OUTER_BOUND('',#899,.T.);
#475=PLANE('',#900);
#476=FACE_OUTER_BOUND('',#901,.T.);
#477=PLANE('',#902);
#478=FACE_OUTER_BOUND('',#903,.T.);
#479=PLANE('',#904);
#480=FACE_OUTER_BOUND('',#905,.T.);
#481=PLANE('',#906);
#482=FACE_OUTER_BOUND('',#907,.T.);
#483=PLANE('',#908);
#484=FACE_OUTER_BOUND('',#909,.T.);
#485=PLANE('',#910);
#486=FACE_OUTER_BOUND('',#911,.T.);
#487=PLANE('',#912);
#488=FACE_OUTER_BOUND('',#913,.T.);
#489=PLANE('',#914);
#490=FACE_OUTER_BOUND('',#915,.T.);
#491=PLANE('',#916);
#492=FACE_OUTER_BOUND('',#917,.T.);
#493=PLANE('',#918);
#494=FACE_OUTER_BOUND('',#919,.T.);
#495=PLANE('',#920);
#496=FACE_OUTER_BOUND('',#921,.T.);
#497=PLANE('',#922);
#498=FACE_OUTER_BOUND('',#923,.T.);
#499=FACE_BOUND('',#924,.T.);
#500=PLANE('',#925);
#501=FACE_OUTER_BOUND('',#926,.T.);
#502=PLANE('',#927);
#503=FACE_OUTER_BOUND('',#928,.T.);
#504=PLANE('',#929);
#505=FACE_OUTER_BOUND('',#930,.T.);
#506=PLANE('',#931);
#507=FACE_OUTER_BOUND('',#932,.T.);
#508=PLANE('',#933);
#509=FACE_OUTER_BOUND('',#934,.T.);
#510=PLANE('',#935);
#511=FACE_OUTER_BOUND('',#936,.T.);
#512=PLANE('',#937);
#513=FACE_OUTER_BOUND('',#938,.T.);
#514=PLANE('',#939);
#515=FACE_OUTER_BOUND('',#940,.T.);
#516=CYLINDRICAL_SURFACE('',#941,0.3);
#517=FACE_OUTER_BOUND('',#942,.T.);
#518=PLANE('',#943);
#519=FACE_OUTER_BOUND('',#944,.T.);
#520=PLANE('',#945);
#521=FACE_OUTER_BOUND('',#946,.T.);
#522=PLANE('',#947);
#523=FACE_OUTER_BOUND('',#948,.T.);
#524=CYLINDRICAL_SURFACE('',#949,0.2);
#525=FACE_OUTER_BOUND('',#950,.T.);
#526=PLANE('',#951);
#527=FACE_OUTER_BOUND('',#952,.T.);
#528=CYLINDRICAL_SURFACE('',#953,0.2);
#529=FACE_OUTER_BOUND('',#954,.T.);
#530=CYLINDRICAL_SURFACE('',#955,0.3);
#531=FACE_OUTER_BOUND('',#956,.T.);
#532=PLANE('',#957);
#533=FACE_OUTER_BOUND('',#958,.T.);
#534=PLANE('',#959);
#535=FACE_OUTER_BOUND('',#960,.T.);
#536=PLANE('',#961);
#537=FACE_OUTER_BOUND('',#962,.T.);
#538=PLANE('',#963);
#539=FACE_OUTER_BOUND('',#964,.T.);
#540=PLANE('',#965);
#541=FACE_OUTER_BOUND('',#966,.T.);
#542=PLANE('',#967);
#543=FACE_OUTER_BOUND('',#968,.T.);
#544=PLANE('',#969);
#545=FACE_OUTER_BOUND('',#970,.T.);
#546=PLANE('',#971);
#547=FACE_OUTER_BOUND('',#972,.T.);
#548=PLANE('',#973);
#549=FACE_OUTER_BOUND('',#974,.T.);
#550=PLANE('',#975);
#551=FACE_OUTER_BOUND('',#976,.T.);
#552=PLANE('',#977);
#553=FACE_OUTER_BOUND('',#978,.T.);
#554=PLANE('',#979);
#555=FACE_OUTER_BOUND('',#980,.T.);
#556=PLANE('',#981);
#557=FACE_OUTER_BOUND('',#982,.T.);
#558=PLANE('',#983);
#559=FACE_OUTER_BOUND('',#984,.T.);
#560=PLANE('',#985);
#561=FACE_OUTER_BOUND('',#986,.T.);
#562=PLANE('',#987);
#563=FACE_OUTER_BOUND('',#988,.T.);
#564=PLANE('',#989);
#565=FACE_OUTER_BOUND('',#990,.T.);
#566=PLANE('',#991);
#567=FACE_OUTER_BOUND('',#992,.T.);
#568=PLANE('',#993);
#569=FACE_OUTER_BOUND('',#994,.T.);
#570=PLANE('',#995);
#571=FACE_OUTER_BOUND('',#996,.T.);
#572=PLANE('',#997);
#573=FACE_OUTER_BOUND('',#998,.T.);
#574=PLANE('',#999);
#575=FACE_OUTER_BOUND('',#1000,.T.);
#576=PLANE('',#1001);
#577=FACE_OUTER_BOUND('',#1002,.T.);
#578=PLANE('',#1003);
#579=FACE_OUTER_BOUND('',#1004,.T.);
#580=PLANE('',#1005);
#581=FACE_OUTER_BOUND('',#1006,.T.);
#582=PLANE('',#1007);
#583=FACE_OUTER_BOUND('',#1008,.T.);
#584=PLANE('',#1009);
#585=FACE_OUTER_BOUND('',#1010,.T.);
#586=PLANE('',#1011);
#587=FACE_OUTER_BOUND('',#1012,.T.);
#588=PLANE('',#1013);
#589=FACE_OUTER_BOUND('',#1014,.T.);
#590=PLANE('',#1015);
#591=FACE_OUTER_BOUND('',#1016,.T.);
#592=PLANE('',#1017);
#593=FACE_OUTER_BOUND('',#1018,.T.);
#594=PLANE('',#1019);
#595=FACE_OUTER_BOUND('',#1020,.T.);
#596=PLANE('',#1021);
#597=FACE_OUTER_BOUND('',#1022,.T.);
#598=PLANE('',#1023);
#599=FACE_OUTER_BOUND('',#1024,.T.);
#600=PLANE('',#1025);
#601=FACE_OUTER_BOUND('',#1026,.T.);
#602=PLANE('',#1027);
#603=FACE_OUTER_BOUND('',#1028,.T.);
#604=PLANE('',#1029);
#605=FACE_OUTER_BOUND('',#1030,.T.);
#606=PLANE('',#1031);
#607=FACE_OUTER_BOUND('',#1032,.T.);
#608=PLANE('',#1033);
#609=FACE_OUTER_BOUND('',#1034,.T.);
#610=PLANE('',#1035);
#611=FACE_OUTER_BOUND('',#1036,.T.);
#612=PLANE('',#1037);
#613=FACE_OUTER_BOUND('',#1038,.T.);
#614=CYLINDRICAL_SURFACE('',#1039,0.35);
#615=FACE_OUTER_BOUND('',#1040,.T.);
#616=PLANE('',#1041);
#617=FACE_OUTER_BOUND('',#1042,.T.);
#618=CYLINDRICAL_SURFACE('',#1043,0.35);
#619=FACE_OUTER_BOUND('',#1044,.T.);
#620=PLANE('',#1045);
#621=FACE_OUTER_BOUND('',#1046,.T.);
#622=CYLINDRICAL_SURFACE('',#1047,0.15);
#623=FACE_OUTER_BOUND('',#1048,.T.);
#624=PLANE('',#1049);
#625=FACE_OUTER_BOUND('',#1050,.T.);
#626=CYLINDRICAL_SURFACE('',#1051,0.15);
#627=FACE_OUTER_BOUND('',#1052,.T.);
#628=PLANE('',#1053);
#629=FACE_OUTER_BOUND('',#1054,.T.);
#630=CYLINDRICAL_SURFACE('',#1055,0.15);
#631=FACE_OUTER_BOUND('',#1056,.T.);
#632=PLANE('',#1057);
#633=FACE_OUTER_BOUND('',#1058,.T.);
#634=CYLINDRICAL_SURFACE('',#1059,0.15);
#635=FACE_OUTER_BOUND('',#1060,.T.);
#636=PLANE('',#1061);
#637=FACE_OUTER_BOUND('',#1062,.T.);
#638=CYLINDRICAL_SURFACE('',#1063,0.3);
#639=FACE_OUTER_BOUND('',#1064,.T.);
#640=PLANE('',#1065);
#641=FACE_OUTER_BOUND('',#1066,.T.);
#642=PLANE('',#1067);
#643=FACE_OUTER_BOUND('',#1068,.T.);
#644=PLANE('',#1069);
#645=FACE_OUTER_BOUND('',#1070,.T.);
#646=PLANE('',#1071);
#647=FACE_OUTER_BOUND('',#1072,.T.);
#648=PLANE('',#1073);
#649=FACE_OUTER_BOUND('',#1074,.T.);
#650=PLANE('',#1075);
#651=FACE_OUTER_BOUND('',#1076,.T.);
#652=PLANE('',#1077);
#653=FACE_OUTER_BOUND('',#1078,.T.);
#654=PLANE('',#1079);
#655=FACE_OUTER_BOUND('',#1080,.T.);
#656=PLANE('',#1081);
#657=FACE_OUTER_BOUND('',#1082,.T.);
#658=PLANE('',#1083);
#659=FACE_OUTER_BOUND('',#1084,.T.);
#660=CYLINDRICAL_SURFACE('',#1085,0.3);
#661=FACE_OUTER_BOUND('',#1086,.T.);
#662=PLANE('',#1087);
#663=FACE_OUTER_BOUND('',#1088,.T.);
#664=CYLINDRICAL_SURFACE('',#1089,0.3);
#665=FACE_OUTER_BOUND('',#1090,.T.);
#666=PLANE('',#1091);
#667=FACE_OUTER_BOUND('',#1092,.T.);
#668=PLANE('',#1093);
#669=FACE_OUTER_BOUND('',#1094,.T.);
#670=PLANE('',#1095);
#671=FACE_OUTER_BOUND('',#1096,.T.);
#672=CYLINDRICAL_SURFACE('',#1097,0.2);
#673=FACE_OUTER_BOUND('',#1098,.T.);
#674=PLANE('',#1099);
#675=FACE_OUTER_BOUND('',#1100,.T.);
#676=CYLINDRICAL_SURFACE('',#1101,0.2);
#677=FACE_OUTER_BOUND('',#1102,.T.);
#678=PLANE('',#1103);
#679=FACE_OUTER_BOUND('',#1104,.T.);
#680=PLANE('',#1105);
#681=FACE_OUTER_BOUND('',#1106,.T.);
#682=PLANE('',#1107);
#683=FACE_OUTER_BOUND('',#1108,.T.);
#684=PLANE('',#1109);
#685=FACE_OUTER_BOUND('',#1110,.T.);
#686=PLANE('',#1111);
#687=FACE_OUTER_BOUND('',#1112,.T.);
#688=PLANE('',#1113);
#689=FACE_OUTER_BOUND('',#1114,.T.);
#690=PLANE('',#1115);
#691=FACE_OUTER_BOUND('',#1116,.T.);
#692=PLANE('',#1117);
#693=FACE_OUTER_BOUND('',#1118,.T.);
#694=PLANE('',#1119);
#695=FACE_OUTER_BOUND('',#1120,.T.);
#696=PLANE('',#1121);
#697=FACE_OUTER_BOUND('',#1122,.T.);
#698=PLANE('',#1123);
#699=TRIMMED_CURVE('',#1124,(PARAMETER_VALUE(0.0)),(PARAMETER_VALUE(1.0)),.T.,.UNSPECIFIED.);
#700=TRIMMED_CURVE('',#1125,(PARAMETER_VALUE(0.0)),(PARAMETER_VALUE(1.0)),.T.,.UNSPECIFIED.);
#701=TRIMMED_CURVE('',#1126,(PARAMETER_VALUE(0.0)),(PARAMETER_VALUE(1.0)),.T.,.UNSPECIFIED.);
#702=TRIMMED_CURVE('',#1127,(PARAMETER_VALUE(0.0)),(PARAMETER_VALUE(1.0)),.T.,.UNSPECIFIED.);
#703=TRIMMED_CURVE('',#1128,(PARAMETER_VALUE(0.0)),(PARAMETER_VALUE(1.0)),.T.,.UNSPECIFIED.);
#704=TRIMMED_CURVE('',#1129,(PARAMETER_VALUE(0.0)),(PARAMETER_VALUE(1.0)),.T.,.UNSPECIFIED.);
#705=TRIMMED_CURVE('',#1130,(PARAMETER_VALUE(0.0)),(PARAMETER_VALUE(1.0)),.T.,.UNSPECIFIED.);
#706=TRIMMED_CURVE('',#1131,(PARAMETER_VALUE(0.0)),(PARAMETER_VALUE(1.0)),.T.,.UNSPECIFIED.);
#707=TRIMMED_CURVE('',#1132,(PARAMETER_VALUE(0.0)),(PARAMETER_VALUE(1.0)),.T.,.UNSPECIFIED.);
#708=TRIMMED_CURVE('',#1133,(PARAMETER_VALUE(0.0)),(PARAMETER_VALUE(1.0)),.T.,.UNSPECIFIED.);
#709=TRIMMED_CURVE('',#1134,(PARAMETER_VALUE(0.0)),(PARAMETER_VALUE(1.0)),.T.,.UNSPECIFIED.);
#710=TRIMMED_CURVE('',#1135,(PARAMETER_VALUE(0.0)),(PARAMETER_VALUE(1.0)),.T.,.UNSPECIFIED.);
#711=TRIMMED_CURVE('',#1136,(PARAMETER_VALUE(0.0)),(PARAMETER_VALUE(1.0)),.T.,.UNSPECIFIED.);
#712=TRIMMED_CURVE('',#1137,(PARAMETER_VALUE(0.0)),(PARAMETER_VALUE(1.0)),.T.,.UNSPECIFIED.);
#713=TRIMMED_CURVE('',#1138,(PARAMETER_VALUE(0.0)),(PARAMETER_VALUE(1.0)),.T.,.UNSPECIFIED.);
#714=TRIMMED_CURVE('',#1139,(PARAMETER_VALUE(0.0)),(PARAMETER_VALUE(1.0)),.T.,.UNSPECIFIED.);
#715=TRIMMED_CURVE('',#1140,(PARAMETER_VALUE(0.0)),(PARAMETER_VALUE(1.0)),.T.,.UNSPECIFIED.);
#716=TRIMMED_CURVE('',#1141,(PARAMETER_VALUE(0.0)),(PARAMETER_VALUE(1.0)),.T.,.UNSPECIFIED.);
#717=TRIMMED_CURVE('',#1142,(PARAMETER_VALUE(0.0)),(PARAMETER_VALUE(1.0)),.T.,.UNSPECIFIED.);
#718=TRIMMED_CURVE('',#1143,(PARAMETER_VALUE(0.0)),(PARAMETER_VALUE(1.0)),.T.,.UNSPECIFIED.);
#719=TRIMMED_CURVE('',#1144,(PARAMETER_VALUE(0.0)),(PARAMETER_VALUE(1.0)),.T.,.UNSPECIFIED.);
#720=TRIMMED_CURVE('',#1145,(PARAMETER_VALUE(0.0)),(PARAMETER_VALUE(1.0)),.T.,.UNSPECIFIED.);
#721=TRIMMED_CURVE('',#1146,(PARAMETER_VALUE(0.0)),(PARAMETER_VALUE(1.0)),.T.,.UNSPECIFIED.);
#722=TRIMMED_CURVE('',#1147,(PARAMETER_VALUE(0.0)),(PARAMETER_VALUE(1.0)),.T.,.UNSPECIFIED.);
#723=EDGE_LOOP('',(#1148,#1149,#1150,#1151));
#724=AXIS2_PLACEMENT_3D('',#1152,#1153,#1154);
#725=EDGE_LOOP('',(#1155,#1156,#1157,#1158));
#726=AXIS2_PLACEMENT_3D('',#1159,#1160,#1161);
#727=EDGE_LOOP('',(#1162,#1163,#1164,#1165,#1166,#1167,#1168,#1169,#1170,#1171,#1172,#1173,#1174,#1175,#1176,#1177));
#728=AXIS2_PLACEMENT_3D('',#1178,#1179,#1180);
#729=EDGE_LOOP('',(#1181,#1182,#1183,#1184));
#730=AXIS2_PLACEMENT_3D('',#1185,#1186,#1187);
#731=EDGE_LOOP('',(#1188,#1189,#1190,#1191,#1192,#1193,#1194,#1195));
#732=AXIS2_PLACEMENT_3D('',#1196,#1197,#1198);
#733=EDGE_LOOP('',(#1199,#1200,#1201));
#734=AXIS2_PLACEMENT_3D('',#1202,#1203,#1204);
#735=EDGE_LOOP('',(#1205,#1206,#1207,#1208,#1209));
#736=AXIS2_PLACEMENT_3D('',#1210,#1211,#1212);
#737=EDGE_LOOP('',(#1213,#1214,#1215,#1216,#1217,#1218,#1219,#1220,#1221,#1222));
#738=AXIS2_PLACEMENT_3D('',#1223,#1224,#1225);
#739=EDGE_LOOP('',(#1226,#1227,#1228,#1229,#1230,#1231,#1232,#1233,#1234,#1235,#1236,#1237,#1238,#1239,#1240,#1241));
#740=AXIS2_PLACEMENT_3D('',#1242,#1243,#1244);
#741=EDGE_LOOP('',(#1245,#1246,#1247,#1248));
#742=AXIS2_PLACEMENT_3D('',#1249,#1250,#1251);
#743=EDGE_LOOP('',(#1252,#1253,#1254,#1255));
#744=AXIS2_PLACEMENT_3D('',#1256,#1257,#1258);
#745=EDGE_LOOP('',(#1259,#1260,#1261,#1262));
#746=AXIS2_PLACEMENT_3D('',#1263,#1264,#1265);
#747=EDGE_LOOP('',(#1266,#1267,#1268,#1269));
#748=AXIS2_PLACEMENT_3D('',#1270,#1271,#1272);
#749=EDGE_LOOP('',(#1273,#1274,#1275,#1276));
#750=AXIS2_PLACEMENT_3D('',#1277,#1278,#1279);
#751=EDGE_LOOP('',(#1280,#1281,#1282,#1283));
#752=AXIS2_PLACEMENT_3D('',#1284,#1285,#1286);
#753=EDGE_LOOP('',(#1287,#1288,#1289,#1290));
#754=AXIS2_PLACEMENT_3D('',#1291,#1292,#1293);
#755=EDGE_LOOP('',(#1294,#1295,#1296,#1297));
#756=AXIS2_PLACEMENT_3D('',#1298,#1299,#1300);
#757=EDGE_LOOP('',(#1301,#1302,#1303,#1304));
#758=AXIS2_PLACEMENT_3D('',#1305,#1306,#1307);
#759=EDGE_LOOP('',(#1308,#1309,#1310,#1311));
#760=AXIS2_PLACEMENT_3D('',#1312,#1313,#1314);
#761=EDGE_LOOP('',(#1315,#1316,#1317,#1318));
#762=AXIS2_PLACEMENT_3D('',#1319,#1320,#1321);
#763=EDGE_LOOP('',(#1322,#1323,#1324,#1325));
#764=AXIS2_PLACEMENT_3D('',#1326,#1327,#1328);
#765=EDGE_LOOP('',(#1329,#1330,#1331,#1332));
#766=AXIS2_PLACEMENT_3D('',#1333,#1334,#1335);
#767=EDGE_LOOP('',(#1336,#1337,#1338,#1339,#1340,#1341,#1342,#1343,#1344,#1345,#1346,#1347,#1348,#1349,#1350));
#768=AXIS2_PLACEMENT_3D('',#1351,#1352,#1353);
#769=EDGE_LOOP('',(#1354,#1355,#1356,#1357,#1358,#1359,#1360,#1361,#1362,#1363,#1364,#1365,#1366,#1367,#1368,#1369,#1370,#1371,#1372,#1373,#1374,#1375,#1376,#1377,#1378,#1379,#1380,#1381,#1382,#1383,#1384,#1385,#1386,#1387,#1388,#1389,#1390,#1391,#1392));
#770=EDGE_LOOP('',(#1393,#1394,#1395,#1396));
#771=AXIS2_PLACEMENT_3D('',#1397,#1398,#1399);
#772=EDGE_LOOP('',(#1400,#1401,#1402,#1403));
#773=AXIS2_PLACEMENT_3D('',#1404,#1405,#1406);
#774=EDGE_LOOP('',(#1407,#1408,#1409,#1410));
#775=AXIS2_PLACEMENT_3D('',#1411,#1412,#1413);
#776=EDGE_LOOP('',(#1414,#1415,#1416,#1417));
#777=AXIS2_PLACEMENT_3D('',#1418,#1419,#1420);
#778=EDGE_LOOP('',(#1421,#1422,#1423,#1424));
#779=AXIS2_PLACEMENT_3D('',#1425,#1426,#1427);
#780=EDGE_LOOP('',(#1428,#1429,#1430,#1431));
#781=AXIS2_PLACEMENT_3D('',#1432,#1433,#1434);
#782=EDGE_LOOP('',(#1435,#1436,#1437,#1438));
#783=AXIS2_PLACEMENT_3D('',#1439,#1440,#1441);
#784=EDGE_LOOP('',(#1442,#1443,#1444,#1445));
#785=EDGE_LOOP('',(#1446,#1447,#1448,#1449));
#786=AXIS2_PLACEMENT_3D('',#1450,#1451,#1452);
#787=EDGE_LOOP('',(#1453,#1454,#1455,#1456,#1457,#1458,#1459,#1460,#1461,#1462));
#788=AXIS2_PLACEMENT_3D('',#1463,#1464,#1465);
#789=EDGE_LOOP('',(#1466,#1467,#1468,#1469,#1470));
#790=AXIS2_PLACEMENT_3D('',#1471,#1472,#1473);
#791=EDGE_LOOP('',(#1474,#1475,#1476,#1477));
#792=AXIS2_PLACEMENT_3D('',#1478,#1479,#1480);
#793=EDGE_LOOP('',(#1481,#1482,#1483,#1484));
#794=AXIS2_PLACEMENT_3D('',#1485,#1486,#1487);
#795=EDGE_LOOP('',(#1488,#1489,#1490,#1491,#1492,#1493,#1494,#1495,#1496,#1497));
#796=AXIS2_PLACEMENT_3D('',#1498,#1499,#1500);
#797=EDGE_LOOP('',(#1501,#1502,#1503,#1504,#1505));
#798=AXIS2_PLACEMENT_3D('',#1506,#1507,#1508);
#799=EDGE_LOOP('',(#1509,#1510,#1511,#1512));
#800=AXIS2_PLACEMENT_3D('',#1513,#1514,#1515);
#801=EDGE_LOOP('',(#1516,#1517,#1518,#1519,#1520,#1521,#1522,#1523,#1524,#1525,#1526,#1527,#1528,#1529,#1530,#1531,#1532,#1533,#1534,#1535));
#802=EDGE_LOOP('',(#1536,#1537,#1538,#1539));
#803=EDGE_LOOP('',(#1540,#1541,#1542,#1543));
#804=EDGE_LOOP('',(#1544,#1545,#1546,#1547));
#805=EDGE_LOOP('',(#1548,#1549,#1550,#1551));
#806=AXIS2_PLACEMENT_3D('',#1552,#1553,#1554);
#807=EDGE_LOOP('',(#1555,#1556,#1557,#1558,#1559,#1560,#1561,#1562,#1563,#1564,#1565,#1566,#1567));
#808=AXIS2_PLACEMENT_3D('',#1568,#1569,#1570);
#809=EDGE_LOOP('',(#1571,#1572,#1573,#1574));
#810=AXIS2_PLACEMENT_3D('',#1575,#1576,#1577);
#811=EDGE_LOOP('',(#1578,#1579,#1580,#1581));
#812=AXIS2_PLACEMENT_3D('',#1582,#1583,#1584);
#813=EDGE_LOOP('',(#1585,#1586,#1587,#1588,#1589,#1590,#1591,#1592,#1593,#1594,#1595,#1596,#1597));
#814=AXIS2_PLACEMENT_3D('',#1598,#1599,#1600);
#815=EDGE_LOOP('',(#1601,#1602,#1603,#1604));
#816=AXIS2_PLACEMENT_3D('',#1605,#1606,#1607);
#817=EDGE_LOOP('',(#1608,#1609,#1610,#1611));
#818=AXIS2_PLACEMENT_3D('',#1612,#1613,#1614);
#819=EDGE_LOOP('',(#1615,#1616,#1617,#1618));
#820=AXIS2_PLACEMENT_3D('',#1619,#1620,#1621);
#821=EDGE_LOOP('',(#1622,#1623,#1624,#1625));
#822=AXIS2_PLACEMENT_3D('',#1626,#1627,#1628);
#823=EDGE_LOOP('',(#1629,#1630,#1631,#1632));
#824=AXIS2_PLACEMENT_3D('',#1633,#1634,#1635);
#825=EDGE_LOOP('',(#1636,#1637,#1638,#1639));
#826=AXIS2_PLACEMENT_3D('',#1640,#1641,#1642);
#827=EDGE_LOOP('',(#1643,#1644,#1645,#1646));
#828=AXIS2_PLACEMENT_3D('',#1647,#1648,#1649);
#829=EDGE_LOOP('',(#1650,#1651,#1652,#1653));
#830=AXIS2_PLACEMENT_3D('',#1654,#1655,#1656);
#831=EDGE_LOOP('',(#1657,#1658,#1659,#1660));
#832=AXIS2_PLACEMENT_3D('',#1661,#1662,#1663);
#833=EDGE_LOOP('',(#1664,#1665,#1666,#1667));
#834=AXIS2_PLACEMENT_3D('',#1668,#1669,#1670);
#835=EDGE_LOOP('',(#1671,#1672,#1673,#1674));
#836=AXIS2_PLACEMENT_3D('',#1675,#1676,#1677);
#837=EDGE_LOOP('',(#1678,#1679,#1680,#1681));
#838=AXIS2_PLACEMENT_3D('',#1682,#1683,#1684);
#839=EDGE_LOOP('',(#1685,#1686,#1687,#1688));
#840=AXIS2_PLACEMENT_3D('',#1689,#1690,#1691);
#841=EDGE_LOOP('',(#1692,#1693,#1694,#1695));
#842=AXIS2_PLACEMENT_3D('',#1696,#1697,#1698);
#843=EDGE_LOOP('',(#1699,#1700,#1701,#1702));
#844=AXIS2_PLACEMENT_3D('',#1703,#1704,#1705);
#845=EDGE_LOOP('',(#1706,#1707,#1708,#1709,#1710,#1711,#1712,#1713,#1714,#1715,#1716,#1717,#1718,#1719,#1720,#1721));
#846=EDGE_LOOP('',(#1722,#1723,#1724,#1725));
#847=EDGE_LOOP('',(#1726,#1727,#1728,#1729));
#848=AXIS2_PLACEMENT_3D('',#1730,#1731,#1732);
#849=EDGE_LOOP('',(#1733,#1734,#1735,#1736,#1737,#1738,#1739,#1740,#1741,#1742,#1743,#1744,#1745));
#850=AXIS2_PLACEMENT_3D('',#1746,#1747,#1748);
#851=EDGE_LOOP('',(#1749,#1750,#1751,#1752));
#852=AXIS2_PLACEMENT_3D('',#1753,#1754,#1755);
#853=EDGE_LOOP('',(#1756,#1757,#1758,#1759));
#854=AXIS2_PLACEMENT_3D('',#1760,#1761,#1762);
#855=EDGE_LOOP('',(#1763,#1764,#1765,#1766,#1767,#1768,#1769,#1770,#1771,#1772,#1773,#1774,#1775));
#856=AXIS2_PLACEMENT_3D('',#1776,#1777,#1778);
#857=EDGE_LOOP('',(#1779,#1780,#1781,#1782));
#858=AXIS2_PLACEMENT_3D('',#1783,#1784,#1785);
#859=EDGE_LOOP('',(#1786,#1787,#1788,#1789));
#860=AXIS2_PLACEMENT_3D('',#1790,#1791,#1792);
#861=EDGE_LOOP('',(#1793,#1794,#1795,#1796));
#862=AXIS2_PLACEMENT_3D('',#1797,#1798,#1799);
#863=EDGE_LOOP('',(#1800,#1801,#1802,#1803));
#864=AXIS2_PLACEMENT_3D('',#1804,#1805,#1806);
#865=EDGE_LOOP('',(#1807,#1808,#1809,#1810));
#866=AXIS2_PLACEMENT_3D('',#1811,#1812,#1813);
#867=EDGE_LOOP('',(#1814,#1815,#1816,#1817));
#868=AXIS2_PLACEMENT_3D('',#1818,#1819,#1820);
#869=EDGE_LOOP('',(#1821,#1822,#1823,#1824));
#870=AXIS2_PLACEMENT_3D('',#1825,#1826,#1827);
#871=EDGE_LOOP('',(#1828,#1829,#1830,#1831));
#872=AXIS2_PLACEMENT_3D('',#1832,#1833,#1834);
#873=EDGE_LOOP('',(#1835,#1836,#1837,#1838));
#874=AXIS2_PLACEMENT_3D('',#1839,#1840,#1841);
#875=EDGE_LOOP('',(#1842,#1843,#1844,#1845));
#876=AXIS2_PLACEMENT_3D('',#1846,#1847,#1848);
#877=EDGE_LOOP('',(#1849,#1850,#1851,#1852));
#878=AXIS2_PLACEMENT_3D('',#1853,#1854,#1855);
#879=EDGE_LOOP('',(#1856,#1857,#1858,#1859));
#880=AXIS2_PLACEMENT_3D('',#1860,#1861,#1862);
#881=EDGE_LOOP('',(#1863,#1864,#1865,#1866));
#882=AXIS2_PLACEMENT_3D('',#1867,#1868,#1869);
#883=EDGE_LOOP('',(#1870,#1871,#1872,#1873));
#884=AXIS2_PLACEMENT_3D('',#1874,#1875,#1876);
#885=EDGE_LOOP('',(#1877,#1878,#1879,#1880));
#886=AXIS2_PLACEMENT_3D('',#1881,#1882,#1883);
#887=EDGE_LOOP('',(#1884,#1885,#1886,#1887));
#888=AXIS2_PLACEMENT_3D('',#1888,#1889,#1890);
#889=EDGE_LOOP('',(#1891,#1892,#1893,#1894));
#890=AXIS2_PLACEMENT_3D('',#1895,#1896,#1897);
#891=EDGE_LOOP('',(#1898,#1899,#1900,#1901));
#892=AXIS2_PLACEMENT_3D('',#1902,#1903,#1904);
#893=EDGE_LOOP('',(#1905,#1906,#1907,#1908));
#894=AXIS2_PLACEMENT_3D('',#1909,#1910,#1911);
#895=EDGE_LOOP('',(#1912,#1913,#1914,#1915));
#896=AXIS2_PLACEMENT_3D('',#1916,#1917,#1918);
#897=EDGE_LOOP('',(#1919,#1920,#1921,#1922));
#898=AXIS2_PLACEMENT_3D('',#1923,#1924,#1925);
#899=EDGE_LOOP('',(#1926,#1927,#1928,#1929));
#900=AXIS2_PLACEMENT_3D('',#1930,#1931,#1932);
#901=EDGE_LOOP('',(#1933,#1934,#1935,#1936));
#902=AXIS2_PLACEMENT_3D('',#1937,#1938,#1939);
#903=EDGE_LOOP('',(#1940,#1941,#1942,#1943,#1944,#1945,#1946));
#904=AXIS2_PLACEMENT_3D('',#1947,#1948,#1949);
#905=EDGE_LOOP('',(#1950,#1951,#1952,#1953));
#906=AXIS2_PLACEMENT_3D('',#1954,#1955,#1956);
#907=EDGE_LOOP('',(#1957,#1958,#1959,#1960));
#908=AXIS2_PLACEMENT_3D('',#1961,#1962,#1963);
#909=EDGE_LOOP('',(#1964,#1965,#1966,#1967));
#910=AXIS2_PLACEMENT_3D('',#1968,#1969,#1970);
#911=EDGE_LOOP('',(#1971,#1972,#1973,#1974));
#912=AXIS2_PLACEMENT_3D('',#1975,#1976,#1977);
#913=EDGE_LOOP('',(#1978,#1979,#1980,#1981,#1982,#1983,#1984));
#914=AXIS2_PLACEMENT_3D('',#1985,#1986,#1987);
#915=EDGE_LOOP('',(#1988,#1989,#1990,#1991));
#916=AXIS2_PLACEMENT_3D('',#1992,#1993,#1994);
#917=EDGE_LOOP('',(#1995,#1996,#1997,#1998,#1999,#2000,#2001));
#918=AXIS2_PLACEMENT_3D('',#2002,#2003,#2004);
#919=EDGE_LOOP('',(#2005,#2006,#2007,#2008,#2009,#2010,#2011,#2012));
#920=AXIS2_PLACEMENT_3D('',#2013,#2014,#2015);
#921=EDGE_LOOP('',(#2016,#2017,#2018,#2019));
#922=AXIS2_PLACEMENT_3D('',#2020,#2021,#2022);
#923=EDGE_LOOP('',(#2023,#2024,#2025,#2026));
#924=EDGE_LOOP('',(#2027,#2028,#2029,#2030));
#925=AXIS2_PLACEMENT_3D('',#2031,#2032,#2033);
#926=EDGE_LOOP('',(#2034,#2035,#2036,#2037,#2038,#2039,#2040,#2041,#2042,#2043));
#927=AXIS2_PLACEMENT_3D('',#2044,#2045,#2046);
#928=EDGE_LOOP('',(#2047,#2048,#2049,#2050,#2051));
#929=AXIS2_PLACEMENT_3D('',#2052,#2053,#2054);
#930=EDGE_LOOP('',(#2055,#2056,#2057,#2058));
#931=AXIS2_PLACEMENT_3D('',#2059,#2060,#2061);
#932=EDGE_LOOP('',(#2062,#2063,#2064,#2065));
#933=AXIS2_PLACEMENT_3D('',#2066,#2067,#2068);
#934=EDGE_LOOP('',(#2069,#2070,#2071,#2072,#2073,#2074,#2075,#2076,#2077,#2078));
#935=AXIS2_PLACEMENT_3D('',#2079,#2080,#2081);
#936=EDGE_LOOP('',(#2082,#2083,#2084,#2085,#2086));
#937=AXIS2_PLACEMENT_3D('',#2087,#2088,#2089);
#938=EDGE_LOOP('',(#2090,#2091,#2092,#2093));
#939=AXIS2_PLACEMENT_3D('',#2094,#2095,#2096);
#940=EDGE_LOOP('',(#2097,#2098,#2099,#2100));
#941=AXIS2_PLACEMENT_3D('',#2101,#2102,#2103);
#942=EDGE_LOOP('',(#2104,#2105,#2106,#2107));
#943=AXIS2_PLACEMENT_3D('',#2108,#2109,#2110);
#944=EDGE_LOOP('',(#2111,#2112,#2113,#2114));
#945=AXIS2_PLACEMENT_3D('',#2115,#2116,#2117);
#946=EDGE_LOOP('',(#2118,#2119,#2120,#2121));
#947=AXIS2_PLACEMENT_3D('',#2122,#2123,#2124);
#948=EDGE_LOOP('',(#2125,#2126,#2127,#2128));
#949=AXIS2_PLACEMENT_3D('',#2129,#2130,#2131);
#950=EDGE_LOOP('',(#2132,#2133,#2134,#2135));
#951=AXIS2_PLACEMENT_3D('',#2136,#2137,#2138);
#952=EDGE_LOOP('',(#2139,#2140,#2141,#2142));
#953=AXIS2_PLACEMENT_3D('',#2143,#2144,#2145);
#954=EDGE_LOOP('',(#2146,#2147,#2148,#2149));
#955=AXIS2_PLACEMENT_3D('',#2150,#2151,#2152);
#956=EDGE_LOOP('',(#2153,#2154,#2155,#2156));
#957=AXIS2_PLACEMENT_3D('',#2157,#2158,#2159);
#958=EDGE_LOOP('',(#2160,#2161,#2162,#2163));
#959=AXIS2_PLACEMENT_3D('',#2164,#2165,#2166);
#960=EDGE_LOOP('',(#2167,#2168,#2169,#2170));
#961=AXIS2_PLACEMENT_3D('',#2171,#2172,#2173);
#962=EDGE_LOOP('',(#2174,#2175,#2176,#2177));
#963=AXIS2_PLACEMENT_3D('',#2178,#2179,#2180);
#964=EDGE_LOOP('',(#2181,#2182,#2183,#2184));
#965=AXIS2_PLACEMENT_3D('',#2185,#2186,#2187);
#966=EDGE_LOOP('',(#2188,#2189,#2190,#2191));
#967=AXIS2_PLACEMENT_3D('',#2192,#2193,#2194);
#968=EDGE_LOOP('',(#2195,#2196,#2197,#2198));
#969=AXIS2_PLACEMENT_3D('',#2199,#2200,#2201);
#970=EDGE_LOOP('',(#2202,#2203,#2204,#2205));
#971=AXIS2_PLACEMENT_3D('',#2206,#2207,#2208);
#972=EDGE_LOOP('',(#2209,#2210,#2211,#2212));
#973=AXIS2_PLACEMENT_3D('',#2213,#2214,#2215);
#974=EDGE_LOOP('',(#2216,#2217,#2218,#2219));
#975=AXIS2_PLACEMENT_3D('',#2220,#2221,#2222);
#976=EDGE_LOOP('',(#2223,#2224,#2225,#2226));
#977=AXIS2_PLACEMENT_3D('',#2227,#2228,#2229);
#978=EDGE_LOOP('',(#2230,#2231,#2232,#2233));
#979=AXIS2_PLACEMENT_3D('',#2234,#2235,#2236);
#980=EDGE_LOOP('',(#2237,#2238,#2239,#2240));
#981=AXIS2_PLACEMENT_3D('',#2241,#2242,#2243);
#982=EDGE_LOOP('',(#2244,#2245,#2246,#2247));
#983=AXIS2_PLACEMENT_3D('',#2248,#2249,#2250);
#984=EDGE_LOOP('',(#2251,#2252,#2253,#2254));
#985=AXIS2_PLACEMENT_3D('',#2255,#2256,#2257);
#986=EDGE_LOOP('',(#2258,#2259,#2260,#2261));
#987=AXIS2_PLACEMENT_3D('',#2262,#2263,#2264);
#988=EDGE_LOOP('',(#2265,#2266,#2267,#2268));
#989=AXIS2_PLACEMENT_3D('',#2269,#2270,#2271);
#990=EDGE_LOOP('',(#2272,#2273,#2274,#2275,#2276,#2277,#2278));
#991=AXIS2_PLACEMENT_3D('',#2279,#2280,#2281);
#992=EDGE_LOOP('',(#2282,#2283,#2284,#2285,#2286,#2287,#2288,#2289,#2290,#2291,#2292,#2293,#2294,#2295,#2296,#2297,#2298));
#993=AXIS2_PLACEMENT_3D('',#2299,#2300,#2301);
#994=EDGE_LOOP('',(#2302,#2303,#2304,#2305,#2306,#2307,#2308,#2309,#2310,#2311,#2312,#2313));
#995=AXIS2_PLACEMENT_3D('',#2314,#2315,#2316);
#996=EDGE_LOOP('',(#2317,#2318,#2319,#2320));
#997=AXIS2_PLACEMENT_3D('',#2321,#2322,#2323);
#998=EDGE_LOOP('',(#2324,#2325,#2326,#2327));
#999=AXIS2_PLACEMENT_3D('',#2328,#2329,#2330);
#1000=EDGE_LOOP('',(#2331,#2332,#2333,#2334));
#1001=AXIS2_PLACEMENT_3D('',#2335,#2336,#2337);
#1002=EDGE_LOOP('',(#2338,#2339,#2340,#2341,#2342,#2343,#2344,#2345));
#1003=AXIS2_PLACEMENT_3D('',#2346,#2347,#2348);
#1004=EDGE_LOOP('',(#2349,#2350,#2351,#2352));
#1005=AXIS2_PLACEMENT_3D('',#2353,#2354,#2355);
#1006=EDGE_LOOP('',(#2356,#2357,#2358,#2359,#2360,#2361,#2362,#2363));
#1007=AXIS2_PLACEMENT_3D('',#2364,#2365,#2366);
#1008=EDGE_LOOP('',(#2367,#2368,#2369,#2370,#2371,#2372));
#1009=AXIS2_PLACEMENT_3D('',#2373,#2374,#2375);
#1010=EDGE_LOOP('',(#2376,#2377,#2378,#2379));
#1011=AXIS2_PLACEMENT_3D('',#2380,#2381,#2382);
#1012=EDGE_LOOP('',(#2383,#2384,#2385,#2386,#2387,#2388));
#1013=AXIS2_PLACEMENT_3D('',#2389,#2390,#2391);
#1014=EDGE_LOOP('',(#2392,#2393,#2394,#2395));
#1015=AXIS2_PLACEMENT_3D('',#2396,#2397,#2398);
#1016=EDGE_LOOP('',(#2399,#2400,#2401,#2402));
#1017=AXIS2_PLACEMENT_3D('',#2403,#2404,#2405);
#1018=EDGE_LOOP('',(#2406,#2407,#2408,#2409));
#1019=AXIS2_PLACEMENT_3D('',#2410,#2411,#2412);
#1020=EDGE_LOOP('',(#2413,#2414,#2415,#2416,#2417,#2418));
#1021=AXIS2_PLACEMENT_3D('',#2419,#2420,#2421);
#1022=EDGE_LOOP('',(#2422,#2423,#2424,#2425,#2426,#2427));
#1023=AXIS2_PLACEMENT_3D('',#2428,#2429,#2430);
#1024=EDGE_LOOP('',(#2431,#2432,#2433,#2434));
#1025=AXIS2_PLACEMENT_3D('',#2435,#2436,#2437);
#1026=EDGE_LOOP('',(#2438,#2439,#2440,#2441));
#1027=AXIS2_PLACEMENT_3D('',#2442,#2443,#2444);
#1028=EDGE_LOOP('',(#2445,#2446,#2447,#2448,#2449,#2450,#2451,#2452));
#1029=AXIS2_PLACEMENT_3D('',#2453,#2454,#2455);
#1030=EDGE_LOOP('',(#2456,#2457,#2458));
#1031=AXIS2_PLACEMENT_3D('',#2459,#2460,#2461);
#1032=EDGE_LOOP('',(#2462,#2463,#2464,#2465,#2466,#2467,#2468,#2469,#2470,#2471,#2472,#2473,#2474,#2475,#2476,#2477));
#1033=AXIS2_PLACEMENT_3D('',#2478,#2479,#2480);
#1034=EDGE_LOOP('',(#2481,#2482,#2483,#2484,#2485,#2486,#2487,#2488,#2489,#2490));
#1035=AXIS2_PLACEMENT_3D('',#2491,#2492,#2493);
#1036=EDGE_LOOP('',(#2494,#2495,#2496,#2497,#2498,#2499,#2500,#2501,#2502,#2503,#2504,#2505,#2506,#2507,#2508));
#1037=AXIS2_PLACEMENT_3D('',#2509,#2510,#2511);
#1038=EDGE_LOOP('',(#2512,#2513,#2514,#2515,#2516));
#1039=AXIS2_PLACEMENT_3D('',#2517,#2518,#2519);
#1040=EDGE_LOOP('',(#2520,#2521,#2522,#2523));
#1041=AXIS2_PLACEMENT_3D('',#2524,#2525,#2526);
#1042=EDGE_LOOP('',(#2527,#2528,#2529,#2530));
#1043=AXIS2_PLACEMENT_3D('',#2531,#2532,#2533);
#1044=EDGE_LOOP('',(#2534,#2535,#2536,#2537));
#1045=AXIS2_PLACEMENT_3D('',#2538,#2539,#2540);
#1046=EDGE_LOOP('',(#2541,#2542,#2543,#2544));
#1047=AXIS2_PLACEMENT_3D('',#2545,#2546,#2547);
#1048=EDGE_LOOP('',(#2548,#2549,#2550,#2551));
#1049=AXIS2_PLACEMENT_3D('',#2552,#2553,#2554);
#1050=EDGE_LOOP('',(#2555,#2556,#2557,#2558));
#1051=AXIS2_PLACEMENT_3D('',#2559,#2560,#2561);
#1052=EDGE_LOOP('',(#2562,#2563,#2564,#2565));
#1053=AXIS2_PLACEMENT_3D('',#2566,#2567,#2568);
#1054=EDGE_LOOP('',(#2569,#2570,#2571,#2572));
#1055=AXIS2_PLACEMENT_3D('',#2573,#2574,#2575);
#1056=EDGE_LOOP('',(#2576,#2577,#2578,#2579));
#1057=AXIS2_PLACEMENT_3D('',#2580,#2581,#2582);
#1058=EDGE_LOOP('',(#2583,#2584,#2585,#2586));
#1059=AXIS2_PLACEMENT_3D('',#2587,#2588,#2589);
#1060=EDGE_LOOP('',(#2590,#2591,#2592,#2593));
#1061=AXIS2_PLACEMENT_3D('',#2594,#2595,#2596);
#1062=EDGE_LOOP('',(#2597,#2598,#2599,#2600));
#1063=AXIS2_PLACEMENT_3D('',#2601,#2602,#2603);
#1064=EDGE_LOOP('',(#2604,#2605,#2606,#2607));
#1065=AXIS2_PLACEMENT_3D('',#2608,#2609,#2610);
#1066=EDGE_LOOP('',(#2611,#2612,#2613,#2614));
#1067=AXIS2_PLACEMENT_3D('',#2615,#2616,#2617);
#1068=EDGE_LOOP('',(#2618,#2619,#2620,#2621));
#1069=AXIS2_PLACEMENT_3D('',#2622,#2623,#2624);
#1070=EDGE_LOOP('',(#2625,#2626,#2627,#2628,#2629,#2630));
#1071=AXIS2_PLACEMENT_3D('',#2631,#2632,#2633);
#1072=EDGE_LOOP('',(#2634,#2635,#2636,#2637));
#1073=AXIS2_PLACEMENT_3D('',#2638,#2639,#2640);
#1074=EDGE_LOOP('',(#2641,#2642,#2643,#2644));
#1075=AXIS2_PLACEMENT_3D('',#2645,#2646,#2647);
#1076=EDGE_LOOP('',(#2648,#2649,#2650,#2651));
#1077=AXIS2_PLACEMENT_3D('',#2652,#2653,#2654);
#1078=EDGE_LOOP('',(#2655,#2656,#2657,#2658));
#1079=AXIS2_PLACEMENT_3D('',#2659,#2660,#2661);
#1080=EDGE_LOOP('',(#2662,#2663,#2664,#2665));
#1081=AXIS2_PLACEMENT_3D('',#2666,#2667,#2668);
#1082=EDGE_LOOP('',(#2669,#2670,#2671,#2672));
#1083=AXIS2_PLACEMENT_3D('',#2673,#2674,#2675);
#1084=EDGE_LOOP('',(#2676,#2677,#2678,#2679));
#1085=AXIS2_PLACEMENT_3D('',#2680,#2681,#2682);
#1086=EDGE_LOOP('',(#2683,#2684,#2685,#2686));
#1087=AXIS2_PLACEMENT_3D('',#2687,#2688,#2689);
#1088=EDGE_LOOP('',(#2690,#2691,#2692,#2693));
#1089=AXIS2_PLACEMENT_3D('',#2694,#2695,#2696);
#1090=EDGE_LOOP('',(#2697,#2698,#2699,#2700));
#1091=AXIS2_PLACEMENT_3D('',#2701,#2702,#2703);
#1092=EDGE_LOOP('',(#2704,#2705,#2706,#2707));
#1093=AXIS2_PLACEMENT_3D('',#2708,#2709,#2710);
#1094=EDGE_LOOP('',(#2711,#2712,#2713,#2714));
#1095=AXIS2_PLACEMENT_3D('',#2715,#2716,#2717);
#1096=EDGE_LOOP('',(#2718,#2719,#2720,#2721));
#1097=AXIS2_PLACEMENT_3D('',#2722,#2723,#2724);
#1098=EDGE_LOOP('',(#2725,#2726,#2727,#2728));
#1099=AXIS2_PLACEMENT_3D('',#2729,#2730,#2731);
#1100=EDGE_LOOP('',(#2732,#2733,#2734,#2735));
#1101=AXIS2_PLACEMENT_3D('',#2736,#2737,#2738);
#1102=EDGE_LOOP('',(#2739,#2740,#2741,#2742));
#1103=AXIS2_PLACEMENT_3D('',#2743,#2744,#2745);
#1104=EDGE_LOOP('',(#2746,#2747,#2748,#2749));
#1105=AXIS2_PLACEMENT_3D('',#2750,#2751,#2752);
#1106=EDGE_LOOP('',(#2753,#2754,#2755,#2756));
#1107=AXIS2_PLACEMENT_3D('',#2757,#2758,#2759);
#1108=EDGE_LOOP('',(#2760,#2761,#2762,#2763));
#1109=AXIS2_PLACEMENT_3D('',#2764,#2765,#2766);
#1110=EDGE_LOOP('',(#2767,#2768,#2769,#2770));
#1111=AXIS2_PLACEMENT_3D('',#2771,#2772,#2773);
#1112=EDGE_LOOP('',(#2774,#2775,#2776,#2777));
#1113=AXIS2_PLACEMENT_3D('',#2778,#2779,#2780);
#1114=EDGE_LOOP('',(#2781,#2782,#2783,#2784));
#1115=AXIS2_PLACEMENT_3D('',#2785,#2786,#2787);
#1116=EDGE_LOOP('',(#2788,#2789,#2790,#2791));
#1117=AXIS2_PLACEMENT_3D('',#2792,#2793,#2794);
#1118=EDGE_LOOP('',(#2795,#2796,#2797,#2798));
#1119=AXIS2_PLACEMENT_3D('',#2799,#2800,#2801);
#1120=EDGE_LOOP('',(#2802,#2803,#2804,#2805));
#1121=AXIS2_PLACEMENT_3D('',#2806,#2807,#2808);
#1122=EDGE_LOOP('',(#2809,#2810,#2811,#2812));
#1123=AXIS2_PLACEMENT_3D('',#2813,#2814,#2815);
#1124=LINE('',#2816,#2817);
#1125=LINE('',#2818,#2819);
#1126=LINE('',#2820,#2821);
#1127=LINE('',#2822,#2823);
#1128=LINE('',#2824,#2825);
#1129=LINE('',#2826,#2827);
#1130=LINE('',#2828,#2829);
#1131=LINE('',#2830,#2831);
#1132=LINE('',#2832,#2833);
#1133=LINE('',#2834,#2835);
#1134=LINE('',#2836,#2837);
#1135=LINE('',#2838,#2839);
#1136=LINE('',#2840,#2841);
#1137=LINE('',#2842,#2843);
#1138=LINE('',#2844,#2845);
#1139=LINE('',#2846,#2847);
#1140=LINE('',#2848,#2849);
#1141=LINE('',#2850,#2851);
#1142=LINE('',#2852,#2853);
#1143=LINE('',#2854,#2855);
#1144=LINE('',#2856,#2857);
#1145=LINE('',#2858,#2859);
#1146=LINE('',#2860,#2861);
#1147=LINE('',#2862,#2863);
#1148=ORIENTED_EDGE('',*,*,#2864,.F.);
#1149=ORIENTED_EDGE('',*,*,#2865,.F.);
#1150=ORIENTED_EDGE('',*,*,#2866,.F.);
#1151=ORIENTED_EDGE('',*,*,#2867,.T.);
#1152=CARTESIAN_POINT('',(0.0,-2.99,0.0));
#1153=DIRECTION('',(-0.0,1.0,0.0));
#1154=DIRECTION('',(1.0,0.0,0.0));
#1155=ORIENTED_EDGE('',*,*,#2868,.F.);
#1156=ORIENTED_EDGE('',*,*,#2869,.F.);
#1157=ORIENTED_EDGE('',*,*,#2870,.F.);
#1158=ORIENTED_EDGE('',*,*,#2871,.F.);
#1159=CARTESIAN_POINT('',(0.0,-2.99,0.0));
#1160=DIRECTION('',(-0.0,1.0,0.0));
#1161=DIRECTION('',(1.0,0.0,0.0));
#1162=ORIENTED_EDGE('',*,*,#2872,.F.);
#1163=ORIENTED_EDGE('',*,*,#2873,.F.);
#1164=ORIENTED_EDGE('',*,*,#2874,.F.);
#1165=ORIENTED_EDGE('',*,*,#2875,.F.);
#1166=ORIENTED_EDGE('',*,*,#2876,.T.);
#1167=ORIENTED_EDGE('',*,*,#2877,.T.);
#1168=ORIENTED_EDGE('',*,*,#2878,.F.);
#1169=ORIENTED_EDGE('',*,*,#2879,.F.);
#1170=ORIENTED_EDGE('',*,*,#2880,.T.);
#1171=ORIENTED_EDGE('',*,*,#2881,.T.);
#1172=ORIENTED_EDGE('',*,*,#2882,.F.);
#1173=ORIENTED_EDGE('',*,*,#2883,.F.);
#1174=ORIENTED_EDGE('',*,*,#2884,.T.);
#1175=ORIENTED_EDGE('',*,*,#2885,.F.);
#1176=ORIENTED_EDGE('',*,*,#2886,.T.);
#1177=ORIENTED_EDGE('',*,*,#2887,.F.);
#1178=CARTESIAN_POINT('',(0.0,-2.99,0.0));
#1179=DIRECTION('',(-0.0,1.0,0.0));
#1180=DIRECTION('',(1.0,0.0,0.0));
#1181=ORIENTED_EDGE('',*,*,#2888,.T.);
#1182=ORIENTED_EDGE('',*,*,#2889,.F.);
#1183=ORIENTED_EDGE('',*,*,#2890,.F.);
#1184=ORIENTED_EDGE('',*,*,#2867,.F.);
#1185=CARTESIAN_POINT('',(-4.17,-2.45,8.69));
#1186=DIRECTION('',(-1.0,0.0,0.0));
#1187=DIRECTION('',(0.0,0.0,1.0));
#1188=ORIENTED_EDGE('',*,*,#2891,.F.);
#1189=ORIENTED_EDGE('',*,*,#2892,.T.);
#1190=ORIENTED_EDGE('',*,*,#2893,.F.);
#1191=ORIENTED_EDGE('',*,*,#2894,.F.);
#1192=ORIENTED_EDGE('',*,*,#2864,.T.);
#1193=ORIENTED_EDGE('',*,*,#2890,.T.);
#1194=ORIENTED_EDGE('',*,*,#2895,.F.);
#1195=ORIENTED_EDGE('',*,*,#2896,.F.);
#1196=CARTESIAN_POINT('',(-4.67,-2.99,6.69));
#1197=DIRECTION('',(-0.894427190999896,0.0,0.447213595499998));
#1198=DIRECTION('',(0.0,1.0,0.0));
#1199=ORIENTED_EDGE('',*,*,#2896,.T.);
#1200=ORIENTED_EDGE('',*,*,#2897,.T.);
#1201=ORIENTED_EDGE('',*,*,#2898,.T.);
#1202=CARTESIAN_POINT('',(-4.07,-2.45,6.92));
#1203=DIRECTION('',(-0.0,1.0,0.0));
#1204=DIRECTION('',(1.0,0.0,0.0));
#1205=ORIENTED_EDGE('',*,*,#2899,.T.);
#1206=ORIENTED_EDGE('',*,*,#2900,.T.);
#1207=ORIENTED_EDGE('',*,*,#2901,.F.);
#1208=ORIENTED_EDGE('',*,*,#2902,.F.);
#1209=ORIENTED_EDGE('',*,*,#2898,.F.);
#1210=CARTESIAN_POINT('',(-4.07,-2.8,8.04));
#1211=DIRECTION('',(-1.0,0.0,-0.0));
#1212=DIRECTION('',(0.0,0.0,-1.0));
#1213=ORIENTED_EDGE('',*,*,#2895,.T.);
#1214=ORIENTED_EDGE('',*,*,#2889,.T.);
#1215=ORIENTED_EDGE('',*,*,#2903,.F.);
#1216=ORIENTED_EDGE('',*,*,#2904,.F.);
#1217=ORIENTED_EDGE('',*,*,#2905,.F.);
#1218=ORIENTED_EDGE('',*,*,#2891,.T.);
#1219=ORIENTED_EDGE('',*,*,#2902,.T.);
#1220=ORIENTED_EDGE('',*,*,#2906,.F.);
#1221=ORIENTED_EDGE('',*,*,#2907,.F.);
#1222=ORIENTED_EDGE('',*,*,#2908,.F.);
#1223=CARTESIAN_POINT('',(-3.47,-2.45,8.69));
#1224=DIRECTION('',(-0.0,1.0,0.0));
#1225=DIRECTION('',(1.0,0.0,0.0));
#1226=ORIENTED_EDGE('',*,*,#2909,.F.);
#1227=ORIENTED_EDGE('',*,*,#2910,.F.);
#1228=ORIENTED_EDGE('',*,*,#2911,.F.);
#1229=ORIENTED_EDGE('',*,*,#2912,.F.);
#1230=ORIENTED_EDGE('',*,*,#2913,.F.);
#1231=ORIENTED_EDGE('',*,*,#2914,.F.);
#1232=ORIENTED_EDGE('',*,*,#2915,.F.);
#1233=ORIENTED_EDGE('',*,*,#2916,.F.);
#1234=ORIENTED_EDGE('',*,*,#2917,.F.);
#1235=ORIENTED_EDGE('',*,*,#2918,.F.);
#1236=ORIENTED_EDGE('',*,*,#2919,.F.);
#1237=ORIENTED_EDGE('',*,*,#2920,.F.);
#1238=ORIENTED_EDGE('',*,*,#2899,.F.);
#1239=ORIENTED_EDGE('',*,*,#2897,.F.);
#1240=ORIENTED_EDGE('',*,*,#2908,.T.);
#1241=ORIENTED_EDGE('',*,*,#2921,.F.);
#1242=CARTESIAN_POINT('',(-4.07,0.0,0.0));
#1243=DIRECTION('',(1.0,0.0,0.0));
#1244=DIRECTION('',(0.0,1.0,0.0));
#1245=ORIENTED_EDGE('',*,*,#2907,.T.);
#1246=ORIENTED_EDGE('',*,*,#2922,.F.);
#1247=ORIENTED_EDGE('',*,*,#2923,.F.);
#1248=ORIENTED_EDGE('',*,*,#2921,.T.);
#1249=CARTESIAN_POINT('',(-4.07,-2.99,0.71));
#1250=DIRECTION('',(0.0,0.0,-1.0));
#1251=DIRECTION('',(0.0,-1.0,0.0));
#1252=ORIENTED_EDGE('',*,*,#2923,.T.);
#1253=ORIENTED_EDGE('',*,*,#2924,.F.);
#1254=ORIENTED_EDGE('',*,*,#2925,.F.);
#1255=ORIENTED_EDGE('',*,*,#2909,.T.);
#1256=CARTESIAN_POINT('',(-4.07,-2.99,1.01));
#1257=DIRECTION('',(-1.0,0.0,-0.0));
#1258=DIRECTION('',(0.0,0.0,-1.0));
#1259=ORIENTED_EDGE('',*,*,#2925,.T.);
#1260=ORIENTED_EDGE('',*,*,#2926,.F.);
#1261=ORIENTED_EDGE('',*,*,#2927,.F.);
#1262=ORIENTED_EDGE('',*,*,#2910,.T.);
#1263=CARTESIAN_POINT('',(-4.07,-3.29,2.2));
#1264=DIRECTION('',(0.0,-1.0,0.0));
#1265=DIRECTION('',(0.0,0.0,-1.0));
#1266=ORIENTED_EDGE('',*,*,#2927,.T.);
#1267=ORIENTED_EDGE('',*,*,#2928,.F.);
#1268=ORIENTED_EDGE('',*,*,#2929,.F.);
#1269=ORIENTED_EDGE('',*,*,#2911,.T.);
#1270=CARTESIAN_POINT('',(-4.07,-3.14,2.2));
#1271=DIRECTION('',(-1.0,0.0,-0.0));
#1272=DIRECTION('',(0.0,0.0,-1.0));
#1273=ORIENTED_EDGE('',*,*,#2929,.T.);
#1274=ORIENTED_EDGE('',*,*,#2930,.F.);
#1275=ORIENTED_EDGE('',*,*,#2931,.F.);
#1276=ORIENTED_EDGE('',*,*,#2912,.T.);
#1277=CARTESIAN_POINT('',(-4.07,-3.04,2.35));
#1278=DIRECTION('',(0.0,0.0,1.0));
#1279=DIRECTION('',(1.0,0.0,0.0));
#1280=ORIENTED_EDGE('',*,*,#2931,.T.);
#1281=ORIENTED_EDGE('',*,*,#2932,.F.);
#1282=ORIENTED_EDGE('',*,*,#2933,.F.);
#1283=ORIENTED_EDGE('',*,*,#2913,.T.);
#1284=CARTESIAN_POINT('',(-4.07,-3.04,2.5));
#1285=DIRECTION('',(-1.0,0.0,-0.0));
#1286=DIRECTION('',(0.0,0.0,-1.0));
#1287=ORIENTED_EDGE('',*,*,#2933,.T.);
#1288=ORIENTED_EDGE('',*,*,#2934,.F.);
#1289=ORIENTED_EDGE('',*,*,#2935,.F.);
#1290=ORIENTED_EDGE('',*,*,#2914,.T.);
#1291=CARTESIAN_POINT('',(-4.07,-2.89,5.2));
#1292=DIRECTION('',(0.0,-1.0,0.0));
#1293=DIRECTION('',(0.0,0.0,-1.0));
#1294=ORIENTED_EDGE('',*,*,#2935,.T.);
#1295=ORIENTED_EDGE('',*,*,#2936,.F.);
#1296=ORIENTED_EDGE('',*,*,#2937,.F.);
#1297=ORIENTED_EDGE('',*,*,#2915,.T.);
#1298=CARTESIAN_POINT('',(-4.07,-3.04,5.2));
#1299=DIRECTION('',(-1.0,0.0,-0.0));
#1300=DIRECTION('',(0.0,0.0,-1.0));
#1301=ORIENTED_EDGE('',*,*,#2937,.T.);
#1302=ORIENTED_EDGE('',*,*,#2938,.F.);
#1303=ORIENTED_EDGE('',*,*,#2939,.F.);
#1304=ORIENTED_EDGE('',*,*,#2916,.T.);
#1305=CARTESIAN_POINT('',(-4.07,-3.14,5.35));
#1306=DIRECTION('',(0.0,0.0,-1.0));
#1307=DIRECTION('',(0.0,-1.0,0.0));
#1308=ORIENTED_EDGE('',*,*,#2939,.T.);
#1309=ORIENTED_EDGE('',*,*,#2940,.F.);
#1310=ORIENTED_EDGE('',*,*,#2941,.F.);
#1311=ORIENTED_EDGE('',*,*,#2917,.T.);
#1312=CARTESIAN_POINT('',(-4.07,-3.14,5.5));
#1313=DIRECTION('',(-1.0,0.0,-0.0));
#1314=DIRECTION('',(0.0,0.0,-1.0));
#1315=ORIENTED_EDGE('',*,*,#2941,.T.);
#1316=ORIENTED_EDGE('',*,*,#2942,.F.);
#1317=ORIENTED_EDGE('',*,*,#2943,.F.);
#1318=ORIENTED_EDGE('',*,*,#2918,.T.);
#1319=CARTESIAN_POINT('',(-4.07,-3.29,8.04));
#1320=DIRECTION('',(0.0,-1.0,0.0));
#1321=DIRECTION('',(0.0,0.0,-1.0));
#1322=ORIENTED_EDGE('',*,*,#2943,.T.);
#1323=ORIENTED_EDGE('',*,*,#2944,.F.);
#1324=ORIENTED_EDGE('',*,*,#2945,.F.);
#1325=ORIENTED_EDGE('',*,*,#2919,.T.);
#1326=CARTESIAN_POINT('',(-4.07,-2.94,8.04));
#1327=DIRECTION('',(-1.0,0.0,-0.0));
#1328=DIRECTION('',(0.0,0.0,-1.0));
#1329=ORIENTED_EDGE('',*,*,#2945,.T.);
#1330=ORIENTED_EDGE('',*,*,#2946,.F.);
#1331=ORIENTED_EDGE('',*,*,#2900,.F.);
#1332=ORIENTED_EDGE('',*,*,#2920,.T.);
#1333=CARTESIAN_POINT('',(-4.07,-2.8,8.39));
#1334=DIRECTION('',(0.0,0.0,1.0));
#1335=DIRECTION('',(1.0,0.0,0.0));
#1336=ORIENTED_EDGE('',*,*,#2906,.T.);
#1337=ORIENTED_EDGE('',*,*,#2901,.T.);
#1338=ORIENTED_EDGE('',*,*,#2946,.T.);
#1339=ORIENTED_EDGE('',*,*,#2944,.T.);
#1340=ORIENTED_EDGE('',*,*,#2942,.T.);
#1341=ORIENTED_EDGE('',*,*,#2940,.T.);
#1342=ORIENTED_EDGE('',*,*,#2938,.T.);
#1343=ORIENTED_EDGE('',*,*,#2936,.T.);
#1344=ORIENTED_EDGE('',*,*,#2934,.T.);
#1345=ORIENTED_EDGE('',*,*,#2932,.T.);
#1346=ORIENTED_EDGE('',*,*,#2930,.T.);
#1347=ORIENTED_EDGE('',*,*,#2928,.T.);
#1348=ORIENTED_EDGE('',*,*,#2926,.T.);
#1349=ORIENTED_EDGE('',*,*,#2924,.T.);
#1350=ORIENTED_EDGE('',*,*,#2922,.T.);
#1351=CARTESIAN_POINT('',(-3.57,0.0,0.0));
#1352=DIRECTION('',(1.0,0.0,0.0));
#1353=DIRECTION('',(0.0,1.0,0.0));
#1354=ORIENTED_EDGE('',*,*,#2947,.T.);
#1355=ORIENTED_EDGE('',*,*,#2948,.F.);
#1356=ORIENTED_EDGE('',*,*,#2949,.T.);
#1357=ORIENTED_EDGE('',*,*,#2950,.T.);
#1358=ORIENTED_EDGE('',*,*,#2951,.F.);
#1359=ORIENTED_EDGE('',*,*,#2952,.F.);
#1360=ORIENTED_EDGE('',*,*,#2953,.F.);
#1361=ORIENTED_EDGE('',*,*,#2954,.T.);
#1362=ORIENTED_EDGE('',*,*,#2955,.F.);
#1363=ORIENTED_EDGE('',*,*,#2956,.T.);
#1364=ORIENTED_EDGE('',*,*,#2957,.T.);
#1365=ORIENTED_EDGE('',*,*,#2958,.T.);
#1366=ORIENTED_EDGE('',*,*,#2959,.F.);
#1367=ORIENTED_EDGE('',*,*,#2960,.T.);
#1368=ORIENTED_EDGE('',*,*,#2961,.T.);
#1369=ORIENTED_EDGE('',*,*,#2962,.T.);
#1370=ORIENTED_EDGE('',*,*,#2963,.F.);
#1371=ORIENTED_EDGE('',*,*,#2964,.F.);
#1372=ORIENTED_EDGE('',*,*,#2965,.F.);
#1373=ORIENTED_EDGE('',*,*,#2966,.F.);
#1374=ORIENTED_EDGE('',*,*,#2967,.F.);
#1375=ORIENTED_EDGE('',*,*,#2968,.F.);
#1376=ORIENTED_EDGE('',*,*,#2969,.F.);
#1377=ORIENTED_EDGE('',*,*,#2970,.T.);
#1378=ORIENTED_EDGE('',*,*,#2971,.F.);
#1379=ORIENTED_EDGE('',*,*,#2972,.T.);
#1380=ORIENTED_EDGE('',*,*,#2973,.F.);
#1381=ORIENTED_EDGE('',*,*,#2974,.T.);
#1382=ORIENTED_EDGE('',*,*,#2975,.F.);
#1383=ORIENTED_EDGE('',*,*,#2976,.F.);
#1384=ORIENTED_EDGE('',*,*,#2977,.F.);
#1385=ORIENTED_EDGE('',*,*,#2892,.F.);
#1386=ORIENTED_EDGE('',*,*,#2905,.T.);
#1387=ORIENTED_EDGE('',*,*,#2978,.F.);
#1388=ORIENTED_EDGE('',*,*,#2873,.T.);
#1389=ORIENTED_EDGE('',*,*,#2979,.T.);
#1390=ORIENTED_EDGE('',*,*,#2980,.T.);
#1391=ORIENTED_EDGE('',*,*,#2981,.T.);
#1392=ORIENTED_EDGE('',*,*,#2885,.T.);
#1393=ORIENTED_EDGE('',*,*,#2982,.F.);
#1394=ORIENTED_EDGE('',*,*,#2983,.F.);
#1395=ORIENTED_EDGE('',*,*,#2984,.T.);
#1396=ORIENTED_EDGE('',*,*,#2985,.T.);
#1397=CARTESIAN_POINT('',(-3.67,-2.99,8.69));
#1398=DIRECTION('',(0.0,0.0,1.0));
#1399=DIRECTION('',(1.0,0.0,0.0));
#1400=ORIENTED_EDGE('',*,*,#2986,.F.);
#1401=ORIENTED_EDGE('',*,*,#2987,.F.);
#1402=ORIENTED_EDGE('',*,*,#2988,.F.);
#1403=ORIENTED_EDGE('',*,*,#2985,.F.);
#1404=CARTESIAN_POINT('',(-2.36,0.0,0.0));
#1405=DIRECTION('',(-1.0,0.0,0.0));
#1406=DIRECTION('',(0.0,0.0,1.0));
#1407=ORIENTED_EDGE('',*,*,#2989,.F.);
#1408=ORIENTED_EDGE('',*,*,#2990,.F.);
#1409=ORIENTED_EDGE('',*,*,#2991,.F.);
#1410=ORIENTED_EDGE('',*,*,#2970,.F.);
#1411=CARTESIAN_POINT('',(-2.36,0.0,0.0));
#1412=DIRECTION('',(-1.0,0.0,0.0));
#1413=DIRECTION('',(0.0,0.0,1.0));
#1414=ORIENTED_EDGE('',*,*,#2988,.T.);
#1415=ORIENTED_EDGE('',*,*,#2992,.T.);
#1416=ORIENTED_EDGE('',*,*,#2993,.F.);
#1417=ORIENTED_EDGE('',*,*,#2982,.T.);
#1418=CARTESIAN_POINT('',(-2.36,-0.155,8.69));
#1419=DIRECTION('',(-0.0,1.0,0.0));
#1420=DIRECTION('',(1.0,0.0,0.0));
#1421=ORIENTED_EDGE('',*,*,#2993,.T.);
#1422=ORIENTED_EDGE('',*,*,#2994,.T.);
#1423=ORIENTED_EDGE('',*,*,#2995,.T.);
#1424=ORIENTED_EDGE('',*,*,#2983,.T.);
#1425=CARTESIAN_POINT('',(-0.14,0.0,0.0));
#1426=DIRECTION('',(-1.0,0.0,0.0));
#1427=DIRECTION('',(0.0,0.0,1.0));
#1428=ORIENTED_EDGE('',*,*,#2996,.T.);
#1429=ORIENTED_EDGE('',*,*,#2997,.T.);
#1430=ORIENTED_EDGE('',*,*,#2998,.T.);
#1431=ORIENTED_EDGE('',*,*,#2968,.T.);
#1432=CARTESIAN_POINT('',(-0.14,0.0,0.0));
#1433=DIRECTION('',(-1.0,0.0,0.0));
#1434=DIRECTION('',(0.0,0.0,1.0));
#1435=ORIENTED_EDGE('',*,*,#2995,.F.);
#1436=ORIENTED_EDGE('',*,*,#2999,.F.);
#1437=ORIENTED_EDGE('',*,*,#2986,.T.);
#1438=ORIENTED_EDGE('',*,*,#2984,.F.);
#1439=CARTESIAN_POINT('',(-2.36,-2.345,2.69));
#1440=DIRECTION('',(0.0,-1.0,0.0));
#1441=DIRECTION('',(0.0,0.0,-1.0));
#1442=ORIENTED_EDGE('',*,*,#2999,.T.);
#1443=ORIENTED_EDGE('',*,*,#2994,.F.);
#1444=ORIENTED_EDGE('',*,*,#2992,.F.);
#1445=ORIENTED_EDGE('',*,*,#2987,.T.);
#1446=ORIENTED_EDGE('',*,*,#3000,.T.);
#1447=ORIENTED_EDGE('',*,*,#3001,.F.);
#1448=ORIENTED_EDGE('',*,*,#3002,.F.);
#1449=ORIENTED_EDGE('',*,*,#3003,.T.);
#1450=CARTESIAN_POINT('',(-2.36,-0.155,2.69));
#1451=DIRECTION('',(0.0,0.0,-1.0));
#1452=DIRECTION('',(0.0,-1.0,0.0));
#1453=ORIENTED_EDGE('',*,*,#3004,.T.);
#1454=ORIENTED_EDGE('',*,*,#3005,.F.);
#1455=ORIENTED_EDGE('',*,*,#3006,.F.);
#1456=ORIENTED_EDGE('',*,*,#3007,.F.);
#1457=ORIENTED_EDGE('',*,*,#3008,.F.);
#1458=ORIENTED_EDGE('',*,*,#3009,.F.);
#1459=ORIENTED_EDGE('',*,*,#3010,.F.);
#1460=ORIENTED_EDGE('',*,*,#3011,.F.);
#1461=ORIENTED_EDGE('',*,*,#3012,.F.);
#1462=ORIENTED_EDGE('',*,*,#2876,.F.);
#1463=CARTESIAN_POINT('',(-1.5675,0.0,0.0));
#1464=DIRECTION('',(1.0,0.0,0.0));
#1465=DIRECTION('',(0.0,1.0,0.0));
#1466=ORIENTED_EDGE('',*,*,#3013,.F.);
#1467=ORIENTED_EDGE('',*,*,#3014,.F.);
#1468=ORIENTED_EDGE('',*,*,#3015,.F.);
#1469=ORIENTED_EDGE('',*,*,#3016,.F.);
#1470=ORIENTED_EDGE('',*,*,#3017,.T.);
#1471=CARTESIAN_POINT('',(-1.5675,0.0,0.0));
#1472=DIRECTION('',(1.0,0.0,0.0));
#1473=DIRECTION('',(0.0,1.0,0.0));
#1474=ORIENTED_EDGE('',*,*,#3018,.F.);
#1475=ORIENTED_EDGE('',*,*,#3003,.F.);
#1476=ORIENTED_EDGE('',*,*,#3019,.F.);
#1477=ORIENTED_EDGE('',*,*,#3020,.T.);
#1478=CARTESIAN_POINT('',(-1.5675,0.0,0.0));
#1479=DIRECTION('',(1.0,0.0,0.0));
#1480=DIRECTION('',(0.0,1.0,0.0));
#1481=ORIENTED_EDGE('',*,*,#3012,.T.);
#1482=ORIENTED_EDGE('',*,*,#3021,.T.);
#1483=ORIENTED_EDGE('',*,*,#3022,.F.);
#1484=ORIENTED_EDGE('',*,*,#2877,.F.);
#1485=CARTESIAN_POINT('',(-1.5675,-2.205,0.65));
#1486=DIRECTION('',(0.0,0.0,1.0));
#1487=DIRECTION('',(1.0,0.0,0.0));
#1488=ORIENTED_EDGE('',*,*,#3022,.T.);
#1489=ORIENTED_EDGE('',*,*,#3023,.T.);
#1490=ORIENTED_EDGE('',*,*,#3024,.T.);
#1491=ORIENTED_EDGE('',*,*,#3025,.T.);
#1492=ORIENTED_EDGE('',*,*,#3026,.T.);
#1493=ORIENTED_EDGE('',*,*,#3027,.T.);
#1494=ORIENTED_EDGE('',*,*,#3028,.T.);
#1495=ORIENTED_EDGE('',*,*,#3029,.T.);
#1496=ORIENTED_EDGE('',*,*,#3030,.F.);
#1497=ORIENTED_EDGE('',*,*,#2878,.T.);
#1498=CARTESIAN_POINT('',(-0.9325,0.0,0.0));
#1499=DIRECTION('',(1.0,0.0,0.0));
#1500=DIRECTION('',(0.0,1.0,0.0));
#1501=ORIENTED_EDGE('',*,*,#3031,.T.);
#1502=ORIENTED_EDGE('',*,*,#3032,.T.);
#1503=ORIENTED_EDGE('',*,*,#3033,.T.);
#1504=ORIENTED_EDGE('',*,*,#3034,.T.);
#1505=ORIENTED_EDGE('',*,*,#3035,.F.);
#1506=CARTESIAN_POINT('',(-0.9325,0.0,0.0));
#1507=DIRECTION('',(1.0,0.0,0.0));
#1508=DIRECTION('',(0.0,1.0,0.0));
#1509=ORIENTED_EDGE('',*,*,#3036,.T.);
#1510=ORIENTED_EDGE('',*,*,#3001,.T.);
#1511=ORIENTED_EDGE('',*,*,#3037,.T.);
#1512=ORIENTED_EDGE('',*,*,#3038,.T.);
#1513=CARTESIAN_POINT('',(-0.9325,0.0,0.0));
#1514=DIRECTION('',(1.0,0.0,0.0));
#1515=DIRECTION('',(0.0,1.0,0.0));
#1516=ORIENTED_EDGE('',*,*,#2879,.T.);
#1517=ORIENTED_EDGE('',*,*,#3030,.T.);
#1518=ORIENTED_EDGE('',*,*,#3039,.F.);
#1519=ORIENTED_EDGE('',*,*,#3004,.F.);
#1520=ORIENTED_EDGE('',*,*,#2875,.T.);
#1521=ORIENTED_EDGE('',*,*,#3040,.T.);
#1522=ORIENTED_EDGE('',*,*,#2903,.T.);
#1523=ORIENTED_EDGE('',*,*,#2888,.F.);
#1524=ORIENTED_EDGE('',*,*,#2866,.T.);
#1525=ORIENTED_EDGE('',*,*,#3041,.T.);
#1526=ORIENTED_EDGE('',*,*,#3042,.F.);
#1527=ORIENTED_EDGE('',*,*,#3043,.F.);
#1528=ORIENTED_EDGE('',*,*,#2868,.T.);
#1529=ORIENTED_EDGE('',*,*,#3044,.T.);
#1530=ORIENTED_EDGE('',*,*,#3045,.T.);
#1531=ORIENTED_EDGE('',*,*,#3046,.F.);
#1532=ORIENTED_EDGE('',*,*,#2883,.T.);
#1533=ORIENTED_EDGE('',*,*,#3047,.T.);
#1534=ORIENTED_EDGE('',*,*,#3048,.F.);
#1535=ORIENTED_EDGE('',*,*,#3049,.F.);
#1536=ORIENTED_EDGE('',*,*,#3050,.T.);
#1537=ORIENTED_EDGE('',*,*,#3051,.T.);
#1538=ORIENTED_EDGE('',*,*,#3052,.F.);
#1539=ORIENTED_EDGE('',*,*,#3053,.F.);
#1540=ORIENTED_EDGE('',*,*,#3054,.T.);
#1541=ORIENTED_EDGE('',*,*,#3035,.T.);
#1542=ORIENTED_EDGE('',*,*,#3055,.F.);
#1543=ORIENTED_EDGE('',*,*,#3017,.F.);
#1544=ORIENTED_EDGE('',*,*,#3056,.T.);
#1545=ORIENTED_EDGE('',*,*,#3057,.T.);
#1546=ORIENTED_EDGE('',*,*,#3058,.F.);
#1547=ORIENTED_EDGE('',*,*,#3059,.F.);
#1548=ORIENTED_EDGE('',*,*,#3060,.T.);
#1549=ORIENTED_EDGE('',*,*,#3061,.T.);
#1550=ORIENTED_EDGE('',*,*,#3062,.F.);
#1551=ORIENTED_EDGE('',*,*,#3063,.F.);
#1552=CARTESIAN_POINT('',(4.07,-2.99,0.0));
#1553=DIRECTION('',(0.0,0.0,-1.0));
#1554=DIRECTION('',(0.0,-1.0,0.0));
#1555=ORIENTED_EDGE('',*,*,#3064,.F.);
#1556=ORIENTED_EDGE('',*,*,#3065,.F.);
#1557=ORIENTED_EDGE('',*,*,#3066,.F.);
#1558=ORIENTED_EDGE('',*,*,#3067,.F.);
#1559=ORIENTED_EDGE('',*,*,#3068,.F.);
#1560=ORIENTED_EDGE('',*,*,#3069,.F.);
#1561=ORIENTED_EDGE('',*,*,#3070,.F.);
#1562=ORIENTED_EDGE('',*,*,#3071,.F.);
#1563=ORIENTED_EDGE('',*,*,#3072,.F.);
#1564=ORIENTED_EDGE('',*,*,#3073,.F.);
#1565=ORIENTED_EDGE('',*,*,#3074,.F.);
#1566=ORIENTED_EDGE('',*,*,#3075,.F.);
#1567=ORIENTED_EDGE('',*,*,#3059,.T.);
#1568=CARTESIAN_POINT('',(-1.5675,0.0,0.0));
#1569=DIRECTION('',(1.0,0.0,0.0));
#1570=DIRECTION('',(0.0,1.0,0.0));
#1571=ORIENTED_EDGE('',*,*,#3076,.F.);
#1572=ORIENTED_EDGE('',*,*,#3077,.F.);
#1573=ORIENTED_EDGE('',*,*,#3078,.F.);
#1574=ORIENTED_EDGE('',*,*,#3079,.T.);
#1575=CARTESIAN_POINT('',(-1.5675,0.0,0.0));
#1576=DIRECTION('',(1.0,0.0,0.0));
#1577=DIRECTION('',(0.0,1.0,0.0));
#1578=ORIENTED_EDGE('',*,*,#3075,.T.);
#1579=ORIENTED_EDGE('',*,*,#3080,.T.);
#1580=ORIENTED_EDGE('',*,*,#3081,.F.);
#1581=ORIENTED_EDGE('',*,*,#3056,.F.);
#1582=CARTESIAN_POINT('',(-1.5675,0.295,1.92));
#1583=DIRECTION('',(0.0,-1.0,0.0));
#1584=DIRECTION('',(0.0,0.0,-1.0));
#1585=ORIENTED_EDGE('',*,*,#3081,.T.);
#1586=ORIENTED_EDGE('',*,*,#3082,.T.);
#1587=ORIENTED_EDGE('',*,*,#3083,.T.);
#1588=ORIENTED_EDGE('',*,*,#3084,.T.);
#1589=ORIENTED_EDGE('',*,*,#3085,.T.);
#1590=ORIENTED_EDGE('',*,*,#3086,.T.);
#1591=ORIENTED_EDGE('',*,*,#3087,.T.);
#1592=ORIENTED_EDGE('',*,*,#3088,.T.);
#1593=ORIENTED_EDGE('',*,*,#3089,.T.);
#1594=ORIENTED_EDGE('',*,*,#3090,.T.);
#1595=ORIENTED_EDGE('',*,*,#3091,.T.);
#1596=ORIENTED_EDGE('',*,*,#3092,.T.);
#1597=ORIENTED_EDGE('',*,*,#3057,.F.);
#1598=CARTESIAN_POINT('',(-0.9325,0.0,0.0));
#1599=DIRECTION('',(1.0,0.0,0.0));
#1600=DIRECTION('',(0.0,1.0,0.0));
#1601=ORIENTED_EDGE('',*,*,#3093,.T.);
#1602=ORIENTED_EDGE('',*,*,#3094,.T.);
#1603=ORIENTED_EDGE('',*,*,#3095,.T.);
#1604=ORIENTED_EDGE('',*,*,#3096,.T.);
#1605=CARTESIAN_POINT('',(-0.9325,0.0,0.0));
#1606=DIRECTION('',(1.0,0.0,0.0));
#1607=DIRECTION('',(0.0,1.0,0.0));
#1608=ORIENTED_EDGE('',*,*,#3092,.F.);
#1609=ORIENTED_EDGE('',*,*,#3097,.F.);
#1610=ORIENTED_EDGE('',*,*,#3064,.T.);
#1611=ORIENTED_EDGE('',*,*,#3058,.T.);
#1612=CARTESIAN_POINT('',(-1.5675,2.205,-0.75));
#1613=DIRECTION('',(-0.0,1.0,0.0));
#1614=DIRECTION('',(1.0,0.0,0.0));
#1615=ORIENTED_EDGE('',*,*,#3097,.T.);
#1616=ORIENTED_EDGE('',*,*,#3091,.F.);
#1617=ORIENTED_EDGE('',*,*,#3098,.F.);
#1618=ORIENTED_EDGE('',*,*,#3065,.T.);
#1619=CARTESIAN_POINT('',(-1.5675,0.5586018619951,-0.75));
#1620=DIRECTION('',(0.0,0.0,-1.0));
#1621=DIRECTION('',(0.0,-1.0,0.0));
#1622=ORIENTED_EDGE('',*,*,#3098,.T.);
#1623=ORIENTED_EDGE('',*,*,#3090,.F.);
#1624=ORIENTED_EDGE('',*,*,#3099,.F.);
#1625=ORIENTED_EDGE('',*,*,#3066,.T.);
#1626=CARTESIAN_POINT('',(-1.5675,-2.531943420449,-3.007270879078));
#1627=DIRECTION('',(0.0,0.58981140149808,-0.807541027231973));
#1628=DIRECTION('',(-1.0,0.0,0.0));
#1629=ORIENTED_EDGE('',*,*,#3099,.T.);
#1630=ORIENTED_EDGE('',*,*,#3089,.F.);
#1631=ORIENTED_EDGE('',*,*,#3100,.F.);
#1632=ORIENTED_EDGE('',*,*,#3067,.T.);
#1633=CARTESIAN_POINT('',(-1.5675,-2.355,-3.249533187248));
#1634=DIRECTION('',(-1.0,0.0,-0.0));
#1635=DIRECTION('',(0.0,0.0,-1.0));
#1636=ORIENTED_EDGE('',*,*,#3100,.T.);
#1637=ORIENTED_EDGE('',*,*,#3088,.F.);
#1638=ORIENTED_EDGE('',*,*,#3101,.F.);
#1639=ORIENTED_EDGE('',*,*,#3068,.T.);
#1640=CARTESIAN_POINT('',(-1.5675,-2.655,-4.39));
#1641=DIRECTION('',(-0.0,1.0,0.0));
#1642=DIRECTION('',(1.0,0.0,0.0));
#1643=ORIENTED_EDGE('',*,*,#3101,.T.);
#1644=ORIENTED_EDGE('',*,*,#3087,.F.);
#1645=ORIENTED_EDGE('',*,*,#3102,.F.);
#1646=ORIENTED_EDGE('',*,*,#3069,.T.);
#1647=CARTESIAN_POINT('',(-1.5675,-2.855,-4.59));
#1648=DIRECTION('',(0.0,0.707106781186548,-0.707106781186548));
#1649=DIRECTION('',(-1.0,0.0,0.0));
#1650=ORIENTED_EDGE('',*,*,#3102,.T.);
#1651=ORIENTED_EDGE('',*,*,#3086,.F.);
#1652=ORIENTED_EDGE('',*,*,#3103,.F.);
#1653=ORIENTED_EDGE('',*,*,#3070,.T.);
#1654=CARTESIAN_POINT('',(-1.5675,-3.09,-4.59));
#1655=DIRECTION('',(0.0,0.0,-1.0));
#1656=DIRECTION('',(0.0,-1.0,0.0));
#1657=ORIENTED_EDGE('',*,*,#3103,.T.);
#1658=ORIENTED_EDGE('',*,*,#3085,.F.);
#1659=ORIENTED_EDGE('',*,*,#3104,.F.);
#1660=ORIENTED_EDGE('',*,*,#3071,.T.);
#1661=CARTESIAN_POINT('',(-1.5675,-3.09,-4.39));
#1662=DIRECTION('',(-1.0,0.0,-0.0));
#1663=DIRECTION('',(0.0,0.0,-1.0));
#1664=ORIENTED_EDGE('',*,*,#3104,.T.);
#1665=ORIENTED_EDGE('',*,*,#3084,.F.);
#1666=ORIENTED_EDGE('',*,*,#3105,.F.);
#1667=ORIENTED_EDGE('',*,*,#3072,.T.);
#1668=CARTESIAN_POINT('',(-1.5675,-3.29,-2.87));
#1669=DIRECTION('',(0.0,-1.0,0.0));
#1670=DIRECTION('',(0.0,0.0,-1.0));
#1671=ORIENTED_EDGE('',*,*,#3105,.T.);
#1672=ORIENTED_EDGE('',*,*,#3083,.F.);
#1673=ORIENTED_EDGE('',*,*,#3106,.F.);
#1674=ORIENTED_EDGE('',*,*,#3073,.T.);
#1675=CARTESIAN_POINT('',(-1.5675,-3.09,-2.87));
#1676=DIRECTION('',(-1.0,0.0,-0.0));
#1677=DIRECTION('',(0.0,0.0,-1.0));
#1678=ORIENTED_EDGE('',*,*,#3106,.T.);
#1679=ORIENTED_EDGE('',*,*,#3082,.F.);
#1680=ORIENTED_EDGE('',*,*,#3080,.F.);
#1681=ORIENTED_EDGE('',*,*,#3074,.T.);
#1682=CARTESIAN_POINT('',(-1.5675,0.295,-0.15));
#1683=DIRECTION('',(0.0,-0.58981140149808,0.807541027231973));
#1684=DIRECTION('',(-1.0,0.0,0.0));
#1685=ORIENTED_EDGE('',*,*,#3096,.F.);
#1686=ORIENTED_EDGE('',*,*,#3107,.F.);
#1687=ORIENTED_EDGE('',*,*,#3108,.T.);
#1688=ORIENTED_EDGE('',*,*,#3109,.F.);
#1689=CARTESIAN_POINT('',(-1.0075,1.25,6.83));
#1690=DIRECTION('',(0.982872186934319,0.0,0.184288535050203));
#1691=DIRECTION('',(0.0,-1.0,0.0));
#1692=ORIENTED_EDGE('',*,*,#3110,.F.);
#1693=ORIENTED_EDGE('',*,*,#3111,.T.);
#1694=ORIENTED_EDGE('',*,*,#3112,.T.);
#1695=ORIENTED_EDGE('',*,*,#3109,.T.);
#1696=CARTESIAN_POINT('',(-1.5675,1.13,7.23));
#1697=DIRECTION('',(0.0,-0.970142500145338,0.242535625036309));
#1698=DIRECTION('',(-1.0,0.0,0.0));
#1699=ORIENTED_EDGE('',*,*,#3078,.T.);
#1700=ORIENTED_EDGE('',*,*,#3113,.T.);
#1701=ORIENTED_EDGE('',*,*,#3093,.F.);
#1702=ORIENTED_EDGE('',*,*,#3112,.F.);
#1703=CARTESIAN_POINT('',(-1.5675,0.93,6.43));
#1704=DIRECTION('',(0.0,-1.0,0.0));
#1705=DIRECTION('',(0.0,0.0,-1.0));
#1706=ORIENTED_EDGE('',*,*,#3114,.T.);
#1707=ORIENTED_EDGE('',*,*,#3115,.T.);
#1708=ORIENTED_EDGE('',*,*,#3116,.F.);
#1709=ORIENTED_EDGE('',*,*,#2990,.T.);
#1710=ORIENTED_EDGE('',*,*,#3117,.T.);
#1711=ORIENTED_EDGE('',*,*,#2997,.F.);
#1712=ORIENTED_EDGE('',*,*,#3118,.F.);
#1713=ORIENTED_EDGE('',*,*,#3119,.T.);
#1714=ORIENTED_EDGE('',*,*,#3120,.T.);
#1715=ORIENTED_EDGE('',*,*,#3121,.T.);
#1716=ORIENTED_EDGE('',*,*,#3122,.F.);
#1717=ORIENTED_EDGE('',*,*,#3123,.T.);
#1718=ORIENTED_EDGE('',*,*,#3124,.T.);
#1719=ORIENTED_EDGE('',*,*,#3125,.F.);
#1720=ORIENTED_EDGE('',*,*,#3126,.F.);
#1721=ORIENTED_EDGE('',*,*,#3127,.T.);
#1722=ORIENTED_EDGE('',*,*,#3128,.T.);
#1723=ORIENTED_EDGE('',*,*,#3094,.F.);
#1724=ORIENTED_EDGE('',*,*,#3113,.F.);
#1725=ORIENTED_EDGE('',*,*,#3077,.T.);
#1726=ORIENTED_EDGE('',*,*,#3129,.T.);
#1727=ORIENTED_EDGE('',*,*,#3130,.F.);
#1728=ORIENTED_EDGE('',*,*,#3131,.F.);
#1729=ORIENTED_EDGE('',*,*,#3132,.T.);
#1730=CARTESIAN_POINT('',(-2.36,2.345,2.69));
#1731=DIRECTION('',(0.0,0.0,-1.0));
#1732=DIRECTION('',(0.0,-1.0,0.0));
#1733=ORIENTED_EDGE('',*,*,#3053,.T.);
#1734=ORIENTED_EDGE('',*,*,#3133,.F.);
#1735=ORIENTED_EDGE('',*,*,#3134,.F.);
#1736=ORIENTED_EDGE('',*,*,#3135,.F.);
#1737=ORIENTED_EDGE('',*,*,#3136,.F.);
#1738=ORIENTED_EDGE('',*,*,#3137,.F.);
#1739=ORIENTED_EDGE('',*,*,#3138,.F.);
#1740=ORIENTED_EDGE('',*,*,#3139,.F.);
#1741=ORIENTED_EDGE('',*,*,#3140,.F.);
#1742=ORIENTED_EDGE('',*,*,#3141,.F.);
#1743=ORIENTED_EDGE('',*,*,#3142,.F.);
#1744=ORIENTED_EDGE('',*,*,#3143,.F.);
#1745=ORIENTED_EDGE('',*,*,#3144,.F.);
#1746=CARTESIAN_POINT('',(0.9325,0.0,0.0));
#1747=DIRECTION('',(1.0,0.0,0.0));
#1748=DIRECTION('',(0.0,1.0,0.0));
#1749=ORIENTED_EDGE('',*,*,#3145,.F.);
#1750=ORIENTED_EDGE('',*,*,#3132,.F.);
#1751=ORIENTED_EDGE('',*,*,#3146,.F.);
#1752=ORIENTED_EDGE('',*,*,#3147,.T.);
#1753=CARTESIAN_POINT('',(0.9325,0.0,0.0));
#1754=DIRECTION('',(1.0,0.0,0.0));
#1755=DIRECTION('',(0.0,1.0,0.0));
#1756=ORIENTED_EDGE('',*,*,#3148,.T.);
#1757=ORIENTED_EDGE('',*,*,#3149,.F.);
#1758=ORIENTED_EDGE('',*,*,#3050,.F.);
#1759=ORIENTED_EDGE('',*,*,#3144,.T.);
#1760=CARTESIAN_POINT('',(0.9325,0.295,1.92));
#1761=DIRECTION('',(0.0,-1.0,0.0));
#1762=DIRECTION('',(0.0,0.0,-1.0));
#1763=ORIENTED_EDGE('',*,*,#3150,.T.);
#1764=ORIENTED_EDGE('',*,*,#3151,.T.);
#1765=ORIENTED_EDGE('',*,*,#3152,.T.);
#1766=ORIENTED_EDGE('',*,*,#3153,.T.);
#1767=ORIENTED_EDGE('',*,*,#3154,.T.);
#1768=ORIENTED_EDGE('',*,*,#3155,.T.);
#1769=ORIENTED_EDGE('',*,*,#3156,.T.);
#1770=ORIENTED_EDGE('',*,*,#3157,.T.);
#1771=ORIENTED_EDGE('',*,*,#3158,.T.);
#1772=ORIENTED_EDGE('',*,*,#3159,.T.);
#1773=ORIENTED_EDGE('',*,*,#3160,.T.);
#1774=ORIENTED_EDGE('',*,*,#3051,.F.);
#1775=ORIENTED_EDGE('',*,*,#3149,.T.);
#1776=CARTESIAN_POINT('',(1.5675,0.0,0.0));
#1777=DIRECTION('',(1.0,0.0,0.0));
#1778=DIRECTION('',(0.0,1.0,0.0));
#1779=ORIENTED_EDGE('',*,*,#3161,.T.);
#1780=ORIENTED_EDGE('',*,*,#3130,.T.);
#1781=ORIENTED_EDGE('',*,*,#3162,.T.);
#1782=ORIENTED_EDGE('',*,*,#3163,.T.);
#1783=CARTESIAN_POINT('',(1.5675,0.0,0.0));
#1784=DIRECTION('',(1.0,0.0,0.0));
#1785=DIRECTION('',(0.0,1.0,0.0));
#1786=ORIENTED_EDGE('',*,*,#3052,.T.);
#1787=ORIENTED_EDGE('',*,*,#3160,.F.);
#1788=ORIENTED_EDGE('',*,*,#3164,.F.);
#1789=ORIENTED_EDGE('',*,*,#3133,.T.);
#1790=CARTESIAN_POINT('',(0.9325,2.205,-0.75));
#1791=DIRECTION('',(-0.0,1.0,0.0));
#1792=DIRECTION('',(1.0,0.0,0.0));
#1793=ORIENTED_EDGE('',*,*,#3164,.T.);
#1794=ORIENTED_EDGE('',*,*,#3159,.F.);
#1795=ORIENTED_EDGE('',*,*,#3165,.F.);
#1796=ORIENTED_EDGE('',*,*,#3134,.T.);
#1797=CARTESIAN_POINT('',(0.9325,0.5586018619951,-0.75));
#1798=DIRECTION('',(0.0,0.0,-1.0));
#1799=DIRECTION('',(0.0,-1.0,0.0));
#1800=ORIENTED_EDGE('',*,*,#3165,.T.);
#1801=ORIENTED_EDGE('',*,*,#3158,.F.);
#1802=ORIENTED_EDGE('',*,*,#3166,.F.);
#1803=ORIENTED_EDGE('',*,*,#3135,.T.);
#1804=CARTESIAN_POINT('',(0.9325,-2.531943420449,-3.007270879078));
#1805=DIRECTION('',(0.0,0.58981140149808,-0.807541027231973));
#1806=DIRECTION('',(-1.0,0.0,0.0));
#1807=ORIENTED_EDGE('',*,*,#3166,.T.);
#1808=ORIENTED_EDGE('',*,*,#3157,.F.);
#1809=ORIENTED_EDGE('',*,*,#3167,.F.);
#1810=ORIENTED_EDGE('',*,*,#3136,.T.);
#1811=CARTESIAN_POINT('',(0.9325,-2.355,-3.249533187248));
#1812=DIRECTION('',(-1.0,0.0,-0.0));
#1813=DIRECTION('',(0.0,0.0,-1.0));
#1814=ORIENTED_EDGE('',*,*,#3167,.T.);
#1815=ORIENTED_EDGE('',*,*,#3156,.F.);
#1816=ORIENTED_EDGE('',*,*,#3168,.F.);
#1817=ORIENTED_EDGE('',*,*,#3137,.T.);
#1818=CARTESIAN_POINT('',(0.9325,-2.655,-4.39));
#1819=DIRECTION('',(-0.0,1.0,0.0));
#1820=DIRECTION('',(1.0,0.0,0.0));
#1821=ORIENTED_EDGE('',*,*,#3168,.T.);
#1822=ORIENTED_EDGE('',*,*,#3155,.F.);
#1823=ORIENTED_EDGE('',*,*,#3169,.F.);
#1824=ORIENTED_EDGE('',*,*,#3138,.T.);
#1825=CARTESIAN_POINT('',(0.9325,-2.855,-4.59));
#1826=DIRECTION('',(0.0,0.707106781186548,-0.707106781186548));
#1827=DIRECTION('',(-1.0,0.0,0.0));
#1828=ORIENTED_EDGE('',*,*,#3169,.T.);
#1829=ORIENTED_EDGE('',*,*,#3154,.F.);
#1830=ORIENTED_EDGE('',*,*,#3170,.F.);
#1831=ORIENTED_EDGE('',*,*,#3139,.T.);
#1832=CARTESIAN_POINT('',(0.9325,-3.09,-4.59));
#1833=DIRECTION('',(0.0,0.0,-1.0));
#1834=DIRECTION('',(0.0,-1.0,0.0));
#1835=ORIENTED_EDGE('',*,*,#3170,.T.);
#1836=ORIENTED_EDGE('',*,*,#3153,.F.);
#1837=ORIENTED_EDGE('',*,*,#3171,.F.);
#1838=ORIENTED_EDGE('',*,*,#3140,.T.);
#1839=CARTESIAN_POINT('',(0.9325,-3.09,-4.39));
#1840=DIRECTION('',(-1.0,0.0,-0.0));
#1841=DIRECTION('',(0.0,0.0,-1.0));
#1842=ORIENTED_EDGE('',*,*,#3171,.T.);
#1843=ORIENTED_EDGE('',*,*,#3152,.F.);
#1844=ORIENTED_EDGE('',*,*,#3172,.F.);
#1845=ORIENTED_EDGE('',*,*,#3141,.T.);
#1846=CARTESIAN_POINT('',(0.9325,-3.29,-2.87));
#1847=DIRECTION('',(0.0,-1.0,0.0));
#1848=DIRECTION('',(0.0,0.0,-1.0));
#1849=ORIENTED_EDGE('',*,*,#3172,.T.);
#1850=ORIENTED_EDGE('',*,*,#3151,.F.);
#1851=ORIENTED_EDGE('',*,*,#3173,.F.);
#1852=ORIENTED_EDGE('',*,*,#3142,.T.);
#1853=CARTESIAN_POINT('',(0.9325,-3.09,-2.87));
#1854=DIRECTION('',(-1.0,0.0,-0.0));
#1855=DIRECTION('',(0.0,0.0,-1.0));
#1856=ORIENTED_EDGE('',*,*,#3173,.T.);
#1857=ORIENTED_EDGE('',*,*,#3150,.F.);
#1858=ORIENTED_EDGE('',*,*,#3148,.F.);
#1859=ORIENTED_EDGE('',*,*,#3143,.T.);
#1860=CARTESIAN_POINT('',(0.9325,0.295,-0.15));
#1861=DIRECTION('',(0.0,-0.58981140149808,0.807541027231973));
#1862=DIRECTION('',(-1.0,0.0,0.0));
#1863=ORIENTED_EDGE('',*,*,#3163,.F.);
#1864=ORIENTED_EDGE('',*,*,#3174,.F.);
#1865=ORIENTED_EDGE('',*,*,#3175,.T.);
#1866=ORIENTED_EDGE('',*,*,#3176,.F.);
#1867=CARTESIAN_POINT('',(1.4925,1.25,6.83));
#1868=DIRECTION('',(0.982872186934319,0.0,0.184288535050203));
#1869=DIRECTION('',(0.0,-1.0,0.0));
#1870=ORIENTED_EDGE('',*,*,#3177,.F.);
#1871=ORIENTED_EDGE('',*,*,#3178,.T.);
#1872=ORIENTED_EDGE('',*,*,#3179,.T.);
#1873=ORIENTED_EDGE('',*,*,#3176,.T.);
#1874=CARTESIAN_POINT('',(0.9325,1.13,7.23));
#1875=DIRECTION('',(0.0,-0.970142500145338,0.242535625036309));
#1876=DIRECTION('',(-1.0,0.0,0.0));
#1877=ORIENTED_EDGE('',*,*,#3146,.T.);
#1878=ORIENTED_EDGE('',*,*,#3131,.T.);
#1879=ORIENTED_EDGE('',*,*,#3161,.F.);
#1880=ORIENTED_EDGE('',*,*,#3179,.F.);
#1881=CARTESIAN_POINT('',(0.9325,0.93,6.43));
#1882=DIRECTION('',(0.0,-1.0,0.0));
#1883=DIRECTION('',(0.0,0.0,-1.0));
#1884=ORIENTED_EDGE('',*,*,#3147,.F.);
#1885=ORIENTED_EDGE('',*,*,#3178,.F.);
#1886=ORIENTED_EDGE('',*,*,#3180,.T.);
#1887=ORIENTED_EDGE('',*,*,#3181,.F.);
#1888=CARTESIAN_POINT('',(1.0075,1.25,6.83));
#1889=DIRECTION('',(-0.982872186934319,0.0,0.184288535050203));
#1890=DIRECTION('',(0.0,1.0,0.0));
#1891=ORIENTED_EDGE('',*,*,#3182,.F.);
#1892=ORIENTED_EDGE('',*,*,#3181,.T.);
#1893=ORIENTED_EDGE('',*,*,#3183,.T.);
#1894=ORIENTED_EDGE('',*,*,#3174,.T.);
#1895=CARTESIAN_POINT('',(0.9325,1.57,6.43));
#1896=DIRECTION('',(0.0,0.970142500145338,0.242535625036309));
#1897=DIRECTION('',(1.0,0.0,-0.0));
#1898=ORIENTED_EDGE('',*,*,#3183,.F.);
#1899=ORIENTED_EDGE('',*,*,#3180,.F.);
#1900=ORIENTED_EDGE('',*,*,#3177,.T.);
#1901=ORIENTED_EDGE('',*,*,#3175,.F.);
#1902=CARTESIAN_POINT('',(0.9325,1.37,7.23));
#1903=DIRECTION('',(0.0,0.0,1.0));
#1904=DIRECTION('',(1.0,0.0,0.0));
#1905=ORIENTED_EDGE('',*,*,#3162,.F.);
#1906=ORIENTED_EDGE('',*,*,#3129,.F.);
#1907=ORIENTED_EDGE('',*,*,#3145,.T.);
#1908=ORIENTED_EDGE('',*,*,#3182,.T.);
#1909=CARTESIAN_POINT('',(0.9325,1.57,1.92));
#1910=DIRECTION('',(-0.0,1.0,0.0));
#1911=DIRECTION('',(1.0,0.0,0.0));
#1912=ORIENTED_EDGE('',*,*,#3095,.F.);
#1913=ORIENTED_EDGE('',*,*,#3128,.F.);
#1914=ORIENTED_EDGE('',*,*,#3076,.T.);
#1915=ORIENTED_EDGE('',*,*,#3184,.T.);
#1916=CARTESIAN_POINT('',(-1.5675,1.57,1.92));
#1917=DIRECTION('',(-0.0,1.0,0.0));
#1918=DIRECTION('',(1.0,0.0,0.0));
#1919=ORIENTED_EDGE('',*,*,#3184,.F.);
#1920=ORIENTED_EDGE('',*,*,#3185,.T.);
#1921=ORIENTED_EDGE('',*,*,#3186,.T.);
#1922=ORIENTED_EDGE('',*,*,#3107,.T.);
#1923=CARTESIAN_POINT('',(-1.5675,1.57,6.43));
#1924=DIRECTION('',(0.0,0.970142500145338,0.242535625036309));
#1925=DIRECTION('',(1.0,0.0,-0.0));
#1926=ORIENTED_EDGE('',*,*,#3186,.F.);
#1927=ORIENTED_EDGE('',*,*,#3187,.F.);
#1928=ORIENTED_EDGE('',*,*,#3110,.T.);
#1929=ORIENTED_EDGE('',*,*,#3108,.F.);
#1930=CARTESIAN_POINT('',(-1.5675,1.37,7.23));
#1931=DIRECTION('',(0.0,0.0,1.0));
#1932=DIRECTION('',(1.0,0.0,0.0));
#1933=ORIENTED_EDGE('',*,*,#3079,.F.);
#1934=ORIENTED_EDGE('',*,*,#3111,.F.);
#1935=ORIENTED_EDGE('',*,*,#3187,.T.);
#1936=ORIENTED_EDGE('',*,*,#3185,.F.);
#1937=CARTESIAN_POINT('',(-1.4925,1.25,6.83));
#1938=DIRECTION('',(-0.982872186934319,0.0,0.184288535050203));
#1939=DIRECTION('',(0.0,1.0,0.0));
#1940=ORIENTED_EDGE('',*,*,#3188,.T.);
#1941=ORIENTED_EDGE('',*,*,#3189,.T.);
#1942=ORIENTED_EDGE('',*,*,#3190,.F.);
#1943=ORIENTED_EDGE('',*,*,#3191,.F.);
#1944=ORIENTED_EDGE('',*,*,#3127,.F.);
#1945=ORIENTED_EDGE('',*,*,#3192,.F.);
#1946=ORIENTED_EDGE('',*,*,#2954,.F.);
#1947=CARTESIAN_POINT('',(2.3,2.99,10.15));
#1948=DIRECTION('',(1.0,0.0,0.0));
#1949=DIRECTION('',(0.0,1.0,0.0));
#1950=ORIENTED_EDGE('',*,*,#3193,.F.);
#1951=ORIENTED_EDGE('',*,*,#2963,.T.);
#1952=ORIENTED_EDGE('',*,*,#3194,.T.);
#1953=ORIENTED_EDGE('',*,*,#3122,.T.);
#1954=CARTESIAN_POINT('',(0.14,2.345,8.69));
#1955=DIRECTION('',(-0.0,1.0,0.0));
#1956=DIRECTION('',(1.0,0.0,0.0));
#1957=ORIENTED_EDGE('',*,*,#3195,.F.);
#1958=ORIENTED_EDGE('',*,*,#2955,.T.);
#1959=ORIENTED_EDGE('',*,*,#3192,.T.);
#1960=ORIENTED_EDGE('',*,*,#3126,.T.);
#1961=CARTESIAN_POINT('',(0.14,2.345,8.69));
#1962=DIRECTION('',(-0.0,1.0,0.0));
#1963=DIRECTION('',(1.0,0.0,0.0));
#1964=ORIENTED_EDGE('',*,*,#3196,.F.);
#1965=ORIENTED_EDGE('',*,*,#3197,.F.);
#1966=ORIENTED_EDGE('',*,*,#3198,.F.);
#1967=ORIENTED_EDGE('',*,*,#2958,.F.);
#1968=CARTESIAN_POINT('',(0.14,0.0,0.0));
#1969=DIRECTION('',(-1.0,0.0,0.0));
#1970=DIRECTION('',(0.0,0.0,1.0));
#1971=ORIENTED_EDGE('',*,*,#3199,.F.);
#1972=ORIENTED_EDGE('',*,*,#3123,.F.);
#1973=ORIENTED_EDGE('',*,*,#3194,.F.);
#1974=ORIENTED_EDGE('',*,*,#2962,.F.);
#1975=CARTESIAN_POINT('',(0.14,0.0,0.0));
#1976=DIRECTION('',(-1.0,0.0,0.0));
#1977=DIRECTION('',(0.0,0.0,1.0));
#1978=ORIENTED_EDGE('',*,*,#3198,.T.);
#1979=ORIENTED_EDGE('',*,*,#3200,.T.);
#1980=ORIENTED_EDGE('',*,*,#3201,.F.);
#1981=ORIENTED_EDGE('',*,*,#3202,.T.);
#1982=ORIENTED_EDGE('',*,*,#3203,.T.);
#1983=ORIENTED_EDGE('',*,*,#3204,.T.);
#1984=ORIENTED_EDGE('',*,*,#2959,.T.);
#1985=CARTESIAN_POINT('',(0.14,-0.155,8.69));
#1986=DIRECTION('',(-0.0,1.0,0.0));
#1987=DIRECTION('',(1.0,0.0,0.0));
#1988=ORIENTED_EDGE('',*,*,#2960,.F.);
#1989=ORIENTED_EDGE('',*,*,#3204,.F.);
#1990=ORIENTED_EDGE('',*,*,#3205,.F.);
#1991=ORIENTED_EDGE('',*,*,#3206,.T.);
#1992=CARTESIAN_POINT('',(1.65,0.25,8.09));
#1993=DIRECTION('',(-0.707106781186548,0.0,-0.707106781186548));
#1994=DIRECTION('',(-0.707106781186548,0.0,0.707106781186548));
#1995=ORIENTED_EDGE('',*,*,#3206,.F.);
#1996=ORIENTED_EDGE('',*,*,#3207,.F.);
#1997=ORIENTED_EDGE('',*,*,#3208,.F.);
#1998=ORIENTED_EDGE('',*,*,#3209,.F.);
#1999=ORIENTED_EDGE('',*,*,#3124,.F.);
#2000=ORIENTED_EDGE('',*,*,#3199,.T.);
#2001=ORIENTED_EDGE('',*,*,#2961,.F.);
#2002=CARTESIAN_POINT('',(0.14,0.155,2.69));
#2003=DIRECTION('',(0.0,-1.0,0.0));
#2004=DIRECTION('',(0.0,0.0,-1.0));
#2005=ORIENTED_EDGE('',*,*,#3195,.T.);
#2006=ORIENTED_EDGE('',*,*,#3125,.T.);
#2007=ORIENTED_EDGE('',*,*,#3209,.T.);
#2008=ORIENTED_EDGE('',*,*,#3210,.T.);
#2009=ORIENTED_EDGE('',*,*,#3201,.T.);
#2010=ORIENTED_EDGE('',*,*,#3211,.T.);
#2011=ORIENTED_EDGE('',*,*,#3212,.T.);
#2012=ORIENTED_EDGE('',*,*,#2956,.F.);
#2013=CARTESIAN_POINT('',(2.36,0.0,0.0));
#2014=DIRECTION('',(-1.0,0.0,0.0));
#2015=DIRECTION('',(0.0,0.0,1.0));
#2016=ORIENTED_EDGE('',*,*,#3212,.F.);
#2017=ORIENTED_EDGE('',*,*,#3213,.F.);
#2018=ORIENTED_EDGE('',*,*,#3196,.T.);
#2019=ORIENTED_EDGE('',*,*,#2957,.F.);
#2020=CARTESIAN_POINT('',(0.14,-2.345,2.69));
#2021=DIRECTION('',(0.0,-1.0,0.0));
#2022=DIRECTION('',(0.0,0.0,-1.0));
#2023=ORIENTED_EDGE('',*,*,#3213,.T.);
#2024=ORIENTED_EDGE('',*,*,#3211,.F.);
#2025=ORIENTED_EDGE('',*,*,#3200,.F.);
#2026=ORIENTED_EDGE('',*,*,#3197,.T.);
#2027=ORIENTED_EDGE('',*,*,#3214,.T.);
#2028=ORIENTED_EDGE('',*,*,#3215,.F.);
#2029=ORIENTED_EDGE('',*,*,#3216,.F.);
#2030=ORIENTED_EDGE('',*,*,#3217,.T.);
#2031=CARTESIAN_POINT('',(0.14,-0.155,2.69));
#2032=DIRECTION('',(0.0,0.0,-1.0));
#2033=DIRECTION('',(0.0,-1.0,0.0));
#2034=ORIENTED_EDGE('',*,*,#2880,.F.);
#2035=ORIENTED_EDGE('',*,*,#3049,.T.);
#2036=ORIENTED_EDGE('',*,*,#3218,.F.);
#2037=ORIENTED_EDGE('',*,*,#3219,.F.);
#2038=ORIENTED_EDGE('',*,*,#3220,.F.);
#2039=ORIENTED_EDGE('',*,*,#3221,.F.);
#2040=ORIENTED_EDGE('',*,*,#3222,.F.);
#2041=ORIENTED_EDGE('',*,*,#3223,.F.);
#2042=ORIENTED_EDGE('',*,*,#3224,.F.);
#2043=ORIENTED_EDGE('',*,*,#3225,.F.);
#2044=CARTESIAN_POINT('',(0.9325,0.0,0.0));
#2045=DIRECTION('',(1.0,0.0,0.0));
#2046=DIRECTION('',(0.0,1.0,0.0));
#2047=ORIENTED_EDGE('',*,*,#3063,.T.);
#2048=ORIENTED_EDGE('',*,*,#3226,.F.);
#2049=ORIENTED_EDGE('',*,*,#3227,.F.);
#2050=ORIENTED_EDGE('',*,*,#3228,.F.);
#2051=ORIENTED_EDGE('',*,*,#3229,.F.);
#2052=CARTESIAN_POINT('',(0.9325,0.0,0.0));
#2053=DIRECTION('',(1.0,0.0,0.0));
#2054=DIRECTION('',(0.0,1.0,0.0));
#2055=ORIENTED_EDGE('',*,*,#3230,.F.);
#2056=ORIENTED_EDGE('',*,*,#3217,.F.);
#2057=ORIENTED_EDGE('',*,*,#3231,.F.);
#2058=ORIENTED_EDGE('',*,*,#3232,.T.);
#2059=CARTESIAN_POINT('',(0.9325,0.0,0.0));
#2060=DIRECTION('',(1.0,0.0,0.0));
#2061=DIRECTION('',(0.0,1.0,0.0));
#2062=ORIENTED_EDGE('',*,*,#3233,.T.);
#2063=ORIENTED_EDGE('',*,*,#3234,.F.);
#2064=ORIENTED_EDGE('',*,*,#2881,.F.);
#2065=ORIENTED_EDGE('',*,*,#3225,.T.);
#2066=CARTESIAN_POINT('',(0.9325,-2.205,0.65));
#2067=DIRECTION('',(0.0,0.0,1.0));
#2068=DIRECTION('',(1.0,0.0,0.0));
#2069=ORIENTED_EDGE('',*,*,#3235,.T.);
#2070=ORIENTED_EDGE('',*,*,#3236,.T.);
#2071=ORIENTED_EDGE('',*,*,#3237,.T.);
#2072=ORIENTED_EDGE('',*,*,#3238,.T.);
#2073=ORIENTED_EDGE('',*,*,#3239,.T.);
#2074=ORIENTED_EDGE('',*,*,#3240,.T.);
#2075=ORIENTED_EDGE('',*,*,#3241,.T.);
#2076=ORIENTED_EDGE('',*,*,#3047,.F.);
#2077=ORIENTED_EDGE('',*,*,#2882,.T.);
#2078=ORIENTED_EDGE('',*,*,#3234,.T.);
#2079=CARTESIAN_POINT('',(1.5675,0.0,0.0));
#2080=DIRECTION('',(1.0,0.0,0.0));
#2081=DIRECTION('',(0.0,1.0,0.0));
#2082=ORIENTED_EDGE('',*,*,#3242,.T.);
#2083=ORIENTED_EDGE('',*,*,#3243,.T.);
#2084=ORIENTED_EDGE('',*,*,#3244,.T.);
#2085=ORIENTED_EDGE('',*,*,#3061,.F.);
#2086=ORIENTED_EDGE('',*,*,#3245,.T.);
#2087=CARTESIAN_POINT('',(1.5675,0.0,0.0));
#2088=DIRECTION('',(1.0,0.0,0.0));
#2089=DIRECTION('',(0.0,1.0,0.0));
#2090=ORIENTED_EDGE('',*,*,#3246,.T.);
#2091=ORIENTED_EDGE('',*,*,#3215,.T.);
#2092=ORIENTED_EDGE('',*,*,#3247,.T.);
#2093=ORIENTED_EDGE('',*,*,#3248,.T.);
#2094=CARTESIAN_POINT('',(1.5675,0.0,0.0));
#2095=DIRECTION('',(1.0,0.0,0.0));
#2096=DIRECTION('',(0.0,1.0,0.0));
#2097=ORIENTED_EDGE('',*,*,#3048,.T.);
#2098=ORIENTED_EDGE('',*,*,#3241,.F.);
#2099=ORIENTED_EDGE('',*,*,#3249,.F.);
#2100=ORIENTED_EDGE('',*,*,#3218,.T.);
#2101=CARTESIAN_POINT('',(0.9325,-2.35,-0.29));
#2102=DIRECTION('',(-1.0,0.0,-0.0));
#2103=DIRECTION('',(0.0,0.0,-1.0));
#2104=ORIENTED_EDGE('',*,*,#3249,.T.);
#2105=ORIENTED_EDGE('',*,*,#3240,.F.);
#2106=ORIENTED_EDGE('',*,*,#3250,.F.);
#2107=ORIENTED_EDGE('',*,*,#3219,.T.);
#2108=CARTESIAN_POINT('',(0.9325,-2.65,-1.09));
#2109=DIRECTION('',(-0.0,1.0,0.0));
#2110=DIRECTION('',(1.0,0.0,0.0));
#2111=ORIENTED_EDGE('',*,*,#3250,.T.);
#2112=ORIENTED_EDGE('',*,*,#3239,.F.);
#2113=ORIENTED_EDGE('',*,*,#3251,.F.);
#2114=ORIENTED_EDGE('',*,*,#3220,.T.);
#2115=CARTESIAN_POINT('',(0.9325,-2.85,-1.29));
#2116=DIRECTION('',(0.0,0.707106781186548,-0.707106781186548));
#2117=DIRECTION('',(-1.0,0.0,0.0));
#2118=ORIENTED_EDGE('',*,*,#3251,.T.);
#2119=ORIENTED_EDGE('',*,*,#3238,.F.);
#2120=ORIENTED_EDGE('',*,*,#3252,.F.);
#2121=ORIENTED_EDGE('',*,*,#3221,.T.);
#2122=CARTESIAN_POINT('',(0.9325,-3.09,-1.29));
#2123=DIRECTION('',(0.0,0.0,-1.0));
#2124=DIRECTION('',(0.0,-1.0,0.0));
#2125=ORIENTED_EDGE('',*,*,#3252,.T.);
#2126=ORIENTED_EDGE('',*,*,#3237,.F.);
#2127=ORIENTED_EDGE('',*,*,#3253,.F.);
#2128=ORIENTED_EDGE('',*,*,#3222,.T.);
#2129=CARTESIAN_POINT('',(0.9325,-3.09,-1.09));
#2130=DIRECTION('',(-1.0,0.0,-0.0));
#2131=DIRECTION('',(0.0,0.0,-1.0));
#2132=ORIENTED_EDGE('',*,*,#3253,.T.);
#2133=ORIENTED_EDGE('',*,*,#3236,.F.);
#2134=ORIENTED_EDGE('',*,*,#3254,.F.);
#2135=ORIENTED_EDGE('',*,*,#3223,.T.);
#2136=CARTESIAN_POINT('',(0.9325,-3.29,0.45));
#2137=DIRECTION('',(0.0,-1.0,0.0));
#2138=DIRECTION('',(0.0,0.0,-1.0));
#2139=ORIENTED_EDGE('',*,*,#3254,.T.);
#2140=ORIENTED_EDGE('',*,*,#3235,.F.);
#2141=ORIENTED_EDGE('',*,*,#3233,.F.);
#2142=ORIENTED_EDGE('',*,*,#3224,.T.);
#2143=CARTESIAN_POINT('',(0.9325,-3.09,0.45));
#2144=DIRECTION('',(-1.0,0.0,-0.0));
#2145=DIRECTION('',(0.0,0.0,-1.0));
#2146=ORIENTED_EDGE('',*,*,#3255,.T.);
#2147=ORIENTED_EDGE('',*,*,#3245,.F.);
#2148=ORIENTED_EDGE('',*,*,#3060,.F.);
#2149=ORIENTED_EDGE('',*,*,#3229,.T.);
#2150=CARTESIAN_POINT('',(0.9325,-2.15,-0.29));
#2151=DIRECTION('',(-1.0,0.0,-0.0));
#2152=DIRECTION('',(0.0,0.0,-1.0));
#2153=ORIENTED_EDGE('',*,*,#3256,.T.);
#2154=ORIENTED_EDGE('',*,*,#3242,.F.);
#2155=ORIENTED_EDGE('',*,*,#3255,.F.);
#2156=ORIENTED_EDGE('',*,*,#3228,.T.);
#2157=CARTESIAN_POINT('',(0.9325,-1.85,-0.29));
#2158=DIRECTION('',(0.0,-1.0,0.0));
#2159=DIRECTION('',(0.0,0.0,-1.0));
#2160=ORIENTED_EDGE('',*,*,#3257,.T.);
#2161=ORIENTED_EDGE('',*,*,#3243,.F.);
#2162=ORIENTED_EDGE('',*,*,#3256,.F.);
#2163=ORIENTED_EDGE('',*,*,#3227,.T.);
#2164=CARTESIAN_POINT('',(0.9325,-1.85,-0.75));
#2165=DIRECTION('',(0.0,0.0,-1.0));
#2166=DIRECTION('',(0.0,-1.0,0.0));
#2167=ORIENTED_EDGE('',*,*,#3062,.T.);
#2168=ORIENTED_EDGE('',*,*,#3244,.F.);
#2169=ORIENTED_EDGE('',*,*,#3257,.F.);
#2170=ORIENTED_EDGE('',*,*,#3226,.T.);
#2171=CARTESIAN_POINT('',(0.9325,-1.1,-0.75));
#2172=DIRECTION('',(0.0,0.707106781186548,-0.707106781186548));
#2173=DIRECTION('',(-1.0,0.0,0.0));
#2174=ORIENTED_EDGE('',*,*,#3248,.F.);
#2175=ORIENTED_EDGE('',*,*,#3258,.F.);
#2176=ORIENTED_EDGE('',*,*,#3259,.T.);
#2177=ORIENTED_EDGE('',*,*,#3260,.F.);
#2178=CARTESIAN_POINT('',(1.4925,-1.25,6.83));
#2179=DIRECTION('',(0.982872186934319,0.0,0.184288535050203));
#2180=DIRECTION('',(0.0,-1.0,0.0));
#2181=ORIENTED_EDGE('',*,*,#3261,.F.);
#2182=ORIENTED_EDGE('',*,*,#3262,.T.);
#2183=ORIENTED_EDGE('',*,*,#3263,.T.);
#2184=ORIENTED_EDGE('',*,*,#3260,.T.);
#2185=CARTESIAN_POINT('',(0.9325,-1.37,7.23));
#2186=DIRECTION('',(0.0,-0.970852159759169,0.239679126940492));
#2187=DIRECTION('',(-1.0,0.0,0.0));
#2188=ORIENTED_EDGE('',*,*,#3231,.T.);
#2189=ORIENTED_EDGE('',*,*,#3216,.T.);
#2190=ORIENTED_EDGE('',*,*,#3246,.F.);
#2191=ORIENTED_EDGE('',*,*,#3263,.F.);
#2192=CARTESIAN_POINT('',(0.9325,-1.5675,6.43));
#2193=DIRECTION('',(0.0,-1.0,0.0));
#2194=DIRECTION('',(0.0,0.0,-1.0));
#2195=ORIENTED_EDGE('',*,*,#3232,.F.);
#2196=ORIENTED_EDGE('',*,*,#3262,.F.);
#2197=ORIENTED_EDGE('',*,*,#3264,.T.);
#2198=ORIENTED_EDGE('',*,*,#3265,.F.);
#2199=CARTESIAN_POINT('',(1.0075,-1.25,6.83));
#2200=DIRECTION('',(-0.982872186934319,0.0,0.184288535050203));
#2201=DIRECTION('',(0.0,1.0,0.0));
#2202=ORIENTED_EDGE('',*,*,#3266,.F.);
#2203=ORIENTED_EDGE('',*,*,#3265,.T.);
#2204=ORIENTED_EDGE('',*,*,#3267,.T.);
#2205=ORIENTED_EDGE('',*,*,#3258,.T.);
#2206=CARTESIAN_POINT('',(0.9325,-0.9325,6.43));
#2207=DIRECTION('',(0.0,0.970852159759169,0.239679126940492));
#2208=DIRECTION('',(1.0,0.0,-0.0));
#2209=ORIENTED_EDGE('',*,*,#3267,.F.);
#2210=ORIENTED_EDGE('',*,*,#3264,.F.);
#2211=ORIENTED_EDGE('',*,*,#3261,.T.);
#2212=ORIENTED_EDGE('',*,*,#3259,.F.);
#2213=CARTESIAN_POINT('',(0.9325,-1.13,7.23));
#2214=DIRECTION('',(0.0,0.0,1.0));
#2215=DIRECTION('',(1.0,0.0,0.0));
#2216=ORIENTED_EDGE('',*,*,#3247,.F.);
#2217=ORIENTED_EDGE('',*,*,#3214,.F.);
#2218=ORIENTED_EDGE('',*,*,#3230,.T.);
#2219=ORIENTED_EDGE('',*,*,#3266,.T.);
#2220=CARTESIAN_POINT('',(0.9325,-0.9325,1.92));
#2221=DIRECTION('',(-0.0,1.0,0.0));
#2222=DIRECTION('',(1.0,0.0,0.0));
#2223=ORIENTED_EDGE('',*,*,#3268,.T.);
#2224=ORIENTED_EDGE('',*,*,#3202,.F.);
#2225=ORIENTED_EDGE('',*,*,#3210,.F.);
#2226=ORIENTED_EDGE('',*,*,#3208,.T.);
#2227=CARTESIAN_POINT('',(2.36,0.25,4.39));
#2228=DIRECTION('',(0.0,0.0,-1.0));
#2229=DIRECTION('',(0.0,-1.0,0.0));
#2230=ORIENTED_EDGE('',*,*,#3205,.T.);
#2231=ORIENTED_EDGE('',*,*,#3203,.F.);
#2232=ORIENTED_EDGE('',*,*,#3268,.F.);
#2233=ORIENTED_EDGE('',*,*,#3207,.T.);
#2234=CARTESIAN_POINT('',(1.65,0.25,4.39));
#2235=DIRECTION('',(-1.0,0.0,0.0));
#2236=DIRECTION('',(0.0,0.0,1.0));
#2237=ORIENTED_EDGE('',*,*,#3193,.T.);
#2238=ORIENTED_EDGE('',*,*,#3121,.F.);
#2239=ORIENTED_EDGE('',*,*,#3269,.F.);
#2240=ORIENTED_EDGE('',*,*,#2964,.T.);
#2241=CARTESIAN_POINT('',(1.33,2.62,8.69));
#2242=DIRECTION('',(-1.0,0.0,0.0));
#2243=DIRECTION('',(0.0,0.0,1.0));
#2244=ORIENTED_EDGE('',*,*,#3269,.T.);
#2245=ORIENTED_EDGE('',*,*,#3120,.F.);
#2246=ORIENTED_EDGE('',*,*,#3270,.F.);
#2247=ORIENTED_EDGE('',*,*,#2965,.T.);
#2248=CARTESIAN_POINT('',(-1.33,2.62,8.69));
#2249=DIRECTION('',(0.0,-1.0,0.0));
#2250=DIRECTION('',(0.0,0.0,-1.0));
#2251=ORIENTED_EDGE('',*,*,#3270,.T.);
#2252=ORIENTED_EDGE('',*,*,#3119,.F.);
#2253=ORIENTED_EDGE('',*,*,#3271,.F.);
#2254=ORIENTED_EDGE('',*,*,#2966,.T.);
#2255=CARTESIAN_POINT('',(-1.33,2.34,8.69));
#2256=DIRECTION('',(1.0,0.0,0.0));
#2257=DIRECTION('',(0.0,1.0,0.0));
#2258=ORIENTED_EDGE('',*,*,#2971,.T.);
#2259=ORIENTED_EDGE('',*,*,#2991,.T.);
#2260=ORIENTED_EDGE('',*,*,#3116,.T.);
#2261=ORIENTED_EDGE('',*,*,#3272,.F.);
#2262=CARTESIAN_POINT('',(-2.36,2.345,8.69));
#2263=DIRECTION('',(-0.0,1.0,0.0));
#2264=DIRECTION('',(1.0,0.0,0.0));
#2265=ORIENTED_EDGE('',*,*,#3118,.T.);
#2266=ORIENTED_EDGE('',*,*,#2996,.F.);
#2267=ORIENTED_EDGE('',*,*,#2967,.T.);
#2268=ORIENTED_EDGE('',*,*,#3271,.T.);
#2269=CARTESIAN_POINT('',(-2.36,2.345,8.69));
#2270=DIRECTION('',(-0.0,1.0,0.0));
#2271=DIRECTION('',(1.0,0.0,0.0));
#2272=ORIENTED_EDGE('',*,*,#3273,.T.);
#2273=ORIENTED_EDGE('',*,*,#3274,.F.);
#2274=ORIENTED_EDGE('',*,*,#3275,.F.);
#2275=ORIENTED_EDGE('',*,*,#2972,.F.);
#2276=ORIENTED_EDGE('',*,*,#3272,.T.);
#2277=ORIENTED_EDGE('',*,*,#3115,.F.);
#2278=ORIENTED_EDGE('',*,*,#3276,.T.);
#2279=CARTESIAN_POINT('',(-2.3,5.0,10.15));
#2280=DIRECTION('',(-1.0,0.0,0.0));
#2281=DIRECTION('',(0.0,0.0,1.0));
#2282=ORIENTED_EDGE('',*,*,#3191,.T.);
#2283=ORIENTED_EDGE('',*,*,#3277,.T.);
#2284=ORIENTED_EDGE('',*,*,#3278,.F.);
#2285=ORIENTED_EDGE('',*,*,#2951,.T.);
#2286=ORIENTED_EDGE('',*,*,#3279,.T.);
#2287=ORIENTED_EDGE('',*,*,#3280,.F.);
#2288=ORIENTED_EDGE('',*,*,#3281,.T.);
#2289=ORIENTED_EDGE('',*,*,#3042,.T.);
#2290=ORIENTED_EDGE('',*,*,#3282,.T.);
#2291=ORIENTED_EDGE('',*,*,#3283,.F.);
#2292=ORIENTED_EDGE('',*,*,#3284,.F.);
#2293=ORIENTED_EDGE('',*,*,#3285,.F.);
#2294=ORIENTED_EDGE('',*,*,#2975,.T.);
#2295=ORIENTED_EDGE('',*,*,#3286,.T.);
#2296=ORIENTED_EDGE('',*,*,#3287,.T.);
#2297=ORIENTED_EDGE('',*,*,#3276,.F.);
#2298=ORIENTED_EDGE('',*,*,#3114,.F.);
#2299=CARTESIAN_POINT('',(0.0,2.99,0.0));
#2300=DIRECTION('',(-0.0,1.0,0.0));
#2301=DIRECTION('',(1.0,0.0,0.0));
#2302=ORIENTED_EDGE('',*,*,#3288,.F.);
#2303=ORIENTED_EDGE('',*,*,#3289,.F.);
#2304=ORIENTED_EDGE('',*,*,#3290,.T.);
#2305=ORIENTED_EDGE('',*,*,#3273,.F.);
#2306=ORIENTED_EDGE('',*,*,#3287,.F.);
#2307=ORIENTED_EDGE('',*,*,#3291,.T.);
#2308=ORIENTED_EDGE('',*,*,#3292,.T.);
#2309=ORIENTED_EDGE('',*,*,#3293,.F.);
#2310=ORIENTED_EDGE('',*,*,#3277,.F.);
#2311=ORIENTED_EDGE('',*,*,#3190,.T.);
#2312=ORIENTED_EDGE('',*,*,#3294,.T.);
#2313=ORIENTED_EDGE('',*,*,#3295,.F.);
#2314=CARTESIAN_POINT('',(-2.8,2.99,1.8));
#2315=DIRECTION('',(0.0,0.0,-1.0));
#2316=DIRECTION('',(0.0,-1.0,0.0));
#2317=ORIENTED_EDGE('',*,*,#3296,.T.);
#2318=ORIENTED_EDGE('',*,*,#3297,.F.);
#2319=ORIENTED_EDGE('',*,*,#3298,.F.);
#2320=ORIENTED_EDGE('',*,*,#3295,.T.);
#2321=CARTESIAN_POINT('',(1.25,5.9,1.8));
#2322=DIRECTION('',(1.0,0.0,0.0));
#2323=DIRECTION('',(0.0,1.0,0.0));
#2324=ORIENTED_EDGE('',*,*,#3298,.T.);
#2325=ORIENTED_EDGE('',*,*,#3299,.T.);
#2326=ORIENTED_EDGE('',*,*,#3300,.F.);
#2327=ORIENTED_EDGE('',*,*,#3288,.T.);
#2328=CARTESIAN_POINT('',(-1.25,5.9,1.8));
#2329=DIRECTION('',(-0.0,1.0,0.0));
#2330=DIRECTION('',(1.0,0.0,0.0));
#2331=ORIENTED_EDGE('',*,*,#3300,.T.);
#2332=ORIENTED_EDGE('',*,*,#3301,.F.);
#2333=ORIENTED_EDGE('',*,*,#3302,.F.);
#2334=ORIENTED_EDGE('',*,*,#3289,.T.);
#2335=CARTESIAN_POINT('',(-1.25,5.0,1.8));
#2336=DIRECTION('',(-1.0,0.0,0.0));
#2337=DIRECTION('',(0.0,0.0,1.0));
#2338=ORIENTED_EDGE('',*,*,#3296,.F.);
#2339=ORIENTED_EDGE('',*,*,#3294,.F.);
#2340=ORIENTED_EDGE('',*,*,#3189,.F.);
#2341=ORIENTED_EDGE('',*,*,#3303,.T.);
#2342=ORIENTED_EDGE('',*,*,#3274,.T.);
#2343=ORIENTED_EDGE('',*,*,#3290,.F.);
#2344=ORIENTED_EDGE('',*,*,#3302,.T.);
#2345=ORIENTED_EDGE('',*,*,#3304,.F.);
#2346=CARTESIAN_POINT('',(2.3,5.0,10.15));
#2347=DIRECTION('',(-0.0,1.0,0.0));
#2348=DIRECTION('',(1.0,0.0,0.0));
#2349=ORIENTED_EDGE('',*,*,#3301,.T.);
#2350=ORIENTED_EDGE('',*,*,#3299,.F.);
#2351=ORIENTED_EDGE('',*,*,#3297,.T.);
#2352=ORIENTED_EDGE('',*,*,#3304,.T.);
#2353=CARTESIAN_POINT('',(-2.8,0.0,8.85));
#2354=DIRECTION('',(0.0,0.0,-1.0));
#2355=DIRECTION('',(0.0,-1.0,0.0));
#2356=ORIENTED_EDGE('',*,*,#3303,.F.);
#2357=ORIENTED_EDGE('',*,*,#3188,.F.);
#2358=ORIENTED_EDGE('',*,*,#2953,.T.);
#2359=ORIENTED_EDGE('',*,*,#3305,.F.);
#2360=ORIENTED_EDGE('',*,*,#3306,.F.);
#2361=ORIENTED_EDGE('',*,*,#3307,.T.);
#2362=ORIENTED_EDGE('',*,*,#2973,.T.);
#2363=ORIENTED_EDGE('',*,*,#3275,.T.);
#2364=CARTESIAN_POINT('',(-2.8,5.27,10.15));
#2365=DIRECTION('',(0.0,-0.707106781186548,0.707106781186548));
#2366=DIRECTION('',(-1.0,0.0,0.0));
#2367=ORIENTED_EDGE('',*,*,#2974,.F.);
#2368=ORIENTED_EDGE('',*,*,#3307,.F.);
#2369=ORIENTED_EDGE('',*,*,#3308,.F.);
#2370=ORIENTED_EDGE('',*,*,#3309,.F.);
#2371=ORIENTED_EDGE('',*,*,#3291,.F.);
#2372=ORIENTED_EDGE('',*,*,#3286,.F.);
#2373=CARTESIAN_POINT('',(-2.8,0.0,0.0));
#2374=DIRECTION('',(1.0,0.0,0.0));
#2375=DIRECTION('',(0.0,1.0,0.0));
#2376=ORIENTED_EDGE('',*,*,#3310,.T.);
#2377=ORIENTED_EDGE('',*,*,#3311,.F.);
#2378=ORIENTED_EDGE('',*,*,#3292,.F.);
#2379=ORIENTED_EDGE('',*,*,#3309,.T.);
#2380=CARTESIAN_POINT('',(-2.8,6.2,1.8));
#2381=DIRECTION('',(-0.0,1.0,0.0));
#2382=DIRECTION('',(1.0,0.0,0.0));
#2383=ORIENTED_EDGE('',*,*,#3293,.T.);
#2384=ORIENTED_EDGE('',*,*,#3311,.T.);
#2385=ORIENTED_EDGE('',*,*,#3312,.T.);
#2386=ORIENTED_EDGE('',*,*,#3305,.T.);
#2387=ORIENTED_EDGE('',*,*,#2952,.T.);
#2388=ORIENTED_EDGE('',*,*,#3278,.T.);
#2389=CARTESIAN_POINT('',(2.8,0.0,0.0));
#2390=DIRECTION('',(1.0,0.0,0.0));
#2391=DIRECTION('',(0.0,1.0,0.0));
#2392=ORIENTED_EDGE('',*,*,#3306,.T.);
#2393=ORIENTED_EDGE('',*,*,#3312,.F.);
#2394=ORIENTED_EDGE('',*,*,#3310,.F.);
#2395=ORIENTED_EDGE('',*,*,#3308,.T.);
#2396=CARTESIAN_POINT('',(-2.8,6.2,10.15));
#2397=DIRECTION('',(0.0,0.0,1.0));
#2398=DIRECTION('',(1.0,0.0,0.0));
#2399=ORIENTED_EDGE('',*,*,#3313,.T.);
#2400=ORIENTED_EDGE('',*,*,#3314,.F.);
#2401=ORIENTED_EDGE('',*,*,#2976,.T.);
#2402=ORIENTED_EDGE('',*,*,#3285,.T.);
#2403=CARTESIAN_POINT('',(-2.97,2.99,8.69));
#2404=DIRECTION('',(1.0,0.0,0.0));
#2405=DIRECTION('',(0.0,1.0,0.0));
#2406=ORIENTED_EDGE('',*,*,#3315,.T.);
#2407=ORIENTED_EDGE('',*,*,#3316,.T.);
#2408=ORIENTED_EDGE('',*,*,#3317,.T.);
#2409=ORIENTED_EDGE('',*,*,#3318,.T.);
#2410=CARTESIAN_POINT('',(0.0,0.19,0.0));
#2411=DIRECTION('',(-0.0,1.0,0.0));
#2412=DIRECTION('',(1.0,0.0,0.0));
#2413=ORIENTED_EDGE('',*,*,#2893,.T.);
#2414=ORIENTED_EDGE('',*,*,#2977,.T.);
#2415=ORIENTED_EDGE('',*,*,#3314,.T.);
#2416=ORIENTED_EDGE('',*,*,#3319,.T.);
#2417=ORIENTED_EDGE('',*,*,#3320,.T.);
#2418=ORIENTED_EDGE('',*,*,#3321,.F.);
#2419=CARTESIAN_POINT('',(0.0,0.19,0.0));
#2420=DIRECTION('',(-0.0,1.0,0.0));
#2421=DIRECTION('',(1.0,0.0,0.0));
#2422=ORIENTED_EDGE('',*,*,#3322,.F.);
#2423=ORIENTED_EDGE('',*,*,#2869,.T.);
#2424=ORIENTED_EDGE('',*,*,#3043,.T.);
#2425=ORIENTED_EDGE('',*,*,#3281,.F.);
#2426=ORIENTED_EDGE('',*,*,#3323,.T.);
#2427=ORIENTED_EDGE('',*,*,#3318,.F.);
#2428=CARTESIAN_POINT('',(4.07,-2.99,6.69));
#2429=DIRECTION('',(1.0,0.0,0.0));
#2430=DIRECTION('',(0.0,1.0,0.0));
#2431=ORIENTED_EDGE('',*,*,#3324,.T.);
#2432=ORIENTED_EDGE('',*,*,#3315,.F.);
#2433=ORIENTED_EDGE('',*,*,#3323,.F.);
#2434=ORIENTED_EDGE('',*,*,#3280,.T.);
#2435=CARTESIAN_POINT('',(4.07,2.99,1.19));
#2436=DIRECTION('',(-0.707106781186548,0.0,-0.707106781186548));
#2437=DIRECTION('',(-0.707106781186548,0.0,0.707106781186548));
#2438=ORIENTED_EDGE('',*,*,#2950,.F.);
#2439=ORIENTED_EDGE('',*,*,#3316,.F.);
#2440=ORIENTED_EDGE('',*,*,#3324,.F.);
#2441=ORIENTED_EDGE('',*,*,#3279,.F.);
#2442=CARTESIAN_POINT('',(3.07,2.99,2.19));
#2443=DIRECTION('',(-1.0,0.0,0.0));
#2444=DIRECTION('',(0.0,0.0,1.0));
#2445=ORIENTED_EDGE('',*,*,#3325,.T.);
#2446=ORIENTED_EDGE('',*,*,#3326,.F.);
#2447=ORIENTED_EDGE('',*,*,#2870,.T.);
#2448=ORIENTED_EDGE('',*,*,#3322,.T.);
#2449=ORIENTED_EDGE('',*,*,#3317,.F.);
#2450=ORIENTED_EDGE('',*,*,#2949,.F.);
#2451=ORIENTED_EDGE('',*,*,#3327,.T.);
#2452=ORIENTED_EDGE('',*,*,#3328,.T.);
#2453=CARTESIAN_POINT('',(3.07,-2.99,8.69));
#2454=DIRECTION('',(0.894427190999896,0.0,0.447213595499998));
#2455=DIRECTION('',(0.0,-1.0,0.0));
#2456=ORIENTED_EDGE('',*,*,#3329,.T.);
#2457=ORIENTED_EDGE('',*,*,#3330,.F.);
#2458=ORIENTED_EDGE('',*,*,#3328,.F.);
#2459=CARTESIAN_POINT('',(2.97,-2.45,6.92));
#2460=DIRECTION('',(-0.0,1.0,0.0));
#2461=DIRECTION('',(1.0,0.0,0.0));
#2462=ORIENTED_EDGE('',*,*,#3330,.T.);
#2463=ORIENTED_EDGE('',*,*,#3331,.T.);
#2464=ORIENTED_EDGE('',*,*,#3332,.T.);
#2465=ORIENTED_EDGE('',*,*,#3333,.T.);
#2466=ORIENTED_EDGE('',*,*,#3334,.T.);
#2467=ORIENTED_EDGE('',*,*,#3335,.T.);
#2468=ORIENTED_EDGE('',*,*,#3336,.T.);
#2469=ORIENTED_EDGE('',*,*,#3337,.T.);
#2470=ORIENTED_EDGE('',*,*,#3338,.T.);
#2471=ORIENTED_EDGE('',*,*,#3339,.T.);
#2472=ORIENTED_EDGE('',*,*,#3340,.T.);
#2473=ORIENTED_EDGE('',*,*,#3341,.T.);
#2474=ORIENTED_EDGE('',*,*,#3342,.T.);
#2475=ORIENTED_EDGE('',*,*,#3343,.T.);
#2476=ORIENTED_EDGE('',*,*,#3344,.T.);
#2477=ORIENTED_EDGE('',*,*,#3345,.T.);
#2478=CARTESIAN_POINT('',(3.47,0.0,0.0));
#2479=DIRECTION('',(1.0,0.0,0.0));
#2480=DIRECTION('',(0.0,1.0,0.0));
#2481=ORIENTED_EDGE('',*,*,#3346,.T.);
#2482=ORIENTED_EDGE('',*,*,#3327,.F.);
#2483=ORIENTED_EDGE('',*,*,#2948,.T.);
#2484=ORIENTED_EDGE('',*,*,#3347,.T.);
#2485=ORIENTED_EDGE('',*,*,#3045,.F.);
#2486=ORIENTED_EDGE('',*,*,#3348,.F.);
#2487=ORIENTED_EDGE('',*,*,#3325,.F.);
#2488=ORIENTED_EDGE('',*,*,#3345,.F.);
#2489=ORIENTED_EDGE('',*,*,#3349,.F.);
#2490=ORIENTED_EDGE('',*,*,#3350,.F.);
#2491=CARTESIAN_POINT('',(3.57,-2.45,8.69));
#2492=DIRECTION('',(-0.0,1.0,0.0));
#2493=DIRECTION('',(1.0,0.0,0.0));
#2494=ORIENTED_EDGE('',*,*,#3351,.F.);
#2495=ORIENTED_EDGE('',*,*,#3352,.F.);
#2496=ORIENTED_EDGE('',*,*,#3353,.F.);
#2497=ORIENTED_EDGE('',*,*,#3354,.F.);
#2498=ORIENTED_EDGE('',*,*,#3355,.F.);
#2499=ORIENTED_EDGE('',*,*,#3356,.F.);
#2500=ORIENTED_EDGE('',*,*,#3357,.F.);
#2501=ORIENTED_EDGE('',*,*,#3358,.F.);
#2502=ORIENTED_EDGE('',*,*,#3359,.F.);
#2503=ORIENTED_EDGE('',*,*,#3360,.F.);
#2504=ORIENTED_EDGE('',*,*,#3361,.F.);
#2505=ORIENTED_EDGE('',*,*,#3362,.F.);
#2506=ORIENTED_EDGE('',*,*,#3363,.F.);
#2507=ORIENTED_EDGE('',*,*,#3364,.F.);
#2508=ORIENTED_EDGE('',*,*,#3350,.T.);
#2509=CARTESIAN_POINT('',(2.97,0.0,0.0));
#2510=DIRECTION('',(1.0,0.0,0.0));
#2511=DIRECTION('',(0.0,1.0,0.0));
#2512=ORIENTED_EDGE('',*,*,#3364,.T.);
#2513=ORIENTED_EDGE('',*,*,#3365,.T.);
#2514=ORIENTED_EDGE('',*,*,#3331,.F.);
#2515=ORIENTED_EDGE('',*,*,#3329,.F.);
#2516=ORIENTED_EDGE('',*,*,#3346,.F.);
#2517=CARTESIAN_POINT('',(2.97,-2.8,8.04));
#2518=DIRECTION('',(-1.0,0.0,-0.0));
#2519=DIRECTION('',(0.0,0.0,-1.0));
#2520=ORIENTED_EDGE('',*,*,#3366,.T.);
#2521=ORIENTED_EDGE('',*,*,#3332,.F.);
#2522=ORIENTED_EDGE('',*,*,#3365,.F.);
#2523=ORIENTED_EDGE('',*,*,#3363,.T.);
#2524=CARTESIAN_POINT('',(2.97,-2.8,8.39));
#2525=DIRECTION('',(0.0,0.0,1.0));
#2526=DIRECTION('',(1.0,0.0,0.0));
#2527=ORIENTED_EDGE('',*,*,#3367,.T.);
#2528=ORIENTED_EDGE('',*,*,#3333,.F.);
#2529=ORIENTED_EDGE('',*,*,#3366,.F.);
#2530=ORIENTED_EDGE('',*,*,#3362,.T.);
#2531=CARTESIAN_POINT('',(2.97,-2.94,8.04));
#2532=DIRECTION('',(-1.0,0.0,-0.0));
#2533=DIRECTION('',(0.0,0.0,-1.0));
#2534=ORIENTED_EDGE('',*,*,#3368,.T.);
#2535=ORIENTED_EDGE('',*,*,#3334,.F.);
#2536=ORIENTED_EDGE('',*,*,#3367,.F.);
#2537=ORIENTED_EDGE('',*,*,#3361,.T.);
#2538=CARTESIAN_POINT('',(2.97,-3.29,8.04));
#2539=DIRECTION('',(0.0,-1.0,0.0));
#2540=DIRECTION('',(0.0,0.0,-1.0));
#2541=ORIENTED_EDGE('',*,*,#3369,.T.);
#2542=ORIENTED_EDGE('',*,*,#3335,.F.);
#2543=ORIENTED_EDGE('',*,*,#3368,.F.);
#2544=ORIENTED_EDGE('',*,*,#3360,.T.);
#2545=CARTESIAN_POINT('',(2.97,-3.14,5.5));
#2546=DIRECTION('',(-1.0,0.0,-0.0));
#2547=DIRECTION('',(0.0,0.0,-1.0));
#2548=ORIENTED_EDGE('',*,*,#3370,.T.);
#2549=ORIENTED_EDGE('',*,*,#3336,.F.);
#2550=ORIENTED_EDGE('',*,*,#3369,.F.);
#2551=ORIENTED_EDGE('',*,*,#3359,.T.);
#2552=CARTESIAN_POINT('',(2.97,-3.14,5.35));
#2553=DIRECTION('',(0.0,0.0,-1.0));
#2554=DIRECTION('',(0.0,-1.0,0.0));
#2555=ORIENTED_EDGE('',*,*,#3371,.T.);
#2556=ORIENTED_EDGE('',*,*,#3337,.F.);
#2557=ORIENTED_EDGE('',*,*,#3370,.F.);
#2558=ORIENTED_EDGE('',*,*,#3358,.T.);
#2559=CARTESIAN_POINT('',(2.97,-3.04,5.2));
#2560=DIRECTION('',(-1.0,0.0,-0.0));
#2561=DIRECTION('',(0.0,0.0,-1.0));
#2562=ORIENTED_EDGE('',*,*,#3372,.T.);
#2563=ORIENTED_EDGE('',*,*,#3338,.F.);
#2564=ORIENTED_EDGE('',*,*,#3371,.F.);
#2565=ORIENTED_EDGE('',*,*,#3357,.T.);
#2566=CARTESIAN_POINT('',(2.97,-2.89,5.2));
#2567=DIRECTION('',(0.0,-1.0,0.0));
#2568=DIRECTION('',(0.0,0.0,-1.0));
#2569=ORIENTED_EDGE('',*,*,#3373,.T.);
#2570=ORIENTED_EDGE('',*,*,#3339,.F.);
#2571=ORIENTED_EDGE('',*,*,#3372,.F.);
#2572=ORIENTED_EDGE('',*,*,#3356,.T.);
#2573=CARTESIAN_POINT('',(2.97,-3.04,2.5));
#2574=DIRECTION('',(-1.0,0.0,-0.0));
#2575=DIRECTION('',(0.0,0.0,-1.0));
#2576=ORIENTED_EDGE('',*,*,#3374,.T.);
#2577=ORIENTED_EDGE('',*,*,#3340,.F.);
#2578=ORIENTED_EDGE('',*,*,#3373,.F.);
#2579=ORIENTED_EDGE('',*,*,#3355,.T.);
#2580=CARTESIAN_POINT('',(2.97,-3.04,2.35));
#2581=DIRECTION('',(0.0,0.0,1.0));
#2582=DIRECTION('',(1.0,0.0,0.0));
#2583=ORIENTED_EDGE('',*,*,#3375,.T.);
#2584=ORIENTED_EDGE('',*,*,#3341,.F.);
#2585=ORIENTED_EDGE('',*,*,#3374,.F.);
#2586=ORIENTED_EDGE('',*,*,#3354,.T.);
#2587=CARTESIAN_POINT('',(2.97,-3.14,2.2));
#2588=DIRECTION('',(-1.0,0.0,-0.0));
#2589=DIRECTION('',(0.0,0.0,-1.0));
#2590=ORIENTED_EDGE('',*,*,#3376,.T.);
#2591=ORIENTED_EDGE('',*,*,#3342,.F.);
#2592=ORIENTED_EDGE('',*,*,#3375,.F.);
#2593=ORIENTED_EDGE('',*,*,#3353,.T.);
#2594=CARTESIAN_POINT('',(2.97,-3.29,2.2));
#2595=DIRECTION('',(0.0,-1.0,0.0));
#2596=DIRECTION('',(0.0,0.0,-1.0));
#2597=ORIENTED_EDGE('',*,*,#3377,.T.);
#2598=ORIENTED_EDGE('',*,*,#3343,.F.);
#2599=ORIENTED_EDGE('',*,*,#3376,.F.);
#2600=ORIENTED_EDGE('',*,*,#3352,.T.);
#2601=CARTESIAN_POINT('',(2.97,-2.99,1.01));
#2602=DIRECTION('',(-1.0,0.0,-0.0));
#2603=DIRECTION('',(0.0,0.0,-1.0));
#2604=ORIENTED_EDGE('',*,*,#3344,.F.);
#2605=ORIENTED_EDGE('',*,*,#3377,.F.);
#2606=ORIENTED_EDGE('',*,*,#3351,.T.);
#2607=ORIENTED_EDGE('',*,*,#3349,.T.);
#2608=CARTESIAN_POINT('',(2.97,-2.99,0.71));
#2609=DIRECTION('',(0.0,0.0,-1.0));
#2610=DIRECTION('',(0.0,-1.0,0.0));
#2611=ORIENTED_EDGE('',*,*,#3326,.T.);
#2612=ORIENTED_EDGE('',*,*,#3348,.T.);
#2613=ORIENTED_EDGE('',*,*,#3044,.F.);
#2614=ORIENTED_EDGE('',*,*,#2871,.T.);
#2615=CARTESIAN_POINT('',(3.57,-2.99,8.69));
#2616=DIRECTION('',(1.0,0.0,0.0));
#2617=DIRECTION('',(0.0,1.0,0.0));
#2618=ORIENTED_EDGE('',*,*,#3046,.T.);
#2619=ORIENTED_EDGE('',*,*,#3347,.F.);
#2620=ORIENTED_EDGE('',*,*,#2947,.F.);
#2621=ORIENTED_EDGE('',*,*,#2884,.F.);
#2622=CARTESIAN_POINT('',(2.87,-2.45,8.69));
#2623=DIRECTION('',(-1.0,0.0,0.0));
#2624=DIRECTION('',(0.0,0.0,1.0));
#2625=ORIENTED_EDGE('',*,*,#3378,.F.);
#2626=ORIENTED_EDGE('',*,*,#3282,.F.);
#2627=ORIENTED_EDGE('',*,*,#3041,.F.);
#2628=ORIENTED_EDGE('',*,*,#2865,.T.);
#2629=ORIENTED_EDGE('',*,*,#2894,.T.);
#2630=ORIENTED_EDGE('',*,*,#3321,.T.);
#2631=CARTESIAN_POINT('',(-4.67,-2.99,0.0));
#2632=DIRECTION('',(-1.0,0.0,0.0));
#2633=DIRECTION('',(0.0,0.0,1.0));
#2634=ORIENTED_EDGE('',*,*,#3378,.T.);
#2635=ORIENTED_EDGE('',*,*,#3320,.F.);
#2636=ORIENTED_EDGE('',*,*,#3379,.F.);
#2637=ORIENTED_EDGE('',*,*,#3283,.T.);
#2638=CARTESIAN_POINT('',(-3.57,2.99,2.19));
#2639=DIRECTION('',(0.707106781186548,0.0,-0.707106781186548));
#2640=DIRECTION('',(0.0,-1.0,0.0));
#2641=ORIENTED_EDGE('',*,*,#3379,.T.);
#2642=ORIENTED_EDGE('',*,*,#3319,.F.);
#2643=ORIENTED_EDGE('',*,*,#3313,.F.);
#2644=ORIENTED_EDGE('',*,*,#3284,.T.);
#2645=CARTESIAN_POINT('',(-2.97,2.99,2.19));
#2646=DIRECTION('',(0.0,0.0,-1.0));
#2647=DIRECTION('',(0.0,-1.0,0.0));
#2648=ORIENTED_EDGE('',*,*,#2998,.F.);
#2649=ORIENTED_EDGE('',*,*,#3117,.F.);
#2650=ORIENTED_EDGE('',*,*,#2989,.T.);
#2651=ORIENTED_EDGE('',*,*,#2969,.T.);
#2652=CARTESIAN_POINT('',(-2.36,0.155,2.69));
#2653=DIRECTION('',(0.0,-1.0,0.0));
#2654=DIRECTION('',(0.0,0.0,-1.0));
#2655=ORIENTED_EDGE('',*,*,#3034,.F.);
#2656=ORIENTED_EDGE('',*,*,#3380,.F.);
#2657=ORIENTED_EDGE('',*,*,#3013,.T.);
#2658=ORIENTED_EDGE('',*,*,#3055,.T.);
#2659=CARTESIAN_POINT('',(-1.5675,-1.1,-0.75));
#2660=DIRECTION('',(0.0,0.707106781186548,-0.707106781186548));
#2661=DIRECTION('',(-1.0,0.0,0.0));
#2662=ORIENTED_EDGE('',*,*,#3380,.T.);
#2663=ORIENTED_EDGE('',*,*,#3033,.F.);
#2664=ORIENTED_EDGE('',*,*,#3381,.F.);
#2665=ORIENTED_EDGE('',*,*,#3014,.T.);
#2666=CARTESIAN_POINT('',(-1.5675,-1.85,-0.75));
#2667=DIRECTION('',(0.0,0.0,-1.0));
#2668=DIRECTION('',(0.0,-1.0,0.0));
#2669=ORIENTED_EDGE('',*,*,#3381,.T.);
#2670=ORIENTED_EDGE('',*,*,#3032,.F.);
#2671=ORIENTED_EDGE('',*,*,#3382,.F.);
#2672=ORIENTED_EDGE('',*,*,#3015,.T.);
#2673=CARTESIAN_POINT('',(-1.5675,-1.85,-0.29));
#2674=DIRECTION('',(0.0,-1.0,0.0));
#2675=DIRECTION('',(0.0,0.0,-1.0));
#2676=ORIENTED_EDGE('',*,*,#3016,.T.);
#2677=ORIENTED_EDGE('',*,*,#3382,.T.);
#2678=ORIENTED_EDGE('',*,*,#3031,.F.);
#2679=ORIENTED_EDGE('',*,*,#3054,.F.);
#2680=CARTESIAN_POINT('',(-1.5675,-2.15,-0.29));
#2681=DIRECTION('',(-1.0,0.0,-0.0));
#2682=DIRECTION('',(0.0,0.0,-1.0));
#2683=ORIENTED_EDGE('',*,*,#2978,.T.);
#2684=ORIENTED_EDGE('',*,*,#2904,.T.);
#2685=ORIENTED_EDGE('',*,*,#3040,.F.);
#2686=ORIENTED_EDGE('',*,*,#2874,.T.);
#2687=CARTESIAN_POINT('',(-3.47,-2.99,8.69));
#2688=DIRECTION('',(1.0,0.0,0.0));
#2689=DIRECTION('',(0.0,1.0,0.0));
#2690=ORIENTED_EDGE('',*,*,#3029,.F.);
#2691=ORIENTED_EDGE('',*,*,#3383,.F.);
#2692=ORIENTED_EDGE('',*,*,#3005,.T.);
#2693=ORIENTED_EDGE('',*,*,#3039,.T.);
#2694=CARTESIAN_POINT('',(-1.5675,-2.35,-0.29));
#2695=DIRECTION('',(-1.0,0.0,-0.0));
#2696=DIRECTION('',(0.0,0.0,-1.0));
#2697=ORIENTED_EDGE('',*,*,#3383,.T.);
#2698=ORIENTED_EDGE('',*,*,#3028,.F.);
#2699=ORIENTED_EDGE('',*,*,#3384,.F.);
#2700=ORIENTED_EDGE('',*,*,#3006,.T.);
#2701=CARTESIAN_POINT('',(-1.5675,-2.65,-1.09));
#2702=DIRECTION('',(-0.0,1.0,0.0));
#2703=DIRECTION('',(1.0,0.0,0.0));
#2704=ORIENTED_EDGE('',*,*,#3384,.T.);
#2705=ORIENTED_EDGE('',*,*,#3027,.F.);
#2706=ORIENTED_EDGE('',*,*,#3385,.F.);
#2707=ORIENTED_EDGE('',*,*,#3007,.T.);
#2708=CARTESIAN_POINT('',(-1.5675,-2.85,-1.29));
#2709=DIRECTION('',(0.0,0.707106781186548,-0.707106781186548));
#2710=DIRECTION('',(-1.0,0.0,0.0));
#2711=ORIENTED_EDGE('',*,*,#3385,.T.);
#2712=ORIENTED_EDGE('',*,*,#3026,.F.);
#2713=ORIENTED_EDGE('',*,*,#3386,.F.);
#2714=ORIENTED_EDGE('',*,*,#3008,.T.);
#2715=CARTESIAN_POINT('',(-1.5675,-3.09,-1.29));
#2716=DIRECTION('',(0.0,0.0,-1.0));
#2717=DIRECTION('',(0.0,-1.0,0.0));
#2718=ORIENTED_EDGE('',*,*,#3386,.T.);
#2719=ORIENTED_EDGE('',*,*,#3025,.F.);
#2720=ORIENTED_EDGE('',*,*,#3387,.F.);
#2721=ORIENTED_EDGE('',*,*,#3009,.T.);
#2722=CARTESIAN_POINT('',(-1.5675,-3.09,-1.09));
#2723=DIRECTION('',(-1.0,0.0,-0.0));
#2724=DIRECTION('',(0.0,0.0,-1.0));
#2725=ORIENTED_EDGE('',*,*,#3387,.T.);
#2726=ORIENTED_EDGE('',*,*,#3024,.F.);
#2727=ORIENTED_EDGE('',*,*,#3388,.F.);
#2728=ORIENTED_EDGE('',*,*,#3010,.T.);
#2729=CARTESIAN_POINT('',(-1.5675,-3.29,0.45));
#2730=DIRECTION('',(0.0,-1.0,0.0));
#2731=DIRECTION('',(0.0,0.0,-1.0));
#2732=ORIENTED_EDGE('',*,*,#3388,.T.);
#2733=ORIENTED_EDGE('',*,*,#3023,.F.);
#2734=ORIENTED_EDGE('',*,*,#3021,.F.);
#2735=ORIENTED_EDGE('',*,*,#3011,.T.);
#2736=CARTESIAN_POINT('',(-1.5675,-3.09,0.45));
#2737=DIRECTION('',(-1.0,0.0,-0.0));
#2738=DIRECTION('',(0.0,0.0,-1.0));
#2739=ORIENTED_EDGE('',*,*,#3038,.F.);
#2740=ORIENTED_EDGE('',*,*,#3389,.F.);
#2741=ORIENTED_EDGE('',*,*,#3390,.T.);
#2742=ORIENTED_EDGE('',*,*,#3391,.F.);
#2743=CARTESIAN_POINT('',(-1.0075,-1.25,6.83));
#2744=DIRECTION('',(0.982872186934319,0.0,0.184288535050203));
#2745=DIRECTION('',(0.0,-1.0,0.0));
#2746=ORIENTED_EDGE('',*,*,#3392,.F.);
#2747=ORIENTED_EDGE('',*,*,#3393,.T.);
#2748=ORIENTED_EDGE('',*,*,#3394,.T.);
#2749=ORIENTED_EDGE('',*,*,#3391,.T.);
#2750=CARTESIAN_POINT('',(-1.5675,-1.37,7.23));
#2751=DIRECTION('',(0.0,-0.970852159759169,0.239679126940492));
#2752=DIRECTION('',(-1.0,0.0,0.0));
#2753=ORIENTED_EDGE('',*,*,#3019,.T.);
#2754=ORIENTED_EDGE('',*,*,#3002,.T.);
#2755=ORIENTED_EDGE('',*,*,#3036,.F.);
#2756=ORIENTED_EDGE('',*,*,#3394,.F.);
#2757=CARTESIAN_POINT('',(-1.5675,-1.5675,6.43));
#2758=DIRECTION('',(0.0,-1.0,0.0));
#2759=DIRECTION('',(0.0,0.0,-1.0));
#2760=ORIENTED_EDGE('',*,*,#3020,.F.);
#2761=ORIENTED_EDGE('',*,*,#3393,.F.);
#2762=ORIENTED_EDGE('',*,*,#3395,.T.);
#2763=ORIENTED_EDGE('',*,*,#3396,.F.);
#2764=CARTESIAN_POINT('',(-1.4925,-1.25,6.83));
#2765=DIRECTION('',(-0.982872186934319,0.0,0.184288535050203));
#2766=DIRECTION('',(0.0,1.0,0.0));
#2767=ORIENTED_EDGE('',*,*,#3397,.F.);
#2768=ORIENTED_EDGE('',*,*,#3396,.T.);
#2769=ORIENTED_EDGE('',*,*,#3398,.T.);
#2770=ORIENTED_EDGE('',*,*,#3389,.T.);
#2771=CARTESIAN_POINT('',(-1.5675,-0.9325,6.43));
#2772=DIRECTION('',(0.0,0.970852159759169,0.239679126940492));
#2773=DIRECTION('',(1.0,0.0,-0.0));
#2774=ORIENTED_EDGE('',*,*,#3398,.F.);
#2775=ORIENTED_EDGE('',*,*,#3395,.F.);
#2776=ORIENTED_EDGE('',*,*,#3392,.T.);
#2777=ORIENTED_EDGE('',*,*,#3390,.F.);
#2778=CARTESIAN_POINT('',(-1.5675,-1.13,7.23));
#2779=DIRECTION('',(0.0,0.0,1.0));
#2780=DIRECTION('',(1.0,0.0,0.0));
#2781=ORIENTED_EDGE('',*,*,#3037,.F.);
#2782=ORIENTED_EDGE('',*,*,#3000,.F.);
#2783=ORIENTED_EDGE('',*,*,#3018,.T.);
#2784=ORIENTED_EDGE('',*,*,#3397,.T.);
#2785=CARTESIAN_POINT('',(-1.5675,-0.9325,1.92));
#2786=DIRECTION('',(-0.0,1.0,0.0));
#2787=DIRECTION('',(1.0,0.0,0.0));
#2788=ORIENTED_EDGE('',*,*,#2981,.F.);
#2789=ORIENTED_EDGE('',*,*,#3399,.T.);
#2790=ORIENTED_EDGE('',*,*,#3400,.T.);
#2791=ORIENTED_EDGE('',*,*,#2886,.F.);
#2792=CARTESIAN_POINT('',(0.3,-3.22,8.69));
#2793=DIRECTION('',(1.0,0.0,0.0));
#2794=DIRECTION('',(0.0,1.0,0.0));
#2795=ORIENTED_EDGE('',*,*,#3400,.F.);
#2796=ORIENTED_EDGE('',*,*,#3401,.F.);
#2797=ORIENTED_EDGE('',*,*,#3402,.F.);
#2798=ORIENTED_EDGE('',*,*,#2887,.T.);
#2799=CARTESIAN_POINT('',(0.0,-2.99,6.69));
#2800=DIRECTION('',(0.0,0.0,1.0));
#2801=DIRECTION('',(1.0,0.0,0.0));
#2802=ORIENTED_EDGE('',*,*,#3402,.T.);
#2803=ORIENTED_EDGE('',*,*,#3403,.F.);
#2804=ORIENTED_EDGE('',*,*,#2979,.F.);
#2805=ORIENTED_EDGE('',*,*,#2872,.T.);
#2806=CARTESIAN_POINT('',(-0.3,-2.99,8.69));
#2807=DIRECTION('',(-1.0,0.0,0.0));
#2808=DIRECTION('',(0.0,0.0,1.0));
#2809=ORIENTED_EDGE('',*,*,#3403,.T.);
#2810=ORIENTED_EDGE('',*,*,#3401,.T.);
#2811=ORIENTED_EDGE('',*,*,#3399,.F.);
#2812=ORIENTED_EDGE('',*,*,#2980,.F.);
#2813=CARTESIAN_POINT('',(-0.3,-3.22,8.69));
#2814=DIRECTION('',(0.0,-1.0,0.0));
#2815=DIRECTION('',(0.0,0.0,-1.0));
#2816=CARTESIAN_POINT('',(-3.27,-3.29,0.45));
#2817=VECTOR('',#3404,8.2);
#2818=CARTESIAN_POINT('',(-3.27,-3.29,8.65));
#2819=VECTOR('',#3405,1.1);
#2820=CARTESIAN_POINT('',(-4.37,-3.29,8.65));
#2821=VECTOR('',#3406,8.2);
#2822=CARTESIAN_POINT('',(-4.37,-3.29,0.45));
#2823=VECTOR('',#3407,1.1);
#2824=CARTESIAN_POINT('',(3.77,-3.29,0.45));
#2825=VECTOR('',#3408,8.2);
#2826=CARTESIAN_POINT('',(3.77,-3.29,8.65));
#2827=VECTOR('',#3409,1.1);
#2828=CARTESIAN_POINT('',(2.67,-3.29,8.65));
#2829=VECTOR('',#3410,8.2);
#2830=CARTESIAN_POINT('',(2.67,-3.29,0.45));
#2831=VECTOR('',#3411,1.1);
#2832=CARTESIAN_POINT('',(-0.63,-3.29,-4.93));
#2833=VECTOR('',#3412,2.5);
#2834=CARTESIAN_POINT('',(-0.63,-3.29,-2.43));
#2835=VECTOR('',#3413,1.24);
#2836=CARTESIAN_POINT('',(-1.87,-3.29,-2.43));
#2837=VECTOR('',#3414,2.5);
#2838=CARTESIAN_POINT('',(-1.87,-3.29,-4.93));
#2839=VECTOR('',#3415,1.24);
#2840=CARTESIAN_POINT('',(-0.63,-3.29,-1.63));
#2841=VECTOR('',#3416,2.5);
#2842=CARTESIAN_POINT('',(-0.63,-3.29,0.87));
#2843=VECTOR('',#3417,1.24);
#2844=CARTESIAN_POINT('',(-1.87,-3.29,0.87));
#2845=VECTOR('',#3418,2.5);
#2846=CARTESIAN_POINT('',(-1.87,-3.29,-1.63));
#2847=VECTOR('',#3419,1.24);
#2848=CARTESIAN_POINT('',(1.87,-3.29,-4.93));
#2849=VECTOR('',#3420,2.5);
#2850=CARTESIAN_POINT('',(1.87,-3.29,-2.43));
#2851=VECTOR('',#3421,1.24);
#2852=CARTESIAN_POINT('',(0.63,-3.29,-2.43));
#2853=VECTOR('',#3422,2.5);
#2854=CARTESIAN_POINT('',(0.63,-3.29,-4.93));
#2855=VECTOR('',#3423,1.24);
#2856=CARTESIAN_POINT('',(1.87,-3.29,-1.63));
#2857=VECTOR('',#3424,2.5);
#2858=CARTESIAN_POINT('',(1.87,-3.29,0.87));
#2859=VECTOR('',#3425,1.24);
#2860=CARTESIAN_POINT('',(0.63,-3.29,0.87));
#2861=VECTOR('',#3426,2.5);
#2862=CARTESIAN_POINT('',(0.63,-3.29,-1.63));
#2863=VECTOR('',#3427,1.24);
#2864=EDGE_CURVE('',#3428,#3429,#3430,.T.);
#2865=EDGE_CURVE('',#3431,#3428,#3432,.T.);
#2866=EDGE_CURVE('',#3433,#3431,#3434,.T.);
#2867=EDGE_CURVE('',#3433,#3429,#3435,.T.);
#2868=EDGE_CURVE('',#3436,#3437,#3438,.T.);
#2869=EDGE_CURVE('',#3439,#3436,#3440,.T.);
#2870=EDGE_CURVE('',#3441,#3439,#3442,.T.);
#2871=EDGE_CURVE('',#3437,#3441,#3443,.T.);
#2872=EDGE_CURVE('',#3444,#3445,#3446,.T.);
#2873=EDGE_CURVE('',#3447,#3444,#3448,.T.);
#2874=EDGE_CURVE('',#3449,#3447,#3450,.T.);
#2875=EDGE_CURVE('',#3451,#3449,#3452,.T.);
#2876=EDGE_CURVE('',#3451,#3453,#3454,.T.);
#2877=EDGE_CURVE('',#3453,#3455,#3456,.T.);
#2878=EDGE_CURVE('',#3457,#3455,#3458,.T.);
#2879=EDGE_CURVE('',#3459,#3457,#3460,.T.);
#2880=EDGE_CURVE('',#3459,#3461,#3462,.T.);
#2881=EDGE_CURVE('',#3461,#3463,#3464,.T.);
#2882=EDGE_CURVE('',#3465,#3463,#3466,.T.);
#2883=EDGE_CURVE('',#3467,#3465,#3468,.T.);
#2884=EDGE_CURVE('',#3467,#3469,#3470,.T.);
#2885=EDGE_CURVE('',#3471,#3469,#3472,.T.);
#2886=EDGE_CURVE('',#3471,#3473,#3474,.T.);
#2887=EDGE_CURVE('',#3445,#3473,#3475,.T.);
#2888=EDGE_CURVE('',#3433,#3476,#3477,.T.);
#2889=EDGE_CURVE('',#3478,#3476,#3479,.T.);
#2890=EDGE_CURVE('',#3429,#3478,#3480,.T.);
#2891=EDGE_CURVE('',#3481,#3482,#3483,.T.);
#2892=EDGE_CURVE('',#3481,#3484,#3485,.T.);
#2893=EDGE_CURVE('',#3486,#3484,#3487,.T.);
#2894=EDGE_CURVE('',#3428,#3486,#3488,.T.);
#2895=EDGE_CURVE('',#3489,#3478,#3490,.T.);
#2896=EDGE_CURVE('',#3482,#3489,#3491,.T.);
#2897=EDGE_CURVE('',#3489,#3492,#3493,.T.);
#2898=EDGE_CURVE('',#3492,#3482,#3494,.T.);
#2899=EDGE_CURVE('',#3492,#3495,#3496,.T.);
#2900=EDGE_CURVE('',#3495,#3497,#3498,.T.);
#2901=EDGE_CURVE('',#3499,#3497,#3500,.T.);
#2902=EDGE_CURVE('',#3482,#3499,#3501,.T.);
#2903=EDGE_CURVE('',#3502,#3476,#3503,.T.);
#2904=EDGE_CURVE('',#3504,#3502,#3505,.T.);
#2905=EDGE_CURVE('',#3481,#3504,#3506,.T.);
#2906=EDGE_CURVE('',#3507,#3499,#3508,.T.);
#2907=EDGE_CURVE('',#3509,#3507,#3510,.T.);
#2908=EDGE_CURVE('',#3489,#3509,#3511,.T.);
#2909=EDGE_CURVE('',#3512,#3513,#3514,.T.);
#2910=EDGE_CURVE('',#3515,#3512,#3516,.T.);
#2911=EDGE_CURVE('',#3517,#3515,#3518,.T.);
#2912=EDGE_CURVE('',#3519,#3517,#3520,.T.);
#2913=EDGE_CURVE('',#3521,#3519,#3522,.T.);
#2914=EDGE_CURVE('',#3523,#3521,#3524,.T.);
#2915=EDGE_CURVE('',#3525,#3523,#3526,.T.);
#2916=EDGE_CURVE('',#3527,#3525,#3528,.T.);
#2917=EDGE_CURVE('',#3529,#3527,#3530,.T.);
#2918=EDGE_CURVE('',#3531,#3529,#3532,.T.);
#2919=EDGE_CURVE('',#3533,#3531,#3534,.T.);
#2920=EDGE_CURVE('',#3495,#3533,#3535,.T.);
#2921=EDGE_CURVE('',#3513,#3509,#3536,.T.);
#2922=EDGE_CURVE('',#3537,#3507,#3538,.T.);
#2923=EDGE_CURVE('',#3513,#3537,#3539,.T.);
#2924=EDGE_CURVE('',#3540,#3537,#3541,.T.);
#2925=EDGE_CURVE('',#3512,#3540,#3542,.T.);
#2926=EDGE_CURVE('',#3543,#3540,#3544,.T.);
#2927=EDGE_CURVE('',#3515,#3543,#3545,.T.);
#2928=EDGE_CURVE('',#3546,#3543,#3547,.T.);
#2929=EDGE_CURVE('',#3517,#3546,#3548,.T.);
#2930=EDGE_CURVE('',#3549,#3546,#3550,.T.);
#2931=EDGE_CURVE('',#3519,#3549,#3551,.T.);
#2932=EDGE_CURVE('',#3552,#3549,#3553,.T.);
#2933=EDGE_CURVE('',#3521,#3552,#3554,.T.);
#2934=EDGE_CURVE('',#3555,#3552,#3556,.T.);
#2935=EDGE_CURVE('',#3523,#3555,#3557,.T.);
#2936=EDGE_CURVE('',#3558,#3555,#3559,.T.);
#2937=EDGE_CURVE('',#3525,#3558,#3560,.T.);
#2938=EDGE_CURVE('',#3561,#3558,#3562,.T.);
#2939=EDGE_CURVE('',#3527,#3561,#3563,.T.);
#2940=EDGE_CURVE('',#3564,#3561,#3565,.T.);
#2941=EDGE_CURVE('',#3529,#3564,#3566,.T.);
#2942=EDGE_CURVE('',#3567,#3564,#3568,.T.);
#2943=EDGE_CURVE('',#3531,#3567,#3569,.T.);
#2944=EDGE_CURVE('',#3570,#3567,#3571,.T.);
#2945=EDGE_CURVE('',#3533,#3570,#3572,.T.);
#2946=EDGE_CURVE('',#3497,#3570,#3573,.T.);
#2947=EDGE_CURVE('',#3469,#3574,#3575,.T.);
#2948=EDGE_CURVE('',#3576,#3574,#3577,.T.);
#2949=EDGE_CURVE('',#3576,#3578,#3579,.T.);
#2950=EDGE_CURVE('',#3578,#3580,#3581,.T.);
#2951=EDGE_CURVE('',#3582,#3580,#3583,.T.);
#2952=EDGE_CURVE('',#3584,#3582,#3585,.T.);
#2953=EDGE_CURVE('',#3586,#3584,#3587,.T.);
#2954=EDGE_CURVE('',#3586,#3588,#3589,.T.);
#2955=EDGE_CURVE('',#3590,#3588,#3591,.T.);
#2956=EDGE_CURVE('',#3590,#3592,#3593,.T.);
#2957=EDGE_CURVE('',#3592,#3594,#3595,.T.);
#2958=EDGE_CURVE('',#3594,#3596,#3597,.T.);
#2959=EDGE_CURVE('',#3598,#3596,#3599,.T.);
#2960=EDGE_CURVE('',#3598,#3600,#3601,.T.);
#2961=EDGE_CURVE('',#3600,#3602,#3603,.T.);
#2962=EDGE_CURVE('',#3602,#3604,#3605,.T.);
#2963=EDGE_CURVE('',#3606,#3604,#3607,.T.);
#2964=EDGE_CURVE('',#3608,#3606,#3609,.T.);
#2965=EDGE_CURVE('',#3610,#3608,#3611,.T.);
#2966=EDGE_CURVE('',#3612,#3610,#3613,.T.);
#2967=EDGE_CURVE('',#3614,#3612,#3615,.T.);
#2968=EDGE_CURVE('',#3616,#3614,#3617,.T.);
#2969=EDGE_CURVE('',#3618,#3616,#3619,.T.);
#2970=EDGE_CURVE('',#3618,#3620,#3621,.T.);
#2971=EDGE_CURVE('',#3622,#3620,#3623,.T.);
#2972=EDGE_CURVE('',#3622,#3624,#3625,.T.);
#2973=EDGE_CURVE('',#3626,#3624,#3627,.T.);
#2974=EDGE_CURVE('',#3626,#3628,#3629,.T.);
#2975=EDGE_CURVE('',#3630,#3628,#3631,.T.);
#2976=EDGE_CURVE('',#3632,#3630,#3633,.T.);
#2977=EDGE_CURVE('',#3484,#3632,#3634,.T.);
#2978=EDGE_CURVE('',#3447,#3504,#3635,.T.);
#2979=EDGE_CURVE('',#3444,#3636,#3637,.T.);
#2980=EDGE_CURVE('',#3636,#3638,#3639,.T.);
#2981=EDGE_CURVE('',#3638,#3471,#3640,.T.);
#2982=EDGE_CURVE('',#3641,#3642,#3643,.T.);
#2983=EDGE_CURVE('',#3644,#3641,#3645,.T.);
#2984=EDGE_CURVE('',#3644,#3646,#3647,.T.);
#2985=EDGE_CURVE('',#3646,#3642,#3648,.T.);
#2986=EDGE_CURVE('',#3649,#3646,#3650,.T.);
#2987=EDGE_CURVE('',#3651,#3649,#3652,.T.);
#2988=EDGE_CURVE('',#3642,#3651,#3653,.T.);
#2989=EDGE_CURVE('',#3654,#3618,#3655,.T.);
#2990=EDGE_CURVE('',#3656,#3654,#3657,.T.);
#2991=EDGE_CURVE('',#3620,#3656,#3658,.T.);
#2992=EDGE_CURVE('',#3651,#3659,#3660,.T.);
#2993=EDGE_CURVE('',#3641,#3659,#3661,.T.);
#2994=EDGE_CURVE('',#3659,#3662,#3663,.T.);
#2995=EDGE_CURVE('',#3662,#3644,#3664,.T.);
#2996=EDGE_CURVE('',#3614,#3665,#3666,.T.);
#2997=EDGE_CURVE('',#3665,#3667,#3668,.T.);
#2998=EDGE_CURVE('',#3667,#3616,#3669,.T.);
#2999=EDGE_CURVE('',#3649,#3662,#3670,.T.);
#3000=EDGE_CURVE('',#3671,#3672,#3673,.T.);
#3001=EDGE_CURVE('',#3674,#3672,#3675,.T.);
#3002=EDGE_CURVE('',#3676,#3674,#3677,.T.);
#3003=EDGE_CURVE('',#3676,#3671,#3678,.T.);
#3004=EDGE_CURVE('',#3451,#3679,#3680,.T.);
#3005=EDGE_CURVE('',#3681,#3679,#3682,.T.);
#3006=EDGE_CURVE('',#3683,#3681,#3684,.T.);
#3007=EDGE_CURVE('',#3685,#3683,#3686,.T.);
#3008=EDGE_CURVE('',#3687,#3685,#3688,.T.);
#3009=EDGE_CURVE('',#3689,#3687,#3690,.T.);
#3010=EDGE_CURVE('',#3691,#3689,#3692,.T.);
#3011=EDGE_CURVE('',#3693,#3691,#3694,.T.);
#3012=EDGE_CURVE('',#3453,#3693,#3695,.T.);
#3013=EDGE_CURVE('',#3696,#3697,#3698,.T.);
#3014=EDGE_CURVE('',#3699,#3696,#3700,.T.);
#3015=EDGE_CURVE('',#3701,#3699,#3702,.T.);
#3016=EDGE_CURVE('',#3703,#3701,#3704,.T.);
#3017=EDGE_CURVE('',#3703,#3697,#3705,.T.);
#3018=EDGE_CURVE('',#3671,#3706,#3707,.T.);
#3019=EDGE_CURVE('',#3708,#3676,#3709,.T.);
#3020=EDGE_CURVE('',#3708,#3706,#3710,.T.);
#3021=EDGE_CURVE('',#3693,#3711,#3712,.T.);
#3022=EDGE_CURVE('',#3455,#3711,#3713,.T.);
#3023=EDGE_CURVE('',#3711,#3714,#3715,.T.);
#3024=EDGE_CURVE('',#3714,#3716,#3717,.T.);
#3025=EDGE_CURVE('',#3716,#3718,#3719,.T.);
#3026=EDGE_CURVE('',#3718,#3720,#3721,.T.);
#3027=EDGE_CURVE('',#3720,#3722,#3723,.T.);
#3028=EDGE_CURVE('',#3722,#3724,#3725,.T.);
#3029=EDGE_CURVE('',#3724,#3726,#3727,.T.);
#3030=EDGE_CURVE('',#3457,#3726,#3728,.T.);
#3031=EDGE_CURVE('',#3729,#3730,#3731,.T.);
#3032=EDGE_CURVE('',#3730,#3732,#3733,.T.);
#3033=EDGE_CURVE('',#3732,#3734,#3735,.T.);
#3034=EDGE_CURVE('',#3734,#3736,#3737,.T.);
#3035=EDGE_CURVE('',#3729,#3736,#3738,.T.);
#3036=EDGE_CURVE('',#3739,#3674,#3740,.T.);
#3037=EDGE_CURVE('',#3672,#3741,#3742,.T.);
#3038=EDGE_CURVE('',#3741,#3739,#3743,.T.);
#3039=EDGE_CURVE('',#3679,#3726,#3744,.T.);
#3040=EDGE_CURVE('',#3449,#3502,#3745,.T.);
#3041=EDGE_CURVE('',#3431,#3746,#3747,.T.);
#3042=EDGE_CURVE('',#3748,#3746,#3749,.T.);
#3043=EDGE_CURVE('',#3436,#3748,#3750,.T.);
#3044=EDGE_CURVE('',#3437,#3751,#3752,.T.);
#3045=EDGE_CURVE('',#3751,#3753,#3754,.T.);
#3046=EDGE_CURVE('',#3467,#3753,#3755,.T.);
#3047=EDGE_CURVE('',#3465,#3756,#3757,.T.);
#3048=EDGE_CURVE('',#3758,#3756,#3759,.T.);
#3049=EDGE_CURVE('',#3459,#3758,#3760,.T.);
#3050=EDGE_CURVE('',#3761,#3762,#3763,.T.);
#3051=EDGE_CURVE('',#3762,#3764,#3765,.T.);
#3052=EDGE_CURVE('',#3766,#3764,#3767,.T.);
#3053=EDGE_CURVE('',#3761,#3766,#3768,.T.);
#3054=EDGE_CURVE('',#3703,#3729,#3769,.T.);
#3055=EDGE_CURVE('',#3697,#3736,#3770,.T.);
#3056=EDGE_CURVE('',#3771,#3772,#3773,.T.);
#3057=EDGE_CURVE('',#3772,#3774,#3775,.T.);
#3058=EDGE_CURVE('',#3776,#3774,#3777,.T.);
#3059=EDGE_CURVE('',#3771,#3776,#3778,.T.);
#3060=EDGE_CURVE('',#3779,#3780,#3781,.T.);
#3061=EDGE_CURVE('',#3780,#3782,#3783,.T.);
#3062=EDGE_CURVE('',#3784,#3782,#3785,.T.);
#3063=EDGE_CURVE('',#3779,#3784,#3786,.T.);
#3064=EDGE_CURVE('',#3787,#3776,#3788,.T.);
#3065=EDGE_CURVE('',#3789,#3787,#3790,.T.);
#3066=EDGE_CURVE('',#3791,#3789,#3792,.T.);
#3067=EDGE_CURVE('',#3793,#3791,#3794,.T.);
#3068=EDGE_CURVE('',#3795,#3793,#3796,.T.);
#3069=EDGE_CURVE('',#3797,#3795,#3798,.T.);
#3070=EDGE_CURVE('',#3799,#3797,#3800,.T.);
#3071=EDGE_CURVE('',#3801,#3799,#3802,.T.);
#3072=EDGE_CURVE('',#3803,#3801,#3804,.T.);
#3073=EDGE_CURVE('',#3805,#3803,#3806,.T.);
#3074=EDGE_CURVE('',#3807,#3805,#3808,.T.);
#3075=EDGE_CURVE('',#3771,#3807,#3809,.T.);
#3076=EDGE_CURVE('',#3810,#3811,#3812,.T.);
#3077=EDGE_CURVE('',#3813,#3810,#3814,.T.);
#3078=EDGE_CURVE('',#3815,#3813,#3816,.T.);
#3079=EDGE_CURVE('',#3815,#3811,#3817,.T.);
#3080=EDGE_CURVE('',#3807,#3818,#3819,.T.);
#3081=EDGE_CURVE('',#3772,#3818,#3820,.T.);
#3082=EDGE_CURVE('',#3818,#3821,#3822,.T.);
#3083=EDGE_CURVE('',#3821,#3823,#3824,.T.);
#3084=EDGE_CURVE('',#3823,#3825,#3826,.T.);
#3085=EDGE_CURVE('',#3825,#3827,#3828,.T.);
#3086=EDGE_CURVE('',#3827,#3829,#3830,.T.);
#3087=EDGE_CURVE('',#3829,#3831,#3832,.T.);
#3088=EDGE_CURVE('',#3831,#3833,#3834,.T.);
#3089=EDGE_CURVE('',#3833,#3835,#3836,.T.);
#3090=EDGE_CURVE('',#3835,#3837,#3838,.T.);
#3091=EDGE_CURVE('',#3837,#3839,#3840,.T.);
#3092=EDGE_CURVE('',#3839,#3774,#3841,.T.);
#3093=EDGE_CURVE('',#3842,#3843,#3844,.T.);
#3094=EDGE_CURVE('',#3843,#3845,#3846,.T.);
#3095=EDGE_CURVE('',#3845,#3847,#3848,.T.);
#3096=EDGE_CURVE('',#3847,#3842,#3849,.T.);
#3097=EDGE_CURVE('',#3787,#3839,#3850,.T.);
#3098=EDGE_CURVE('',#3789,#3837,#3851,.T.);
#3099=EDGE_CURVE('',#3791,#3835,#3852,.T.);
#3100=EDGE_CURVE('',#3793,#3833,#3853,.T.);
#3101=EDGE_CURVE('',#3795,#3831,#3854,.T.);
#3102=EDGE_CURVE('',#3797,#3829,#3855,.T.);
#3103=EDGE_CURVE('',#3799,#3827,#3856,.T.);
#3104=EDGE_CURVE('',#3801,#3825,#3857,.T.);
#3105=EDGE_CURVE('',#3803,#3823,#3858,.T.);
#3106=EDGE_CURVE('',#3805,#3821,#3859,.T.);
#3107=EDGE_CURVE('',#3860,#3847,#3861,.T.);
#3108=EDGE_CURVE('',#3860,#3862,#3863,.T.);
#3109=EDGE_CURVE('',#3842,#3862,#3864,.T.);
#3110=EDGE_CURVE('',#3865,#3862,#3866,.T.);
#3111=EDGE_CURVE('',#3865,#3815,#3867,.T.);
#3112=EDGE_CURVE('',#3815,#3842,#3868,.T.);
#3113=EDGE_CURVE('',#3813,#3843,#3869,.T.);
#3114=EDGE_CURVE('',#3870,#3871,#3872,.T.);
#3115=EDGE_CURVE('',#3871,#3873,#3874,.T.);
#3116=EDGE_CURVE('',#3656,#3873,#3875,.T.);
#3117=EDGE_CURVE('',#3654,#3667,#3876,.T.);
#3118=EDGE_CURVE('',#3877,#3665,#3878,.T.);
#3119=EDGE_CURVE('',#3877,#3879,#3880,.T.);
#3120=EDGE_CURVE('',#3879,#3881,#3882,.T.);
#3121=EDGE_CURVE('',#3881,#3883,#3884,.T.);
#3122=EDGE_CURVE('',#3885,#3883,#3886,.T.);
#3123=EDGE_CURVE('',#3885,#3887,#3888,.T.);
#3124=EDGE_CURVE('',#3887,#3889,#3890,.T.);
#3125=EDGE_CURVE('',#3891,#3889,#3892,.T.);
#3126=EDGE_CURVE('',#3893,#3891,#3894,.T.);
#3127=EDGE_CURVE('',#3893,#3870,#3895,.T.);
#3128=EDGE_CURVE('',#3810,#3845,#3896,.T.);
#3129=EDGE_CURVE('',#3897,#3898,#3899,.T.);
#3130=EDGE_CURVE('',#3900,#3898,#3901,.T.);
#3131=EDGE_CURVE('',#3902,#3900,#3903,.T.);
#3132=EDGE_CURVE('',#3902,#3897,#3904,.T.);
#3133=EDGE_CURVE('',#3905,#3766,#3906,.T.);
#3134=EDGE_CURVE('',#3907,#3905,#3908,.T.);
#3135=EDGE_CURVE('',#3909,#3907,#3910,.T.);
#3136=EDGE_CURVE('',#3911,#3909,#3912,.T.);
#3137=EDGE_CURVE('',#3913,#3911,#3914,.T.);
#3138=EDGE_CURVE('',#3915,#3913,#3916,.T.);
#3139=EDGE_CURVE('',#3917,#3915,#3918,.T.);
#3140=EDGE_CURVE('',#3919,#3917,#3920,.T.);
#3141=EDGE_CURVE('',#3921,#3919,#3922,.T.);
#3142=EDGE_CURVE('',#3923,#3921,#3924,.T.);
#3143=EDGE_CURVE('',#3925,#3923,#3926,.T.);
#3144=EDGE_CURVE('',#3761,#3925,#3927,.T.);
#3145=EDGE_CURVE('',#3897,#3928,#3929,.T.);
#3146=EDGE_CURVE('',#3930,#3902,#3931,.T.);
#3147=EDGE_CURVE('',#3930,#3928,#3932,.T.);
#3148=EDGE_CURVE('',#3925,#3933,#3934,.T.);
#3149=EDGE_CURVE('',#3762,#3933,#3935,.T.);
#3150=EDGE_CURVE('',#3933,#3936,#3937,.T.);
#3151=EDGE_CURVE('',#3936,#3938,#3939,.T.);
#3152=EDGE_CURVE('',#3938,#3940,#3941,.T.);
#3153=EDGE_CURVE('',#3940,#3942,#3943,.T.);
#3154=EDGE_CURVE('',#3942,#3944,#3945,.T.);
#3155=EDGE_CURVE('',#3944,#3946,#3947,.T.);
#3156=EDGE_CURVE('',#3946,#3948,#3949,.T.);
#3157=EDGE_CURVE('',#3948,#3950,#3951,.T.);
#3158=EDGE_CURVE('',#3950,#3952,#3953,.T.);
#3159=EDGE_CURVE('',#3952,#3954,#3955,.T.);
#3160=EDGE_CURVE('',#3954,#3764,#3956,.T.);
#3161=EDGE_CURVE('',#3957,#3900,#3958,.T.);
#3162=EDGE_CURVE('',#3898,#3959,#3960,.T.);
#3163=EDGE_CURVE('',#3959,#3957,#3961,.T.);
#3164=EDGE_CURVE('',#3905,#3954,#3962,.T.);
#3165=EDGE_CURVE('',#3907,#3952,#3963,.T.);
#3166=EDGE_CURVE('',#3909,#3950,#3964,.T.);
#3167=EDGE_CURVE('',#3911,#3948,#3965,.T.);
#3168=EDGE_CURVE('',#3913,#3946,#3966,.T.);
#3169=EDGE_CURVE('',#3915,#3944,#3967,.T.);
#3170=EDGE_CURVE('',#3917,#3942,#3968,.T.);
#3171=EDGE_CURVE('',#3919,#3940,#3969,.T.);
#3172=EDGE_CURVE('',#3921,#3938,#3970,.T.);
#3173=EDGE_CURVE('',#3923,#3936,#3971,.T.);
#3174=EDGE_CURVE('',#3972,#3959,#3973,.T.);
#3175=EDGE_CURVE('',#3972,#3974,#3975,.T.);
#3176=EDGE_CURVE('',#3957,#3974,#3976,.T.);
#3177=EDGE_CURVE('',#3977,#3974,#3978,.T.);
#3178=EDGE_CURVE('',#3977,#3930,#3979,.T.);
#3179=EDGE_CURVE('',#3930,#3957,#3980,.T.);
#3180=EDGE_CURVE('',#3977,#3981,#3982,.T.);
#3181=EDGE_CURVE('',#3928,#3981,#3983,.T.);
#3182=EDGE_CURVE('',#3928,#3959,#3984,.T.);
#3183=EDGE_CURVE('',#3981,#3972,#3985,.T.);
#3184=EDGE_CURVE('',#3811,#3847,#3986,.T.);
#3185=EDGE_CURVE('',#3811,#3987,#3988,.T.);
#3186=EDGE_CURVE('',#3987,#3860,#3989,.T.);
#3187=EDGE_CURVE('',#3865,#3987,#3990,.T.);
#3188=EDGE_CURVE('',#3586,#3991,#3992,.T.);
#3189=EDGE_CURVE('',#3991,#3993,#3994,.T.);
#3190=EDGE_CURVE('',#3995,#3993,#3996,.T.);
#3191=EDGE_CURVE('',#3870,#3995,#3997,.T.);
#3192=EDGE_CURVE('',#3588,#3893,#3998,.T.);
#3193=EDGE_CURVE('',#3606,#3883,#3999,.T.);
#3194=EDGE_CURVE('',#3604,#3885,#4000,.T.);
#3195=EDGE_CURVE('',#3590,#3891,#4001,.T.);
#3196=EDGE_CURVE('',#4002,#3594,#4003,.T.);
#3197=EDGE_CURVE('',#4004,#4002,#4005,.T.);
#3198=EDGE_CURVE('',#3596,#4004,#4006,.T.);
#3199=EDGE_CURVE('',#3887,#3602,#4007,.T.);
#3200=EDGE_CURVE('',#4004,#4008,#4009,.T.);
#3201=EDGE_CURVE('',#4010,#4008,#4011,.T.);
#3202=EDGE_CURVE('',#4010,#4012,#4013,.T.);
#3203=EDGE_CURVE('',#4012,#4014,#4015,.T.);
#3204=EDGE_CURVE('',#4014,#3598,#4016,.T.);
#3205=EDGE_CURVE('',#4017,#4014,#4018,.T.);
#3206=EDGE_CURVE('',#4017,#3600,#4019,.T.);
#3207=EDGE_CURVE('',#4020,#4017,#4021,.T.);
#3208=EDGE_CURVE('',#4022,#4020,#4023,.T.);
#3209=EDGE_CURVE('',#3889,#4022,#4024,.T.);
#3210=EDGE_CURVE('',#4022,#4010,#4025,.T.);
#3211=EDGE_CURVE('',#4008,#4026,#4027,.T.);
#3212=EDGE_CURVE('',#4026,#3592,#4028,.T.);
#3213=EDGE_CURVE('',#4002,#4026,#4029,.T.);
#3214=EDGE_CURVE('',#4030,#4031,#4032,.T.);
#3215=EDGE_CURVE('',#4033,#4031,#4034,.T.);
#3216=EDGE_CURVE('',#4035,#4033,#4036,.T.);
#3217=EDGE_CURVE('',#4035,#4030,#4037,.T.);
#3218=EDGE_CURVE('',#4038,#3758,#4039,.T.);
#3219=EDGE_CURVE('',#4040,#4038,#4041,.T.);
#3220=EDGE_CURVE('',#4042,#4040,#4043,.T.);
#3221=EDGE_CURVE('',#4044,#4042,#4045,.T.);
#3222=EDGE_CURVE('',#4046,#4044,#4047,.T.);
#3223=EDGE_CURVE('',#4048,#4046,#4049,.T.);
#3224=EDGE_CURVE('',#4050,#4048,#4051,.T.);
#3225=EDGE_CURVE('',#3461,#4050,#4052,.T.);
#3226=EDGE_CURVE('',#4053,#3784,#4054,.T.);
#3227=EDGE_CURVE('',#4055,#4053,#4056,.T.);
#3228=EDGE_CURVE('',#4057,#4055,#4058,.T.);
#3229=EDGE_CURVE('',#3779,#4057,#4059,.T.);
#3230=EDGE_CURVE('',#4030,#4060,#4061,.T.);
#3231=EDGE_CURVE('',#4062,#4035,#4063,.T.);
#3232=EDGE_CURVE('',#4062,#4060,#4064,.T.);
#3233=EDGE_CURVE('',#4050,#4065,#4066,.T.);
#3234=EDGE_CURVE('',#3463,#4065,#4067,.T.);
#3235=EDGE_CURVE('',#4065,#4068,#4069,.T.);
#3236=EDGE_CURVE('',#4068,#4070,#4071,.T.);
#3237=EDGE_CURVE('',#4070,#4072,#4073,.T.);
#3238=EDGE_CURVE('',#4072,#4074,#4075,.T.);
#3239=EDGE_CURVE('',#4074,#4076,#4077,.T.);
#3240=EDGE_CURVE('',#4076,#4078,#4079,.T.);
#3241=EDGE_CURVE('',#4078,#3756,#4080,.T.);
#3242=EDGE_CURVE('',#4081,#4082,#4083,.T.);
#3243=EDGE_CURVE('',#4082,#4084,#4085,.T.);
#3244=EDGE_CURVE('',#4084,#3782,#4086,.T.);
#3245=EDGE_CURVE('',#3780,#4081,#4087,.T.);
#3246=EDGE_CURVE('',#4088,#4033,#4089,.T.);
#3247=EDGE_CURVE('',#4031,#4090,#4091,.T.);
#3248=EDGE_CURVE('',#4090,#4088,#4092,.T.);
#3249=EDGE_CURVE('',#4038,#4078,#4093,.T.);
#3250=EDGE_CURVE('',#4040,#4076,#4094,.T.);
#3251=EDGE_CURVE('',#4042,#4074,#4095,.T.);
#3252=EDGE_CURVE('',#4044,#4072,#4096,.T.);
#3253=EDGE_CURVE('',#4046,#4070,#4097,.T.);
#3254=EDGE_CURVE('',#4048,#4068,#4098,.T.);
#3255=EDGE_CURVE('',#4057,#4081,#4099,.T.);
#3256=EDGE_CURVE('',#4055,#4082,#4100,.T.);
#3257=EDGE_CURVE('',#4053,#4084,#4101,.T.);
#3258=EDGE_CURVE('',#4102,#4090,#4103,.T.);
#3259=EDGE_CURVE('',#4102,#4104,#4105,.T.);
#3260=EDGE_CURVE('',#4088,#4104,#4106,.T.);
#3261=EDGE_CURVE('',#4107,#4104,#4108,.T.);
#3262=EDGE_CURVE('',#4107,#4062,#4109,.T.);
#3263=EDGE_CURVE('',#4062,#4088,#4110,.T.);
#3264=EDGE_CURVE('',#4107,#4111,#4112,.T.);
#3265=EDGE_CURVE('',#4060,#4111,#4113,.T.);
#3266=EDGE_CURVE('',#4060,#4090,#4114,.T.);
#3267=EDGE_CURVE('',#4111,#4102,#4115,.T.);
#3268=EDGE_CURVE('',#4020,#4012,#4116,.T.);
#3269=EDGE_CURVE('',#3608,#3881,#4117,.T.);
#3270=EDGE_CURVE('',#3610,#3879,#4118,.T.);
#3271=EDGE_CURVE('',#3612,#3877,#4119,.T.);
#3272=EDGE_CURVE('',#3622,#3873,#4120,.T.);
#3273=EDGE_CURVE('',#4121,#4122,#4123,.T.);
#3274=EDGE_CURVE('',#4124,#4122,#4125,.T.);
#3275=EDGE_CURVE('',#3624,#4124,#4126,.T.);
#3276=EDGE_CURVE('',#3871,#4121,#4127,.T.);
#3277=EDGE_CURVE('',#3995,#4128,#4129,.T.);
#3278=EDGE_CURVE('',#3582,#4128,#4130,.T.);
#3279=EDGE_CURVE('',#3580,#4131,#4132,.T.);
#3280=EDGE_CURVE('',#4133,#4131,#4134,.T.);
#3281=EDGE_CURVE('',#4133,#3748,#4135,.T.);
#3282=EDGE_CURVE('',#3746,#4136,#4137,.T.);
#3283=EDGE_CURVE('',#4138,#4136,#4139,.T.);
#3284=EDGE_CURVE('',#4140,#4138,#4141,.T.);
#3285=EDGE_CURVE('',#3630,#4140,#4142,.T.);
#3286=EDGE_CURVE('',#3628,#4143,#4144,.T.);
#3287=EDGE_CURVE('',#4143,#4121,#4145,.T.);
#3288=EDGE_CURVE('',#4146,#4147,#4148,.T.);
#3289=EDGE_CURVE('',#4149,#4146,#4150,.T.);
#3290=EDGE_CURVE('',#4149,#4122,#4151,.T.);
#3291=EDGE_CURVE('',#4143,#4152,#4153,.T.);
#3292=EDGE_CURVE('',#4152,#4154,#4155,.T.);
#3293=EDGE_CURVE('',#4128,#4154,#4156,.T.);
#3294=EDGE_CURVE('',#3993,#4157,#4158,.T.);
#3295=EDGE_CURVE('',#4147,#4157,#4159,.T.);
#3296=EDGE_CURVE('',#4157,#4160,#4161,.T.);
#3297=EDGE_CURVE('',#4162,#4160,#4163,.T.);
#3298=EDGE_CURVE('',#4147,#4162,#4164,.T.);
#3299=EDGE_CURVE('',#4162,#4165,#4166,.T.);
#3300=EDGE_CURVE('',#4146,#4165,#4167,.T.);
#3301=EDGE_CURVE('',#4168,#4165,#4169,.T.);
#3302=EDGE_CURVE('',#4149,#4168,#4170,.T.);
#3303=EDGE_CURVE('',#3991,#4124,#4171,.T.);
#3304=EDGE_CURVE('',#4160,#4168,#4172,.T.);
#3305=EDGE_CURVE('',#4173,#3584,#4174,.T.);
#3306=EDGE_CURVE('',#4175,#4173,#4176,.T.);
#3307=EDGE_CURVE('',#4175,#3626,#4177,.T.);
#3308=EDGE_CURVE('',#4178,#4175,#4179,.T.);
#3309=EDGE_CURVE('',#4152,#4178,#4180,.T.);
#3310=EDGE_CURVE('',#4178,#4181,#4182,.T.);
#3311=EDGE_CURVE('',#4154,#4181,#4183,.T.);
#3312=EDGE_CURVE('',#4181,#4173,#4184,.T.);
#3313=EDGE_CURVE('',#4140,#4185,#4186,.T.);
#3314=EDGE_CURVE('',#3632,#4185,#4187,.T.);
#3315=EDGE_CURVE('',#4188,#4189,#4190,.T.);
#3316=EDGE_CURVE('',#4189,#3578,#4191,.T.);
#3317=EDGE_CURVE('',#3578,#4192,#4193,.T.);
#3318=EDGE_CURVE('',#4192,#4188,#4194,.T.);
#3319=EDGE_CURVE('',#4185,#4195,#4196,.T.);
#3320=EDGE_CURVE('',#4195,#4197,#4198,.T.);
#3321=EDGE_CURVE('',#3486,#4197,#4199,.T.);
#3322=EDGE_CURVE('',#3439,#4192,#4200,.T.);
#3323=EDGE_CURVE('',#4133,#4188,#4201,.T.);
#3324=EDGE_CURVE('',#4131,#4189,#4202,.T.);
#3325=EDGE_CURVE('',#4203,#4204,#4205,.T.);
#3326=EDGE_CURVE('',#3441,#4204,#4206,.T.);
#3327=EDGE_CURVE('',#3576,#4207,#4208,.T.);
#3328=EDGE_CURVE('',#4207,#4203,#4209,.T.);
#3329=EDGE_CURVE('',#4207,#4210,#4211,.T.);
#3330=EDGE_CURVE('',#4203,#4210,#4212,.T.);
#3331=EDGE_CURVE('',#4210,#4213,#4214,.T.);
#3332=EDGE_CURVE('',#4213,#4215,#4216,.T.);
#3333=EDGE_CURVE('',#4215,#4217,#4218,.T.);
#3334=EDGE_CURVE('',#4217,#4219,#4220,.T.);
#3335=EDGE_CURVE('',#4219,#4221,#4222,.T.);
#3336=EDGE_CURVE('',#4221,#4223,#4224,.T.);
#3337=EDGE_CURVE('',#4223,#4225,#4226,.T.);
#3338=EDGE_CURVE('',#4225,#4227,#4228,.T.);
#3339=EDGE_CURVE('',#4227,#4229,#4230,.T.);
#3340=EDGE_CURVE('',#4229,#4231,#4232,.T.);
#3341=EDGE_CURVE('',#4231,#4233,#4234,.T.);
#3342=EDGE_CURVE('',#4233,#4235,#4236,.T.);
#3343=EDGE_CURVE('',#4235,#4237,#4238,.T.);
#3344=EDGE_CURVE('',#4237,#4239,#4240,.T.);
#3345=EDGE_CURVE('',#4239,#4203,#4241,.T.);
#3346=EDGE_CURVE('',#4242,#4207,#4243,.T.);
#3347=EDGE_CURVE('',#3574,#3753,#4244,.T.);
#3348=EDGE_CURVE('',#4204,#3751,#4245,.T.);
#3349=EDGE_CURVE('',#4246,#4239,#4247,.T.);
#3350=EDGE_CURVE('',#4242,#4246,#4248,.T.);
#3351=EDGE_CURVE('',#4249,#4246,#4250,.T.);
#3352=EDGE_CURVE('',#4251,#4249,#4252,.T.);
#3353=EDGE_CURVE('',#4253,#4251,#4254,.T.);
#3354=EDGE_CURVE('',#4255,#4253,#4256,.T.);
#3355=EDGE_CURVE('',#4257,#4255,#4258,.T.);
#3356=EDGE_CURVE('',#4259,#4257,#4260,.T.);
#3357=EDGE_CURVE('',#4261,#4259,#4262,.T.);
#3358=EDGE_CURVE('',#4263,#4261,#4264,.T.);
#3359=EDGE_CURVE('',#4265,#4263,#4266,.T.);
#3360=EDGE_CURVE('',#4267,#4265,#4268,.T.);
#3361=EDGE_CURVE('',#4269,#4267,#4270,.T.);
#3362=EDGE_CURVE('',#4271,#4269,#4272,.T.);
#3363=EDGE_CURVE('',#4273,#4271,#4274,.T.);
#3364=EDGE_CURVE('',#4242,#4273,#4275,.T.);
#3365=EDGE_CURVE('',#4273,#4213,#4276,.T.);
#3366=EDGE_CURVE('',#4271,#4215,#4277,.T.);
#3367=EDGE_CURVE('',#4269,#4217,#4278,.T.);
#3368=EDGE_CURVE('',#4267,#4219,#4279,.T.);
#3369=EDGE_CURVE('',#4265,#4221,#4280,.T.);
#3370=EDGE_CURVE('',#4263,#4223,#4281,.T.);
#3371=EDGE_CURVE('',#4261,#4225,#4282,.T.);
#3372=EDGE_CURVE('',#4259,#4227,#4283,.T.);
#3373=EDGE_CURVE('',#4257,#4229,#4284,.T.);
#3374=EDGE_CURVE('',#4255,#4231,#4285,.T.);
#3375=EDGE_CURVE('',#4253,#4233,#4286,.T.);
#3376=EDGE_CURVE('',#4251,#4235,#4287,.T.);
#3377=EDGE_CURVE('',#4249,#4237,#4288,.T.);
#3378=EDGE_CURVE('',#4136,#4197,#4289,.T.);
#3379=EDGE_CURVE('',#4138,#4195,#4290,.T.);
#3380=EDGE_CURVE('',#3696,#3734,#4291,.T.);
#3381=EDGE_CURVE('',#3699,#3732,#4292,.T.);
#3382=EDGE_CURVE('',#3701,#3730,#4293,.T.);
#3383=EDGE_CURVE('',#3681,#3724,#4294,.T.);
#3384=EDGE_CURVE('',#3683,#3722,#4295,.T.);
#3385=EDGE_CURVE('',#3685,#3720,#4296,.T.);
#3386=EDGE_CURVE('',#3687,#3718,#4297,.T.);
#3387=EDGE_CURVE('',#3689,#3716,#4298,.T.);
#3388=EDGE_CURVE('',#3691,#3714,#4299,.T.);
#3389=EDGE_CURVE('',#4300,#3741,#4301,.T.);
#3390=EDGE_CURVE('',#4300,#4302,#4303,.T.);
#3391=EDGE_CURVE('',#3739,#4302,#4304,.T.);
#3392=EDGE_CURVE('',#4305,#4302,#4306,.T.);
#3393=EDGE_CURVE('',#4305,#3708,#4307,.T.);
#3394=EDGE_CURVE('',#3708,#3739,#4308,.T.);
#3395=EDGE_CURVE('',#4305,#4309,#4310,.T.);
#3396=EDGE_CURVE('',#3706,#4309,#4311,.T.);
#3397=EDGE_CURVE('',#3706,#3741,#4312,.T.);
#3398=EDGE_CURVE('',#4309,#4300,#4313,.T.);
#3399=EDGE_CURVE('',#3638,#4314,#4315,.T.);
#3400=EDGE_CURVE('',#4314,#3473,#4316,.T.);
#3401=EDGE_CURVE('',#4317,#4314,#4318,.T.);
#3402=EDGE_CURVE('',#3445,#4317,#4319,.T.);
#3403=EDGE_CURVE('',#3636,#4317,#4320,.T.);
#3404=DIRECTION('',(0.0,0.0,1.0));
#3405=DIRECTION('',(-1.0,0.0,0.0));
#3406=DIRECTION('',(0.0,0.0,-1.0));
#3407=DIRECTION('',(1.0,0.0,0.0));
#3408=DIRECTION('',(0.0,0.0,1.0));
#3409=DIRECTION('',(-1.0,0.0,0.0));
#3410=DIRECTION('',(0.0,0.0,-1.0));
#3411=DIRECTION('',(1.0,0.0,0.0));
#3412=DIRECTION('',(0.0,0.0,1.0));
#3413=DIRECTION('',(-1.0,0.0,0.0));
#3414=DIRECTION('',(0.0,0.0,-1.0));
#3415=DIRECTION('',(1.0,0.0,0.0));
#3416=DIRECTION('',(0.0,0.0,1.0));
#3417=DIRECTION('',(-1.0,0.0,0.0));
#3418=DIRECTION('',(0.0,0.0,-1.0));
#3419=DIRECTION('',(1.0,0.0,0.0));
#3420=DIRECTION('',(0.0,0.0,1.0));
#3421=DIRECTION('',(-1.0,0.0,0.0));
#3422=DIRECTION('',(0.0,0.0,-1.0));
#3423=DIRECTION('',(1.0,0.0,0.0));
#3424=DIRECTION('',(0.0,0.0,1.0));
#3425=DIRECTION('',(-1.0,0.0,0.0));
#3426=DIRECTION('',(0.0,0.0,-1.0));
#3427=DIRECTION('',(1.0,0.0,0.0));
#3428=VERTEX_POINT('',#4321);
#3429=VERTEX_POINT('',#4322);
#3430=LINE('',#4323,#4324);
#3431=VERTEX_POINT('',#4325);
#3432=LINE('',#4326,#4327);
#3433=VERTEX_POINT('',#4328);
#3434=LINE('',#4329,#4330);
#3435=LINE('',#4331,#4332);
#3436=VERTEX_POINT('',#4333);
#3437=VERTEX_POINT('',#4334);
#3438=LINE('',#4335,#4336);
#3439=VERTEX_POINT('',#4337);
#3440=LINE('',#4338,#4339);
#3441=VERTEX_POINT('',#4340);
#3442=LINE('',#4341,#4342);
#3443=LINE('',#4343,#4344);
#3444=VERTEX_POINT('',#4345);
#3445=VERTEX_POINT('',#4346);
#3446=LINE('',#4347,#4348);
#3447=VERTEX_POINT('',#4349);
#3448=LINE('',#4350,#4351);
#3449=VERTEX_POINT('',#4352);
#3450=LINE('',#4353,#4354);
#3451=VERTEX_POINT('',#4355);
#3452=LINE('',#4356,#4357);
#3453=VERTEX_POINT('',#4358);
#3454=LINE('',#4359,#4360);
#3455=VERTEX_POINT('',#4361);
#3456=LINE('',#4362,#4363);
#3457=VERTEX_POINT('',#4364);
#3458=LINE('',#4365,#4366);
#3459=VERTEX_POINT('',#4367);
#3460=LINE('',#4368,#4369);
#3461=VERTEX_POINT('',#4370);
#3462=LINE('',#4371,#4372);
#3463=VERTEX_POINT('',#4373);
#3464=LINE('',#4374,#4375);
#3465=VERTEX_POINT('',#4376);
#3466=LINE('',#4377,#4378);
#3467=VERTEX_POINT('',#4379);
#3468=LINE('',#4380,#4381);
#3469=VERTEX_POINT('',#4382);
#3470=LINE('',#4383,#4384);
#3471=VERTEX_POINT('',#4385);
#3472=LINE('',#4386,#4387);
#3473=VERTEX_POINT('',#4388);
#3474=LINE('',#4389,#4390);
#3475=LINE('',#4391,#4392);
#3476=VERTEX_POINT('',#4393);
#3477=LINE('',#4394,#4395);
#3478=VERTEX_POINT('',#4396);
#3479=LINE('',#4397,#4398);
#3480=LINE('',#4399,#4400);
#3481=VERTEX_POINT('',#4401);
#3482=VERTEX_POINT('',#4402);
#3483=LINE('',#4403,#4404);
#3484=VERTEX_POINT('',#4405);
#3485=LINE('',#4406,#4407);
#3486=VERTEX_POINT('',#4408);
#3487=LINE('',#4409,#4410);
#3488=LINE('',#4411,#4412);
#3489=VERTEX_POINT('',#4413);
#3490=LINE('',#4414,#4415);
#3491=LINE('',#4416,#4417);
#3492=VERTEX_POINT('',#4418);
#3493=LINE('',#4419,#4420);
#3494=LINE('',#4421,#4422);
#3495=VERTEX_POINT('',#4423);
#3496=CIRCLE('',#4424,0.35);
#3497=VERTEX_POINT('',#4425);
#3498=LINE('',#4426,#4427);
#3499=VERTEX_POINT('',#4428);
#3500=CIRCLE('',#4429,0.35);
#3501=LINE('',#4430,#4431);
#3502=VERTEX_POINT('',#4432);
#3503=LINE('',#4433,#4434);
#3504=VERTEX_POINT('',#4435);
#3505=LINE('',#4436,#4437);
#3506=LINE('',#4438,#4439);
#3507=VERTEX_POINT('',#4440);
#3508=LINE('',#4441,#4442);
#3509=VERTEX_POINT('',#4443);
#3510=LINE('',#4444,#4445);
#3511=LINE('',#4446,#4447);
#3512=VERTEX_POINT('',#4448);
#3513=VERTEX_POINT('',#4449);
#3514=CIRCLE('',#4450,0.3);
#3515=VERTEX_POINT('',#4451);
#3516=LINE('',#4452,#4453);
#3517=VERTEX_POINT('',#4454);
#3518=CIRCLE('',#4455,0.15);
#3519=VERTEX_POINT('',#4456);
#3520=LINE('',#4457,#4458);
#3521=VERTEX_POINT('',#4459);
#3522=CIRCLE('',#4460,0.15);
#3523=VERTEX_POINT('',#4461);
#3524=LINE('',#4462,#4463);
#3525=VERTEX_POINT('',#4464);
#3526=CIRCLE('',#4465,0.15);
#3527=VERTEX_POINT('',#4466);
#3528=LINE('',#4467,#4468);
#3529=VERTEX_POINT('',#4469);
#3530=CIRCLE('',#4470,0.15);
#3531=VERTEX_POINT('',#4471);
#3532=LINE('',#4472,#4473);
#3533=VERTEX_POINT('',#4474);
#3534=CIRCLE('',#4475,0.35);
#3535=LINE('',#4476,#4477);
#3536=LINE('',#4478,#4479);
#3537=VERTEX_POINT('',#4480);
#3538=LINE('',#4481,#4482);
#3539=LINE('',#4483,#4484);
#3540=VERTEX_POINT('',#4485);
#3541=CIRCLE('',#4486,0.3);
#3542=LINE('',#4487,#4488);
#3543=VERTEX_POINT('',#4489);
#3544=LINE('',#4490,#4491);
#3545=LINE('',#4492,#4493);
#3546=VERTEX_POINT('',#4494);
#3547=CIRCLE('',#4495,0.15);
#3548=LINE('',#4496,#4497);
#3549=VERTEX_POINT('',#4498);
#3550=LINE('',#4499,#4500);
#3551=LINE('',#4501,#4502);
#3552=VERTEX_POINT('',#4503);
#3553=CIRCLE('',#4504,0.15);
#3554=LINE('',#4505,#4506);
#3555=VERTEX_POINT('',#4507);
#3556=LINE('',#4508,#4509);
#3557=LINE('',#4510,#4511);
#3558=VERTEX_POINT('',#4512);
#3559=CIRCLE('',#4513,0.15);
#3560=LINE('',#4514,#4515);
#3561=VERTEX_POINT('',#4516);
#3562=LINE('',#4517,#4518);
#3563=LINE('',#4519,#4520);
#3564=VERTEX_POINT('',#4521);
#3565=CIRCLE('',#4522,0.15);
#3566=LINE('',#4523,#4524);
#3567=VERTEX_POINT('',#4525);
#3568=LINE('',#4526,#4527);
#3569=LINE('',#4528,#4529);
#3570=VERTEX_POINT('',#4530);
#3571=CIRCLE('',#4531,0.35);
#3572=LINE('',#4532,#4533);
#3573=LINE('',#4534,#4535);
#3574=VERTEX_POINT('',#4536);
#3575=LINE('',#4537,#4538);
#3576=VERTEX_POINT('',#4539);
#3577=LINE('',#4540,#4541);
#3578=VERTEX_POINT('',#4542);
#3579=LINE('',#4543,#4544);
#3580=VERTEX_POINT('',#4545);
#3581=LINE('',#4546,#4547);
#3582=VERTEX_POINT('',#4548);
#3583=LINE('',#4549,#4550);
#3584=VERTEX_POINT('',#4551);
#3585=LINE('',#4552,#4553);
#3586=VERTEX_POINT('',#4554);
#3587=LINE('',#4555,#4556);
#3588=VERTEX_POINT('',#4557);
#3589=LINE('',#4558,#4559);
#3590=VERTEX_POINT('',#4560);
#3591=LINE('',#4561,#4562);
#3592=VERTEX_POINT('',#4563);
#3593=LINE('',#4564,#4565);
#3594=VERTEX_POINT('',#4566);
#3595=LINE('',#4567,#4568);
#3596=VERTEX_POINT('',#4569);
#3597=LINE('',#4570,#4571);
#3598=VERTEX_POINT('',#4572);
#3599=LINE('',#4573,#4574);
#3600=VERTEX_POINT('',#4575);
#3601=LINE('',#4576,#4577);
#3602=VERTEX_POINT('',#4578);
#3603=LINE('',#4579,#4580);
#3604=VERTEX_POINT('',#4581);
#3605=LINE('',#4582,#4583);
#3606=VERTEX_POINT('',#4584);
#3607=LINE('',#4585,#4586);
#3608=VERTEX_POINT('',#4587);
#3609=LINE('',#4588,#4589);
#3610=VERTEX_POINT('',#4590);
#3611=LINE('',#4591,#4592);
#3612=VERTEX_POINT('',#4593);
#3613=LINE('',#4594,#4595);
#3614=VERTEX_POINT('',#4596);
#3615=LINE('',#4597,#4598);
#3616=VERTEX_POINT('',#4599);
#3617=LINE('',#4600,#4601);
#3618=VERTEX_POINT('',#4602);
#3619=LINE('',#4603,#4604);
#3620=VERTEX_POINT('',#4605);
#3621=LINE('',#4606,#4607);
#3622=VERTEX_POINT('',#4608);
#3623=LINE('',#4609,#4610);
#3624=VERTEX_POINT('',#4611);
#3625=LINE('',#4612,#4613);
#3626=VERTEX_POINT('',#4614);
#3627=LINE('',#4615,#4616);
#3628=VERTEX_POINT('',#4617);
#3629=LINE('',#4618,#4619);
#3630=VERTEX_POINT('',#4620);
#3631=LINE('',#4621,#4622);
#3632=VERTEX_POINT('',#4623);
#3633=LINE('',#4624,#4625);
#3634=LINE('',#4626,#4627);
#3635=LINE('',#4628,#4629);
#3636=VERTEX_POINT('',#4630);
#3637=LINE('',#4631,#4632);
#3638=VERTEX_POINT('',#4633);
#3639=LINE('',#4634,#4635);
#3640=LINE('',#4636,#4637);
#3641=VERTEX_POINT('',#4638);
#3642=VERTEX_POINT('',#4639);
#3643=LINE('',#4640,#4641);
#3644=VERTEX_POINT('',#4642);
#3645=LINE('',#4643,#4644);
#3646=VERTEX_POINT('',#4645);
#3647=LINE('',#4646,#4647);
#3648=LINE('',#4648,#4649);
#3649=VERTEX_POINT('',#4650);
#3650=LINE('',#4651,#4652);
#3651=VERTEX_POINT('',#4653);
#3652=LINE('',#4654,#4655);
#3653=LINE('',#4656,#4657);
#3654=VERTEX_POINT('',#4658);
#3655=LINE('',#4659,#4660);
#3656=VERTEX_POINT('',#4661);
#3657=LINE('',#4662,#4663);
#3658=LINE('',#4664,#4665);
#3659=VERTEX_POINT('',#4666);
#3660=LINE('',#4667,#4668);
#3661=LINE('',#4669,#4670);
#3662=VERTEX_POINT('',#4671);
#3663=LINE('',#4672,#4673);
#3664=LINE('',#4674,#4675);
#3665=VERTEX_POINT('',#4676);
#3666=LINE('',#4677,#4678);
#3667=VERTEX_POINT('',#4679);
#3668=LINE('',#4680,#4681);
#3669=LINE('',#4682,#4683);
#3670=LINE('',#4684,#4685);
#3671=VERTEX_POINT('',#4686);
#3672=VERTEX_POINT('',#4687);
#3673=LINE('',#4688,#4689);
#3674=VERTEX_POINT('',#4690);
#3675=LINE('',#4691,#4692);
#3676=VERTEX_POINT('',#4693);
#3677=LINE('',#4694,#4695);
#3678=LINE('',#4696,#4697);
#3679=VERTEX_POINT('',#4698);
#3680=LINE('',#4699,#4700);
#3681=VERTEX_POINT('',#4701);
#3682=CIRCLE('',#4702,0.3);
#3683=VERTEX_POINT('',#4703);
#3684=LINE('',#4704,#4705);
#3685=VERTEX_POINT('',#4706);
#3686=LINE('',#4707,#4708);
#3687=VERTEX_POINT('',#4709);
#3688=LINE('',#4710,#4711);
#3689=VERTEX_POINT('',#4712);
#3690=CIRCLE('',#4713,0.2);
#3691=VERTEX_POINT('',#4714);
#3692=LINE('',#4715,#4716);
#3693=VERTEX_POINT('',#4717);
#3694=CIRCLE('',#4718,0.2);
#3695=LINE('',#4719,#4720);
#3696=VERTEX_POINT('',#4721);
#3697=VERTEX_POINT('',#4722);
#3698=LINE('',#4723,#4724);
#3699=VERTEX_POINT('',#4725);
#3700=LINE('',#4726,#4727);
#3701=VERTEX_POINT('',#4728);
#3702=LINE('',#4729,#4730);
#3703=VERTEX_POINT('',#4731);
#3704=CIRCLE('',#4732,0.3);
#3705=LINE('',#4733,#4734);
#3706=VERTEX_POINT('',#4735);
#3707=LINE('',#4736,#4737);
#3708=VERTEX_POINT('',#4738);
#3709=LINE('',#4739,#4740);
#3710=LINE('',#4741,#4742);
#3711=VERTEX_POINT('',#4743);
#3712=LINE('',#4744,#4745);
#3713=LINE('',#4746,#4747);
#3714=VERTEX_POINT('',#4748);
#3715=CIRCLE('',#4749,0.2);
#3716=VERTEX_POINT('',#4750);
#3717=LINE('',#4751,#4752);
#3718=VERTEX_POINT('',#4753);
#3719=CIRCLE('',#4754,0.2);
#3720=VERTEX_POINT('',#4755);
#3721=LINE('',#4756,#4757);
#3722=VERTEX_POINT('',#4758);
#3723=LINE('',#4759,#4760);
#3724=VERTEX_POINT('',#4761);
#3725=LINE('',#4762,#4763);
#3726=VERTEX_POINT('',#4764);
#3727=CIRCLE('',#4765,0.3);
#3728=LINE('',#4766,#4767);
#3729=VERTEX_POINT('',#4768);
#3730=VERTEX_POINT('',#4769);
#3731=CIRCLE('',#4770,0.3);
#3732=VERTEX_POINT('',#4771);
#3733=LINE('',#4772,#4773);
#3734=VERTEX_POINT('',#4774);
#3735=LINE('',#4775,#4776);
#3736=VERTEX_POINT('',#4777);
#3737=LINE('',#4778,#4779);
#3738=LINE('',#4780,#4781);
#3739=VERTEX_POINT('',#4782);
#3740=LINE('',#4783,#4784);
#3741=VERTEX_POINT('',#4785);
#3742=LINE('',#4786,#4787);
#3743=LINE('',#4788,#4789);
#3744=LINE('',#4790,#4791);
#3745=LINE('',#4792,#4793);
#3746=VERTEX_POINT('',#4794);
#3747=LINE('',#4795,#4796);
#3748=VERTEX_POINT('',#4797);
#3749=LINE('',#4798,#4799);
#3750=LINE('',#4800,#4801);
#3751=VERTEX_POINT('',#4802);
#3752=LINE('',#4803,#4804);
#3753=VERTEX_POINT('',#4805);
#3754=LINE('',#4806,#4807);
#3755=LINE('',#4808,#4809);
#3756=VERTEX_POINT('',#4810);
#3757=LINE('',#4811,#4812);
#3758=VERTEX_POINT('',#4813);
#3759=LINE('',#4814,#4815);
#3760=LINE('',#4816,#4817);
#3761=VERTEX_POINT('',#4818);
#3762=VERTEX_POINT('',#4819);
#3763=LINE('',#4820,#4821);
#3764=VERTEX_POINT('',#4822);
#3765=LINE('',#4823,#4824);
#3766=VERTEX_POINT('',#4825);
#3767=LINE('',#4826,#4827);
#3768=LINE('',#4828,#4829);
#3769=LINE('',#4830,#4831);
#3770=LINE('',#4832,#4833);
#3771=VERTEX_POINT('',#4834);
#3772=VERTEX_POINT('',#4835);
#3773=LINE('',#4836,#4837);
#3774=VERTEX_POINT('',#4838);
#3775=LINE('',#4839,#4840);
#3776=VERTEX_POINT('',#4841);
#3777=LINE('',#4842,#4843);
#3778=LINE('',#4844,#4845);
#3779=VERTEX_POINT('',#4846);
#3780=VERTEX_POINT('',#4847);
#3781=LINE('',#4848,#4849);
#3782=VERTEX_POINT('',#4850);
#3783=LINE('',#4851,#4852);
#3784=VERTEX_POINT('',#4853);
#3785=LINE('',#4854,#4855);
#3786=LINE('',#4856,#4857);
#3787=VERTEX_POINT('',#4858);
#3788=LINE('',#4859,#4860);
#3789=VERTEX_POINT('',#4861);
#3790=LINE('',#4862,#4863);
#3791=VERTEX_POINT('',#4864);
#3792=LINE('',#4865,#4866);
#3793=VERTEX_POINT('',#4867);
#3794=CIRCLE('',#4868,0.3);
#3795=VERTEX_POINT('',#4869);
#3796=LINE('',#4870,#4871);
#3797=VERTEX_POINT('',#4872);
#3798=LINE('',#4873,#4874);
#3799=VERTEX_POINT('',#4875);
#3800=LINE('',#4876,#4877);
#3801=VERTEX_POINT('',#4878);
#3802=CIRCLE('',#4879,0.2);
#3803=VERTEX_POINT('',#4880);
#3804=LINE('',#4881,#4882);
#3805=VERTEX_POINT('',#4883);
#3806=CIRCLE('',#4884,0.2);
#3807=VERTEX_POINT('',#4885);
#3808=LINE('',#4886,#4887);
#3809=LINE('',#4888,#4889);
#3810=VERTEX_POINT('',#4890);
#3811=VERTEX_POINT('',#4891);
#3812=LINE('',#4892,#4893);
#3813=VERTEX_POINT('',#4894);
#3814=LINE('',#4895,#4896);
#3815=VERTEX_POINT('',#4897);
#3816=LINE('',#4898,#4899);
#3817=LINE('',#4900,#4901);
#3818=VERTEX_POINT('',#4902);
#3819=LINE('',#4903,#4904);
#3820=LINE('',#4905,#4906);
#3821=VERTEX_POINT('',#4907);
#3822=LINE('',#4908,#4909);
#3823=VERTEX_POINT('',#4910);
#3824=CIRCLE('',#4911,0.2);
#3825=VERTEX_POINT('',#4912);
#3826=LINE('',#4913,#4914);
#3827=VERTEX_POINT('',#4915);
#3828=CIRCLE('',#4916,0.2);
#3829=VERTEX_POINT('',#4917);
#3830=LINE('',#4918,#4919);
#3831=VERTEX_POINT('',#4920);
#3832=LINE('',#4921,#4922);
#3833=VERTEX_POINT('',#4923);
#3834=LINE('',#4924,#4925);
#3835=VERTEX_POINT('',#4926);
#3836=CIRCLE('',#4927,0.3);
#3837=VERTEX_POINT('',#4928);
#3838=LINE('',#4929,#4930);
#3839=VERTEX_POINT('',#4931);
#3840=LINE('',#4932,#4933);
#3841=LINE('',#4934,#4935);
#3842=VERTEX_POINT('',#4936);
#3843=VERTEX_POINT('',#4937);
#3844=LINE('',#4938,#4939);
#3845=VERTEX_POINT('',#4940);
#3846=LINE('',#4941,#4942);
#3847=VERTEX_POINT('',#4943);
#3848=LINE('',#4944,#4945);
#3849=LINE('',#4946,#4947);
#3850=LINE('',#4948,#4949);
#3851=LINE('',#4950,#4951);
#3852=LINE('',#4952,#4953);
#3853=LINE('',#4954,#4955);
#3854=LINE('',#4956,#4957);
#3855=LINE('',#4958,#4959);
#3856=LINE('',#4960,#4961);
#3857=LINE('',#4962,#4963);
#3858=LINE('',#4964,#4965);
#3859=LINE('',#4966,#4967);
#3860=VERTEX_POINT('',#4968);
#3861=LINE('',#4969,#4970);
#3862=VERTEX_POINT('',#4971);
#3863=LINE('',#4972,#4973);
#3864=LINE('',#4974,#4975);
#3865=VERTEX_POINT('',#4976);
#3866=LINE('',#4977,#4978);
#3867=LINE('',#4979,#4980);
#3868=LINE('',#4981,#4982);
#3869=LINE('',#4983,#4984);
#3870=VERTEX_POINT('',#4985);
#3871=VERTEX_POINT('',#4986);
#3872=LINE('',#4987,#4988);
#3873=VERTEX_POINT('',#4989);
#3874=LINE('',#4990,#4991);
#3875=LINE('',#4992,#4993);
#3876=LINE('',#4994,#4995);
#3877=VERTEX_POINT('',#4996);
#3878=LINE('',#4997,#4998);
#3879=VERTEX_POINT('',#4999);
#3880=LINE('',#5000,#5001);
#3881=VERTEX_POINT('',#5002);
#3882=LINE('',#5003,#5004);
#3883=VERTEX_POINT('',#5005);
#3884=LINE('',#5006,#5007);
#3885=VERTEX_POINT('',#5008);
#3886=LINE('',#5009,#5010);
#3887=VERTEX_POINT('',#5011);
#3888=LINE('',#5012,#5013);
#3889=VERTEX_POINT('',#5014);
#3890=LINE('',#5015,#5016);
#3891=VERTEX_POINT('',#5017);
#3892=LINE('',#5018,#5019);
#3893=VERTEX_POINT('',#5020);
#3894=LINE('',#5021,#5022);
#3895=LINE('',#5023,#5024);
#3896=LINE('',#5025,#5026);
#3897=VERTEX_POINT('',#5027);
#3898=VERTEX_POINT('',#5028);
#3899=LINE('',#5029,#5030);
#3900=VERTEX_POINT('',#5031);
#3901=LINE('',#5032,#5033);
#3902=VERTEX_POINT('',#5034);
#3903=LINE('',#5035,#5036);
#3904=LINE('',#5037,#5038);
#3905=VERTEX_POINT('',#5039);
#3906=LINE('',#5040,#5041);
#3907=VERTEX_POINT('',#5042);
#3908=LINE('',#5043,#5044);
#3909=VERTEX_POINT('',#5045);
#3910=LINE('',#5046,#5047);
#3911=VERTEX_POINT('',#5048);
#3912=CIRCLE('',#5049,0.3);
#3913=VERTEX_POINT('',#5050);
#3914=LINE('',#5051,#5052);
#3915=VERTEX_POINT('',#5053);
#3916=LINE('',#5054,#5055);
#3917=VERTEX_POINT('',#5056);
#3918=LINE('',#5057,#5058);
#3919=VERTEX_POINT('',#5059);
#3920=CIRCLE('',#5060,0.2);
#3921=VERTEX_POINT('',#5061);
#3922=LINE('',#5062,#5063);
#3923=VERTEX_POINT('',#5064);
#3924=CIRCLE('',#5065,0.2);
#3925=VERTEX_POINT('',#5066);
#3926=LINE('',#5067,#5068);
#3927=LINE('',#5069,#5070);
#3928=VERTEX_POINT('',#5071);
#3929=LINE('',#5072,#5073);
#3930=VERTEX_POINT('',#5074);
#3931=LINE('',#5075,#5076);
#3932=LINE('',#5077,#5078);
#3933=VERTEX_POINT('',#5079);
#3934=LINE('',#5080,#5081);
#3935=LINE('',#5082,#5083);
#3936=VERTEX_POINT('',#5084);
#3937=LINE('',#5085,#5086);
#3938=VERTEX_POINT('',#5087);
#3939=CIRCLE('',#5088,0.2);
#3940=VERTEX_POINT('',#5089);
#3941=LINE('',#5090,#5091);
#3942=VERTEX_POINT('',#5092);
#3943=CIRCLE('',#5093,0.2);
#3944=VERTEX_POINT('',#5094);
#3945=LINE('',#5095,#5096);
#3946=VERTEX_POINT('',#5097);
#3947=LINE('',#5098,#5099);
#3948=VERTEX_POINT('',#5100);
#3949=LINE('',#5101,#5102);
#3950=VERTEX_POINT('',#5103);
#3951=CIRCLE('',#5104,0.3);
#3952=VERTEX_POINT('',#5105);
#3953=LINE('',#5106,#5107);
#3954=VERTEX_POINT('',#5108);
#3955=LINE('',#5109,#5110);
#3956=LINE('',#5111,#5112);
#3957=VERTEX_POINT('',#5113);
#3958=LINE('',#5114,#5115);
#3959=VERTEX_POINT('',#5116);
#3960=LINE('',#5117,#5118);
#3961=LINE('',#5119,#5120);
#3962=LINE('',#5121,#5122);
#3963=LINE('',#5123,#5124);
#3964=LINE('',#5125,#5126);
#3965=LINE('',#5127,#5128);
#3966=LINE('',#5129,#5130);
#3967=LINE('',#5131,#5132);
#3968=LINE('',#5133,#5134);
#3969=LINE('',#5135,#5136);
#3970=LINE('',#5137,#5138);
#3971=LINE('',#5139,#5140);
#3972=VERTEX_POINT('',#5141);
#3973=LINE('',#5142,#5143);
#3974=VERTEX_POINT('',#5144);
#3975=LINE('',#5145,#5146);
#3976=LINE('',#5147,#5148);
#3977=VERTEX_POINT('',#5149);
#3978=LINE('',#5150,#5151);
#3979=LINE('',#5152,#5153);
#3980=LINE('',#5154,#5155);
#3981=VERTEX_POINT('',#5156);
#3982=LINE('',#5157,#5158);
#3983=LINE('',#5159,#5160);
#3984=LINE('',#5161,#5162);
#3985=LINE('',#5163,#5164);
#3986=LINE('',#5165,#5166);
#3987=VERTEX_POINT('',#5167);
#3988=LINE('',#5168,#5169);
#3989=LINE('',#5170,#5171);
#3990=LINE('',#5172,#5173);
#3991=VERTEX_POINT('',#5174);
#3992=LINE('',#5175,#5176);
#3993=VERTEX_POINT('',#5177);
#3994=LINE('',#5178,#5179);
#3995=VERTEX_POINT('',#5180);
#3996=LINE('',#5181,#5182);
#3997=LINE('',#5183,#5184);
#3998=LINE('',#5185,#5186);
#3999=LINE('',#5187,#5188);
#4000=LINE('',#5189,#5190);
#4001=LINE('',#5191,#5192);
#4002=VERTEX_POINT('',#5193);
#4003=LINE('',#5194,#5195);
#4004=VERTEX_POINT('',#5196);
#4005=LINE('',#5197,#5198);
#4006=LINE('',#5199,#5200);
#4007=LINE('',#5201,#5202);
#4008=VERTEX_POINT('',#5203);
#4009=LINE('',#5204,#5205);
#4010=VERTEX_POINT('',#5206);
#4011=LINE('',#5207,#5208);
#4012=VERTEX_POINT('',#5209);
#4013=LINE('',#5210,#5211);
#4014=VERTEX_POINT('',#5212);
#4015=LINE('',#5213,#5214);
#4016=LINE('',#5215,#5216);
#4017=VERTEX_POINT('',#5217);
#4018=LINE('',#5218,#5219);
#4019=LINE('',#5220,#5221);
#4020=VERTEX_POINT('',#5222);
#4021=LINE('',#5223,#5224);
#4022=VERTEX_POINT('',#5225);
#4023=LINE('',#5226,#5227);
#4024=LINE('',#5228,#5229);
#4025=LINE('',#5230,#5231);
#4026=VERTEX_POINT('',#5232);
#4027=LINE('',#5233,#5234);
#4028=LINE('',#5235,#5236);
#4029=LINE('',#5237,#5238);
#4030=VERTEX_POINT('',#5239);
#4031=VERTEX_POINT('',#5240);
#4032=LINE('',#5241,#5242);
#4033=VERTEX_POINT('',#5243);
#4034=LINE('',#5244,#5245);
#4035=VERTEX_POINT('',#5246);
#4036=LINE('',#5247,#5248);
#4037=LINE('',#5249,#5250);
#4038=VERTEX_POINT('',#5251);
#4039=CIRCLE('',#5252,0.3);
#4040=VERTEX_POINT('',#5253);
#4041=LINE('',#5254,#5255);
#4042=VERTEX_POINT('',#5256);
#4043=LINE('',#5257,#5258);
#4044=VERTEX_POINT('',#5259);
#4045=LINE('',#5260,#5261);
#4046=VERTEX_POINT('',#5262);
#4047=CIRCLE('',#5263,0.2);
#4048=VERTEX_POINT('',#5264);
#4049=LINE('',#5265,#5266);
#4050=VERTEX_POINT('',#5267);
#4051=CIRCLE('',#5268,0.2);
#4052=LINE('',#5269,#5270);
#4053=VERTEX_POINT('',#5271);
#4054=LINE('',#5272,#5273);
#4055=VERTEX_POINT('',#5274);
#4056=LINE('',#5275,#5276);
#4057=VERTEX_POINT('',#5277);
#4058=LINE('',#5278,#5279);
#4059=CIRCLE('',#5280,0.3);
#4060=VERTEX_POINT('',#5281);
#4061=LINE('',#5282,#5283);
#4062=VERTEX_POINT('',#5284);
#4063=LINE('',#5285,#5286);
#4064=LINE('',#5287,#5288);
#4065=VERTEX_POINT('',#5289);
#4066=LINE('',#5290,#5291);
#4067=LINE('',#5292,#5293);
#4068=VERTEX_POINT('',#5294);
#4069=CIRCLE('',#5295,0.2);
#4070=VERTEX_POINT('',#5296);
#4071=LINE('',#5297,#5298);
#4072=VERTEX_POINT('',#5299);
#4073=CIRCLE('',#5300,0.2);
#4074=VERTEX_POINT('',#5301);
#4075=LINE('',#5302,#5303);
#4076=VERTEX_POINT('',#5304);
#4077=LINE('',#5305,#5306);
#4078=VERTEX_POINT('',#5307);
#4079=LINE('',#5308,#5309);
#4080=CIRCLE('',#5310,0.3);
#4081=VERTEX_POINT('',#5311);
#4082=VERTEX_POINT('',#5312);
#4083=LINE('',#5313,#5314);
#4084=VERTEX_POINT('',#5315);
#4085=LINE('',#5316,#5317);
#4086=LINE('',#5318,#5319);
#4087=CIRCLE('',#5320,0.3);
#4088=VERTEX_POINT('',#5321);
#4089=LINE('',#5322,#5323);
#4090=VERTEX_POINT('',#5324);
#4091=LINE('',#5325,#5326);
#4092=LINE('',#5327,#5328);
#4093=LINE('',#5329,#5330);
#4094=LINE('',#5331,#5332);
#4095=LINE('',#5333,#5334);
#4096=LINE('',#5335,#5336);
#4097=LINE('',#5337,#5338);
#4098=LINE('',#5339,#5340);
#4099=LINE('',#5341,#5342);
#4100=LINE('',#5343,#5344);
#4101=LINE('',#5345,#5346);
#4102=VERTEX_POINT('',#5347);
#4103=LINE('',#5348,#5349);
#4104=VERTEX_POINT('',#5350);
#4105=LINE('',#5351,#5352);
#4106=LINE('',#5353,#5354);
#4107=VERTEX_POINT('',#5355);
#4108=LINE('',#5356,#5357);
#4109=LINE('',#5358,#5359);
#4110=LINE('',#5360,#5361);
#4111=VERTEX_POINT('',#5362);
#4112=LINE('',#5363,#5364);
#4113=LINE('',#5365,#5366);
#4114=LINE('',#5367,#5368);
#4115=LINE('',#5369,#5370);
#4116=LINE('',#5371,#5372);
#4117=LINE('',#5373,#5374);
#4118=LINE('',#5375,#5376);
#4119=LINE('',#5377,#5378);
#4120=LINE('',#5379,#5380);
#4121=VERTEX_POINT('',#5381);
#4122=VERTEX_POINT('',#5382);
#4123=LINE('',#5383,#5384);
#4124=VERTEX_POINT('',#5385);
#4125=LINE('',#5386,#5387);
#4126=LINE('',#5388,#5389);
#4127=LINE('',#5390,#5391);
#4128=VERTEX_POINT('',#5392);
#4129=LINE('',#5393,#5394);
#4130=LINE('',#5395,#5396);
#4131=VERTEX_POINT('',#5397);
#4132=LINE('',#5398,#5399);
#4133=VERTEX_POINT('',#5400);
#4134=LINE('',#5401,#5402);
#4135=LINE('',#5403,#5404);
#4136=VERTEX_POINT('',#5405);
#4137=LINE('',#5406,#5407);
#4138=VERTEX_POINT('',#5408);
#4139=LINE('',#5409,#5410);
#4140=VERTEX_POINT('',#5411);
#4141=LINE('',#5412,#5413);
#4142=LINE('',#5414,#5415);
#4143=VERTEX_POINT('',#5416);
#4144=LINE('',#5417,#5418);
#4145=LINE('',#5419,#5420);
#4146=VERTEX_POINT('',#5421);
#4147=VERTEX_POINT('',#5422);
#4148=LINE('',#5423,#5424);
#4149=VERTEX_POINT('',#5425);
#4150=LINE('',#5426,#5427);
#4151=LINE('',#5428,#5429);
#4152=VERTEX_POINT('',#5430);
#4153=LINE('',#5431,#5432);
#4154=VERTEX_POINT('',#5433);
#4155=LINE('',#5434,#5435);
#4156=LINE('',#5436,#5437);
#4157=VERTEX_POINT('',#5438);
#4158=LINE('',#5439,#5440);
#4159=LINE('',#5441,#5442);
#4160=VERTEX_POINT('',#5443);
#4161=LINE('',#5444,#5445);
#4162=VERTEX_POINT('',#5446);
#4163=LINE('',#5447,#5448);
#4164=LINE('',#5449,#5450);
#4165=VERTEX_POINT('',#5451);
#4166=LINE('',#5452,#5453);
#4167=LINE('',#5454,#5455);
#4168=VERTEX_POINT('',#5456);
#4169=LINE('',#5457,#5458);
#4170=LINE('',#5459,#5460);
#4171=LINE('',#5461,#5462);
#4172=LINE('',#5463,#5464);
#4173=VERTEX_POINT('',#5465);
#4174=LINE('',#5466,#5467);
#4175=VERTEX_POINT('',#5468);
#4176=LINE('',#5469,#5470);
#4177=LINE('',#5471,#5472);
#4178=VERTEX_POINT('',#5473);
#4179=LINE('',#5474,#5475);
#4180=LINE('',#5476,#5477);
#4181=VERTEX_POINT('',#5478);
#4182=LINE('',#5479,#5480);
#4183=LINE('',#5481,#5482);
#4184=LINE('',#5483,#5484);
#4185=VERTEX_POINT('',#5485);
#4186=LINE('',#5486,#5487);
#4187=LINE('',#5488,#5489);
#4188=VERTEX_POINT('',#5490);
#4189=VERTEX_POINT('',#5491);
#4190=LINE('',#5492,#5493);
#4191=LINE('',#5494,#5495);
#4192=VERTEX_POINT('',#5496);
#4193=LINE('',#5497,#5498);
#4194=LINE('',#5499,#5500);
#4195=VERTEX_POINT('',#5501);
#4196=LINE('',#5502,#5503);
#4197=VERTEX_POINT('',#5504);
#4198=LINE('',#5505,#5506);
#4199=LINE('',#5507,#5508);
#4200=LINE('',#5509,#5510);
#4201=LINE('',#5511,#5512);
#4202=LINE('',#5513,#5514);
#4203=VERTEX_POINT('',#5515);
#4204=VERTEX_POINT('',#5516);
#4205=LINE('',#5517,#5518);
#4206=LINE('',#5519,#5520);
#4207=VERTEX_POINT('',#5521);
#4208=LINE('',#5522,#5523);
#4209=LINE('',#5524,#5525);
#4210=VERTEX_POINT('',#5526);
#4211=LINE('',#5527,#5528);
#4212=LINE('',#5529,#5530);
#4213=VERTEX_POINT('',#5531);
#4214=CIRCLE('',#5532,0.35);
#4215=VERTEX_POINT('',#5533);
#4216=LINE('',#5534,#5535);
#4217=VERTEX_POINT('',#5536);
#4218=CIRCLE('',#5537,0.35);
#4219=VERTEX_POINT('',#5538);
#4220=LINE('',#5539,#5540);
#4221=VERTEX_POINT('',#5541);
#4222=CIRCLE('',#5542,0.15);
#4223=VERTEX_POINT('',#5543);
#4224=LINE('',#5544,#5545);
#4225=VERTEX_POINT('',#5546);
#4226=CIRCLE('',#5547,0.15);
#4227=VERTEX_POINT('',#5548);
#4228=LINE('',#5549,#5550);
#4229=VERTEX_POINT('',#5551);
#4230=CIRCLE('',#5552,0.15);
#4231=VERTEX_POINT('',#5553);
#4232=LINE('',#5554,#5555);
#4233=VERTEX_POINT('',#5556);
#4234=CIRCLE('',#5557,0.15);
#4235=VERTEX_POINT('',#5558);
#4236=LINE('',#5559,#5560);
#4237=VERTEX_POINT('',#5561);
#4238=CIRCLE('',#5562,0.3);
#4239=VERTEX_POINT('',#5563);
#4240=LINE('',#5564,#5565);
#4241=LINE('',#5566,#5567);
#4242=VERTEX_POINT('',#5568);
#4243=LINE('',#5569,#5570);
#4244=LINE('',#5571,#5572);
#4245=LINE('',#5573,#5574);
#4246=VERTEX_POINT('',#5575);
#4247=LINE('',#5576,#5577);
#4248=LINE('',#5578,#5579);
#4249=VERTEX_POINT('',#5580);
#4250=LINE('',#5581,#5582);
#4251=VERTEX_POINT('',#5583);
#4252=CIRCLE('',#5584,0.3);
#4253=VERTEX_POINT('',#5585);
#4254=LINE('',#5586,#5587);
#4255=VERTEX_POINT('',#5588);
#4256=CIRCLE('',#5589,0.15);
#4257=VERTEX_POINT('',#5590);
#4258=LINE('',#5591,#5592);
#4259=VERTEX_POINT('',#5593);
#4260=CIRCLE('',#5594,0.15);
#4261=VERTEX_POINT('',#5595);
#4262=LINE('',#5596,#5597);
#4263=VERTEX_POINT('',#5598);
#4264=CIRCLE('',#5599,0.15);
#4265=VERTEX_POINT('',#5600);
#4266=LINE('',#5601,#5602);
#4267=VERTEX_POINT('',#5603);
#4268=CIRCLE('',#5604,0.15);
#4269=VERTEX_POINT('',#5605);
#4270=LINE('',#5606,#5607);
#4271=VERTEX_POINT('',#5608);
#4272=CIRCLE('',#5609,0.35);
#4273=VERTEX_POINT('',#5610);
#4274=LINE('',#5611,#5612);
#4275=CIRCLE('',#5613,0.35);
#4276=LINE('',#5614,#5615);
#4277=LINE('',#5616,#5617);
#4278=LINE('',#5618,#5619);
#4279=LINE('',#5620,#5621);
#4280=LINE('',#5622,#5623);
#4281=LINE('',#5624,#5625);
#4282=LINE('',#5626,#5627);
#4283=LINE('',#5628,#5629);
#4284=LINE('',#5630,#5631);
#4285=LINE('',#5632,#5633);
#4286=LINE('',#5634,#5635);
#4287=LINE('',#5636,#5637);
#4288=LINE('',#5638,#5639);
#4289=LINE('',#5640,#5641);
#4290=LINE('',#5642,#5643);
#4291=LINE('',#5644,#5645);
#4292=LINE('',#5646,#5647);
#4293=LINE('',#5648,#5649);
#4294=LINE('',#5650,#5651);
#4295=LINE('',#5652,#5653);
#4296=LINE('',#5654,#5655);
#4297=LINE('',#5656,#5657);
#4298=LINE('',#5658,#5659);
#4299=LINE('',#5660,#5661);
#4300=VERTEX_POINT('',#5662);
#4301=LINE('',#5663,#5664);
#4302=VERTEX_POINT('',#5665);
#4303=LINE('',#5666,#5667);
#4304=LINE('',#5668,#5669);
#4305=VERTEX_POINT('',#5670);
#4306=LINE('',#5671,#5672);
#4307=LINE('',#5673,#5674);
#4308=LINE('',#5675,#5676);
#4309=VERTEX_POINT('',#5677);
#4310=LINE('',#5678,#5679);
#4311=LINE('',#5680,#5681);
#4312=LINE('',#5682,#5683);
#4313=LINE('',#5684,#5685);
#4314=VERTEX_POINT('',#5686);
#4315=LINE('',#5687,#5688);
#4316=LINE('',#5689,#5690);
#4317=VERTEX_POINT('',#5691);
#4318=LINE('',#5692,#5693);
#4319=LINE('',#5694,#5695);
#4320=LINE('',#5696,#5697);
#4321=CARTESIAN_POINT('',(-4.67,-2.99,6.69));
#4322=CARTESIAN_POINT('',(-4.17,-2.99,7.69));
#4323=CARTESIAN_POINT('',(-4.67,-2.99,6.69));
#4324=VECTOR('',#5698,1.11803398875);
#4325=CARTESIAN_POINT('',(-4.67,-2.99,0.0));
#4326=CARTESIAN_POINT('',(-4.67,-2.99,0.0));
#4327=VECTOR('',#5699,6.69);
#4328=CARTESIAN_POINT('',(-4.17,-2.99,0.0));
#4329=CARTESIAN_POINT('',(-4.17,-2.99,0.0));
#4330=VECTOR('',#5700,0.5);
#4331=CARTESIAN_POINT('',(-4.17,-2.99,0.0));
#4332=VECTOR('',#5701,7.69);
#4333=CARTESIAN_POINT('',(4.07,-2.99,0.0));
#4334=CARTESIAN_POINT('',(3.57,-2.99,0.0));
#4335=CARTESIAN_POINT('',(4.07,-2.99,0.0));
#4336=VECTOR('',#5702,0.5);
#4337=CARTESIAN_POINT('',(4.07,-2.99,6.69));
#4338=CARTESIAN_POINT('',(4.07,-2.99,6.69));
#4339=VECTOR('',#5703,6.69);
#4340=CARTESIAN_POINT('',(3.57,-2.99,7.69));
#4341=CARTESIAN_POINT('',(3.57,-2.99,7.69));
#4342=VECTOR('',#5704,1.11803398875);
#4343=CARTESIAN_POINT('',(3.57,-2.99,0.0));
#4344=VECTOR('',#5705,7.69);
#4345=CARTESIAN_POINT('',(-0.3,-2.99,8.69));
#4346=CARTESIAN_POINT('',(-0.3,-2.99,6.69));
#4347=CARTESIAN_POINT('',(-0.3,-2.99,8.69));
#4348=VECTOR('',#5706,2.0);
#4349=CARTESIAN_POINT('',(-3.47,-2.99,8.69));
#4350=CARTESIAN_POINT('',(-3.47,-2.99,8.69));
#4351=VECTOR('',#5707,3.17);
#4352=CARTESIAN_POINT('',(-3.47,-2.99,0.0));
#4353=CARTESIAN_POINT('',(-3.47,-2.99,0.0));
#4354=VECTOR('',#5708,8.69);
#4355=CARTESIAN_POINT('',(-1.5675,-2.99,0.0));
#4356=CARTESIAN_POINT('',(-1.5675,-2.99,0.0));
#4357=VECTOR('',#5709,1.9025);
#4358=CARTESIAN_POINT('',(-1.5675,-2.99,0.65));
#4359=CARTESIAN_POINT('',(-1.5675,-2.99,0.0));
#4360=VECTOR('',#5710,0.65);
#4361=CARTESIAN_POINT('',(-0.9325,-2.99,0.65));
#4362=CARTESIAN_POINT('',(-1.5675,-2.99,0.65));
#4363=VECTOR('',#5711,0.635);
#4364=CARTESIAN_POINT('',(-0.9325,-2.99,0.0));
#4365=CARTESIAN_POINT('',(-0.9325,-2.99,0.0));
#4366=VECTOR('',#5712,0.65);
#4367=CARTESIAN_POINT('',(0.9325,-2.99,0.0));
#4368=CARTESIAN_POINT('',(0.9325,-2.99,0.0));
#4369=VECTOR('',#5713,1.865);
#4370=CARTESIAN_POINT('',(0.9325,-2.99,0.65));
#4371=CARTESIAN_POINT('',(0.9325,-2.99,0.0));
#4372=VECTOR('',#5714,0.65);
#4373=CARTESIAN_POINT('',(1.5675,-2.99,0.65));
#4374=CARTESIAN_POINT('',(0.9325,-2.99,0.65));
#4375=VECTOR('',#5715,0.635);
#4376=CARTESIAN_POINT('',(1.5675,-2.99,0.0));
#4377=CARTESIAN_POINT('',(1.5675,-2.99,0.0));
#4378=VECTOR('',#5716,0.65);
#4379=CARTESIAN_POINT('',(2.87,-2.99,0.0));
#4380=CARTESIAN_POINT('',(2.87,-2.99,0.0));
#4381=VECTOR('',#5717,1.3025);
#4382=CARTESIAN_POINT('',(2.87,-2.99,8.69));
#4383=CARTESIAN_POINT('',(2.87,-2.99,0.0));
#4384=VECTOR('',#5718,8.69);
#4385=CARTESIAN_POINT('',(0.3,-2.99,8.69));
#4386=CARTESIAN_POINT('',(0.3,-2.99,8.69));
#4387=VECTOR('',#5719,2.57);
#4388=CARTESIAN_POINT('',(0.3,-2.99,6.69));
#4389=CARTESIAN_POINT('',(0.3,-2.99,8.69));
#4390=VECTOR('',#5720,2.0);
#4391=CARTESIAN_POINT('',(-0.3,-2.99,6.69));
#4392=VECTOR('',#5721,0.6);
#4393=CARTESIAN_POINT('',(-4.17,-2.45,0.0));
#4394=CARTESIAN_POINT('',(-4.17,-2.99,0.0));
#4395=VECTOR('',#5722,0.54);
#4396=CARTESIAN_POINT('',(-4.17,-2.45,7.69));
#4397=CARTESIAN_POINT('',(-4.17,-2.45,7.69));
#4398=VECTOR('',#5723,7.69);
#4399=CARTESIAN_POINT('',(-4.17,-2.99,7.69));
#4400=VECTOR('',#5724,0.54);
#4401=CARTESIAN_POINT('',(-3.67,-2.45,8.69));
#4402=CARTESIAN_POINT('',(-3.995,-2.45,8.04));
#4403=CARTESIAN_POINT('',(-3.67,-2.45,8.69));
#4404=VECTOR('',#5725,0.7267220926874);
#4405=CARTESIAN_POINT('',(-3.67,0.19,8.69));
#4406=CARTESIAN_POINT('',(-3.67,-2.45,8.69));
#4407=VECTOR('',#5726,2.64);
#4408=CARTESIAN_POINT('',(-4.67,0.19,6.69));
#4409=CARTESIAN_POINT('',(-4.67,0.19,6.69));
#4410=VECTOR('',#5727,2.2360679775);
#4411=CARTESIAN_POINT('',(-4.67,-2.99,6.69));
#4412=VECTOR('',#5728,3.18);
#4413=CARTESIAN_POINT('',(-4.07,-2.45,7.89));
#4414=CARTESIAN_POINT('',(-4.07,-2.45,7.89));
#4415=VECTOR('',#5729,0.22360679775);
#4416=CARTESIAN_POINT('',(-3.995,-2.45,8.04));
#4417=VECTOR('',#5730,0.1677050983125);
#4418=CARTESIAN_POINT('',(-4.07,-2.45,8.04));
#4419=CARTESIAN_POINT('',(-4.07,-2.45,7.89));
#4420=VECTOR('',#5731,0.15);
#4421=CARTESIAN_POINT('',(-4.07,-2.45,8.04));
#4422=VECTOR('',#5732,0.07500000000001);
#4423=CARTESIAN_POINT('',(-4.07,-2.8,8.39));
#4424=AXIS2_PLACEMENT_3D('',#5733,#5734,#5735);
#4425=CARTESIAN_POINT('',(-3.57,-2.8,8.39));
#4426=CARTESIAN_POINT('',(-4.07,-2.8,8.39));
#4427=VECTOR('',#5736,0.5);
#4428=CARTESIAN_POINT('',(-3.57,-2.45,8.04));
#4429=AXIS2_PLACEMENT_3D('',#5737,#5738,#5739);
#4430=CARTESIAN_POINT('',(-3.995,-2.45,8.04));
#4431=VECTOR('',#5740,0.425);
#4432=CARTESIAN_POINT('',(-3.47,-2.45,0.0));
#4433=CARTESIAN_POINT('',(-3.47,-2.45,0.0));
#4434=VECTOR('',#5741,0.7);
#4435=CARTESIAN_POINT('',(-3.47,-2.45,8.69));
#4436=CARTESIAN_POINT('',(-3.47,-2.45,8.69));
#4437=VECTOR('',#5742,8.69);
#4438=CARTESIAN_POINT('',(-3.67,-2.45,8.69));
#4439=VECTOR('',#5743,0.2);
#4440=CARTESIAN_POINT('',(-3.57,-2.45,0.71));
#4441=CARTESIAN_POINT('',(-3.57,-2.45,0.71));
#4442=VECTOR('',#5744,7.33);
#4443=CARTESIAN_POINT('',(-4.07,-2.45,0.71));
#4444=CARTESIAN_POINT('',(-4.07,-2.45,0.71));
#4445=VECTOR('',#5745,0.5);
#4446=CARTESIAN_POINT('',(-4.07,-2.45,7.89));
#4447=VECTOR('',#5746,7.18);
#4448=CARTESIAN_POINT('',(-4.07,-3.29,1.01));
#4449=CARTESIAN_POINT('',(-4.07,-2.99,0.71));
#4450=AXIS2_PLACEMENT_3D('',#5747,#5748,#5749);
#4451=CARTESIAN_POINT('',(-4.07,-3.29,2.2));
#4452=CARTESIAN_POINT('',(-4.07,-3.29,2.2));
#4453=VECTOR('',#5750,1.19);
#4454=CARTESIAN_POINT('',(-4.07,-3.14,2.35));
#4455=AXIS2_PLACEMENT_3D('',#5751,#5752,#5753);
#4456=CARTESIAN_POINT('',(-4.07,-3.04,2.35));
#4457=CARTESIAN_POINT('',(-4.07,-3.04,2.35));
#4458=VECTOR('',#5754,0.1);
#4459=CARTESIAN_POINT('',(-4.07,-2.89,2.5));
#4460=AXIS2_PLACEMENT_3D('',#5755,#5756,#5757);
#4461=CARTESIAN_POINT('',(-4.07,-2.89,5.2));
#4462=CARTESIAN_POINT('',(-4.07,-2.89,5.2));
#4463=VECTOR('',#5758,2.7);
#4464=CARTESIAN_POINT('',(-4.07,-3.04,5.35));
#4465=AXIS2_PLACEMENT_3D('',#5759,#5760,#5761);
#4466=CARTESIAN_POINT('',(-4.07,-3.14,5.35));
#4467=CARTESIAN_POINT('',(-4.07,-3.14,5.35));
#4468=VECTOR('',#5762,0.1);
#4469=CARTESIAN_POINT('',(-4.07,-3.29,5.5));
#4470=AXIS2_PLACEMENT_3D('',#5763,#5764,#5765);
#4471=CARTESIAN_POINT('',(-4.07,-3.29,8.04));
#4472=CARTESIAN_POINT('',(-4.07,-3.29,8.04));
#4473=VECTOR('',#5766,2.54);
#4474=CARTESIAN_POINT('',(-4.07,-2.94,8.39));
#4475=AXIS2_PLACEMENT_3D('',#5767,#5768,#5769);
#4476=CARTESIAN_POINT('',(-4.07,-2.8,8.39));
#4477=VECTOR('',#5770,0.14);
#4478=CARTESIAN_POINT('',(-4.07,-2.99,0.71));
#4479=VECTOR('',#5771,0.54);
#4480=CARTESIAN_POINT('',(-3.57,-2.99,0.71));
#4481=CARTESIAN_POINT('',(-3.57,-2.99,0.71));
#4482=VECTOR('',#5772,0.54);
#4483=CARTESIAN_POINT('',(-4.07,-2.99,0.71));
#4484=VECTOR('',#5773,0.5);
#4485=CARTESIAN_POINT('',(-3.57,-3.29,1.01));
#4486=AXIS2_PLACEMENT_3D('',#5774,#5775,#5776);
#4487=CARTESIAN_POINT('',(-4.07,-3.29,1.01));
#4488=VECTOR('',#5777,0.5);
#4489=CARTESIAN_POINT('',(-3.57,-3.29,2.2));
#4490=CARTESIAN_POINT('',(-3.57,-3.29,2.2));
#4491=VECTOR('',#5778,1.19);
#4492=CARTESIAN_POINT('',(-4.07,-3.29,2.2));
#4493=VECTOR('',#5779,0.5);
#4494=CARTESIAN_POINT('',(-3.57,-3.14,2.35));
#4495=AXIS2_PLACEMENT_3D('',#5780,#5781,#5782);
#4496=CARTESIAN_POINT('',(-4.07,-3.14,2.35));
#4497=VECTOR('',#5783,0.5);
#4498=CARTESIAN_POINT('',(-3.57,-3.04,2.35));
#4499=CARTESIAN_POINT('',(-3.57,-3.04,2.35));
#4500=VECTOR('',#5784,0.1);
#4501=CARTESIAN_POINT('',(-4.07,-3.04,2.35));
#4502=VECTOR('',#5785,0.5);
#4503=CARTESIAN_POINT('',(-3.57,-2.89,2.5));
#4504=AXIS2_PLACEMENT_3D('',#5786,#5787,#5788);
#4505=CARTESIAN_POINT('',(-4.07,-2.89,2.5));
#4506=VECTOR('',#5789,0.5);
#4507=CARTESIAN_POINT('',(-3.57,-2.89,5.2));
#4508=CARTESIAN_POINT('',(-3.57,-2.89,5.2));
#4509=VECTOR('',#5790,2.7);
#4510=CARTESIAN_POINT('',(-4.07,-2.89,5.2));
#4511=VECTOR('',#5791,0.5);
#4512=CARTESIAN_POINT('',(-3.57,-3.04,5.35));
#4513=AXIS2_PLACEMENT_3D('',#5792,#5793,#5794);
#4514=CARTESIAN_POINT('',(-4.07,-3.04,5.35));
#4515=VECTOR('',#5795,0.5);
#4516=CARTESIAN_POINT('',(-3.57,-3.14,5.35));
#4517=CARTESIAN_POINT('',(-3.57,-3.14,5.35));
#4518=VECTOR('',#5796,0.1);
#4519=CARTESIAN_POINT('',(-4.07,-3.14,5.35));
#4520=VECTOR('',#5797,0.5);
#4521=CARTESIAN_POINT('',(-3.57,-3.29,5.5));
#4522=AXIS2_PLACEMENT_3D('',#5798,#5799,#5800);
#4523=CARTESIAN_POINT('',(-4.07,-3.29,5.5));
#4524=VECTOR('',#5801,0.5);
#4525=CARTESIAN_POINT('',(-3.57,-3.29,8.04));
#4526=CARTESIAN_POINT('',(-3.57,-3.29,8.04));
#4527=VECTOR('',#5802,2.54);
#4528=CARTESIAN_POINT('',(-4.07,-3.29,8.04));
#4529=VECTOR('',#5803,0.5);
#4530=CARTESIAN_POINT('',(-3.57,-2.94,8.39));
#4531=AXIS2_PLACEMENT_3D('',#5804,#5805,#5806);
#4532=CARTESIAN_POINT('',(-4.07,-2.94,8.39));
#4533=VECTOR('',#5807,0.5);
#4534=CARTESIAN_POINT('',(-3.57,-2.8,8.39));
#4535=VECTOR('',#5808,0.14);
#4536=CARTESIAN_POINT('',(2.87,-2.45,8.69));
#4537=CARTESIAN_POINT('',(2.87,-2.99,8.69));
#4538=VECTOR('',#5809,0.54);
#4539=CARTESIAN_POINT('',(3.07,-2.45,8.69));
#4540=CARTESIAN_POINT('',(3.07,-2.45,8.69));
#4541=VECTOR('',#5810,0.2);
#4542=CARTESIAN_POINT('',(3.07,0.19,8.69));
#4543=CARTESIAN_POINT('',(3.07,-2.45,8.69));
#4544=VECTOR('',#5811,2.64);
#4545=CARTESIAN_POINT('',(3.07,2.99,8.69));
#4546=CARTESIAN_POINT('',(3.07,0.19,8.69));
#4547=VECTOR('',#5812,2.8);
#4548=CARTESIAN_POINT('',(2.8,2.99,8.69));
#4549=CARTESIAN_POINT('',(2.8,2.99,8.69));
#4550=VECTOR('',#5813,0.27);
#4551=CARTESIAN_POINT('',(2.8,3.81,8.69));
#4552=CARTESIAN_POINT('',(2.8,3.81,8.69));
#4553=VECTOR('',#5814,0.82);
#4554=CARTESIAN_POINT('',(2.3,3.81,8.69));
#4555=CARTESIAN_POINT('',(2.3,3.81,8.69));
#4556=VECTOR('',#5815,0.5);
#4557=CARTESIAN_POINT('',(2.3,2.345,8.69));
#4558=CARTESIAN_POINT('',(2.3,3.81,8.69));
#4559=VECTOR('',#5816,1.465);
#4560=CARTESIAN_POINT('',(2.36,2.345,8.69));
#4561=CARTESIAN_POINT('',(2.36,2.345,8.69));
#4562=VECTOR('',#5817,0.06);
#4563=CARTESIAN_POINT('',(2.36,-2.345,8.69));
#4564=CARTESIAN_POINT('',(2.36,2.345,8.69));
#4565=VECTOR('',#5818,4.69);
#4566=CARTESIAN_POINT('',(0.14,-2.345,8.69));
#4567=CARTESIAN_POINT('',(2.36,-2.345,8.69));
#4568=VECTOR('',#5819,2.22);
#4569=CARTESIAN_POINT('',(0.14,-0.155,8.69));
#4570=CARTESIAN_POINT('',(0.14,-2.345,8.69));
#4571=VECTOR('',#5820,2.19);
#4572=CARTESIAN_POINT('',(1.05,-0.155,8.69));
#4573=CARTESIAN_POINT('',(1.05,-0.155,8.69));
#4574=VECTOR('',#5821,0.91);
#4575=CARTESIAN_POINT('',(1.05,0.155,8.69));
#4576=CARTESIAN_POINT('',(1.05,-0.155,8.69));
#4577=VECTOR('',#5822,0.31);
#4578=CARTESIAN_POINT('',(0.14,0.155,8.69));
#4579=CARTESIAN_POINT('',(1.05,0.155,8.69));
#4580=VECTOR('',#5823,0.91);
#4581=CARTESIAN_POINT('',(0.14,2.345,8.69));
#4582=CARTESIAN_POINT('',(0.14,0.155,8.69));
#4583=VECTOR('',#5824,2.19);
#4584=CARTESIAN_POINT('',(1.33,2.345,8.69));
#4585=CARTESIAN_POINT('',(1.33,2.345,8.69));
#4586=VECTOR('',#5825,1.19);
#4587=CARTESIAN_POINT('',(1.33,2.62,8.69));
#4588=CARTESIAN_POINT('',(1.33,2.62,8.69));
#4589=VECTOR('',#5826,0.275);
#4590=CARTESIAN_POINT('',(-1.33,2.62,8.69));
#4591=CARTESIAN_POINT('',(-1.33,2.62,8.69));
#4592=VECTOR('',#5827,2.66);
#4593=CARTESIAN_POINT('',(-1.33,2.345,8.69));
#4594=CARTESIAN_POINT('',(-1.33,2.345,8.69));
#4595=VECTOR('',#5828,0.275);
#4596=CARTESIAN_POINT('',(-0.14,2.345,8.69));
#4597=CARTESIAN_POINT('',(-0.14,2.345,8.69));
#4598=VECTOR('',#5829,1.19);
#4599=CARTESIAN_POINT('',(-0.14,0.155,8.69));
#4600=CARTESIAN_POINT('',(-0.14,0.155,8.69));
#4601=VECTOR('',#5830,2.19);
#4602=CARTESIAN_POINT('',(-2.36,0.155,8.69));
#4603=CARTESIAN_POINT('',(-2.36,0.155,8.69));
#4604=VECTOR('',#5831,2.22);
#4605=CARTESIAN_POINT('',(-2.36,2.345,8.69));
#4606=CARTESIAN_POINT('',(-2.36,0.155,8.69));
#4607=VECTOR('',#5832,2.19);
#4608=CARTESIAN_POINT('',(-2.3,2.345,8.69));
#4609=CARTESIAN_POINT('',(-2.3,2.345,8.69));
#4610=VECTOR('',#5833,0.06);
#4611=CARTESIAN_POINT('',(-2.3,3.81,8.69));
#4612=CARTESIAN_POINT('',(-2.3,2.345,8.69));
#4613=VECTOR('',#5834,1.465);
#4614=CARTESIAN_POINT('',(-2.8,3.81,8.69));
#4615=CARTESIAN_POINT('',(-2.8,3.81,8.69));
#4616=VECTOR('',#5835,0.5);
#4617=CARTESIAN_POINT('',(-2.8,2.99,8.69));
#4618=CARTESIAN_POINT('',(-2.8,3.81,8.69));
#4619=VECTOR('',#5836,0.82);
#4620=CARTESIAN_POINT('',(-2.97,2.99,8.69));
#4621=CARTESIAN_POINT('',(-2.97,2.99,8.69));
#4622=VECTOR('',#5837,0.17);
#4623=CARTESIAN_POINT('',(-2.97,0.19,8.69));
#4624=CARTESIAN_POINT('',(-2.97,0.19,8.69));
#4625=VECTOR('',#5838,2.8);
#4626=CARTESIAN_POINT('',(-3.67,0.19,8.69));
#4627=VECTOR('',#5839,0.7);
#4628=CARTESIAN_POINT('',(-3.47,-2.99,8.69));
#4629=VECTOR('',#5840,0.54);
#4630=CARTESIAN_POINT('',(-0.3,-3.22,8.69));
#4631=CARTESIAN_POINT('',(-0.3,-2.99,8.69));
#4632=VECTOR('',#5841,0.23);
#4633=CARTESIAN_POINT('',(0.3,-3.22,8.69));
#4634=CARTESIAN_POINT('',(-0.3,-3.22,8.69));
#4635=VECTOR('',#5842,0.6);
#4636=CARTESIAN_POINT('',(0.3,-3.22,8.69));
#4637=VECTOR('',#5843,0.23);
#4638=CARTESIAN_POINT('',(-0.14,-0.155,8.69));
#4639=CARTESIAN_POINT('',(-2.36,-0.155,8.69));
#4640=CARTESIAN_POINT('',(-0.14,-0.155,8.69));
#4641=VECTOR('',#5844,2.22);
#4642=CARTESIAN_POINT('',(-0.14,-2.345,8.69));
#4643=CARTESIAN_POINT('',(-0.14,-2.345,8.69));
#4644=VECTOR('',#5845,2.19);
#4645=CARTESIAN_POINT('',(-2.36,-2.345,8.69));
#4646=CARTESIAN_POINT('',(-0.14,-2.345,8.69));
#4647=VECTOR('',#5846,2.22);
#4648=CARTESIAN_POINT('',(-2.36,-2.345,8.69));
#4649=VECTOR('',#5847,2.19);
#4650=CARTESIAN_POINT('',(-2.36,-2.345,2.69));
#4651=CARTESIAN_POINT('',(-2.36,-2.345,2.69));
#4652=VECTOR('',#5848,6.0);
#4653=CARTESIAN_POINT('',(-2.36,-0.155,2.69));
#4654=CARTESIAN_POINT('',(-2.36,-0.155,2.69));
#4655=VECTOR('',#5849,2.19);
#4656=CARTESIAN_POINT('',(-2.36,-0.155,8.69));
#4657=VECTOR('',#5850,6.0);
#4658=CARTESIAN_POINT('',(-2.36,0.155,2.69));
#4659=CARTESIAN_POINT('',(-2.36,0.155,2.69));
#4660=VECTOR('',#5851,6.0);
#4661=CARTESIAN_POINT('',(-2.36,2.345,2.69));
#4662=CARTESIAN_POINT('',(-2.36,2.345,2.69));
#4663=VECTOR('',#5852,2.19);
#4664=CARTESIAN_POINT('',(-2.36,2.345,8.69));
#4665=VECTOR('',#5853,6.0);
#4666=CARTESIAN_POINT('',(-0.14,-0.155,2.69));
#4667=CARTESIAN_POINT('',(-2.36,-0.155,2.69));
#4668=VECTOR('',#5854,2.22);
#4669=CARTESIAN_POINT('',(-0.14,-0.155,8.69));
#4670=VECTOR('',#5855,6.0);
#4671=CARTESIAN_POINT('',(-0.14,-2.345,2.69));
#4672=CARTESIAN_POINT('',(-0.14,-0.155,2.69));
#4673=VECTOR('',#5856,2.19);
#4674=CARTESIAN_POINT('',(-0.14,-2.345,2.69));
#4675=VECTOR('',#5857,6.0);
#4676=CARTESIAN_POINT('',(-0.14,2.345,2.69));
#4677=CARTESIAN_POINT('',(-0.14,2.345,8.69));
#4678=VECTOR('',#5858,6.0);
#4679=CARTESIAN_POINT('',(-0.14,0.155,2.69));
#4680=CARTESIAN_POINT('',(-0.14,2.345,2.69));
#4681=VECTOR('',#5859,2.19);
#4682=CARTESIAN_POINT('',(-0.14,0.155,2.69));
#4683=VECTOR('',#5860,6.0);
#4684=CARTESIAN_POINT('',(-2.36,-2.345,2.69));
#4685=VECTOR('',#5861,2.22);
#4686=CARTESIAN_POINT('',(-1.5675,-0.9325,2.69));
#4687=CARTESIAN_POINT('',(-0.9325,-0.9325,2.69));
#4688=CARTESIAN_POINT('',(-1.5675,-0.9325,2.69));
#4689=VECTOR('',#5862,0.635);
#4690=CARTESIAN_POINT('',(-0.9325,-1.5675,2.69));
#4691=CARTESIAN_POINT('',(-0.9325,-1.5675,2.69));
#4692=VECTOR('',#5863,0.635);
#4693=CARTESIAN_POINT('',(-1.5675,-1.5675,2.69));
#4694=CARTESIAN_POINT('',(-1.5675,-1.5675,2.69));
#4695=VECTOR('',#5864,0.635);
#4696=CARTESIAN_POINT('',(-1.5675,-1.5675,2.69));
#4697=VECTOR('',#5865,0.635);
#4698=CARTESIAN_POINT('',(-1.5675,-2.426811457479,0.0));
#4699=CARTESIAN_POINT('',(-1.5675,-2.99,0.0));
#4700=VECTOR('',#5866,0.5631885425213);
#4701=CARTESIAN_POINT('',(-1.5675,-2.65,-0.29));
#4702=AXIS2_PLACEMENT_3D('',#5867,#5868,#5869);
#4703=CARTESIAN_POINT('',(-1.5675,-2.65,-1.09));
#4704=CARTESIAN_POINT('',(-1.5675,-2.65,-1.09));
#4705=VECTOR('',#5870,0.8);
#4706=CARTESIAN_POINT('',(-1.5675,-2.85,-1.29));
#4707=CARTESIAN_POINT('',(-1.5675,-2.85,-1.29));
#4708=VECTOR('',#5871,0.2828427124746);
#4709=CARTESIAN_POINT('',(-1.5675,-3.09,-1.29));
#4710=CARTESIAN_POINT('',(-1.5675,-3.09,-1.29));
#4711=VECTOR('',#5872,0.24);
#4712=CARTESIAN_POINT('',(-1.5675,-3.29,-1.09));
#4713=AXIS2_PLACEMENT_3D('',#5873,#5874,#5875);
#4714=CARTESIAN_POINT('',(-1.5675,-3.29,0.45));
#4715=CARTESIAN_POINT('',(-1.5675,-3.29,0.45));
#4716=VECTOR('',#5876,1.54);
#4717=CARTESIAN_POINT('',(-1.5675,-3.09,0.65));
#4718=AXIS2_PLACEMENT_3D('',#5877,#5878,#5879);
#4719=CARTESIAN_POINT('',(-1.5675,-2.99,0.65));
#4720=VECTOR('',#5880,0.1);
#4721=CARTESIAN_POINT('',(-1.5675,-1.1,-0.75));
#4722=CARTESIAN_POINT('',(-1.5675,-0.35,0.0));
#4723=CARTESIAN_POINT('',(-1.5675,-1.1,-0.75));
#4724=VECTOR('',#5881,1.06066017178);
#4725=CARTESIAN_POINT('',(-1.5675,-1.85,-0.75));
#4726=CARTESIAN_POINT('',(-1.5675,-1.85,-0.75));
#4727=VECTOR('',#5882,0.75);
#4728=CARTESIAN_POINT('',(-1.5675,-1.85,-0.29));
#4729=CARTESIAN_POINT('',(-1.5675,-1.85,-0.29));
#4730=VECTOR('',#5883,0.46);
#4731=CARTESIAN_POINT('',(-1.5675,-2.073188542521,0.0));
#4732=AXIS2_PLACEMENT_3D('',#5884,#5885,#5886);
#4733=CARTESIAN_POINT('',(-1.5675,-2.073188542521,0.0));
#4734=VECTOR('',#5887,1.723188542521);
#4735=CARTESIAN_POINT('',(-1.5675,-0.9325,6.43));
#4736=CARTESIAN_POINT('',(-1.5675,-0.9325,2.69));
#4737=VECTOR('',#5888,3.74);
#4738=CARTESIAN_POINT('',(-1.5675,-1.5675,6.43));
#4739=CARTESIAN_POINT('',(-1.5675,-1.5675,6.43));
#4740=VECTOR('',#5889,3.74);
#4741=CARTESIAN_POINT('',(-1.5675,-1.5675,6.43));
#4742=VECTOR('',#5890,0.635);
#4743=CARTESIAN_POINT('',(-0.9325,-3.09,0.65));
#4744=CARTESIAN_POINT('',(-1.5675,-3.09,0.65));
#4745=VECTOR('',#5891,0.635);
#4746=CARTESIAN_POINT('',(-0.9325,-2.99,0.65));
#4747=VECTOR('',#5892,0.1);
#4748=CARTESIAN_POINT('',(-0.9325,-3.29,0.45));
#4749=AXIS2_PLACEMENT_3D('',#5893,#5894,#5895);
#4750=CARTESIAN_POINT('',(-0.9325,-3.29,-1.09));
#4751=CARTESIAN_POINT('',(-0.9325,-3.29,0.45));
#4752=VECTOR('',#5896,1.54);
#4753=CARTESIAN_POINT('',(-0.9325,-3.09,-1.29));
#4754=AXIS2_PLACEMENT_3D('',#5897,#5898,#5899);
#4755=CARTESIAN_POINT('',(-0.9325,-2.85,-1.29));
#4756=CARTESIAN_POINT('',(-0.9325,-3.09,-1.29));
#4757=VECTOR('',#5900,0.24);
#4758=CARTESIAN_POINT('',(-0.9325,-2.65,-1.09));
#4759=CARTESIAN_POINT('',(-0.9325,-2.85,-1.29));
#4760=VECTOR('',#5901,0.2828427124746);
#4761=CARTESIAN_POINT('',(-0.9325,-2.65,-0.29));
#4762=CARTESIAN_POINT('',(-0.9325,-2.65,-1.09));
#4763=VECTOR('',#5902,0.8);
#4764=CARTESIAN_POINT('',(-0.9325,-2.426811457479,0.0));
#4765=AXIS2_PLACEMENT_3D('',#5903,#5904,#5905);
#4766=CARTESIAN_POINT('',(-0.9325,-2.99,0.0));
#4767=VECTOR('',#5906,0.5631885425213);
#4768=CARTESIAN_POINT('',(-0.9325,-2.073188542521,0.0));
#4769=CARTESIAN_POINT('',(-0.9325,-1.85,-0.29));
#4770=AXIS2_PLACEMENT_3D('',#5907,#5908,#5909);
#4771=CARTESIAN_POINT('',(-0.9325,-1.85,-0.75));
#4772=CARTESIAN_POINT('',(-0.9325,-1.85,-0.29));
#4773=VECTOR('',#5910,0.46);
#4774=CARTESIAN_POINT('',(-0.9325,-1.1,-0.75));
#4775=CARTESIAN_POINT('',(-0.9325,-1.85,-0.75));
#4776=VECTOR('',#5911,0.75);
#4777=CARTESIAN_POINT('',(-0.9325,-0.35,0.0));
#4778=CARTESIAN_POINT('',(-0.9325,-1.1,-0.75));
#4779=VECTOR('',#5912,1.06066017178);
#4780=CARTESIAN_POINT('',(-0.9325,-2.073188542521,0.0));
#4781=VECTOR('',#5913,1.723188542521);
#4782=CARTESIAN_POINT('',(-0.9325,-1.5675,6.43));
#4783=CARTESIAN_POINT('',(-0.9325,-1.5675,6.43));
#4784=VECTOR('',#5914,3.74);
#4785=CARTESIAN_POINT('',(-0.9325,-0.9325,6.43));
#4786=CARTESIAN_POINT('',(-0.9325,-0.9325,2.69));
#4787=VECTOR('',#5915,3.74);
#4788=CARTESIAN_POINT('',(-0.9325,-0.9325,6.43));
#4789=VECTOR('',#5916,0.635);
#4790=CARTESIAN_POINT('',(-1.5675,-2.426811457479,0.0));
#4791=VECTOR('',#5917,0.635);
#4792=CARTESIAN_POINT('',(-3.47,-2.99,0.0));
#4793=VECTOR('',#5918,0.54);
#4794=CARTESIAN_POINT('',(-4.67,2.99,0.0));
#4795=CARTESIAN_POINT('',(-4.67,-2.99,0.0));
#4796=VECTOR('',#5919,5.98);
#4797=CARTESIAN_POINT('',(4.07,2.99,0.0));
#4798=CARTESIAN_POINT('',(4.07,2.99,0.0));
#4799=VECTOR('',#5920,8.74);
#4800=CARTESIAN_POINT('',(4.07,-2.99,0.0));
#4801=VECTOR('',#5921,5.98);
#4802=CARTESIAN_POINT('',(3.57,-2.45,0.0));
#4803=CARTESIAN_POINT('',(3.57,-2.99,0.0));
#4804=VECTOR('',#5922,0.54);
#4805=CARTESIAN_POINT('',(2.87,-2.45,0.0));
#4806=CARTESIAN_POINT('',(3.57,-2.45,0.0));
#4807=VECTOR('',#5923,0.7);
#4808=CARTESIAN_POINT('',(2.87,-2.99,0.0));
#4809=VECTOR('',#5924,0.54);
#4810=CARTESIAN_POINT('',(1.5675,-2.426811457479,0.0));
#4811=CARTESIAN_POINT('',(1.5675,-2.99,0.0));
#4812=VECTOR('',#5925,0.5631885425213);
#4813=CARTESIAN_POINT('',(0.9325,-2.426811457479,0.0));
#4814=CARTESIAN_POINT('',(0.9325,-2.426811457479,0.0));
#4815=VECTOR('',#5926,0.635);
#4816=CARTESIAN_POINT('',(0.9325,-2.99,0.0));
#4817=VECTOR('',#5927,0.5631885425213);
#4818=CARTESIAN_POINT('',(0.9325,0.295,0.0));
#4819=CARTESIAN_POINT('',(1.5675,0.295,0.0));
#4820=CARTESIAN_POINT('',(0.9325,0.295,0.0));
#4821=VECTOR('',#5928,0.635);
#4822=CARTESIAN_POINT('',(1.5675,2.205,0.0));
#4823=CARTESIAN_POINT('',(1.5675,0.295,0.0));
#4824=VECTOR('',#5929,1.91);
#4825=CARTESIAN_POINT('',(0.9325,2.205,0.0));
#4826=CARTESIAN_POINT('',(0.9325,2.205,0.0));
#4827=VECTOR('',#5930,0.635);
#4828=CARTESIAN_POINT('',(0.9325,0.295,0.0));
#4829=VECTOR('',#5931,1.91);
#4830=CARTESIAN_POINT('',(-1.5675,-2.073188542521,0.0));
#4831=VECTOR('',#5932,0.635);
#4832=CARTESIAN_POINT('',(-1.5675,-0.35,0.0));
#4833=VECTOR('',#5933,0.635);
#4834=CARTESIAN_POINT('',(-1.5675,0.295,0.0));
#4835=CARTESIAN_POINT('',(-0.9325,0.295,0.0));
#4836=CARTESIAN_POINT('',(-1.5675,0.295,0.0));
#4837=VECTOR('',#5934,0.635);
#4838=CARTESIAN_POINT('',(-0.9325,2.205,0.0));
#4839=CARTESIAN_POINT('',(-0.9325,0.295,0.0));
#4840=VECTOR('',#5935,1.91);
#4841=CARTESIAN_POINT('',(-1.5675,2.205,0.0));
#4842=CARTESIAN_POINT('',(-1.5675,2.205,0.0));
#4843=VECTOR('',#5936,0.635);
#4844=CARTESIAN_POINT('',(-1.5675,0.295,0.0));
#4845=VECTOR('',#5937,1.91);
#4846=CARTESIAN_POINT('',(0.9325,-2.073188542521,0.0));
#4847=CARTESIAN_POINT('',(1.5675,-2.073188542521,0.0));
#4848=CARTESIAN_POINT('',(0.9325,-2.073188542521,0.0));
#4849=VECTOR('',#5938,0.635);
#4850=CARTESIAN_POINT('',(1.5675,-0.35,0.0));
#4851=CARTESIAN_POINT('',(1.5675,-2.073188542521,0.0));
#4852=VECTOR('',#5939,1.723188542521);
#4853=CARTESIAN_POINT('',(0.9325,-0.35,0.0));
#4854=CARTESIAN_POINT('',(0.9325,-0.35,0.0));
#4855=VECTOR('',#5940,0.635);
#4856=CARTESIAN_POINT('',(0.9325,-2.073188542521,0.0));
#4857=VECTOR('',#5941,1.723188542521);
#4858=CARTESIAN_POINT('',(-1.5675,2.205,-0.75));
#4859=CARTESIAN_POINT('',(-1.5675,2.205,-0.75));
#4860=VECTOR('',#5942,0.75);
#4861=CARTESIAN_POINT('',(-1.5675,0.5586018619951,-0.75));
#4862=CARTESIAN_POINT('',(-1.5675,0.5586018619951,-0.75));
#4863=VECTOR('',#5943,1.646398138005);
#4864=CARTESIAN_POINT('',(-1.5675,-2.531943420449,-3.007270879078));
#4865=CARTESIAN_POINT('',(-1.5675,-2.531943420449,-3.007270879078));
#4866=VECTOR('',#5944,3.827106212842);
#4867=CARTESIAN_POINT('',(-1.5675,-2.655,-3.249533187248));
#4868=AXIS2_PLACEMENT_3D('',#5945,#5946,#5947);
#4869=CARTESIAN_POINT('',(-1.5675,-2.655,-4.39));
#4870=CARTESIAN_POINT('',(-1.5675,-2.655,-4.39));
#4871=VECTOR('',#5948,1.140466812752);
#4872=CARTESIAN_POINT('',(-1.5675,-2.855,-4.59));
#4873=CARTESIAN_POINT('',(-1.5675,-2.855,-4.59));
#4874=VECTOR('',#5949,0.2828427124746);
#4875=CARTESIAN_POINT('',(-1.5675,-3.09,-4.59));
#4876=CARTESIAN_POINT('',(-1.5675,-3.09,-4.59));
#4877=VECTOR('',#5950,0.235);
#4878=CARTESIAN_POINT('',(-1.5675,-3.29,-4.39));
#4879=AXIS2_PLACEMENT_3D('',#5951,#5952,#5953);
#4880=CARTESIAN_POINT('',(-1.5675,-3.29,-2.87));
#4881=CARTESIAN_POINT('',(-1.5675,-3.29,-2.87));
#4882=VECTOR('',#5954,1.52);
#4883=CARTESIAN_POINT('',(-1.5675,-3.2079622803,-2.708491794554));
#4884=AXIS2_PLACEMENT_3D('',#5955,#5956,#5957);
#4885=CARTESIAN_POINT('',(-1.5675,0.295,-0.15));
#4886=CARTESIAN_POINT('',(-1.5675,0.295,-0.15));
#4887=VECTOR('',#5958,4.337813389255);
#4888=CARTESIAN_POINT('',(-1.5675,0.295,0.0));
#4889=VECTOR('',#5959,0.15);
#4890=CARTESIAN_POINT('',(-1.5675,1.57,2.69));
#4891=CARTESIAN_POINT('',(-1.5675,1.57,6.43));
#4892=CARTESIAN_POINT('',(-1.5675,1.57,2.69));
#4893=VECTOR('',#5960,3.74);
#4894=CARTESIAN_POINT('',(-1.5675,0.93,2.69));
#4895=CARTESIAN_POINT('',(-1.5675,0.93,2.69));
#4896=VECTOR('',#5961,0.64);
#4897=CARTESIAN_POINT('',(-1.5675,0.93,6.43));
#4898=CARTESIAN_POINT('',(-1.5675,0.93,6.43));
#4899=VECTOR('',#5962,3.74);
#4900=CARTESIAN_POINT('',(-1.5675,0.93,6.43));
#4901=VECTOR('',#5963,0.64);
#4902=CARTESIAN_POINT('',(-0.9325,0.295,-0.15));
#4903=CARTESIAN_POINT('',(-1.5675,0.295,-0.15));
#4904=VECTOR('',#5964,0.635);
#4905=CARTESIAN_POINT('',(-0.9325,0.295,0.0));
#4906=VECTOR('',#5965,0.15);
#4907=CARTESIAN_POINT('',(-0.9325,-3.2079622803,-2.708491794554));
#4908=CARTESIAN_POINT('',(-0.9325,0.295,-0.15));
#4909=VECTOR('',#5966,4.337813389255);
#4910=CARTESIAN_POINT('',(-0.9325,-3.29,-2.87));
#4911=AXIS2_PLACEMENT_3D('',#5967,#5968,#5969);
#4912=CARTESIAN_POINT('',(-0.9325,-3.29,-4.39));
#4913=CARTESIAN_POINT('',(-0.9325,-3.29,-2.87));
#4914=VECTOR('',#5970,1.52);
#4915=CARTESIAN_POINT('',(-0.9325,-3.09,-4.59));
#4916=AXIS2_PLACEMENT_3D('',#5971,#5972,#5973);
#4917=CARTESIAN_POINT('',(-0.9325,-2.855,-4.59));
#4918=CARTESIAN_POINT('',(-0.9325,-3.09,-4.59));
#4919=VECTOR('',#5974,0.235);
#4920=CARTESIAN_POINT('',(-0.9325,-2.655,-4.39));
#4921=CARTESIAN_POINT('',(-0.9325,-2.855,-4.59));
#4922=VECTOR('',#5975,0.2828427124746);
#4923=CARTESIAN_POINT('',(-0.9325,-2.655,-3.249533187248));
#4924=CARTESIAN_POINT('',(-0.9325,-2.655,-4.39));
#4925=VECTOR('',#5976,1.140466812752);
#4926=CARTESIAN_POINT('',(-0.9325,-2.531943420449,-3.007270879078));
#4927=AXIS2_PLACEMENT_3D('',#5977,#5978,#5979);
#4928=CARTESIAN_POINT('',(-0.9325,0.5586018619951,-0.75));
#4929=CARTESIAN_POINT('',(-0.9325,-2.531943420449,-3.007270879078));
#4930=VECTOR('',#5980,3.827106212842);
#4931=CARTESIAN_POINT('',(-0.9325,2.205,-0.75));
#4932=CARTESIAN_POINT('',(-0.9325,0.5586018619951,-0.75));
#4933=VECTOR('',#5981,1.646398138005);
#4934=CARTESIAN_POINT('',(-0.9325,2.205,-0.75));
#4935=VECTOR('',#5982,0.75);
#4936=CARTESIAN_POINT('',(-0.9325,0.93,6.43));
#4937=CARTESIAN_POINT('',(-0.9325,0.93,2.69));
#4938=CARTESIAN_POINT('',(-0.9325,0.93,6.43));
#4939=VECTOR('',#5983,3.74);
#4940=CARTESIAN_POINT('',(-0.9325,1.57,2.69));
#4941=CARTESIAN_POINT('',(-0.9325,0.93,2.69));
#4942=VECTOR('',#5984,0.64);
#4943=CARTESIAN_POINT('',(-0.9325,1.57,6.43));
#4944=CARTESIAN_POINT('',(-0.9325,1.57,2.69));
#4945=VECTOR('',#5985,3.74);
#4946=CARTESIAN_POINT('',(-0.9325,1.57,6.43));
#4947=VECTOR('',#5986,0.64);
#4948=CARTESIAN_POINT('',(-1.5675,2.205,-0.75));
#4949=VECTOR('',#5987,0.635);
#4950=CARTESIAN_POINT('',(-1.5675,0.5586018619951,-0.75));
#4951=VECTOR('',#5988,0.635);
#4952=CARTESIAN_POINT('',(-1.5675,-2.531943420449,-3.007270879078));
#4953=VECTOR('',#5989,0.635);
#4954=CARTESIAN_POINT('',(-1.5675,-2.655,-3.249533187248));
#4955=VECTOR('',#5990,0.635);
#4956=CARTESIAN_POINT('',(-1.5675,-2.655,-4.39));
#4957=VECTOR('',#5991,0.635);
#4958=CARTESIAN_POINT('',(-1.5675,-2.855,-4.59));
#4959=VECTOR('',#5992,0.635);
#4960=CARTESIAN_POINT('',(-1.5675,-3.09,-4.59));
#4961=VECTOR('',#5993,0.635);
#4962=CARTESIAN_POINT('',(-1.5675,-3.29,-4.39));
#4963=VECTOR('',#5994,0.635);
#4964=CARTESIAN_POINT('',(-1.5675,-3.29,-2.87));
#4965=VECTOR('',#5995,0.635);
#4966=CARTESIAN_POINT('',(-1.5675,-3.2079622803,-2.708491794554));
#4967=VECTOR('',#5996,0.635);
#4968=CARTESIAN_POINT('',(-1.0825,1.37,7.23));
#4969=CARTESIAN_POINT('',(-1.0825,1.37,7.23));
#4970=VECTOR('',#5997,0.838152730712);
#4971=CARTESIAN_POINT('',(-1.0825,1.13,7.23));
#4972=CARTESIAN_POINT('',(-1.0825,1.37,7.23));
#4973=VECTOR('',#5998,0.24);
#4974=CARTESIAN_POINT('',(-0.9325,0.93,6.43));
#4975=VECTOR('',#5999,0.838152730712);
#4976=CARTESIAN_POINT('',(-1.4175,1.13,7.23));
#4977=CARTESIAN_POINT('',(-1.4175,1.13,7.23));
#4978=VECTOR('',#6000,0.335);
#4979=CARTESIAN_POINT('',(-1.4175,1.13,7.23));
#4980=VECTOR('',#6001,0.838152730712);
#4981=CARTESIAN_POINT('',(-1.5675,0.93,6.43));
#4982=VECTOR('',#6002,0.635);
#4983=CARTESIAN_POINT('',(-1.5675,0.93,2.69));
#4984=VECTOR('',#6003,0.635);
#4985=CARTESIAN_POINT('',(2.3,2.99,2.69));
#4986=CARTESIAN_POINT('',(-2.3,2.99,2.69));
#4987=CARTESIAN_POINT('',(2.3,2.99,2.69));
#4988=VECTOR('',#6004,4.6);
#4989=CARTESIAN_POINT('',(-2.3,2.345,2.69));
#4990=CARTESIAN_POINT('',(-2.3,2.99,2.69));
#4991=VECTOR('',#6005,0.645);
#4992=CARTESIAN_POINT('',(-2.36,2.345,2.69));
#4993=VECTOR('',#6006,0.06);
#4994=CARTESIAN_POINT('',(-2.36,0.155,2.69));
#4995=VECTOR('',#6007,2.22);
#4996=CARTESIAN_POINT('',(-1.33,2.345,2.69));
#4997=CARTESIAN_POINT('',(-1.33,2.345,2.69));
#4998=VECTOR('',#6008,1.19);
#4999=CARTESIAN_POINT('',(-1.33,2.62,2.69));
#5000=CARTESIAN_POINT('',(-1.33,2.345,2.69));
#5001=VECTOR('',#6009,0.275);
#5002=CARTESIAN_POINT('',(1.33,2.62,2.69));
#5003=CARTESIAN_POINT('',(-1.33,2.62,2.69));
#5004=VECTOR('',#6010,2.66);
#5005=CARTESIAN_POINT('',(1.33,2.345,2.69));
#5006=CARTESIAN_POINT('',(1.33,2.62,2.69));
#5007=VECTOR('',#6011,0.275);
#5008=CARTESIAN_POINT('',(0.14,2.345,2.69));
#5009=CARTESIAN_POINT('',(0.14,2.345,2.69));
#5010=VECTOR('',#6012,1.19);
#5011=CARTESIAN_POINT('',(0.14,0.155,2.69));
#5012=CARTESIAN_POINT('',(0.14,2.345,2.69));
#5013=VECTOR('',#6013,2.19);
#5014=CARTESIAN_POINT('',(2.36,0.155,2.69));
#5015=CARTESIAN_POINT('',(0.14,0.155,2.69));
#5016=VECTOR('',#6014,2.22);
#5017=CARTESIAN_POINT('',(2.36,2.345,2.69));
#5018=CARTESIAN_POINT('',(2.36,2.345,2.69));
#5019=VECTOR('',#6015,2.19);
#5020=CARTESIAN_POINT('',(2.3,2.345,2.69));
#5021=CARTESIAN_POINT('',(2.3,2.345,2.69));
#5022=VECTOR('',#6016,0.06);
#5023=CARTESIAN_POINT('',(2.3,2.345,2.69));
#5024=VECTOR('',#6017,0.645);
#5025=CARTESIAN_POINT('',(-1.5675,1.57,2.69));
#5026=VECTOR('',#6018,0.635);
#5027=CARTESIAN_POINT('',(0.9325,1.57,2.69));
#5028=CARTESIAN_POINT('',(1.5675,1.57,2.69));
#5029=CARTESIAN_POINT('',(0.9325,1.57,2.69));
#5030=VECTOR('',#6019,0.635);
#5031=CARTESIAN_POINT('',(1.5675,0.93,2.69));
#5032=CARTESIAN_POINT('',(1.5675,0.93,2.69));
#5033=VECTOR('',#6020,0.64);
#5034=CARTESIAN_POINT('',(0.9325,0.93,2.69));
#5035=CARTESIAN_POINT('',(0.9325,0.93,2.69));
#5036=VECTOR('',#6021,0.635);
#5037=CARTESIAN_POINT('',(0.9325,0.93,2.69));
#5038=VECTOR('',#6022,0.64);
#5039=CARTESIAN_POINT('',(0.9325,2.205,-0.75));
#5040=CARTESIAN_POINT('',(0.9325,2.205,-0.75));
#5041=VECTOR('',#6023,0.75);
#5042=CARTESIAN_POINT('',(0.9325,0.5586018619951,-0.75));
#5043=CARTESIAN_POINT('',(0.9325,0.5586018619951,-0.75));
#5044=VECTOR('',#6024,1.646398138005);
#5045=CARTESIAN_POINT('',(0.9325,-2.531943420449,-3.007270879078));
#5046=CARTESIAN_POINT('',(0.9325,-2.531943420449,-3.007270879078));
#5047=VECTOR('',#6025,3.827106212842);
#5048=CARTESIAN_POINT('',(0.9325,-2.655,-3.249533187248));
#5049=AXIS2_PLACEMENT_3D('',#6026,#6027,#6028);
#5050=CARTESIAN_POINT('',(0.9325,-2.655,-4.39));
#5051=CARTESIAN_POINT('',(0.9325,-2.655,-4.39));
#5052=VECTOR('',#6029,1.140466812752);
#5053=CARTESIAN_POINT('',(0.9325,-2.855,-4.59));
#5054=CARTESIAN_POINT('',(0.9325,-2.855,-4.59));
#5055=VECTOR('',#6030,0.2828427124746);
#5056=CARTESIAN_POINT('',(0.9325,-3.09,-4.59));
#5057=CARTESIAN_POINT('',(0.9325,-3.09,-4.59));
#5058=VECTOR('',#6031,0.235);
#5059=CARTESIAN_POINT('',(0.9325,-3.29,-4.39));
#5060=AXIS2_PLACEMENT_3D('',#6032,#6033,#6034);
#5061=CARTESIAN_POINT('',(0.9325,-3.29,-2.87));
#5062=CARTESIAN_POINT('',(0.9325,-3.29,-2.87));
#5063=VECTOR('',#6035,1.52);
#5064=CARTESIAN_POINT('',(0.9325,-3.2079622803,-2.708491794554));
#5065=AXIS2_PLACEMENT_3D('',#6036,#6037,#6038);
#5066=CARTESIAN_POINT('',(0.9325,0.295,-0.15));
#5067=CARTESIAN_POINT('',(0.9325,0.295,-0.15));
#5068=VECTOR('',#6039,4.337813389255);
#5069=CARTESIAN_POINT('',(0.9325,0.295,0.0));
#5070=VECTOR('',#6040,0.15);
#5071=CARTESIAN_POINT('',(0.9325,1.57,6.43));
#5072=CARTESIAN_POINT('',(0.9325,1.57,2.69));
#5073=VECTOR('',#6041,3.74);
#5074=CARTESIAN_POINT('',(0.9325,0.93,6.43));
#5075=CARTESIAN_POINT('',(0.9325,0.93,6.43));
#5076=VECTOR('',#6042,3.74);
#5077=CARTESIAN_POINT('',(0.9325,0.93,6.43));
#5078=VECTOR('',#6043,0.64);
#5079=CARTESIAN_POINT('',(1.5675,0.295,-0.15));
#5080=CARTESIAN_POINT('',(0.9325,0.295,-0.15));
#5081=VECTOR('',#6044,0.635);
#5082=CARTESIAN_POINT('',(1.5675,0.295,0.0));
#5083=VECTOR('',#6045,0.15);
#5084=CARTESIAN_POINT('',(1.5675,-3.2079622803,-2.708491794554));
#5085=CARTESIAN_POINT('',(1.5675,0.295,-0.15));
#5086=VECTOR('',#6046,4.337813389255);
#5087=CARTESIAN_POINT('',(1.5675,-3.29,-2.87));
#5088=AXIS2_PLACEMENT_3D('',#6047,#6048,#6049);
#5089=CARTESIAN_POINT('',(1.5675,-3.29,-4.39));
#5090=CARTESIAN_POINT('',(1.5675,-3.29,-2.87));
#5091=VECTOR('',#6050,1.52);
#5092=CARTESIAN_POINT('',(1.5675,-3.09,-4.59));
#5093=AXIS2_PLACEMENT_3D('',#6051,#6052,#6053);
#5094=CARTESIAN_POINT('',(1.5675,-2.855,-4.59));
#5095=CARTESIAN_POINT('',(1.5675,-3.09,-4.59));
#5096=VECTOR('',#6054,0.235);
#5097=CARTESIAN_POINT('',(1.5675,-2.655,-4.39));
#5098=CARTESIAN_POINT('',(1.5675,-2.855,-4.59));
#5099=VECTOR('',#6055,0.2828427124746);
#5100=CARTESIAN_POINT('',(1.5675,-2.655,-3.249533187248));
#5101=CARTESIAN_POINT('',(1.5675,-2.655,-4.39));
#5102=VECTOR('',#6056,1.140466812752);
#5103=CARTESIAN_POINT('',(1.5675,-2.531943420449,-3.007270879078));
#5104=AXIS2_PLACEMENT_3D('',#6057,#6058,#6059);
#5105=CARTESIAN_POINT('',(1.5675,0.5586018619951,-0.75));
#5106=CARTESIAN_POINT('',(1.5675,-2.531943420449,-3.007270879078));
#5107=VECTOR('',#6060,3.827106212842);
#5108=CARTESIAN_POINT('',(1.5675,2.205,-0.75));
#5109=CARTESIAN_POINT('',(1.5675,0.5586018619951,-0.75));
#5110=VECTOR('',#6061,1.646398138005);
#5111=CARTESIAN_POINT('',(1.5675,2.205,-0.75));
#5112=VECTOR('',#6062,0.75);
#5113=CARTESIAN_POINT('',(1.5675,0.93,6.43));
#5114=CARTESIAN_POINT('',(1.5675,0.93,6.43));
#5115=VECTOR('',#6063,3.74);
#5116=CARTESIAN_POINT('',(1.5675,1.57,6.43));
#5117=CARTESIAN_POINT('',(1.5675,1.57,2.69));
#5118=VECTOR('',#6064,3.74);
#5119=CARTESIAN_POINT('',(1.5675,1.57,6.43));
#5120=VECTOR('',#6065,0.64);
#5121=CARTESIAN_POINT('',(0.9325,2.205,-0.75));
#5122=VECTOR('',#6066,0.635);
#5123=CARTESIAN_POINT('',(0.9325,0.5586018619951,-0.75));
#5124=VECTOR('',#6067,0.635);
#5125=CARTESIAN_POINT('',(0.9325,-2.531943420449,-3.007270879078));
#5126=VECTOR('',#6068,0.635);
#5127=CARTESIAN_POINT('',(0.9325,-2.655,-3.249533187248));
#5128=VECTOR('',#6069,0.635);
#5129=CARTESIAN_POINT('',(0.9325,-2.655,-4.39));
#5130=VECTOR('',#6070,0.635);
#5131=CARTESIAN_POINT('',(0.9325,-2.855,-4.59));
#5132=VECTOR('',#6071,0.635);
#5133=CARTESIAN_POINT('',(0.9325,-3.09,-4.59));
#5134=VECTOR('',#6072,0.635);
#5135=CARTESIAN_POINT('',(0.9325,-3.29,-4.39));
#5136=VECTOR('',#6073,0.635);
#5137=CARTESIAN_POINT('',(0.9325,-3.29,-2.87));
#5138=VECTOR('',#6074,0.635);
#5139=CARTESIAN_POINT('',(0.9325,-3.2079622803,-2.708491794554));
#5140=VECTOR('',#6075,0.635);
#5141=CARTESIAN_POINT('',(1.4175,1.37,7.23));
#5142=CARTESIAN_POINT('',(1.4175,1.37,7.23));
#5143=VECTOR('',#6076,0.838152730712);
#5144=CARTESIAN_POINT('',(1.4175,1.13,7.23));
#5145=CARTESIAN_POINT('',(1.4175,1.37,7.23));
#5146=VECTOR('',#6077,0.24);
#5147=CARTESIAN_POINT('',(1.5675,0.93,6.43));
#5148=VECTOR('',#6078,0.838152730712);
#5149=CARTESIAN_POINT('',(1.0825,1.13,7.23));
#5150=CARTESIAN_POINT('',(1.0825,1.13,7.23));
#5151=VECTOR('',#6079,0.335);
#5152=CARTESIAN_POINT('',(1.0825,1.13,7.23));
#5153=VECTOR('',#6080,0.838152730712);
#5154=CARTESIAN_POINT('',(0.9325,0.93,6.43));
#5155=VECTOR('',#6081,0.635);
#5156=CARTESIAN_POINT('',(1.0825,1.37,7.23));
#5157=CARTESIAN_POINT('',(1.0825,1.13,7.23));
#5158=VECTOR('',#6082,0.24);
#5159=CARTESIAN_POINT('',(0.9325,1.57,6.43));
#5160=VECTOR('',#6083,0.838152730712);
#5161=CARTESIAN_POINT('',(0.9325,1.57,6.43));
#5162=VECTOR('',#6084,0.635);
#5163=CARTESIAN_POINT('',(1.0825,1.37,7.23));
#5164=VECTOR('',#6085,0.335);
#5165=CARTESIAN_POINT('',(-1.5675,1.57,6.43));
#5166=VECTOR('',#6086,0.635);
#5167=CARTESIAN_POINT('',(-1.4175,1.37,7.23));
#5168=CARTESIAN_POINT('',(-1.5675,1.57,6.43));
#5169=VECTOR('',#6087,0.838152730712);
#5170=CARTESIAN_POINT('',(-1.4175,1.37,7.23));
#5171=VECTOR('',#6088,0.335);
#5172=CARTESIAN_POINT('',(-1.4175,1.13,7.23));
#5173=VECTOR('',#6089,0.24);
#5174=CARTESIAN_POINT('',(2.3,5.0,9.88));
#5175=CARTESIAN_POINT('',(2.3,3.81,8.69));
#5176=VECTOR('',#6090,1.682914139224);
#5177=CARTESIAN_POINT('',(2.3,5.0,1.8));
#5178=CARTESIAN_POINT('',(2.3,5.0,9.88));
#5179=VECTOR('',#6091,8.08);
#5180=CARTESIAN_POINT('',(2.3,2.99,1.8));
#5181=CARTESIAN_POINT('',(2.3,2.99,1.8));
#5182=VECTOR('',#6092,2.01);
#5183=CARTESIAN_POINT('',(2.3,2.99,2.69));
#5184=VECTOR('',#6093,0.89);
#5185=CARTESIAN_POINT('',(2.3,2.345,8.69));
#5186=VECTOR('',#6094,6.0);
#5187=CARTESIAN_POINT('',(1.33,2.345,8.69));
#5188=VECTOR('',#6095,6.0);
#5189=CARTESIAN_POINT('',(0.14,2.345,8.69));
#5190=VECTOR('',#6096,6.0);
#5191=CARTESIAN_POINT('',(2.36,2.345,8.69));
#5192=VECTOR('',#6097,6.0);
#5193=CARTESIAN_POINT('',(0.14,-2.345,2.69));
#5194=CARTESIAN_POINT('',(0.14,-2.345,2.69));
#5195=VECTOR('',#6098,6.0);
#5196=CARTESIAN_POINT('',(0.14,-0.155,2.69));
#5197=CARTESIAN_POINT('',(0.14,-0.155,2.69));
#5198=VECTOR('',#6099,2.19);
#5199=CARTESIAN_POINT('',(0.14,-0.155,8.69));
#5200=VECTOR('',#6100,6.0);
#5201=CARTESIAN_POINT('',(0.14,0.155,2.69));
#5202=VECTOR('',#6101,6.0);
#5203=CARTESIAN_POINT('',(2.36,-0.155,2.69));
#5204=CARTESIAN_POINT('',(0.14,-0.155,2.69));
#5205=VECTOR('',#6102,2.22);
#5206=CARTESIAN_POINT('',(2.36,-0.155,4.39));
#5207=CARTESIAN_POINT('',(2.36,-0.155,4.39));
#5208=VECTOR('',#6103,1.7);
#5209=CARTESIAN_POINT('',(1.65,-0.155,4.39));
#5210=CARTESIAN_POINT('',(2.36,-0.155,4.39));
#5211=VECTOR('',#6104,0.71);
#5212=CARTESIAN_POINT('',(1.65,-0.155,8.09));
#5213=CARTESIAN_POINT('',(1.65,-0.155,4.39));
#5214=VECTOR('',#6105,3.7);
#5215=CARTESIAN_POINT('',(1.65,-0.155,8.09));
#5216=VECTOR('',#6106,0.8485281374239);
#5217=CARTESIAN_POINT('',(1.65,0.155,8.09));
#5218=CARTESIAN_POINT('',(1.65,0.155,8.09));
#5219=VECTOR('',#6107,0.31);
#5220=CARTESIAN_POINT('',(1.65,0.155,8.09));
#5221=VECTOR('',#6108,0.8485281374239);
#5222=CARTESIAN_POINT('',(1.65,0.155,4.39));
#5223=CARTESIAN_POINT('',(1.65,0.155,4.39));
#5224=VECTOR('',#6109,3.7);
#5225=CARTESIAN_POINT('',(2.36,0.155,4.39));
#5226=CARTESIAN_POINT('',(2.36,0.155,4.39));
#5227=VECTOR('',#6110,0.71);
#5228=CARTESIAN_POINT('',(2.36,0.155,2.69));
#5229=VECTOR('',#6111,1.7);
#5230=CARTESIAN_POINT('',(2.36,0.155,4.39));
#5231=VECTOR('',#6112,0.31);
#5232=CARTESIAN_POINT('',(2.36,-2.345,2.69));
#5233=CARTESIAN_POINT('',(2.36,-0.155,2.69));
#5234=VECTOR('',#6113,2.19);
#5235=CARTESIAN_POINT('',(2.36,-2.345,2.69));
#5236=VECTOR('',#6114,6.0);
#5237=CARTESIAN_POINT('',(0.14,-2.345,2.69));
#5238=VECTOR('',#6115,2.22);
#5239=CARTESIAN_POINT('',(0.9325,-0.9325,2.69));
#5240=CARTESIAN_POINT('',(1.5675,-0.9325,2.69));
#5241=CARTESIAN_POINT('',(0.9325,-0.9325,2.69));
#5242=VECTOR('',#6116,0.635);
#5243=CARTESIAN_POINT('',(1.5675,-1.5675,2.69));
#5244=CARTESIAN_POINT('',(1.5675,-1.5675,2.69));
#5245=VECTOR('',#6117,0.635);
#5246=CARTESIAN_POINT('',(0.9325,-1.5675,2.69));
#5247=CARTESIAN_POINT('',(0.9325,-1.5675,2.69));
#5248=VECTOR('',#6118,0.635);
#5249=CARTESIAN_POINT('',(0.9325,-1.5675,2.69));
#5250=VECTOR('',#6119,0.635);
#5251=CARTESIAN_POINT('',(0.9325,-2.65,-0.29));
#5252=AXIS2_PLACEMENT_3D('',#6120,#6121,#6122);
#5253=CARTESIAN_POINT('',(0.9325,-2.65,-1.09));
#5254=CARTESIAN_POINT('',(0.9325,-2.65,-1.09));
#5255=VECTOR('',#6123,0.8);
#5256=CARTESIAN_POINT('',(0.9325,-2.85,-1.29));
#5257=CARTESIAN_POINT('',(0.9325,-2.85,-1.29));
#5258=VECTOR('',#6124,0.2828427124746);
#5259=CARTESIAN_POINT('',(0.9325,-3.09,-1.29));
#5260=CARTESIAN_POINT('',(0.9325,-3.09,-1.29));
#5261=VECTOR('',#6125,0.24);
#5262=CARTESIAN_POINT('',(0.9325,-3.29,-1.09));
#5263=AXIS2_PLACEMENT_3D('',#6126,#6127,#6128);
#5264=CARTESIAN_POINT('',(0.9325,-3.29,0.45));
#5265=CARTESIAN_POINT('',(0.9325,-3.29,0.45));
#5266=VECTOR('',#6129,1.54);
#5267=CARTESIAN_POINT('',(0.9325,-3.09,0.65));
#5268=AXIS2_PLACEMENT_3D('',#6130,#6131,#6132);
#5269=CARTESIAN_POINT('',(0.9325,-2.99,0.65));
#5270=VECTOR('',#6133,0.1);
#5271=CARTESIAN_POINT('',(0.9325,-1.1,-0.75));
#5272=CARTESIAN_POINT('',(0.9325,-1.1,-0.75));
#5273=VECTOR('',#6134,1.06066017178);
#5274=CARTESIAN_POINT('',(0.9325,-1.85,-0.75));
#5275=CARTESIAN_POINT('',(0.9325,-1.85,-0.75));
#5276=VECTOR('',#6135,0.75);
#5277=CARTESIAN_POINT('',(0.9325,-1.85,-0.29));
#5278=CARTESIAN_POINT('',(0.9325,-1.85,-0.29));
#5279=VECTOR('',#6136,0.46);
#5280=AXIS2_PLACEMENT_3D('',#6137,#6138,#6139);
#5281=CARTESIAN_POINT('',(0.9325,-0.9325,6.43));
#5282=CARTESIAN_POINT('',(0.9325,-0.9325,2.69));
#5283=VECTOR('',#6140,3.74);
#5284=CARTESIAN_POINT('',(0.9325,-1.5675,6.43));
#5285=CARTESIAN_POINT('',(0.9325,-1.5675,6.43));
#5286=VECTOR('',#6141,3.74);
#5287=CARTESIAN_POINT('',(0.9325,-1.5675,6.43));
#5288=VECTOR('',#6142,0.635);
#5289=CARTESIAN_POINT('',(1.5675,-3.09,0.65));
#5290=CARTESIAN_POINT('',(0.9325,-3.09,0.65));
#5291=VECTOR('',#6143,0.635);
#5292=CARTESIAN_POINT('',(1.5675,-2.99,0.65));
#5293=VECTOR('',#6144,0.1);
#5294=CARTESIAN_POINT('',(1.5675,-3.29,0.45));
#5295=AXIS2_PLACEMENT_3D('',#6145,#6146,#6147);
#5296=CARTESIAN_POINT('',(1.5675,-3.29,-1.09));
#5297=CARTESIAN_POINT('',(1.5675,-3.29,0.45));
#5298=VECTOR('',#6148,1.54);
#5299=CARTESIAN_POINT('',(1.5675,-3.09,-1.29));
#5300=AXIS2_PLACEMENT_3D('',#6149,#6150,#6151);
#5301=CARTESIAN_POINT('',(1.5675,-2.85,-1.29));
#5302=CARTESIAN_POINT('',(1.5675,-3.09,-1.29));
#5303=VECTOR('',#6152,0.24);
#5304=CARTESIAN_POINT('',(1.5675,-2.65,-1.09));
#5305=CARTESIAN_POINT('',(1.5675,-2.85,-1.29));
#5306=VECTOR('',#6153,0.2828427124746);
#5307=CARTESIAN_POINT('',(1.5675,-2.65,-0.29));
#5308=CARTESIAN_POINT('',(1.5675,-2.65,-1.09));
#5309=VECTOR('',#6154,0.8);
#5310=AXIS2_PLACEMENT_3D('',#6155,#6156,#6157);
#5311=CARTESIAN_POINT('',(1.5675,-1.85,-0.29));
#5312=CARTESIAN_POINT('',(1.5675,-1.85,-0.75));
#5313=CARTESIAN_POINT('',(1.5675,-1.85,-0.29));
#5314=VECTOR('',#6158,0.46);
#5315=CARTESIAN_POINT('',(1.5675,-1.1,-0.75));
#5316=CARTESIAN_POINT('',(1.5675,-1.85,-0.75));
#5317=VECTOR('',#6159,0.75);
#5318=CARTESIAN_POINT('',(1.5675,-1.1,-0.75));
#5319=VECTOR('',#6160,1.06066017178);
#5320=AXIS2_PLACEMENT_3D('',#6161,#6162,#6163);
#5321=CARTESIAN_POINT('',(1.5675,-1.5675,6.43));
#5322=CARTESIAN_POINT('',(1.5675,-1.5675,6.43));
#5323=VECTOR('',#6164,3.74);
#5324=CARTESIAN_POINT('',(1.5675,-0.9325,6.43));
#5325=CARTESIAN_POINT('',(1.5675,-0.9325,2.69));
#5326=VECTOR('',#6165,3.74);
#5327=CARTESIAN_POINT('',(1.5675,-0.9325,6.43));
#5328=VECTOR('',#6166,0.635);
#5329=CARTESIAN_POINT('',(0.9325,-2.65,-0.29));
#5330=VECTOR('',#6167,0.635);
#5331=CARTESIAN_POINT('',(0.9325,-2.65,-1.09));
#5332=VECTOR('',#6168,0.635);
#5333=CARTESIAN_POINT('',(0.9325,-2.85,-1.29));
#5334=VECTOR('',#6169,0.635);
#5335=CARTESIAN_POINT('',(0.9325,-3.09,-1.29));
#5336=VECTOR('',#6170,0.635);
#5337=CARTESIAN_POINT('',(0.9325,-3.29,-1.09));
#5338=VECTOR('',#6171,0.635);
#5339=CARTESIAN_POINT('',(0.9325,-3.29,0.45));
#5340=VECTOR('',#6172,0.635);
#5341=CARTESIAN_POINT('',(0.9325,-1.85,-0.29));
#5342=VECTOR('',#6173,0.635);
#5343=CARTESIAN_POINT('',(0.9325,-1.85,-0.75));
#5344=VECTOR('',#6174,0.635);
#5345=CARTESIAN_POINT('',(0.9325,-1.1,-0.75));
#5346=VECTOR('',#6175,0.635);
#5347=CARTESIAN_POINT('',(1.4175,-1.13,7.23));
#5348=CARTESIAN_POINT('',(1.4175,-1.13,7.23));
#5349=VECTOR('',#6176,0.8375596993648);
#5350=CARTESIAN_POINT('',(1.4175,-1.37,7.23));
#5351=CARTESIAN_POINT('',(1.4175,-1.13,7.23));
#5352=VECTOR('',#6177,0.24);
#5353=CARTESIAN_POINT('',(1.5675,-1.5675,6.43));
#5354=VECTOR('',#6178,0.8375596993648);
#5355=CARTESIAN_POINT('',(1.0825,-1.37,7.23));
#5356=CARTESIAN_POINT('',(1.0825,-1.37,7.23));
#5357=VECTOR('',#6179,0.335);
#5358=CARTESIAN_POINT('',(1.0825,-1.37,7.23));
#5359=VECTOR('',#6180,0.8375596993648);
#5360=CARTESIAN_POINT('',(0.9325,-1.5675,6.43));
#5361=VECTOR('',#6181,0.635);
#5362=CARTESIAN_POINT('',(1.0825,-1.13,7.23));
#5363=CARTESIAN_POINT('',(1.0825,-1.37,7.23));
#5364=VECTOR('',#6182,0.24);
#5365=CARTESIAN_POINT('',(0.9325,-0.9325,6.43));
#5366=VECTOR('',#6183,0.8375596993648);
#5367=CARTESIAN_POINT('',(0.9325,-0.9325,6.43));
#5368=VECTOR('',#6184,0.635);
#5369=CARTESIAN_POINT('',(1.0825,-1.13,7.23));
#5370=VECTOR('',#6185,0.335);
#5371=CARTESIAN_POINT('',(1.65,0.155,4.39));
#5372=VECTOR('',#6186,0.31);
#5373=CARTESIAN_POINT('',(1.33,2.62,8.69));
#5374=VECTOR('',#6187,6.0);
#5375=CARTESIAN_POINT('',(-1.33,2.62,8.69));
#5376=VECTOR('',#6188,6.0);
#5377=CARTESIAN_POINT('',(-1.33,2.345,8.69));
#5378=VECTOR('',#6189,6.0);
#5379=CARTESIAN_POINT('',(-2.3,2.345,8.69));
#5380=VECTOR('',#6190,6.0);
#5381=CARTESIAN_POINT('',(-2.3,2.99,1.8));
#5382=CARTESIAN_POINT('',(-2.3,5.0,1.8));
#5383=CARTESIAN_POINT('',(-2.3,2.99,1.8));
#5384=VECTOR('',#6191,2.01);
#5385=CARTESIAN_POINT('',(-2.3,5.0,9.88));
#5386=CARTESIAN_POINT('',(-2.3,5.0,9.88));
#5387=VECTOR('',#6192,8.08);
#5388=CARTESIAN_POINT('',(-2.3,3.81,8.69));
#5389=VECTOR('',#6193,1.682914139224);
#5390=CARTESIAN_POINT('',(-2.3,2.99,2.69));
#5391=VECTOR('',#6194,0.89);
#5392=CARTESIAN_POINT('',(2.8,2.99,1.8));
#5393=CARTESIAN_POINT('',(2.3,2.99,1.8));
#5394=VECTOR('',#6195,0.5);
#5395=CARTESIAN_POINT('',(2.8,2.99,8.69));
#5396=VECTOR('',#6196,6.89);
#5397=CARTESIAN_POINT('',(3.07,2.99,2.19));
#5398=CARTESIAN_POINT('',(3.07,2.99,8.69));
#5399=VECTOR('',#6197,6.5);
#5400=CARTESIAN_POINT('',(4.07,2.99,1.19));
#5401=CARTESIAN_POINT('',(4.07,2.99,1.19));
#5402=VECTOR('',#6198,1.414213562373);
#5403=CARTESIAN_POINT('',(4.07,2.99,1.19));
#5404=VECTOR('',#6199,1.19);
#5405=CARTESIAN_POINT('',(-4.67,2.99,1.09));
#5406=CARTESIAN_POINT('',(-4.67,2.99,0.0));
#5407=VECTOR('',#6200,1.09);
#5408=CARTESIAN_POINT('',(-3.57,2.99,2.19));
#5409=CARTESIAN_POINT('',(-3.57,2.99,2.19));
#5410=VECTOR('',#6201,1.55563491861);
#5411=CARTESIAN_POINT('',(-2.97,2.99,2.19));
#5412=CARTESIAN_POINT('',(-2.97,2.99,2.19));
#5413=VECTOR('',#6202,0.6);
#5414=CARTESIAN_POINT('',(-2.97,2.99,8.69));
#5415=VECTOR('',#6203,6.5);
#5416=CARTESIAN_POINT('',(-2.8,2.99,1.8));
#5417=CARTESIAN_POINT('',(-2.8,2.99,8.69));
#5418=VECTOR('',#6204,6.89);
#5419=CARTESIAN_POINT('',(-2.8,2.99,1.8));
#5420=VECTOR('',#6205,0.5);
#5421=CARTESIAN_POINT('',(-1.25,5.9,1.8));
#5422=CARTESIAN_POINT('',(1.25,5.9,1.8));
#5423=CARTESIAN_POINT('',(-1.25,5.9,1.8));
#5424=VECTOR('',#6206,2.5);
#5425=CARTESIAN_POINT('',(-1.25,5.0,1.8));
#5426=CARTESIAN_POINT('',(-1.25,5.0,1.8));
#5427=VECTOR('',#6207,0.9);
#5428=CARTESIAN_POINT('',(-1.25,5.0,1.8));
#5429=VECTOR('',#6208,1.05);
#5430=CARTESIAN_POINT('',(-2.8,6.2,1.8));
#5431=CARTESIAN_POINT('',(-2.8,2.99,1.8));
#5432=VECTOR('',#6209,3.21);
#5433=CARTESIAN_POINT('',(2.8,6.2,1.8));
#5434=CARTESIAN_POINT('',(-2.8,6.2,1.8));
#5435=VECTOR('',#6210,5.6);
#5436=CARTESIAN_POINT('',(2.8,2.99,1.8));
#5437=VECTOR('',#6211,3.21);
#5438=CARTESIAN_POINT('',(1.25,5.0,1.8));
#5439=CARTESIAN_POINT('',(2.3,5.0,1.8));
#5440=VECTOR('',#6212,1.05);
#5441=CARTESIAN_POINT('',(1.25,5.9,1.8));
#5442=VECTOR('',#6213,0.9);
#5443=CARTESIAN_POINT('',(1.25,5.0,8.85));
#5444=CARTESIAN_POINT('',(1.25,5.0,1.8));
#5445=VECTOR('',#6214,7.05);
#5446=CARTESIAN_POINT('',(1.25,5.9,8.85));
#5447=CARTESIAN_POINT('',(1.25,5.9,8.85));
#5448=VECTOR('',#6215,0.9);
#5449=CARTESIAN_POINT('',(1.25,5.9,1.8));
#5450=VECTOR('',#6216,7.05);
#5451=CARTESIAN_POINT('',(-1.25,5.9,8.85));
#5452=CARTESIAN_POINT('',(1.25,5.9,8.85));
#5453=VECTOR('',#6217,2.5);
#5454=CARTESIAN_POINT('',(-1.25,5.9,1.8));
#5455=VECTOR('',#6218,7.05);
#5456=CARTESIAN_POINT('',(-1.25,5.0,8.85));
#5457=CARTESIAN_POINT('',(-1.25,5.0,8.85));
#5458=VECTOR('',#6219,0.9);
#5459=CARTESIAN_POINT('',(-1.25,5.0,1.8));
#5460=VECTOR('',#6220,7.05);
#5461=CARTESIAN_POINT('',(2.3,5.0,9.88));
#5462=VECTOR('',#6221,4.6);
#5463=CARTESIAN_POINT('',(1.25,5.0,8.85));
#5464=VECTOR('',#6222,2.5);
#5465=CARTESIAN_POINT('',(2.8,5.27,10.15));
#5466=CARTESIAN_POINT('',(2.8,5.27,10.15));
#5467=VECTOR('',#6223,2.064751801065);
#5468=CARTESIAN_POINT('',(-2.8,5.27,10.15));
#5469=CARTESIAN_POINT('',(-2.8,5.27,10.15));
#5470=VECTOR('',#6224,5.6);
#5471=CARTESIAN_POINT('',(-2.8,5.27,10.15));
#5472=VECTOR('',#6225,2.064751801065);
#5473=CARTESIAN_POINT('',(-2.8,6.2,10.15));
#5474=CARTESIAN_POINT('',(-2.8,6.2,10.15));
#5475=VECTOR('',#6226,0.93);
#5476=CARTESIAN_POINT('',(-2.8,6.2,1.8));
#5477=VECTOR('',#6227,8.35);
#5478=CARTESIAN_POINT('',(2.8,6.2,10.15));
#5479=CARTESIAN_POINT('',(-2.8,6.2,10.15));
#5480=VECTOR('',#6228,5.6);
#5481=CARTESIAN_POINT('',(2.8,6.2,1.8));
#5482=VECTOR('',#6229,8.35);
#5483=CARTESIAN_POINT('',(2.8,6.2,10.15));
#5484=VECTOR('',#6230,0.93);
#5485=CARTESIAN_POINT('',(-2.97,0.19,2.19));
#5486=CARTESIAN_POINT('',(-2.97,2.99,2.19));
#5487=VECTOR('',#6231,2.8);
#5488=CARTESIAN_POINT('',(-2.97,0.19,8.69));
#5489=VECTOR('',#6232,6.5);
#5490=CARTESIAN_POINT('',(4.07,0.19,1.19));
#5491=CARTESIAN_POINT('',(3.07,0.19,2.19));
#5492=CARTESIAN_POINT('',(4.07,0.19,1.19));
#5493=VECTOR('',#6233,1.414213562373);
#5494=CARTESIAN_POINT('',(3.07,0.19,2.19));
#5495=VECTOR('',#6234,6.5);
#5496=CARTESIAN_POINT('',(4.07,0.19,6.69));
#5497=CARTESIAN_POINT('',(3.07,0.19,8.69));
#5498=VECTOR('',#6235,2.2360679775);
#5499=CARTESIAN_POINT('',(4.07,0.19,6.69));
#5500=VECTOR('',#6236,5.5);
#5501=CARTESIAN_POINT('',(-3.57,0.19,2.19));
#5502=CARTESIAN_POINT('',(-2.97,0.19,2.19));
#5503=VECTOR('',#6237,0.6);
#5504=CARTESIAN_POINT('',(-4.67,0.19,1.09));
#5505=CARTESIAN_POINT('',(-3.57,0.19,2.19));
#5506=VECTOR('',#6238,1.55563491861);
#5507=CARTESIAN_POINT('',(-4.67,0.19,6.69));
#5508=VECTOR('',#6239,5.6);
#5509=CARTESIAN_POINT('',(4.07,-2.99,6.69));
#5510=VECTOR('',#6240,3.18);
#5511=CARTESIAN_POINT('',(4.07,2.99,1.19));
#5512=VECTOR('',#6241,2.8);
#5513=CARTESIAN_POINT('',(3.07,2.99,2.19));
#5514=VECTOR('',#6242,2.8);
#5515=CARTESIAN_POINT('',(3.47,-2.45,7.89));
#5516=CARTESIAN_POINT('',(3.57,-2.45,7.69));
#5517=CARTESIAN_POINT('',(3.47,-2.45,7.89));
#5518=VECTOR('',#6243,0.22360679775);
#5519=CARTESIAN_POINT('',(3.57,-2.99,7.69));
#5520=VECTOR('',#6244,0.54);
#5521=CARTESIAN_POINT('',(3.395,-2.45,8.04));
#5522=CARTESIAN_POINT('',(3.07,-2.45,8.69));
#5523=VECTOR('',#6245,0.7267220926874);
#5524=CARTESIAN_POINT('',(3.395,-2.45,8.04));
#5525=VECTOR('',#6246,0.1677050983125);
#5526=CARTESIAN_POINT('',(3.47,-2.45,8.04));
#5527=CARTESIAN_POINT('',(3.395,-2.45,8.04));
#5528=VECTOR('',#6247,0.07500000000001);
#5529=CARTESIAN_POINT('',(3.47,-2.45,7.89));
#5530=VECTOR('',#6248,0.15);
#5531=CARTESIAN_POINT('',(3.47,-2.8,8.39));
#5532=AXIS2_PLACEMENT_3D('',#6249,#6250,#6251);
#5533=CARTESIAN_POINT('',(3.47,-2.94,8.39));
#5534=CARTESIAN_POINT('',(3.47,-2.8,8.39));
#5535=VECTOR('',#6252,0.14);
#5536=CARTESIAN_POINT('',(3.47,-3.29,8.04));
#5537=AXIS2_PLACEMENT_3D('',#6253,#6254,#6255);
#5538=CARTESIAN_POINT('',(3.47,-3.29,5.5));
#5539=CARTESIAN_POINT('',(3.47,-3.29,8.04));
#5540=VECTOR('',#6256,2.54);
#5541=CARTESIAN_POINT('',(3.47,-3.14,5.35));
#5542=AXIS2_PLACEMENT_3D('',#6257,#6258,#6259);
#5543=CARTESIAN_POINT('',(3.47,-3.04,5.35));
#5544=CARTESIAN_POINT('',(3.47,-3.14,5.35));
#5545=VECTOR('',#6260,0.1);
#5546=CARTESIAN_POINT('',(3.47,-2.89,5.2));
#5547=AXIS2_PLACEMENT_3D('',#6261,#6262,#6263);
#5548=CARTESIAN_POINT('',(3.47,-2.89,2.5));
#5549=CARTESIAN_POINT('',(3.47,-2.89,5.2));
#5550=VECTOR('',#6264,2.7);
#5551=CARTESIAN_POINT('',(3.47,-3.04,2.35));
#5552=AXIS2_PLACEMENT_3D('',#6265,#6266,#6267);
#5553=CARTESIAN_POINT('',(3.47,-3.14,2.35));
#5554=CARTESIAN_POINT('',(3.47,-3.04,2.35));
#5555=VECTOR('',#6268,0.1);
#5556=CARTESIAN_POINT('',(3.47,-3.29,2.2));
#5557=AXIS2_PLACEMENT_3D('',#6269,#6270,#6271);
#5558=CARTESIAN_POINT('',(3.47,-3.29,1.01));
#5559=CARTESIAN_POINT('',(3.47,-3.29,2.2));
#5560=VECTOR('',#6272,1.19);
#5561=CARTESIAN_POINT('',(3.47,-2.99,0.71));
#5562=AXIS2_PLACEMENT_3D('',#6273,#6274,#6275);
#5563=CARTESIAN_POINT('',(3.47,-2.45,0.71));
#5564=CARTESIAN_POINT('',(3.47,-2.99,0.71));
#5565=VECTOR('',#6276,0.54);
#5566=CARTESIAN_POINT('',(3.47,-2.45,0.71));
#5567=VECTOR('',#6277,7.18);
#5568=CARTESIAN_POINT('',(2.97,-2.45,8.04));
#5569=CARTESIAN_POINT('',(2.97,-2.45,8.04));
#5570=VECTOR('',#6278,0.425);
#5571=CARTESIAN_POINT('',(2.87,-2.45,8.69));
#5572=VECTOR('',#6279,8.69);
#5573=CARTESIAN_POINT('',(3.57,-2.45,7.69));
#5574=VECTOR('',#6280,7.69);
#5575=CARTESIAN_POINT('',(2.97,-2.45,0.71));
#5576=CARTESIAN_POINT('',(2.97,-2.45,0.71));
#5577=VECTOR('',#6281,0.5);
#5578=CARTESIAN_POINT('',(2.97,-2.45,8.04));
#5579=VECTOR('',#6282,7.33);
#5580=CARTESIAN_POINT('',(2.97,-2.99,0.71));
#5581=CARTESIAN_POINT('',(2.97,-2.99,0.71));
#5582=VECTOR('',#6283,0.54);
#5583=CARTESIAN_POINT('',(2.97,-3.29,1.01));
#5584=AXIS2_PLACEMENT_3D('',#6284,#6285,#6286);
#5585=CARTESIAN_POINT('',(2.97,-3.29,2.2));
#5586=CARTESIAN_POINT('',(2.97,-3.29,2.2));
#5587=VECTOR('',#6287,1.19);
#5588=CARTESIAN_POINT('',(2.97,-3.14,2.35));
#5589=AXIS2_PLACEMENT_3D('',#6288,#6289,#6290);
#5590=CARTESIAN_POINT('',(2.97,-3.04,2.35));
#5591=CARTESIAN_POINT('',(2.97,-3.04,2.35));
#5592=VECTOR('',#6291,0.1);
#5593=CARTESIAN_POINT('',(2.97,-2.89,2.5));
#5594=AXIS2_PLACEMENT_3D('',#6292,#6293,#6294);
#5595=CARTESIAN_POINT('',(2.97,-2.89,5.2));
#5596=CARTESIAN_POINT('',(2.97,-2.89,5.2));
#5597=VECTOR('',#6295,2.7);
#5598=CARTESIAN_POINT('',(2.97,-3.04,5.35));
#5599=AXIS2_PLACEMENT_3D('',#6296,#6297,#6298);
#5600=CARTESIAN_POINT('',(2.97,-3.14,5.35));
#5601=CARTESIAN_POINT('',(2.97,-3.14,5.35));
#5602=VECTOR('',#6299,0.1);
#5603=CARTESIAN_POINT('',(2.97,-3.29,5.5));
#5604=AXIS2_PLACEMENT_3D('',#6300,#6301,#6302);
#5605=CARTESIAN_POINT('',(2.97,-3.29,8.04));
#5606=CARTESIAN_POINT('',(2.97,-3.29,8.04));
#5607=VECTOR('',#6303,2.54);
#5608=CARTESIAN_POINT('',(2.97,-2.94,8.39));
#5609=AXIS2_PLACEMENT_3D('',#6304,#6305,#6306);
#5610=CARTESIAN_POINT('',(2.97,-2.8,8.39));
#5611=CARTESIAN_POINT('',(2.97,-2.8,8.39));
#5612=VECTOR('',#6307,0.14);
#5613=AXIS2_PLACEMENT_3D('',#6308,#6309,#6310);
#5614=CARTESIAN_POINT('',(2.97,-2.8,8.39));
#5615=VECTOR('',#6311,0.5);
#5616=CARTESIAN_POINT('',(2.97,-2.94,8.39));
#5617=VECTOR('',#6312,0.5);
#5618=CARTESIAN_POINT('',(2.97,-3.29,8.04));
#5619=VECTOR('',#6313,0.5);
#5620=CARTESIAN_POINT('',(2.97,-3.29,5.5));
#5621=VECTOR('',#6314,0.5);
#5622=CARTESIAN_POINT('',(2.97,-3.14,5.35));
#5623=VECTOR('',#6315,0.5);
#5624=CARTESIAN_POINT('',(2.97,-3.04,5.35));
#5625=VECTOR('',#6316,0.5);
#5626=CARTESIAN_POINT('',(2.97,-2.89,5.2));
#5627=VECTOR('',#6317,0.5);
#5628=CARTESIAN_POINT('',(2.97,-2.89,2.5));
#5629=VECTOR('',#6318,0.5);
#5630=CARTESIAN_POINT('',(2.97,-3.04,2.35));
#5631=VECTOR('',#6319,0.5);
#5632=CARTESIAN_POINT('',(2.97,-3.14,2.35));
#5633=VECTOR('',#6320,0.5);
#5634=CARTESIAN_POINT('',(2.97,-3.29,2.2));
#5635=VECTOR('',#6321,0.5);
#5636=CARTESIAN_POINT('',(2.97,-3.29,1.01));
#5637=VECTOR('',#6322,0.5);
#5638=CARTESIAN_POINT('',(2.97,-2.99,0.71));
#5639=VECTOR('',#6323,0.5);
#5640=CARTESIAN_POINT('',(-4.67,2.99,1.09));
#5641=VECTOR('',#6324,2.8);
#5642=CARTESIAN_POINT('',(-3.57,2.99,2.19));
#5643=VECTOR('',#6325,2.8);
#5644=CARTESIAN_POINT('',(-1.5675,-1.1,-0.75));
#5645=VECTOR('',#6326,0.635);
#5646=CARTESIAN_POINT('',(-1.5675,-1.85,-0.75));
#5647=VECTOR('',#6327,0.635);
#5648=CARTESIAN_POINT('',(-1.5675,-1.85,-0.29));
#5649=VECTOR('',#6328,0.635);
#5650=CARTESIAN_POINT('',(-1.5675,-2.65,-0.29));
#5651=VECTOR('',#6329,0.635);
#5652=CARTESIAN_POINT('',(-1.5675,-2.65,-1.09));
#5653=VECTOR('',#6330,0.635);
#5654=CARTESIAN_POINT('',(-1.5675,-2.85,-1.29));
#5655=VECTOR('',#6331,0.635);
#5656=CARTESIAN_POINT('',(-1.5675,-3.09,-1.29));
#5657=VECTOR('',#6332,0.635);
#5658=CARTESIAN_POINT('',(-1.5675,-3.29,-1.09));
#5659=VECTOR('',#6333,0.635);
#5660=CARTESIAN_POINT('',(-1.5675,-3.29,0.45));
#5661=VECTOR('',#6334,0.635);
#5662=CARTESIAN_POINT('',(-1.0825,-1.13,7.23));
#5663=CARTESIAN_POINT('',(-1.0825,-1.13,7.23));
#5664=VECTOR('',#6335,0.8375596993648);
#5665=CARTESIAN_POINT('',(-1.0825,-1.37,7.23));
#5666=CARTESIAN_POINT('',(-1.0825,-1.13,7.23));
#5667=VECTOR('',#6336,0.24);
#5668=CARTESIAN_POINT('',(-0.9325,-1.5675,6.43));
#5669=VECTOR('',#6337,0.8375596993648);
#5670=CARTESIAN_POINT('',(-1.4175,-1.37,7.23));
#5671=CARTESIAN_POINT('',(-1.4175,-1.37,7.23));
#5672=VECTOR('',#6338,0.335);
#5673=CARTESIAN_POINT('',(-1.4175,-1.37,7.23));
#5674=VECTOR('',#6339,0.8375596993648);
#5675=CARTESIAN_POINT('',(-1.5675,-1.5675,6.43));
#5676=VECTOR('',#6340,0.635);
#5677=CARTESIAN_POINT('',(-1.4175,-1.13,7.23));
#5678=CARTESIAN_POINT('',(-1.4175,-1.37,7.23));
#5679=VECTOR('',#6341,0.24);
#5680=CARTESIAN_POINT('',(-1.5675,-0.9325,6.43));
#5681=VECTOR('',#6342,0.8375596993648);
#5682=CARTESIAN_POINT('',(-1.5675,-0.9325,6.43));
#5683=VECTOR('',#6343,0.635);
#5684=CARTESIAN_POINT('',(-1.4175,-1.13,7.23));
#5685=VECTOR('',#6344,0.335);
#5686=CARTESIAN_POINT('',(0.3,-3.22,6.69));
#5687=CARTESIAN_POINT('',(0.3,-3.22,8.69));
#5688=VECTOR('',#6345,2.0);
#5689=CARTESIAN_POINT('',(0.3,-3.22,6.69));
#5690=VECTOR('',#6346,0.23);
#5691=CARTESIAN_POINT('',(-0.3,-3.22,6.69));
#5692=CARTESIAN_POINT('',(-0.3,-3.22,6.69));
#5693=VECTOR('',#6347,0.6);
#5694=CARTESIAN_POINT('',(-0.3,-2.99,6.69));
#5695=VECTOR('',#6348,0.23);
#5696=CARTESIAN_POINT('',(-0.3,-3.22,8.69));
#5697=VECTOR('',#6349,2.0);
#5698=DIRECTION('',(0.447213595499998,0.0,0.894427190999896));
#5699=DIRECTION('',(0.0,0.0,1.0));
#5700=DIRECTION('',(-1.0,0.0,0.0));
#5701=DIRECTION('',(0.0,0.0,1.0));
#5702=DIRECTION('',(-1.0,0.0,0.0));
#5703=DIRECTION('',(0.0,0.0,-1.0));
#5704=DIRECTION('',(0.447213595499998,0.0,-0.894427190999896));
#5705=DIRECTION('',(0.0,0.0,1.0));
#5706=DIRECTION('',(0.0,0.0,-1.0));
#5707=DIRECTION('',(1.0,0.0,0.0));
#5708=DIRECTION('',(0.0,0.0,1.0));
#5709=DIRECTION('',(-1.0,0.0,0.0));
#5710=DIRECTION('',(0.0,0.0,1.0));
#5711=DIRECTION('',(1.0,0.0,0.0));
#5712=DIRECTION('',(0.0,0.0,1.0));
#5713=DIRECTION('',(-1.0,0.0,0.0));
#5714=DIRECTION('',(0.0,0.0,1.0));
#5715=DIRECTION('',(1.0,0.0,0.0));
#5716=DIRECTION('',(0.0,0.0,1.0));
#5717=DIRECTION('',(-1.0,0.0,0.0));
#5718=DIRECTION('',(0.0,0.0,1.0));
#5719=DIRECTION('',(1.0,0.0,0.0));
#5720=DIRECTION('',(0.0,0.0,-1.0));
#5721=DIRECTION('',(1.0,0.0,0.0));
#5722=DIRECTION('',(0.0,1.0,0.0));
#5723=DIRECTION('',(0.0,0.0,-1.0));
#5724=DIRECTION('',(0.0,1.0,0.0));
#5725=DIRECTION('',(-0.447213595499998,0.0,-0.894427190999896));
#5726=DIRECTION('',(0.0,1.0,0.0));
#5727=DIRECTION('',(0.447213595499998,0.0,0.894427190999896));
#5728=DIRECTION('',(0.0,1.0,0.0));
#5729=DIRECTION('',(-0.447213595499998,0.0,-0.894427190999896));
#5730=DIRECTION('',(-0.447213595499998,0.0,-0.894427190999896));
#5731=DIRECTION('',(0.0,0.0,1.0));
#5732=DIRECTION('',(1.0,0.0,0.0));
#5733=CARTESIAN_POINT('',(-4.07,-2.8,8.04));
#5734=DIRECTION('',(1.0,0.0,0.0));
#5735=DIRECTION('',(0.0,1.0,0.0));
#5736=DIRECTION('',(1.0,0.0,0.0));
#5737=CARTESIAN_POINT('',(-3.57,-2.8,8.04));
#5738=DIRECTION('',(1.0,0.0,0.0));
#5739=DIRECTION('',(0.0,1.0,0.0));
#5740=DIRECTION('',(1.0,0.0,0.0));
#5741=DIRECTION('',(-1.0,0.0,0.0));
#5742=DIRECTION('',(0.0,0.0,-1.0));
#5743=DIRECTION('',(1.0,0.0,0.0));
#5744=DIRECTION('',(0.0,0.0,1.0));
#5745=DIRECTION('',(1.0,0.0,0.0));
#5746=DIRECTION('',(0.0,0.0,-1.0));
#5747=CARTESIAN_POINT('',(-4.07,-2.99,1.01));
#5748=DIRECTION('',(1.0,0.0,0.0));
#5749=DIRECTION('',(0.0,-1.0,0.0));
#5750=DIRECTION('',(0.0,0.0,-1.0));
#5751=CARTESIAN_POINT('',(-4.07,-3.14,2.2));
#5752=DIRECTION('',(1.0,0.0,-0.0));
#5753=DIRECTION('',(0.0,0.0,1.0));
#5754=DIRECTION('',(0.0,-1.0,0.0));
#5755=CARTESIAN_POINT('',(-4.07,-3.04,2.5));
#5756=DIRECTION('',(-1.0,0.0,0.0));
#5757=DIRECTION('',(0.0,1.0,0.0));
#5758=DIRECTION('',(0.0,0.0,-1.0));
#5759=CARTESIAN_POINT('',(-4.07,-3.04,5.2));
#5760=DIRECTION('',(-1.0,0.0,0.0));
#5761=DIRECTION('',(0.0,0.0,1.0));
#5762=DIRECTION('',(0.0,1.0,0.0));
#5763=CARTESIAN_POINT('',(-4.07,-3.14,5.5));
#5764=DIRECTION('',(1.0,0.0,0.0));
#5765=DIRECTION('',(0.0,-1.0,0.0));
#5766=DIRECTION('',(0.0,0.0,-1.0));
#5767=CARTESIAN_POINT('',(-4.07,-2.94,8.04));
#5768=DIRECTION('',(1.0,0.0,-0.0));
#5769=DIRECTION('',(0.0,0.0,1.0));
#5770=DIRECTION('',(0.0,-1.0,0.0));
#5771=DIRECTION('',(0.0,1.0,0.0));
#5772=DIRECTION('',(0.0,1.0,0.0));
#5773=DIRECTION('',(1.0,0.0,0.0));
#5774=CARTESIAN_POINT('',(-3.57,-2.99,1.01));
#5775=DIRECTION('',(1.0,0.0,0.0));
#5776=DIRECTION('',(0.0,-1.0,0.0));
#5777=DIRECTION('',(1.0,0.0,0.0));
#5778=DIRECTION('',(0.0,0.0,-1.0));
#5779=DIRECTION('',(1.0,0.0,0.0));
#5780=CARTESIAN_POINT('',(-3.57,-3.14,2.2));
#5781=DIRECTION('',(1.0,0.0,-0.0));
#5782=DIRECTION('',(0.0,0.0,1.0));
#5783=DIRECTION('',(1.0,0.0,0.0));
#5784=DIRECTION('',(0.0,-1.0,0.0));
#5785=DIRECTION('',(1.0,0.0,0.0));
#5786=CARTESIAN_POINT('',(-3.57,-3.04,2.5));
#5787=DIRECTION('',(-1.0,0.0,0.0));
#5788=DIRECTION('',(0.0,1.0,0.0));
#5789=DIRECTION('',(1.0,0.0,0.0));
#5790=DIRECTION('',(0.0,0.0,-1.0));
#5791=DIRECTION('',(1.0,0.0,0.0));
#5792=CARTESIAN_POINT('',(-3.57,-3.04,5.2));
#5793=DIRECTION('',(-1.0,0.0,0.0));
#5794=DIRECTION('',(0.0,0.0,1.0));
#5795=DIRECTION('',(1.0,0.0,0.0));
#5796=DIRECTION('',(0.0,1.0,0.0));
#5797=DIRECTION('',(1.0,0.0,0.0));
#5798=CARTESIAN_POINT('',(-3.57,-3.14,5.5));
#5799=DIRECTION('',(1.0,0.0,0.0));
#5800=DIRECTION('',(0.0,-1.0,0.0));
#5801=DIRECTION('',(1.0,0.0,0.0));
#5802=DIRECTION('',(0.0,0.0,-1.0));
#5803=DIRECTION('',(1.0,0.0,0.0));
#5804=CARTESIAN_POINT('',(-3.57,-2.94,8.04));
#5805=DIRECTION('',(1.0,0.0,-0.0));
#5806=DIRECTION('',(0.0,0.0,1.0));
#5807=DIRECTION('',(1.0,0.0,0.0));
#5808=DIRECTION('',(0.0,-1.0,0.0));
#5809=DIRECTION('',(0.0,1.0,0.0));
#5810=DIRECTION('',(-1.0,0.0,0.0));
#5811=DIRECTION('',(0.0,1.0,0.0));
#5812=DIRECTION('',(0.0,1.0,0.0));
#5813=DIRECTION('',(1.0,0.0,0.0));
#5814=DIRECTION('',(0.0,-1.0,0.0));
#5815=DIRECTION('',(1.0,0.0,0.0));
#5816=DIRECTION('',(0.0,-1.0,0.0));
#5817=DIRECTION('',(-1.0,0.0,0.0));
#5818=DIRECTION('',(0.0,-1.0,0.0));
#5819=DIRECTION('',(-1.0,0.0,0.0));
#5820=DIRECTION('',(0.0,1.0,0.0));
#5821=DIRECTION('',(-1.0,0.0,0.0));
#5822=DIRECTION('',(0.0,1.0,0.0));
#5823=DIRECTION('',(-1.0,0.0,0.0));
#5824=DIRECTION('',(0.0,1.0,0.0));
#5825=DIRECTION('',(-1.0,0.0,0.0));
#5826=DIRECTION('',(0.0,-1.0,0.0));
#5827=DIRECTION('',(1.0,0.0,0.0));
#5828=DIRECTION('',(0.0,1.0,0.0));
#5829=DIRECTION('',(-1.0,0.0,0.0));
#5830=DIRECTION('',(0.0,1.0,0.0));
#5831=DIRECTION('',(1.0,0.0,0.0));
#5832=DIRECTION('',(0.0,1.0,0.0));
#5833=DIRECTION('',(-1.0,0.0,0.0));
#5834=DIRECTION('',(0.0,1.0,0.0));
#5835=DIRECTION('',(1.0,0.0,0.0));
#5836=DIRECTION('',(0.0,-1.0,0.0));
#5837=DIRECTION('',(1.0,0.0,0.0));
#5838=DIRECTION('',(0.0,1.0,0.0));
#5839=DIRECTION('',(1.0,0.0,0.0));
#5840=DIRECTION('',(0.0,1.0,0.0));
#5841=DIRECTION('',(0.0,-1.0,0.0));
#5842=DIRECTION('',(1.0,0.0,0.0));
#5843=DIRECTION('',(0.0,1.0,0.0));
#5844=DIRECTION('',(-1.0,0.0,0.0));
#5845=DIRECTION('',(0.0,1.0,0.0));
#5846=DIRECTION('',(-1.0,0.0,0.0));
#5847=DIRECTION('',(0.0,1.0,0.0));
#5848=DIRECTION('',(0.0,0.0,1.0));
#5849=DIRECTION('',(0.0,-1.0,0.0));
#5850=DIRECTION('',(0.0,0.0,-1.0));
#5851=DIRECTION('',(0.0,0.0,1.0));
#5852=DIRECTION('',(0.0,-1.0,0.0));
#5853=DIRECTION('',(0.0,0.0,-1.0));
#5854=DIRECTION('',(1.0,0.0,0.0));
#5855=DIRECTION('',(0.0,0.0,-1.0));
#5856=DIRECTION('',(0.0,-1.0,0.0));
#5857=DIRECTION('',(0.0,0.0,1.0));
#5858=DIRECTION('',(0.0,0.0,-1.0));
#5859=DIRECTION('',(0.0,-1.0,0.0));
#5860=DIRECTION('',(0.0,0.0,1.0));
#5861=DIRECTION('',(1.0,0.0,0.0));
#5862=DIRECTION('',(1.0,0.0,0.0));
#5863=DIRECTION('',(0.0,1.0,0.0));
#5864=DIRECTION('',(1.0,0.0,0.0));
#5865=DIRECTION('',(0.0,1.0,0.0));
#5866=DIRECTION('',(0.0,1.0,0.0));
#5867=CARTESIAN_POINT('',(-1.5675,-2.35,-0.29));
#5868=DIRECTION('',(-1.0,0.0,0.0));
#5869=DIRECTION('',(0.0,-1.0,0.0));
#5870=DIRECTION('',(0.0,0.0,1.0));
#5871=DIRECTION('',(0.0,0.707106781186548,0.707106781186548));
#5872=DIRECTION('',(0.0,1.0,0.0));
#5873=CARTESIAN_POINT('',(-1.5675,-3.09,-1.09));
#5874=DIRECTION('',(1.0,0.0,0.0));
#5875=DIRECTION('',(0.0,-1.0,0.0));
#5876=DIRECTION('',(0.0,0.0,-1.0));
#5877=CARTESIAN_POINT('',(-1.5675,-3.09,0.45));
#5878=DIRECTION('',(1.0,0.0,-0.0));
#5879=DIRECTION('',(0.0,0.0,1.0));
#5880=DIRECTION('',(0.0,-1.0,0.0));
#5881=DIRECTION('',(0.0,0.707106781186548,0.707106781186548));
#5882=DIRECTION('',(0.0,1.0,0.0));
#5883=DIRECTION('',(0.0,0.0,-1.0));
#5884=CARTESIAN_POINT('',(-1.5675,-2.15,-0.29));
#5885=DIRECTION('',(-1.0,0.0,0.0));
#5886=DIRECTION('',(0.0,0.256038191595593,0.966666666666674));
#5887=DIRECTION('',(0.0,1.0,0.0));
#5888=DIRECTION('',(0.0,0.0,1.0));
#5889=DIRECTION('',(0.0,0.0,-1.0));
#5890=DIRECTION('',(0.0,1.0,0.0));
#5891=DIRECTION('',(1.0,0.0,0.0));
#5892=DIRECTION('',(0.0,-1.0,0.0));
#5893=CARTESIAN_POINT('',(-0.9325,-3.09,0.45));
#5894=DIRECTION('',(1.0,0.0,-0.0));
#5895=DIRECTION('',(0.0,0.0,1.0));
#5896=DIRECTION('',(0.0,0.0,-1.0));
#5897=CARTESIAN_POINT('',(-0.9325,-3.09,-1.09));
#5898=DIRECTION('',(1.0,0.0,0.0));
#5899=DIRECTION('',(0.0,-1.0,0.0));
#5900=DIRECTION('',(0.0,1.0,0.0));
#5901=DIRECTION('',(0.0,0.707106781186548,0.707106781186548));
#5902=DIRECTION('',(0.0,0.0,1.0));
#5903=CARTESIAN_POINT('',(-0.9325,-2.35,-0.29));
#5904=DIRECTION('',(-1.0,0.0,0.0));
#5905=DIRECTION('',(0.0,-1.0,0.0));
#5906=DIRECTION('',(0.0,1.0,0.0));
#5907=CARTESIAN_POINT('',(-0.9325,-2.15,-0.29));
#5908=DIRECTION('',(-1.0,0.0,0.0));
#5909=DIRECTION('',(0.0,0.256038191595593,0.966666666666674));
#5910=DIRECTION('',(0.0,0.0,-1.0));
#5911=DIRECTION('',(0.0,1.0,0.0));
#5912=DIRECTION('',(0.0,0.707106781186548,0.707106781186548));
#5913=DIRECTION('',(0.0,1.0,0.0));
#5914=DIRECTION('',(0.0,0.0,-1.0));
#5915=DIRECTION('',(0.0,0.0,1.0));
#5916=DIRECTION('',(0.0,-1.0,0.0));
#5917=DIRECTION('',(1.0,0.0,0.0));
#5918=DIRECTION('',(0.0,1.0,0.0));
#5919=DIRECTION('',(0.0,1.0,0.0));
#5920=DIRECTION('',(-1.0,0.0,0.0));
#5921=DIRECTION('',(0.0,1.0,0.0));
#5922=DIRECTION('',(0.0,1.0,0.0));
#5923=DIRECTION('',(-1.0,0.0,0.0));
#5924=DIRECTION('',(0.0,1.0,0.0));
#5925=DIRECTION('',(0.0,1.0,0.0));
#5926=DIRECTION('',(1.0,0.0,0.0));
#5927=DIRECTION('',(0.0,1.0,0.0));
#5928=DIRECTION('',(1.0,0.0,0.0));
#5929=DIRECTION('',(0.0,1.0,0.0));
#5930=DIRECTION('',(1.0,0.0,0.0));
#5931=DIRECTION('',(0.0,1.0,0.0));
#5932=DIRECTION('',(1.0,0.0,0.0));
#5933=DIRECTION('',(1.0,0.0,0.0));
#5934=DIRECTION('',(1.0,0.0,0.0));
#5935=DIRECTION('',(0.0,1.0,0.0));
#5936=DIRECTION('',(1.0,0.0,0.0));
#5937=DIRECTION('',(0.0,1.0,0.0));
#5938=DIRECTION('',(1.0,0.0,0.0));
#5939=DIRECTION('',(0.0,1.0,0.0));
#5940=DIRECTION('',(1.0,0.0,0.0));
#5941=DIRECTION('',(0.0,1.0,0.0));
#5942=DIRECTION('',(0.0,0.0,1.0));
#5943=DIRECTION('',(0.0,1.0,0.0));
#5944=DIRECTION('',(0.0,0.807541027231973,0.58981140149808));
#5945=CARTESIAN_POINT('',(-1.5675,-2.355,-3.249533187248));
#5946=DIRECTION('',(-1.0,0.0,0.0));
#5947=DIRECTION('',(0.0,-1.0,0.0));
#5948=DIRECTION('',(0.0,0.0,1.0));
#5949=DIRECTION('',(0.0,0.707106781186548,0.707106781186548));
#5950=DIRECTION('',(0.0,1.0,0.0));
#5951=CARTESIAN_POINT('',(-1.5675,-3.09,-4.39));
#5952=DIRECTION('',(1.0,0.0,0.0));
#5953=DIRECTION('',(0.0,-1.0,0.0));
#5954=DIRECTION('',(0.0,0.0,-1.0));
#5955=CARTESIAN_POINT('',(-1.5675,-3.09,-2.87));
#5956=DIRECTION('',(1.0,0.0,0.0));
#5957=DIRECTION('',(0.0,-0.58981140149808,0.807541027231973));
#5958=DIRECTION('',(0.0,-0.807541027231973,-0.58981140149808));
#5959=DIRECTION('',(0.0,0.0,-1.0));
#5960=DIRECTION('',(0.0,0.0,1.0));
#5961=DIRECTION('',(0.0,1.0,0.0));
#5962=DIRECTION('',(0.0,0.0,-1.0));
#5963=DIRECTION('',(0.0,1.0,0.0));
#5964=DIRECTION('',(1.0,0.0,0.0));
#5965=DIRECTION('',(0.0,0.0,-1.0));
#5966=DIRECTION('',(0.0,-0.807541027231973,-0.58981140149808));
#5967=CARTESIAN_POINT('',(-0.9325,-3.09,-2.87));
#5968=DIRECTION('',(1.0,0.0,0.0));
#5969=DIRECTION('',(0.0,-0.58981140149808,0.807541027231973));
#5970=DIRECTION('',(0.0,0.0,-1.0));
#5971=CARTESIAN_POINT('',(-0.9325,-3.09,-4.39));
#5972=DIRECTION('',(1.0,0.0,0.0));
#5973=DIRECTION('',(0.0,-1.0,0.0));
#5974=DIRECTION('',(0.0,1.0,0.0));
#5975=DIRECTION('',(0.0,0.707106781186548,0.707106781186548));
#5976=DIRECTION('',(0.0,0.0,1.0));
#5977=CARTESIAN_POINT('',(-0.9325,-2.355,-3.249533187248));
#5978=DIRECTION('',(-1.0,0.0,0.0));
#5979=DIRECTION('',(0.0,-1.0,0.0));
#5980=DIRECTION('',(0.0,0.807541027231973,0.58981140149808));
#5981=DIRECTION('',(0.0,1.0,0.0));
#5982=DIRECTION('',(0.0,0.0,1.0));
#5983=DIRECTION('',(0.0,0.0,-1.0));
#5984=DIRECTION('',(0.0,1.0,0.0));
#5985=DIRECTION('',(0.0,0.0,1.0));
#5986=DIRECTION('',(0.0,-1.0,0.0));
#5987=DIRECTION('',(1.0,0.0,0.0));
#5988=DIRECTION('',(1.0,0.0,0.0));
#5989=DIRECTION('',(1.0,0.0,0.0));
#5990=DIRECTION('',(1.0,0.0,0.0));
#5991=DIRECTION('',(1.0,0.0,0.0));
#5992=DIRECTION('',(1.0,0.0,0.0));
#5993=DIRECTION('',(1.0,0.0,0.0));
#5994=DIRECTION('',(1.0,0.0,0.0));
#5995=DIRECTION('',(1.0,0.0,0.0));
#5996=DIRECTION('',(1.0,0.0,0.0));
#5997=DIRECTION('',(0.178964995881602,0.238619994508803,-0.954479978035012));
#5998=DIRECTION('',(0.0,-1.0,0.0));
#5999=DIRECTION('',(-0.178964995881602,0.238619994508803,0.954479978035012));
#6000=DIRECTION('',(1.0,0.0,0.0));
#6001=DIRECTION('',(-0.178964995881602,-0.238619994508803,-0.954479978035012));
#6002=DIRECTION('',(1.0,0.0,0.0));
#6003=DIRECTION('',(1.0,0.0,0.0));
#6004=DIRECTION('',(-1.0,0.0,0.0));
#6005=DIRECTION('',(0.0,-1.0,0.0));
#6006=DIRECTION('',(1.0,0.0,0.0));
#6007=DIRECTION('',(1.0,0.0,0.0));
#6008=DIRECTION('',(1.0,0.0,0.0));
#6009=DIRECTION('',(0.0,1.0,0.0));
#6010=DIRECTION('',(1.0,0.0,0.0));
#6011=DIRECTION('',(0.0,-1.0,0.0));
#6012=DIRECTION('',(1.0,0.0,0.0));
#6013=DIRECTION('',(0.0,-1.0,0.0));
#6014=DIRECTION('',(1.0,0.0,0.0));
#6015=DIRECTION('',(0.0,-1.0,0.0));
#6016=DIRECTION('',(1.0,0.0,0.0));
#6017=DIRECTION('',(0.0,1.0,0.0));
#6018=DIRECTION('',(1.0,0.0,0.0));
#6019=DIRECTION('',(1.0,0.0,0.0));
#6020=DIRECTION('',(0.0,1.0,0.0));
#6021=DIRECTION('',(1.0,0.0,0.0));
#6022=DIRECTION('',(0.0,1.0,0.0));
#6023=DIRECTION('',(0.0,0.0,1.0));
#6024=DIRECTION('',(0.0,1.0,0.0));
#6025=DIRECTION('',(0.0,0.807541027231973,0.58981140149808));
#6026=CARTESIAN_POINT('',(0.9325,-2.355,-3.249533187248));
#6027=DIRECTION('',(-1.0,0.0,0.0));
#6028=DIRECTION('',(0.0,-1.0,0.0));
#6029=DIRECTION('',(0.0,0.0,1.0));
#6030=DIRECTION('',(0.0,0.707106781186548,0.707106781186548));
#6031=DIRECTION('',(0.0,1.0,0.0));
#6032=CARTESIAN_POINT('',(0.9325,-3.09,-4.39));
#6033=DIRECTION('',(1.0,0.0,0.0));
#6034=DIRECTION('',(0.0,-1.0,0.0));
#6035=DIRECTION('',(0.0,0.0,-1.0));
#6036=CARTESIAN_POINT('',(0.9325,-3.09,-2.87));
#6037=DIRECTION('',(1.0,0.0,0.0));
#6038=DIRECTION('',(0.0,-0.58981140149808,0.807541027231973));
#6039=DIRECTION('',(0.0,-0.807541027231973,-0.58981140149808));
#6040=DIRECTION('',(0.0,0.0,-1.0));
#6041=DIRECTION('',(0.0,0.0,1.0));
#6042=DIRECTION('',(0.0,0.0,-1.0));
#6043=DIRECTION('',(0.0,1.0,0.0));
#6044=DIRECTION('',(1.0,0.0,0.0));
#6045=DIRECTION('',(0.0,0.0,-1.0));
#6046=DIRECTION('',(0.0,-0.807541027231973,-0.58981140149808));
#6047=CARTESIAN_POINT('',(1.5675,-3.09,-2.87));
#6048=DIRECTION('',(1.0,0.0,0.0));
#6049=DIRECTION('',(0.0,-0.58981140149808,0.807541027231973));
#6050=DIRECTION('',(0.0,0.0,-1.0));
#6051=CARTESIAN_POINT('',(1.5675,-3.09,-4.39));
#6052=DIRECTION('',(1.0,0.0,0.0));
#6053=DIRECTION('',(0.0,-1.0,0.0));
#6054=DIRECTION('',(0.0,1.0,0.0));
#6055=DIRECTION('',(0.0,0.707106781186548,0.707106781186548));
#6056=DIRECTION('',(0.0,0.0,1.0));
#6057=CARTESIAN_POINT('',(1.5675,-2.355,-3.249533187248));
#6058=DIRECTION('',(-1.0,0.0,0.0));
#6059=DIRECTION('',(0.0,-1.0,0.0));
#6060=DIRECTION('',(0.0,0.807541027231973,0.58981140149808));
#6061=DIRECTION('',(0.0,1.0,0.0));
#6062=DIRECTION('',(0.0,0.0,1.0));
#6063=DIRECTION('',(0.0,0.0,-1.0));
#6064=DIRECTION('',(0.0,0.0,1.0));
#6065=DIRECTION('',(0.0,-1.0,0.0));
#6066=DIRECTION('',(1.0,0.0,0.0));
#6067=DIRECTION('',(1.0,0.0,0.0));
#6068=DIRECTION('',(1.0,0.0,0.0));
#6069=DIRECTION('',(1.0,0.0,0.0));
#6070=DIRECTION('',(1.0,0.0,0.0));
#6071=DIRECTION('',(1.0,0.0,0.0));
#6072=DIRECTION('',(1.0,0.0,0.0));
#6073=DIRECTION('',(1.0,0.0,0.0));
#6074=DIRECTION('',(1.0,0.0,0.0));
#6075=DIRECTION('',(1.0,0.0,0.0));
#6076=DIRECTION('',(0.178964995881602,0.238619994508803,-0.954479978035012));
#6077=DIRECTION('',(0.0,-1.0,0.0));
#6078=DIRECTION('',(-0.178964995881602,0.238619994508803,0.954479978035012));
#6079=DIRECTION('',(1.0,0.0,0.0));
#6080=DIRECTION('',(-0.178964995881602,-0.238619994508803,-0.954479978035012));
#6081=DIRECTION('',(1.0,0.0,0.0));
#6082=DIRECTION('',(0.0,1.0,0.0));
#6083=DIRECTION('',(0.178964995881602,-0.238619994508803,0.954479978035012));
#6084=DIRECTION('',(1.0,0.0,0.0));
#6085=DIRECTION('',(1.0,0.0,0.0));
#6086=DIRECTION('',(1.0,0.0,0.0));
#6087=DIRECTION('',(0.178964995881602,-0.238619994508803,0.954479978035012));
#6088=DIRECTION('',(1.0,0.0,0.0));
#6089=DIRECTION('',(0.0,1.0,0.0));
#6090=DIRECTION('',(0.0,0.707106781186548,0.707106781186548));
#6091=DIRECTION('',(0.0,0.0,-1.0));
#6092=DIRECTION('',(0.0,1.0,0.0));
#6093=DIRECTION('',(0.0,0.0,-1.0));
#6094=DIRECTION('',(0.0,0.0,-1.0));
#6095=DIRECTION('',(0.0,0.0,-1.0));
#6096=DIRECTION('',(0.0,0.0,-1.0));
#6097=DIRECTION('',(0.0,0.0,-1.0));
#6098=DIRECTION('',(0.0,0.0,1.0));
#6099=DIRECTION('',(0.0,-1.0,0.0));
#6100=DIRECTION('',(0.0,0.0,-1.0));
#6101=DIRECTION('',(0.0,0.0,1.0));
#6102=DIRECTION('',(1.0,0.0,0.0));
#6103=DIRECTION('',(0.0,0.0,-1.0));
#6104=DIRECTION('',(-1.0,0.0,0.0));
#6105=DIRECTION('',(0.0,0.0,1.0));
#6106=DIRECTION('',(-0.707106781186548,0.0,0.707106781186548));
#6107=DIRECTION('',(0.0,-1.0,0.0));
#6108=DIRECTION('',(-0.707106781186548,0.0,0.707106781186548));
#6109=DIRECTION('',(0.0,0.0,1.0));
#6110=DIRECTION('',(-1.0,0.0,0.0));
#6111=DIRECTION('',(0.0,0.0,1.0));
#6112=DIRECTION('',(0.0,-1.0,0.0));
#6113=DIRECTION('',(0.0,-1.0,0.0));
#6114=DIRECTION('',(0.0,0.0,1.0));
#6115=DIRECTION('',(1.0,0.0,0.0));
#6116=DIRECTION('',(1.0,0.0,0.0));
#6117=DIRECTION('',(0.0,1.0,0.0));
#6118=DIRECTION('',(1.0,0.0,0.0));
#6119=DIRECTION('',(0.0,1.0,0.0));
#6120=CARTESIAN_POINT('',(0.9325,-2.35,-0.29));
#6121=DIRECTION('',(-1.0,0.0,0.0));
#6122=DIRECTION('',(0.0,-1.0,0.0));
#6123=DIRECTION('',(0.0,0.0,1.0));
#6124=DIRECTION('',(0.0,0.707106781186548,0.707106781186548));
#6125=DIRECTION('',(0.0,1.0,0.0));
#6126=CARTESIAN_POINT('',(0.9325,-3.09,-1.09));
#6127=DIRECTION('',(1.0,0.0,0.0));
#6128=DIRECTION('',(0.0,-1.0,0.0));
#6129=DIRECTION('',(0.0,0.0,-1.0));
#6130=CARTESIAN_POINT('',(0.9325,-3.09,0.45));
#6131=DIRECTION('',(1.0,0.0,-0.0));
#6132=DIRECTION('',(0.0,0.0,1.0));
#6133=DIRECTION('',(0.0,-1.0,0.0));
#6134=DIRECTION('',(0.0,0.707106781186548,0.707106781186548));
#6135=DIRECTION('',(0.0,1.0,0.0));
#6136=DIRECTION('',(0.0,0.0,-1.0));
#6137=CARTESIAN_POINT('',(0.9325,-2.15,-0.29));
#6138=DIRECTION('',(-1.0,0.0,0.0));
#6139=DIRECTION('',(0.0,0.256038191595593,0.966666666666674));
#6140=DIRECTION('',(0.0,0.0,1.0));
#6141=DIRECTION('',(0.0,0.0,-1.0));
#6142=DIRECTION('',(0.0,1.0,0.0));
#6143=DIRECTION('',(1.0,0.0,0.0));
#6144=DIRECTION('',(0.0,-1.0,0.0));
#6145=CARTESIAN_POINT('',(1.5675,-3.09,0.45));
#6146=DIRECTION('',(1.0,0.0,-0.0));
#6147=DIRECTION('',(0.0,0.0,1.0));
#6148=DIRECTION('',(0.0,0.0,-1.0));
#6149=CARTESIAN_POINT('',(1.5675,-3.09,-1.09));
#6150=DIRECTION('',(1.0,0.0,0.0));
#6151=DIRECTION('',(0.0,-1.0,0.0));
#6152=DIRECTION('',(0.0,1.0,0.0));
#6153=DIRECTION('',(0.0,0.707106781186548,0.707106781186548));
#6154=DIRECTION('',(0.0,0.0,1.0));
#6155=CARTESIAN_POINT('',(1.5675,-2.35,-0.29));
#6156=DIRECTION('',(-1.0,0.0,0.0));
#6157=DIRECTION('',(0.0,-1.0,0.0));
#6158=DIRECTION('',(0.0,0.0,-1.0));
#6159=DIRECTION('',(0.0,1.0,0.0));
#6160=DIRECTION('',(0.0,0.707106781186548,0.707106781186548));
#6161=CARTESIAN_POINT('',(1.5675,-2.15,-0.29));
#6162=DIRECTION('',(-1.0,0.0,0.0));
#6163=DIRECTION('',(0.0,0.256038191595593,0.966666666666674));
#6164=DIRECTION('',(0.0,0.0,-1.0));
#6165=DIRECTION('',(0.0,0.0,1.0));
#6166=DIRECTION('',(0.0,-1.0,0.0));
#6167=DIRECTION('',(1.0,0.0,0.0));
#6168=DIRECTION('',(1.0,0.0,0.0));
#6169=DIRECTION('',(1.0,0.0,0.0));
#6170=DIRECTION('',(1.0,0.0,0.0));
#6171=DIRECTION('',(1.0,0.0,0.0));
#6172=DIRECTION('',(1.0,0.0,0.0));
#6173=DIRECTION('',(1.0,0.0,0.0));
#6174=DIRECTION('',(1.0,0.0,0.0));
#6175=DIRECTION('',(1.0,0.0,0.0));
#6176=DIRECTION('',(0.179091711449099,0.235804086741299,-0.955155794394995));
#6177=DIRECTION('',(0.0,-1.0,0.0));
#6178=DIRECTION('',(-0.179091711449099,0.235804086741299,0.955155794394995));
#6179=DIRECTION('',(1.0,0.0,0.0));
#6180=DIRECTION('',(-0.179091711449099,-0.235804086741299,-0.955155794394995));
#6181=DIRECTION('',(1.0,0.0,0.0));
#6182=DIRECTION('',(0.0,1.0,0.0));
#6183=DIRECTION('',(0.179091711449099,-0.235804086741299,0.955155794394995));
#6184=DIRECTION('',(1.0,0.0,0.0));
#6185=DIRECTION('',(1.0,0.0,0.0));
#6186=DIRECTION('',(0.0,-1.0,0.0));
#6187=DIRECTION('',(0.0,0.0,-1.0));
#6188=DIRECTION('',(0.0,0.0,-1.0));
#6189=DIRECTION('',(0.0,0.0,-1.0));
#6190=DIRECTION('',(0.0,0.0,-1.0));
#6191=DIRECTION('',(0.0,1.0,0.0));
#6192=DIRECTION('',(0.0,0.0,-1.0));
#6193=DIRECTION('',(0.0,0.707106781186548,0.707106781186548));
#6194=DIRECTION('',(0.0,0.0,-1.0));
#6195=DIRECTION('',(1.0,0.0,0.0));
#6196=DIRECTION('',(0.0,0.0,-1.0));
#6197=DIRECTION('',(0.0,0.0,-1.0));
#6198=DIRECTION('',(-0.707106781186548,0.0,0.707106781186548));
#6199=DIRECTION('',(0.0,0.0,-1.0));
#6200=DIRECTION('',(0.0,0.0,1.0));
#6201=DIRECTION('',(-0.707106781186548,0.0,-0.707106781186548));
#6202=DIRECTION('',(-1.0,0.0,0.0));
#6203=DIRECTION('',(0.0,0.0,-1.0));
#6204=DIRECTION('',(0.0,0.0,-1.0));
#6205=DIRECTION('',(1.0,0.0,0.0));
#6206=DIRECTION('',(1.0,0.0,0.0));
#6207=DIRECTION('',(0.0,1.0,0.0));
#6208=DIRECTION('',(-1.0,0.0,0.0));
#6209=DIRECTION('',(0.0,1.0,0.0));
#6210=DIRECTION('',(1.0,0.0,0.0));
#6211=DIRECTION('',(0.0,1.0,0.0));
#6212=DIRECTION('',(-1.0,0.0,0.0));
#6213=DIRECTION('',(0.0,-1.0,0.0));
#6214=DIRECTION('',(0.0,0.0,1.0));
#6215=DIRECTION('',(0.0,-1.0,0.0));
#6216=DIRECTION('',(0.0,0.0,1.0));
#6217=DIRECTION('',(-1.0,0.0,0.0));
#6218=DIRECTION('',(0.0,0.0,1.0));
#6219=DIRECTION('',(0.0,1.0,0.0));
#6220=DIRECTION('',(0.0,0.0,1.0));
#6221=DIRECTION('',(-1.0,0.0,0.0));
#6222=DIRECTION('',(-1.0,0.0,0.0));
#6223=DIRECTION('',(0.0,-0.707106781186547,-0.707106781186547));
#6224=DIRECTION('',(1.0,0.0,0.0));
#6225=DIRECTION('',(0.0,-0.707106781186547,-0.707106781186547));
#6226=DIRECTION('',(0.0,-1.0,0.0));
#6227=DIRECTION('',(0.0,0.0,1.0));
#6228=DIRECTION('',(1.0,0.0,0.0));
#6229=DIRECTION('',(0.0,0.0,1.0));
#6230=DIRECTION('',(0.0,-1.0,0.0));
#6231=DIRECTION('',(0.0,-1.0,0.0));
#6232=DIRECTION('',(0.0,0.0,-1.0));
#6233=DIRECTION('',(-0.707106781186548,0.0,0.707106781186548));
#6234=DIRECTION('',(0.0,0.0,1.0));
#6235=DIRECTION('',(0.447213595499998,0.0,-0.894427190999896));
#6236=DIRECTION('',(0.0,0.0,-1.0));
#6237=DIRECTION('',(-1.0,0.0,0.0));
#6238=DIRECTION('',(-0.707106781186548,0.0,-0.707106781186548));
#6239=DIRECTION('',(0.0,0.0,-1.0));
#6240=DIRECTION('',(0.0,1.0,0.0));
#6241=DIRECTION('',(0.0,-1.0,0.0));
#6242=DIRECTION('',(0.0,-1.0,0.0));
#6243=DIRECTION('',(0.447213595499998,0.0,-0.894427190999896));
#6244=DIRECTION('',(0.0,1.0,0.0));
#6245=DIRECTION('',(0.447213595499998,0.0,-0.894427190999896));
#6246=DIRECTION('',(0.447213595499998,0.0,-0.894427190999896));
#6247=DIRECTION('',(1.0,0.0,0.0));
#6248=DIRECTION('',(0.0,0.0,1.0));
#6249=CARTESIAN_POINT('',(3.47,-2.8,8.04));
#6250=DIRECTION('',(1.0,0.0,0.0));
#6251=DIRECTION('',(0.0,1.0,0.0));
#6252=DIRECTION('',(0.0,-1.0,0.0));
#6253=CARTESIAN_POINT('',(3.47,-2.94,8.04));
#6254=DIRECTION('',(1.0,0.0,-0.0));
#6255=DIRECTION('',(0.0,0.0,1.0));
#6256=DIRECTION('',(0.0,0.0,-1.0));
#6257=CARTESIAN_POINT('',(3.47,-3.14,5.5));
#6258=DIRECTION('',(1.0,0.0,0.0));
#6259=DIRECTION('',(0.0,-1.0,0.0));
#6260=DIRECTION('',(0.0,1.0,0.0));
#6261=CARTESIAN_POINT('',(3.47,-3.04,5.2));
#6262=DIRECTION('',(-1.0,0.0,0.0));
#6263=DIRECTION('',(0.0,0.0,1.0));
#6264=DIRECTION('',(0.0,0.0,-1.0));
#6265=CARTESIAN_POINT('',(3.47,-3.04,2.5));
#6266=DIRECTION('',(-1.0,0.0,0.0));
#6267=DIRECTION('',(0.0,1.0,0.0));
#6268=DIRECTION('',(0.0,-1.0,0.0));
#6269=CARTESIAN_POINT('',(3.47,-3.14,2.2));
#6270=DIRECTION('',(1.0,0.0,-0.0));
#6271=DIRECTION('',(0.0,0.0,1.0));
#6272=DIRECTION('',(0.0,0.0,-1.0));
#6273=CARTESIAN_POINT('',(3.47,-2.99,1.01));
#6274=DIRECTION('',(1.0,0.0,0.0));
#6275=DIRECTION('',(0.0,-1.0,0.0));
#6276=DIRECTION('',(0.0,1.0,0.0));
#6277=DIRECTION('',(0.0,0.0,1.0));
#6278=DIRECTION('',(1.0,0.0,0.0));
#6279=DIRECTION('',(0.0,0.0,-1.0));
#6280=DIRECTION('',(0.0,0.0,-1.0));
#6281=DIRECTION('',(1.0,0.0,0.0));
#6282=DIRECTION('',(0.0,0.0,-1.0));
#6283=DIRECTION('',(0.0,1.0,0.0));
#6284=CARTESIAN_POINT('',(2.97,-2.99,1.01));
#6285=DIRECTION('',(1.0,0.0,0.0));
#6286=DIRECTION('',(0.0,-1.0,0.0));
#6287=DIRECTION('',(0.0,0.0,-1.0));
#6288=CARTESIAN_POINT('',(2.97,-3.14,2.2));
#6289=DIRECTION('',(1.0,0.0,-0.0));
#6290=DIRECTION('',(0.0,0.0,1.0));
#6291=DIRECTION('',(0.0,-1.0,0.0));
#6292=CARTESIAN_POINT('',(2.97,-3.04,2.5));
#6293=DIRECTION('',(-1.0,0.0,0.0));
#6294=DIRECTION('',(0.0,1.0,0.0));
#6295=DIRECTION('',(0.0,0.0,-1.0));
#6296=CARTESIAN_POINT('',(2.97,-3.04,5.2));
#6297=DIRECTION('',(-1.0,0.0,0.0));
#6298=DIRECTION('',(0.0,0.0,1.0));
#6299=DIRECTION('',(0.0,1.0,0.0));
#6300=CARTESIAN_POINT('',(2.97,-3.14,5.5));
#6301=DIRECTION('',(1.0,0.0,0.0));
#6302=DIRECTION('',(0.0,-1.0,0.0));
#6303=DIRECTION('',(0.0,0.0,-1.0));
#6304=CARTESIAN_POINT('',(2.97,-2.94,8.04));
#6305=DIRECTION('',(1.0,0.0,-0.0));
#6306=DIRECTION('',(0.0,0.0,1.0));
#6307=DIRECTION('',(0.0,-1.0,0.0));
#6308=CARTESIAN_POINT('',(2.97,-2.8,8.04));
#6309=DIRECTION('',(1.0,0.0,0.0));
#6310=DIRECTION('',(0.0,1.0,0.0));
#6311=DIRECTION('',(1.0,0.0,0.0));
#6312=DIRECTION('',(1.0,0.0,0.0));
#6313=DIRECTION('',(1.0,0.0,0.0));
#6314=DIRECTION('',(1.0,0.0,0.0));
#6315=DIRECTION('',(1.0,0.0,0.0));
#6316=DIRECTION('',(1.0,0.0,0.0));
#6317=DIRECTION('',(1.0,0.0,0.0));
#6318=DIRECTION('',(1.0,0.0,0.0));
#6319=DIRECTION('',(1.0,0.0,0.0));
#6320=DIRECTION('',(1.0,0.0,0.0));
#6321=DIRECTION('',(1.0,0.0,0.0));
#6322=DIRECTION('',(1.0,0.0,0.0));
#6323=DIRECTION('',(1.0,0.0,0.0));
#6324=DIRECTION('',(0.0,-1.0,0.0));
#6325=DIRECTION('',(0.0,-1.0,0.0));
#6326=DIRECTION('',(1.0,0.0,0.0));
#6327=DIRECTION('',(1.0,0.0,0.0));
#6328=DIRECTION('',(1.0,0.0,0.0));
#6329=DIRECTION('',(1.0,0.0,0.0));
#6330=DIRECTION('',(1.0,0.0,0.0));
#6331=DIRECTION('',(1.0,0.0,0.0));
#6332=DIRECTION('',(1.0,0.0,0.0));
#6333=DIRECTION('',(1.0,0.0,0.0));
#6334=DIRECTION('',(1.0,0.0,0.0));
#6335=DIRECTION('',(0.179091711449099,0.235804086741299,-0.955155794394995));
#6336=DIRECTION('',(0.0,-1.0,0.0));
#6337=DIRECTION('',(-0.179091711449099,0.235804086741299,0.955155794394995));
#6338=DIRECTION('',(1.0,0.0,0.0));
#6339=DIRECTION('',(-0.179091711449099,-0.235804086741299,-0.955155794394995));
#6340=DIRECTION('',(1.0,0.0,0.0));
#6341=DIRECTION('',(0.0,1.0,0.0));
#6342=DIRECTION('',(0.179091711449099,-0.235804086741299,0.955155794394995));
#6343=DIRECTION('',(1.0,0.0,0.0));
#6344=DIRECTION('',(1.0,0.0,0.0));
#6345=DIRECTION('',(0.0,0.0,-1.0));
#6346=DIRECTION('',(0.0,1.0,0.0));
#6347=DIRECTION('',(1.0,0.0,0.0));
#6348=DIRECTION('',(0.0,-1.0,0.0));
#6349=DIRECTION('',(0.0,0.0,-1.0));
ENDSEC;
END-ISO-10303-21;
