ISO-10303-21;
HEADER;
FILE_DESCRIPTION((''),'2;1');
FILE_NAME('039310068','2015-02-16T',('me'),(''),
'PRO/ENGINEER BY PARAMETRIC TECHNOLOGY CORPORATION, 2011490',
'PRO/ENGINEER BY PARAMETRIC TECHNOLOGY CORPORATION, 2011490','');
FILE_SCHEMA(('CONFIG_CONTROL_DESIGN'));
ENDSEC;
DATA;
#1=DIRECTION('',(0.E0,1.E0,0.E0));
#2=VECTOR('',#1,1.26E1);
#3=CARTESIAN_POINT('',(-6.9E0,2.E-1,-1.59E0));
#4=LINE('',#3,#2);
#5=DIRECTION('',(0.E0,0.E0,1.E0));
#6=VECTOR('',#5,6.39E0);
#7=CARTESIAN_POINT('',(-6.9E0,1.28E1,-1.59E0));
#8=LINE('',#7,#6);
#9=DIRECTION('',(0.E0,-1.E0,0.E0));
#10=VECTOR('',#9,1.28E1);
#11=CARTESIAN_POINT('',(-6.9E0,1.28E1,4.8E0));
#12=LINE('',#11,#10);
#13=DIRECTION('',(0.E0,0.E0,-1.E0));
#14=VECTOR('',#13,1.E0);
#15=CARTESIAN_POINT('',(-6.9E0,0.E0,4.8E0));
#16=LINE('',#15,#14);
#17=DIRECTION('',(0.E0,1.E0,0.E0));
#18=VECTOR('',#17,2.E-1);
#19=CARTESIAN_POINT('',(-6.9E0,0.E0,3.8E0));
#20=LINE('',#19,#18);
#21=DIRECTION('',(0.E0,0.E0,1.E0));
#22=VECTOR('',#21,5.39E0);
#23=CARTESIAN_POINT('',(-6.9E0,2.E-1,-1.59E0));
#24=LINE('',#23,#22);
#25=DIRECTION('',(0.E0,1.E0,0.E0));
#26=VECTOR('',#25,1.26E1);
#27=CARTESIAN_POINT('',(-6.9E0,2.E-1,-3.39E0));
#28=LINE('',#27,#26);
#29=DIRECTION('',(0.E0,0.E0,1.E0));
#30=VECTOR('',#29,4.1E-1);
#31=CARTESIAN_POINT('',(-6.9E0,2.E-1,-3.8E0));
#32=LINE('',#31,#30);
#33=DIRECTION('',(0.E0,1.E0,0.E0));
#34=VECTOR('',#33,2.E-1);
#35=CARTESIAN_POINT('',(-6.9E0,0.E0,-3.8E0));
#36=LINE('',#35,#34);
#37=DIRECTION('',(0.E0,0.E0,-1.E0));
#38=VECTOR('',#37,1.E0);
#39=CARTESIAN_POINT('',(-6.9E0,0.E0,-3.8E0));
#40=LINE('',#39,#38);
#41=DIRECTION('',(0.E0,1.E0,0.E0));
#42=VECTOR('',#41,1.28E1);
#43=CARTESIAN_POINT('',(-6.9E0,0.E0,-4.8E0));
#44=LINE('',#43,#42);
#45=DIRECTION('',(0.E0,0.E0,1.E0));
#46=VECTOR('',#45,1.41E0);
#47=CARTESIAN_POINT('',(-6.9E0,1.28E1,-4.8E0));
#48=LINE('',#47,#46);
#49=DIRECTION('',(-7.071067811865E-1,0.E0,-7.071067811865E-1));
#50=VECTOR('',#49,5.656854249492E-1);
#51=CARTESIAN_POINT('',(-6.9E0,2.E-1,-1.59E0));
#52=LINE('',#51,#50);
#53=DIRECTION('',(0.E0,-1.E0,0.E0));
#54=VECTOR('',#53,1.26E1);
#55=CARTESIAN_POINT('',(-7.3E0,1.28E1,-1.99E0));
#56=LINE('',#55,#54);
#57=DIRECTION('',(0.E0,0.E0,-1.E0));
#58=VECTOR('',#57,1.E0);
#59=CARTESIAN_POINT('',(-7.3E0,2.E-1,-1.99E0));
#60=LINE('',#59,#58);
#61=DIRECTION('',(0.E0,0.E0,1.E0));
#62=VECTOR('',#61,3.3E0);
#63=CARTESIAN_POINT('',(5.5E0,2.E-1,5.E-1));
#64=LINE('',#63,#62);
#65=DIRECTION('',(-1.E0,0.E0,0.E0));
#66=VECTOR('',#65,1.4E0);
#67=CARTESIAN_POINT('',(6.9E0,2.E-1,3.8E0));
#68=LINE('',#67,#66);
#69=DIRECTION('',(1.E0,0.E0,0.E0));
#70=VECTOR('',#69,1.4E0);
#71=CARTESIAN_POINT('',(5.5E0,2.E-1,-3.8E0));
#72=LINE('',#71,#70);
#73=DIRECTION('',(0.E0,0.E0,1.E0));
#74=VECTOR('',#73,3.3E0);
#75=CARTESIAN_POINT('',(5.5E0,2.E-1,-3.8E0));
#76=LINE('',#75,#74);
#77=DIRECTION('',(-1.E0,0.E0,0.E0));
#78=VECTOR('',#77,4.E-1);
#79=CARTESIAN_POINT('',(5.9E0,2.E-1,-5.E-1));
#80=LINE('',#79,#78);
#81=DIRECTION('',(0.E0,0.E0,-1.E0));
#82=VECTOR('',#81,1.E0);
#83=CARTESIAN_POINT('',(5.9E0,2.E-1,5.E-1));
#84=LINE('',#83,#82);
#85=DIRECTION('',(1.E0,0.E0,0.E0));
#86=VECTOR('',#85,4.E-1);
#87=CARTESIAN_POINT('',(5.5E0,2.E-1,5.E-1));
#88=LINE('',#87,#86);
#89=DIRECTION('',(0.E0,0.E0,1.E0));
#90=VECTOR('',#89,3.3E0);
#91=CARTESIAN_POINT('',(-5.5E0,2.E-1,5.E-1));
#92=LINE('',#91,#90);
#93=DIRECTION('',(1.E0,0.E0,0.E0));
#94=VECTOR('',#93,4.E-1);
#95=CARTESIAN_POINT('',(-5.9E0,2.E-1,5.E-1));
#96=LINE('',#95,#94);
#97=DIRECTION('',(0.E0,0.E0,1.E0));
#98=VECTOR('',#97,1.E0);
#99=CARTESIAN_POINT('',(-5.9E0,2.E-1,-5.E-1));
#100=LINE('',#99,#98);
#101=DIRECTION('',(-1.E0,0.E0,0.E0));
#102=VECTOR('',#101,4.E-1);
#103=CARTESIAN_POINT('',(-5.5E0,2.E-1,-5.E-1));
#104=LINE('',#103,#102);
#105=DIRECTION('',(0.E0,0.E0,1.E0));
#106=VECTOR('',#105,3.3E0);
#107=CARTESIAN_POINT('',(-5.5E0,2.E-1,-3.8E0));
#108=LINE('',#107,#106);
#109=DIRECTION('',(1.E0,0.E0,0.E0));
#110=VECTOR('',#109,1.4E0);
#111=CARTESIAN_POINT('',(-6.9E0,2.E-1,-3.8E0));
#112=LINE('',#111,#110);
#113=DIRECTION('',(-1.E0,0.E0,0.E0));
#114=VECTOR('',#113,1.4E0);
#115=CARTESIAN_POINT('',(-5.5E0,2.E-1,3.8E0));
#116=LINE('',#115,#114);
#117=DIRECTION('',(0.E0,1.E0,0.E0));
#118=VECTOR('',#117,6.E-1);
#119=CARTESIAN_POINT('',(5.5E0,2.E-1,5.E-1));
#120=LINE('',#119,#118);
#121=DIRECTION('',(0.E0,1.E0,0.E0));
#122=VECTOR('',#121,2.9E0);
#123=CARTESIAN_POINT('',(-2.9E0,8.E-1,5.E-1));
#124=LINE('',#123,#122);
#125=DIRECTION('',(0.E0,-1.E0,0.E0));
#126=VECTOR('',#125,1.E0);
#127=CARTESIAN_POINT('',(-2.4E0,3.7E0,5.E-1));
#128=LINE('',#127,#126);
#129=DIRECTION('',(1.E0,0.E0,0.E0));
#130=VECTOR('',#129,6.E-1);
#131=CARTESIAN_POINT('',(-2.4E0,2.7E0,5.E-1));
#132=LINE('',#131,#130);
#133=DIRECTION('',(0.E0,1.E0,0.E0));
#134=VECTOR('',#133,1.E0);
#135=CARTESIAN_POINT('',(-1.8E0,2.7E0,5.E-1));
#136=LINE('',#135,#134);
#137=DIRECTION('',(0.E0,-1.E0,0.E0));
#138=VECTOR('',#137,2.9E0);
#139=CARTESIAN_POINT('',(-1.3E0,3.7E0,5.E-1));
#140=LINE('',#139,#138);
#141=DIRECTION('',(0.E0,1.E0,0.E0));
#142=VECTOR('',#141,2.9E0);
#143=CARTESIAN_POINT('',(1.3E0,8.E-1,5.E-1));
#144=LINE('',#143,#142);
#145=DIRECTION('',(0.E0,-1.E0,0.E0));
#146=VECTOR('',#145,1.E0);
#147=CARTESIAN_POINT('',(1.8E0,3.7E0,5.E-1));
#148=LINE('',#147,#146);
#149=DIRECTION('',(-1.E0,0.E0,0.E0));
#150=VECTOR('',#149,6.E-1);
#151=CARTESIAN_POINT('',(2.4E0,2.7E0,5.E-1));
#152=LINE('',#151,#150);
#153=DIRECTION('',(0.E0,1.E0,0.E0));
#154=VECTOR('',#153,1.E0);
#155=CARTESIAN_POINT('',(2.4E0,2.7E0,5.E-1));
#156=LINE('',#155,#154);
#157=DIRECTION('',(0.E0,-1.E0,0.E0));
#158=VECTOR('',#157,2.9E0);
#159=CARTESIAN_POINT('',(2.9E0,3.7E0,5.E-1));
#160=LINE('',#159,#158);
#161=DIRECTION('',(0.E0,1.E0,0.E0));
#162=VECTOR('',#161,2.E-1);
#163=CARTESIAN_POINT('',(-5.9E0,0.E0,5.E-1));
#164=LINE('',#163,#162);
#165=DIRECTION('',(0.E0,1.E0,0.E0));
#166=VECTOR('',#165,6.E-1);
#167=CARTESIAN_POINT('',(-5.5E0,2.E-1,5.E-1));
#168=LINE('',#167,#166);
#169=DIRECTION('',(1.E0,0.E0,0.E0));
#170=VECTOR('',#169,2.6E0);
#171=CARTESIAN_POINT('',(-5.5E0,8.E-1,5.E-1));
#172=LINE('',#171,#170);
#173=DIRECTION('',(0.E0,0.E0,-1.E0));
#174=VECTOR('',#173,3.3E0);
#175=CARTESIAN_POINT('',(-5.5E0,8.E-1,3.8E0));
#176=LINE('',#175,#174);
#177=DIRECTION('',(-1.E0,0.E0,0.E0));
#178=VECTOR('',#177,3.E-1);
#179=CARTESIAN_POINT('',(-5.2E0,8.E-1,3.8E0));
#180=LINE('',#179,#178);
#181=DIRECTION('',(0.E0,0.E0,-1.E0));
#182=VECTOR('',#181,1.E0);
#183=CARTESIAN_POINT('',(-5.2E0,8.E-1,4.8E0));
#184=LINE('',#183,#182);
#185=DIRECTION('',(0.E0,0.E0,1.E0));
#186=VECTOR('',#185,1.E0);
#187=CARTESIAN_POINT('',(-3.2E0,8.E-1,3.8E0));
#188=LINE('',#187,#186);
#189=DIRECTION('',(-1.E0,0.E0,0.E0));
#190=VECTOR('',#189,3.E-1);
#191=CARTESIAN_POINT('',(-2.9E0,8.E-1,3.8E0));
#192=LINE('',#191,#190);
#193=DIRECTION('',(0.E0,0.E0,-1.E0));
#194=VECTOR('',#193,3.3E0);
#195=CARTESIAN_POINT('',(-2.9E0,8.E-1,3.8E0));
#196=LINE('',#195,#194);
#197=DIRECTION('',(1.E0,0.E0,0.E0));
#198=VECTOR('',#197,3.E-1);
#199=CARTESIAN_POINT('',(-3.2E0,8.E-1,-3.8E0));
#200=LINE('',#199,#198);
#201=DIRECTION('',(0.E0,0.E0,1.E0));
#202=VECTOR('',#201,1.E0);
#203=CARTESIAN_POINT('',(-3.2E0,8.E-1,-4.8E0));
#204=LINE('',#203,#202);
#205=DIRECTION('',(0.E0,0.E0,-1.E0));
#206=VECTOR('',#205,1.E0);
#207=CARTESIAN_POINT('',(-5.2E0,8.E-1,-3.8E0));
#208=LINE('',#207,#206);
#209=DIRECTION('',(1.E0,0.E0,0.E0));
#210=VECTOR('',#209,3.E-1);
#211=CARTESIAN_POINT('',(-5.5E0,8.E-1,-3.8E0));
#212=LINE('',#211,#210);
#213=DIRECTION('',(0.E0,0.E0,-1.E0));
#214=VECTOR('',#213,3.3E0);
#215=CARTESIAN_POINT('',(-5.5E0,8.E-1,-5.E-1));
#216=LINE('',#215,#214);
#217=DIRECTION('',(-1.E0,0.E0,0.E0));
#218=VECTOR('',#217,2.6E0);
#219=CARTESIAN_POINT('',(-2.9E0,8.E-1,-5.E-1));
#220=LINE('',#219,#218);
#221=DIRECTION('',(0.E0,0.E0,-1.E0));
#222=VECTOR('',#221,3.3E0);
#223=CARTESIAN_POINT('',(-2.9E0,8.E-1,-5.E-1));
#224=LINE('',#223,#222);
#225=DIRECTION('',(0.E0,0.E0,1.E0));
#226=VECTOR('',#225,6.E-1);
#227=CARTESIAN_POINT('',(-3.63E0,8.E-1,-3.25E0));
#228=LINE('',#227,#226);
#229=DIRECTION('',(-1.E0,0.E0,0.E0));
#230=VECTOR('',#229,1.14E0);
#231=CARTESIAN_POINT('',(-3.63E0,8.E-1,-2.65E0));
#232=LINE('',#231,#230);
#233=DIRECTION('',(0.E0,0.E0,1.E0));
#234=VECTOR('',#233,6.E-1);
#235=CARTESIAN_POINT('',(-4.77E0,8.E-1,-3.25E0));
#236=LINE('',#235,#234);
#237=DIRECTION('',(-1.E0,0.E0,0.E0));
#238=VECTOR('',#237,1.14E0);
#239=CARTESIAN_POINT('',(-3.63E0,8.E-1,-3.25E0));
#240=LINE('',#239,#238);
#241=DIRECTION('',(0.E0,0.E0,1.E0));
#242=VECTOR('',#241,6.E-1);
#243=CARTESIAN_POINT('',(-3.63E0,8.E-1,2.25E0));
#244=LINE('',#243,#242);
#245=DIRECTION('',(-1.E0,0.E0,0.E0));
#246=VECTOR('',#245,1.14E0);
#247=CARTESIAN_POINT('',(-3.63E0,8.E-1,2.85E0));
#248=LINE('',#247,#246);
#249=DIRECTION('',(0.E0,0.E0,1.E0));
#250=VECTOR('',#249,6.E-1);
#251=CARTESIAN_POINT('',(-4.77E0,8.E-1,2.25E0));
#252=LINE('',#251,#250);
#253=DIRECTION('',(-1.E0,0.E0,0.E0));
#254=VECTOR('',#253,1.14E0);
#255=CARTESIAN_POINT('',(-3.63E0,8.E-1,2.25E0));
#256=LINE('',#255,#254);
#257=DIRECTION('',(0.E0,1.E0,0.E0));
#258=VECTOR('',#257,6.E-1);
#259=CARTESIAN_POINT('',(-5.5E0,2.E-1,3.8E0));
#260=LINE('',#259,#258);
#261=DIRECTION('',(0.E0,1.E0,0.E0));
#262=VECTOR('',#261,8.E-1);
#263=CARTESIAN_POINT('',(-5.2E0,0.E0,3.8E0));
#264=LINE('',#263,#262);
#265=DIRECTION('',(0.E0,1.E0,0.E0));
#266=VECTOR('',#265,6.E-1);
#267=CARTESIAN_POINT('',(5.5E0,2.E-1,3.8E0));
#268=LINE('',#267,#266);
#269=DIRECTION('',(0.E0,-1.E0,0.E0));
#270=VECTOR('',#269,8.E-1);
#271=CARTESIAN_POINT('',(5.2E0,8.E-1,3.8E0));
#272=LINE('',#271,#270);
#273=DIRECTION('',(0.E0,-1.E0,0.E0));
#274=VECTOR('',#273,2.9E0);
#275=CARTESIAN_POINT('',(1.3E0,3.7E0,3.8E0));
#276=LINE('',#275,#274);
#277=DIRECTION('',(0.E0,-1.E0,0.E0));
#278=VECTOR('',#277,8.E-1);
#279=CARTESIAN_POINT('',(1.E0,8.E-1,3.8E0));
#280=LINE('',#279,#278);
#281=DIRECTION('',(0.E0,1.E0,0.E0));
#282=VECTOR('',#281,8.E-1);
#283=CARTESIAN_POINT('',(3.2E0,0.E0,3.8E0));
#284=LINE('',#283,#282);
#285=DIRECTION('',(0.E0,1.E0,0.E0));
#286=VECTOR('',#285,2.9E0);
#287=CARTESIAN_POINT('',(2.9E0,8.E-1,3.8E0));
#288=LINE('',#287,#286);
#289=DIRECTION('',(0.E0,-1.E0,0.E0));
#290=VECTOR('',#289,1.E0);
#291=CARTESIAN_POINT('',(2.4E0,3.7E0,3.8E0));
#292=LINE('',#291,#290);
#293=DIRECTION('',(-1.E0,0.E0,0.E0));
#294=VECTOR('',#293,6.E-1);
#295=CARTESIAN_POINT('',(2.4E0,2.7E0,3.8E0));
#296=LINE('',#295,#294);
#297=DIRECTION('',(0.E0,1.E0,0.E0));
#298=VECTOR('',#297,1.E0);
#299=CARTESIAN_POINT('',(1.8E0,2.7E0,3.8E0));
#300=LINE('',#299,#298);
#301=DIRECTION('',(-1.E0,0.E0,0.E0));
#302=VECTOR('',#301,5.E-1);
#303=CARTESIAN_POINT('',(1.8E0,3.7E0,3.8E0));
#304=LINE('',#303,#302);
#305=DIRECTION('',(0.E0,-1.E0,0.E0));
#306=VECTOR('',#305,2.9E0);
#307=CARTESIAN_POINT('',(-1.3E0,3.7E0,3.8E0));
#308=LINE('',#307,#306);
#309=DIRECTION('',(1.E0,0.E0,0.E0));
#310=VECTOR('',#309,5.E-1);
#311=CARTESIAN_POINT('',(-1.8E0,3.7E0,3.8E0));
#312=LINE('',#311,#310);
#313=DIRECTION('',(0.E0,1.E0,0.E0));
#314=VECTOR('',#313,1.E0);
#315=CARTESIAN_POINT('',(-1.8E0,2.7E0,3.8E0));
#316=LINE('',#315,#314);
#317=DIRECTION('',(1.E0,0.E0,0.E0));
#318=VECTOR('',#317,6.E-1);
#319=CARTESIAN_POINT('',(-2.4E0,2.7E0,3.8E0));
#320=LINE('',#319,#318);
#321=DIRECTION('',(0.E0,-1.E0,0.E0));
#322=VECTOR('',#321,1.E0);
#323=CARTESIAN_POINT('',(-2.4E0,3.7E0,3.8E0));
#324=LINE('',#323,#322);
#325=DIRECTION('',(1.E0,0.E0,0.E0));
#326=VECTOR('',#325,5.E-1);
#327=CARTESIAN_POINT('',(-2.9E0,3.7E0,3.8E0));
#328=LINE('',#327,#326);
#329=DIRECTION('',(0.E0,1.E0,0.E0));
#330=VECTOR('',#329,2.9E0);
#331=CARTESIAN_POINT('',(-2.9E0,8.E-1,3.8E0));
#332=LINE('',#331,#330);
#333=DIRECTION('',(0.E0,-1.E0,0.E0));
#334=VECTOR('',#333,8.E-1);
#335=CARTESIAN_POINT('',(-3.2E0,8.E-1,3.8E0));
#336=LINE('',#335,#334);
#337=DIRECTION('',(0.E0,1.E0,0.E0));
#338=VECTOR('',#337,8.E-1);
#339=CARTESIAN_POINT('',(-1.E0,0.E0,3.8E0));
#340=LINE('',#339,#338);
#341=DIRECTION('',(1.E0,0.E0,0.E0));
#342=VECTOR('',#341,1.18E1);
#343=CARTESIAN_POINT('',(-5.9E0,0.E0,5.E-1));
#344=LINE('',#343,#342);
#345=DIRECTION('',(0.E0,0.E0,-1.E0));
#346=VECTOR('',#345,1.E0);
#347=CARTESIAN_POINT('',(5.9E0,0.E0,5.E-1));
#348=LINE('',#347,#346);
#349=DIRECTION('',(-1.E0,0.E0,0.E0));
#350=VECTOR('',#349,1.18E1);
#351=CARTESIAN_POINT('',(5.9E0,0.E0,-5.E-1));
#352=LINE('',#351,#350);
#353=DIRECTION('',(0.E0,0.E0,1.E0));
#354=VECTOR('',#353,1.E0);
#355=CARTESIAN_POINT('',(-5.9E0,0.E0,-5.E-1));
#356=LINE('',#355,#354);
#357=DIRECTION('',(1.E0,0.E0,0.E0));
#358=VECTOR('',#357,1.7E0);
#359=CARTESIAN_POINT('',(5.2E0,0.E0,4.8E0));
#360=LINE('',#359,#358);
#361=DIRECTION('',(1.E0,0.E0,0.E0));
#362=VECTOR('',#361,1.7E0);
#363=CARTESIAN_POINT('',(5.2E0,0.E0,3.8E0));
#364=LINE('',#363,#362);
#365=DIRECTION('',(0.E0,0.E0,-1.E0));
#366=VECTOR('',#365,1.E0);
#367=CARTESIAN_POINT('',(5.2E0,0.E0,4.8E0));
#368=LINE('',#367,#366);
#369=DIRECTION('',(0.E0,0.E0,1.E0));
#370=VECTOR('',#369,1.E0);
#371=CARTESIAN_POINT('',(5.2E0,0.E0,-4.8E0));
#372=LINE('',#371,#370);
#373=DIRECTION('',(1.E0,0.E0,0.E0));
#374=VECTOR('',#373,1.7E0);
#375=CARTESIAN_POINT('',(5.2E0,0.E0,-3.8E0));
#376=LINE('',#375,#374);
#377=DIRECTION('',(1.E0,0.E0,0.E0));
#378=VECTOR('',#377,2.2E0);
#379=CARTESIAN_POINT('',(1.E0,0.E0,4.8E0));
#380=LINE('',#379,#378);
#381=DIRECTION('',(0.E0,0.E0,-1.E0));
#382=VECTOR('',#381,1.E0);
#383=CARTESIAN_POINT('',(3.2E0,0.E0,4.8E0));
#384=LINE('',#383,#382);
#385=DIRECTION('',(1.E0,0.E0,0.E0));
#386=VECTOR('',#385,2.2E0);
#387=CARTESIAN_POINT('',(1.E0,0.E0,3.8E0));
#388=LINE('',#387,#386);
#389=DIRECTION('',(0.E0,0.E0,-1.E0));
#390=VECTOR('',#389,1.E0);
#391=CARTESIAN_POINT('',(1.E0,0.E0,4.8E0));
#392=LINE('',#391,#390);
#393=DIRECTION('',(0.E0,0.E0,1.E0));
#394=VECTOR('',#393,1.E0);
#395=CARTESIAN_POINT('',(1.E0,0.E0,-4.8E0));
#396=LINE('',#395,#394);
#397=DIRECTION('',(1.E0,0.E0,0.E0));
#398=VECTOR('',#397,2.2E0);
#399=CARTESIAN_POINT('',(1.E0,0.E0,-3.8E0));
#400=LINE('',#399,#398);
#401=DIRECTION('',(0.E0,0.E0,1.E0));
#402=VECTOR('',#401,1.E0);
#403=CARTESIAN_POINT('',(3.2E0,0.E0,-4.8E0));
#404=LINE('',#403,#402);
#405=DIRECTION('',(1.E0,0.E0,0.E0));
#406=VECTOR('',#405,1.7E0);
#407=CARTESIAN_POINT('',(-6.9E0,0.E0,4.8E0));
#408=LINE('',#407,#406);
#409=DIRECTION('',(0.E0,0.E0,-1.E0));
#410=VECTOR('',#409,1.E0);
#411=CARTESIAN_POINT('',(-5.2E0,0.E0,4.8E0));
#412=LINE('',#411,#410);
#413=DIRECTION('',(1.E0,0.E0,0.E0));
#414=VECTOR('',#413,1.7E0);
#415=CARTESIAN_POINT('',(-6.9E0,0.E0,3.8E0));
#416=LINE('',#415,#414);
#417=DIRECTION('',(1.E0,0.E0,0.E0));
#418=VECTOR('',#417,2.2E0);
#419=CARTESIAN_POINT('',(-3.2E0,0.E0,4.8E0));
#420=LINE('',#419,#418);
#421=DIRECTION('',(0.E0,0.E0,-1.E0));
#422=VECTOR('',#421,1.E0);
#423=CARTESIAN_POINT('',(-1.E0,0.E0,4.8E0));
#424=LINE('',#423,#422);
#425=DIRECTION('',(1.E0,0.E0,0.E0));
#426=VECTOR('',#425,2.2E0);
#427=CARTESIAN_POINT('',(-3.2E0,0.E0,3.8E0));
#428=LINE('',#427,#426);
#429=DIRECTION('',(0.E0,0.E0,-1.E0));
#430=VECTOR('',#429,1.E0);
#431=CARTESIAN_POINT('',(-3.2E0,0.E0,4.8E0));
#432=LINE('',#431,#430);
#433=DIRECTION('',(1.E0,0.E0,0.E0));
#434=VECTOR('',#433,1.7E0);
#435=CARTESIAN_POINT('',(-6.9E0,0.E0,-3.8E0));
#436=LINE('',#435,#434);
#437=DIRECTION('',(0.E0,0.E0,1.E0));
#438=VECTOR('',#437,1.E0);
#439=CARTESIAN_POINT('',(-5.2E0,0.E0,-4.8E0));
#440=LINE('',#439,#438);
#441=DIRECTION('',(0.E0,0.E0,1.E0));
#442=VECTOR('',#441,1.E0);
#443=CARTESIAN_POINT('',(-3.2E0,0.E0,-4.8E0));
#444=LINE('',#443,#442);
#445=DIRECTION('',(1.E0,0.E0,0.E0));
#446=VECTOR('',#445,2.2E0);
#447=CARTESIAN_POINT('',(-3.2E0,0.E0,-3.8E0));
#448=LINE('',#447,#446);
#449=DIRECTION('',(0.E0,0.E0,1.E0));
#450=VECTOR('',#449,1.E0);
#451=CARTESIAN_POINT('',(-1.E0,0.E0,-4.8E0));
#452=LINE('',#451,#450);
#453=DIRECTION('',(0.E0,1.E0,0.E0));
#454=VECTOR('',#453,2.E-1);
#455=CARTESIAN_POINT('',(5.9E0,0.E0,5.E-1));
#456=LINE('',#455,#454);
#457=DIRECTION('',(0.E0,-1.E0,0.E0));
#458=VECTOR('',#457,2.9E0);
#459=CARTESIAN_POINT('',(-1.3E0,3.7E0,-5.E-1));
#460=LINE('',#459,#458);
#461=DIRECTION('',(0.E0,1.E0,0.E0));
#462=VECTOR('',#461,1.E0);
#463=CARTESIAN_POINT('',(-1.8E0,2.7E0,-5.E-1));
#464=LINE('',#463,#462);
#465=DIRECTION('',(1.E0,0.E0,0.E0));
#466=VECTOR('',#465,6.E-1);
#467=CARTESIAN_POINT('',(-2.4E0,2.7E0,-5.E-1));
#468=LINE('',#467,#466);
#469=DIRECTION('',(0.E0,-1.E0,0.E0));
#470=VECTOR('',#469,1.E0);
#471=CARTESIAN_POINT('',(-2.4E0,3.7E0,-5.E-1));
#472=LINE('',#471,#470);
#473=DIRECTION('',(0.E0,1.E0,0.E0));
#474=VECTOR('',#473,2.9E0);
#475=CARTESIAN_POINT('',(-2.9E0,8.E-1,-5.E-1));
#476=LINE('',#475,#474);
#477=DIRECTION('',(0.E0,1.E0,0.E0));
#478=VECTOR('',#477,2.E-1);
#479=CARTESIAN_POINT('',(5.9E0,0.E0,-5.E-1));
#480=LINE('',#479,#478);
#481=DIRECTION('',(0.E0,1.E0,0.E0));
#482=VECTOR('',#481,6.E-1);
#483=CARTESIAN_POINT('',(5.5E0,2.E-1,-5.E-1));
#484=LINE('',#483,#482);
#485=DIRECTION('',(0.E0,1.E0,0.E0));
#486=VECTOR('',#485,2.9E0);
#487=CARTESIAN_POINT('',(2.9E0,8.E-1,-5.E-1));
#488=LINE('',#487,#486);
#489=DIRECTION('',(-1.E0,0.E0,0.E0));
#490=VECTOR('',#489,5.E-1);
#491=CARTESIAN_POINT('',(2.9E0,3.7E0,-5.E-1));
#492=LINE('',#491,#490);
#493=DIRECTION('',(0.E0,-1.E0,0.E0));
#494=VECTOR('',#493,1.E0);
#495=CARTESIAN_POINT('',(2.4E0,3.7E0,-5.E-1));
#496=LINE('',#495,#494);
#497=DIRECTION('',(-1.E0,0.E0,0.E0));
#498=VECTOR('',#497,6.E-1);
#499=CARTESIAN_POINT('',(2.4E0,2.7E0,-5.E-1));
#500=LINE('',#499,#498);
#501=DIRECTION('',(0.E0,1.E0,0.E0));
#502=VECTOR('',#501,1.E0);
#503=CARTESIAN_POINT('',(1.8E0,2.7E0,-5.E-1));
#504=LINE('',#503,#502);
#505=DIRECTION('',(0.E0,-1.E0,0.E0));
#506=VECTOR('',#505,2.9E0);
#507=CARTESIAN_POINT('',(1.3E0,3.7E0,-5.E-1));
#508=LINE('',#507,#506);
#509=DIRECTION('',(-1.E0,0.E0,0.E0));
#510=VECTOR('',#509,3.E-1);
#511=CARTESIAN_POINT('',(-1.E0,8.E-1,3.8E0));
#512=LINE('',#511,#510);
#513=DIRECTION('',(0.E0,0.E0,-1.E0));
#514=VECTOR('',#513,1.E0);
#515=CARTESIAN_POINT('',(-1.E0,8.E-1,4.8E0));
#516=LINE('',#515,#514);
#517=DIRECTION('',(0.E0,0.E0,1.E0));
#518=VECTOR('',#517,1.E0);
#519=CARTESIAN_POINT('',(1.E0,8.E-1,3.8E0));
#520=LINE('',#519,#518);
#521=DIRECTION('',(-1.E0,0.E0,0.E0));
#522=VECTOR('',#521,3.E-1);
#523=CARTESIAN_POINT('',(1.3E0,8.E-1,3.8E0));
#524=LINE('',#523,#522);
#525=DIRECTION('',(0.E0,0.E0,-1.E0));
#526=VECTOR('',#525,3.3E0);
#527=CARTESIAN_POINT('',(1.3E0,8.E-1,3.8E0));
#528=LINE('',#527,#526);
#529=DIRECTION('',(1.E0,0.E0,0.E0));
#530=VECTOR('',#529,2.6E0);
#531=CARTESIAN_POINT('',(-1.3E0,8.E-1,5.E-1));
#532=LINE('',#531,#530);
#533=DIRECTION('',(0.E0,0.E0,-1.E0));
#534=VECTOR('',#533,3.3E0);
#535=CARTESIAN_POINT('',(-1.3E0,8.E-1,3.8E0));
#536=LINE('',#535,#534);
#537=DIRECTION('',(1.E0,0.E0,0.E0));
#538=VECTOR('',#537,3.E-1);
#539=CARTESIAN_POINT('',(-1.3E0,8.E-1,-3.8E0));
#540=LINE('',#539,#538);
#541=DIRECTION('',(0.E0,0.E0,-1.E0));
#542=VECTOR('',#541,3.3E0);
#543=CARTESIAN_POINT('',(-1.3E0,8.E-1,-5.E-1));
#544=LINE('',#543,#542);
#545=DIRECTION('',(-1.E0,0.E0,0.E0));
#546=VECTOR('',#545,2.6E0);
#547=CARTESIAN_POINT('',(1.3E0,8.E-1,-5.E-1));
#548=LINE('',#547,#546);
#549=DIRECTION('',(0.E0,0.E0,-1.E0));
#550=VECTOR('',#549,3.3E0);
#551=CARTESIAN_POINT('',(1.3E0,8.E-1,-5.E-1));
#552=LINE('',#551,#550);
#553=DIRECTION('',(1.E0,0.E0,0.E0));
#554=VECTOR('',#553,3.E-1);
#555=CARTESIAN_POINT('',(1.E0,8.E-1,-3.8E0));
#556=LINE('',#555,#554);
#557=DIRECTION('',(0.E0,0.E0,1.E0));
#558=VECTOR('',#557,1.E0);
#559=CARTESIAN_POINT('',(1.E0,8.E-1,-4.8E0));
#560=LINE('',#559,#558);
#561=DIRECTION('',(0.E0,0.E0,-1.E0));
#562=VECTOR('',#561,1.E0);
#563=CARTESIAN_POINT('',(-1.E0,8.E-1,-3.8E0));
#564=LINE('',#563,#562);
#565=DIRECTION('',(0.E0,0.E0,1.E0));
#566=VECTOR('',#565,6.E-1);
#567=CARTESIAN_POINT('',(5.7E-1,8.E-1,-3.25E0));
#568=LINE('',#567,#566);
#569=DIRECTION('',(-1.E0,0.E0,0.E0));
#570=VECTOR('',#569,1.14E0);
#571=CARTESIAN_POINT('',(5.7E-1,8.E-1,-2.65E0));
#572=LINE('',#571,#570);
#573=DIRECTION('',(0.E0,0.E0,1.E0));
#574=VECTOR('',#573,6.E-1);
#575=CARTESIAN_POINT('',(-5.7E-1,8.E-1,-3.25E0));
#576=LINE('',#575,#574);
#577=DIRECTION('',(-1.E0,0.E0,0.E0));
#578=VECTOR('',#577,1.14E0);
#579=CARTESIAN_POINT('',(5.7E-1,8.E-1,-3.25E0));
#580=LINE('',#579,#578);
#581=DIRECTION('',(0.E0,0.E0,1.E0));
#582=VECTOR('',#581,6.E-1);
#583=CARTESIAN_POINT('',(5.7E-1,8.E-1,2.25E0));
#584=LINE('',#583,#582);
#585=DIRECTION('',(-1.E0,0.E0,0.E0));
#586=VECTOR('',#585,1.14E0);
#587=CARTESIAN_POINT('',(5.7E-1,8.E-1,2.85E0));
#588=LINE('',#587,#586);
#589=DIRECTION('',(0.E0,0.E0,1.E0));
#590=VECTOR('',#589,6.E-1);
#591=CARTESIAN_POINT('',(-5.7E-1,8.E-1,2.25E0));
#592=LINE('',#591,#590);
#593=DIRECTION('',(-1.E0,0.E0,0.E0));
#594=VECTOR('',#593,1.14E0);
#595=CARTESIAN_POINT('',(5.7E-1,8.E-1,2.25E0));
#596=LINE('',#595,#594);
#597=DIRECTION('',(1.E0,0.E0,0.E0));
#598=VECTOR('',#597,1.38E1);
#599=CARTESIAN_POINT('',(-6.9E0,1.28E1,4.8E0));
#600=LINE('',#599,#598);
#601=DIRECTION('',(0.E0,1.E0,0.E0));
#602=VECTOR('',#601,8.E-1);
#603=CARTESIAN_POINT('',(5.2E0,0.E0,4.8E0));
#604=LINE('',#603,#602);
#605=DIRECTION('',(1.E0,0.E0,0.E0));
#606=VECTOR('',#605,2.E0);
#607=CARTESIAN_POINT('',(3.2E0,8.E-1,4.8E0));
#608=LINE('',#607,#606);
#609=DIRECTION('',(0.E0,1.E0,0.E0));
#610=VECTOR('',#609,8.E-1);
#611=CARTESIAN_POINT('',(3.2E0,0.E0,4.8E0));
#612=LINE('',#611,#610);
#613=DIRECTION('',(0.E0,1.E0,0.E0));
#614=VECTOR('',#613,8.E-1);
#615=CARTESIAN_POINT('',(1.E0,0.E0,4.8E0));
#616=LINE('',#615,#614);
#617=DIRECTION('',(1.E0,0.E0,0.E0));
#618=VECTOR('',#617,2.E0);
#619=CARTESIAN_POINT('',(-1.E0,8.E-1,4.8E0));
#620=LINE('',#619,#618);
#621=DIRECTION('',(0.E0,1.E0,0.E0));
#622=VECTOR('',#621,8.E-1);
#623=CARTESIAN_POINT('',(-1.E0,0.E0,4.8E0));
#624=LINE('',#623,#622);
#625=DIRECTION('',(0.E0,1.E0,0.E0));
#626=VECTOR('',#625,8.E-1);
#627=CARTESIAN_POINT('',(-3.2E0,0.E0,4.8E0));
#628=LINE('',#627,#626);
#629=DIRECTION('',(1.E0,0.E0,0.E0));
#630=VECTOR('',#629,2.E0);
#631=CARTESIAN_POINT('',(-5.2E0,8.E-1,4.8E0));
#632=LINE('',#631,#630);
#633=DIRECTION('',(0.E0,1.E0,0.E0));
#634=VECTOR('',#633,8.E-1);
#635=CARTESIAN_POINT('',(-5.2E0,0.E0,4.8E0));
#636=LINE('',#635,#634);
#637=DIRECTION('',(1.E0,0.E0,0.E0));
#638=VECTOR('',#637,3.4E0);
#639=CARTESIAN_POINT('',(-1.7E0,1.28E1,-4.8E0));
#640=LINE('',#639,#638);
#641=DIRECTION('',(1.E0,0.E0,0.E0));
#642=VECTOR('',#641,5.2E0);
#643=CARTESIAN_POINT('',(1.7E0,1.28E1,-4.8E0));
#644=LINE('',#643,#642);
#645=CARTESIAN_POINT('',(6.9E0,1.28E1,2.6E0));
#646=DIRECTION('',(0.E0,-1.E0,0.E0));
#647=DIRECTION('',(0.E0,0.E0,-1.E0));
#648=AXIS2_PLACEMENT_3D('',#645,#646,#647);
#650=DIRECTION('',(-7.071067811865E-1,0.E0,-7.071067811865E-1));
#651=VECTOR('',#650,5.656854249492E-1);
#652=CARTESIAN_POINT('',(-6.9E0,1.28E1,-1.59E0));
#653=LINE('',#652,#651);
#654=DIRECTION('',(0.E0,0.E0,-1.E0));
#655=VECTOR('',#654,1.E0);
#656=CARTESIAN_POINT('',(-7.3E0,1.28E1,-1.99E0));
#657=LINE('',#656,#655);
#658=DIRECTION('',(7.071067811865E-1,0.E0,-7.071067811865E-1));
#659=VECTOR('',#658,5.656854249492E-1);
#660=CARTESIAN_POINT('',(-7.3E0,1.28E1,-2.99E0));
#661=LINE('',#660,#659);
#662=DIRECTION('',(1.E0,0.E0,0.E0));
#663=VECTOR('',#662,5.2E0);
#664=CARTESIAN_POINT('',(-6.9E0,1.28E1,-4.8E0));
#665=LINE('',#664,#663);
#666=DIRECTION('',(0.E0,0.E0,-1.E0));
#667=VECTOR('',#666,3.6E0);
#668=CARTESIAN_POINT('',(6.E0,1.28E1,3.9E0));
#669=LINE('',#668,#667);
#670=DIRECTION('',(-1.E0,0.E0,0.E0));
#671=VECTOR('',#670,3.6E0);
#672=CARTESIAN_POINT('',(6.E0,1.28E1,3.E-1));
#673=LINE('',#672,#671);
#674=DIRECTION('',(0.E0,0.E0,1.E0));
#675=VECTOR('',#674,3.6E0);
#676=CARTESIAN_POINT('',(2.4E0,1.28E1,3.E-1));
#677=LINE('',#676,#675);
#678=DIRECTION('',(1.E0,0.E0,0.E0));
#679=VECTOR('',#678,3.6E0);
#680=CARTESIAN_POINT('',(2.4E0,1.28E1,3.9E0));
#681=LINE('',#680,#679);
#682=DIRECTION('',(0.E0,0.E0,-1.E0));
#683=VECTOR('',#682,2.7E0);
#684=CARTESIAN_POINT('',(6.E0,1.28E1,-1.2E0));
#685=LINE('',#684,#683);
#686=DIRECTION('',(-1.E0,0.E0,0.E0));
#687=VECTOR('',#686,3.6E0);
#688=CARTESIAN_POINT('',(6.E0,1.28E1,-3.9E0));
#689=LINE('',#688,#687);
#690=DIRECTION('',(0.E0,0.E0,1.E0));
#691=VECTOR('',#690,2.7E0);
#692=CARTESIAN_POINT('',(2.4E0,1.28E1,-3.9E0));
#693=LINE('',#692,#691);
#694=DIRECTION('',(7.071067811865E-1,0.E0,7.071067811865E-1));
#695=VECTOR('',#694,1.272792206136E0);
#696=CARTESIAN_POINT('',(2.4E0,1.28E1,-1.2E0));
#697=LINE('',#696,#695);
#698=DIRECTION('',(1.E0,0.E0,0.E0));
#699=VECTOR('',#698,1.8E0);
#700=CARTESIAN_POINT('',(3.3E0,1.28E1,-3.E-1));
#701=LINE('',#700,#699);
#702=DIRECTION('',(7.071067811865E-1,0.E0,-7.071067811865E-1));
#703=VECTOR('',#702,1.272792206136E0);
#704=CARTESIAN_POINT('',(5.1E0,1.28E1,-3.E-1));
#705=LINE('',#704,#703);
#706=DIRECTION('',(0.E0,0.E0,1.E0));
#707=VECTOR('',#706,3.6E0);
#708=CARTESIAN_POINT('',(-6.E0,1.28E1,-3.9E0));
#709=LINE('',#708,#707);
#710=DIRECTION('',(1.E0,0.E0,0.E0));
#711=VECTOR('',#710,3.6E0);
#712=CARTESIAN_POINT('',(-6.E0,1.28E1,-3.E-1));
#713=LINE('',#712,#711);
#714=DIRECTION('',(0.E0,0.E0,-1.E0));
#715=VECTOR('',#714,3.6E0);
#716=CARTESIAN_POINT('',(-2.4E0,1.28E1,-3.E-1));
#717=LINE('',#716,#715);
#718=DIRECTION('',(-1.E0,0.E0,0.E0));
#719=VECTOR('',#718,3.6E0);
#720=CARTESIAN_POINT('',(-2.4E0,1.28E1,-3.9E0));
#721=LINE('',#720,#719);
#722=DIRECTION('',(0.E0,0.E0,1.E0));
#723=VECTOR('',#722,2.7E0);
#724=CARTESIAN_POINT('',(-6.E0,1.28E1,3.E-1));
#725=LINE('',#724,#723);
#726=DIRECTION('',(7.071067811865E-1,0.E0,7.071067811865E-1));
#727=VECTOR('',#726,1.272792206136E0);
#728=CARTESIAN_POINT('',(-6.E0,1.28E1,3.E0));
#729=LINE('',#728,#727);
#730=DIRECTION('',(1.E0,0.E0,0.E0));
#731=VECTOR('',#730,1.8E0);
#732=CARTESIAN_POINT('',(-5.1E0,1.28E1,3.9E0));
#733=LINE('',#732,#731);
#734=DIRECTION('',(7.071067811865E-1,0.E0,-7.071067811865E-1));
#735=VECTOR('',#734,1.272792206136E0);
#736=CARTESIAN_POINT('',(-3.3E0,1.28E1,3.9E0));
#737=LINE('',#736,#735);
#738=DIRECTION('',(0.E0,0.E0,-1.E0));
#739=VECTOR('',#738,2.7E0);
#740=CARTESIAN_POINT('',(-2.4E0,1.28E1,3.E0));
#741=LINE('',#740,#739);
#742=DIRECTION('',(-1.E0,0.E0,0.E0));
#743=VECTOR('',#742,3.6E0);
#744=CARTESIAN_POINT('',(-2.4E0,1.28E1,3.E-1));
#745=LINE('',#744,#743);
#746=DIRECTION('',(0.E0,0.E0,-1.E0));
#747=VECTOR('',#746,2.7E0);
#748=CARTESIAN_POINT('',(1.8E0,1.28E1,3.E0));
#749=LINE('',#748,#747);
#750=DIRECTION('',(-1.E0,0.E0,0.E0));
#751=VECTOR('',#750,3.6E0);
#752=CARTESIAN_POINT('',(1.8E0,1.28E1,3.E-1));
#753=LINE('',#752,#751);
#754=DIRECTION('',(0.E0,0.E0,1.E0));
#755=VECTOR('',#754,2.7E0);
#756=CARTESIAN_POINT('',(-1.8E0,1.28E1,3.E-1));
#757=LINE('',#756,#755);
#758=DIRECTION('',(7.071067811865E-1,0.E0,7.071067811865E-1));
#759=VECTOR('',#758,1.272792206136E0);
#760=CARTESIAN_POINT('',(-1.8E0,1.28E1,3.E0));
#761=LINE('',#760,#759);
#762=DIRECTION('',(1.E0,0.E0,0.E0));
#763=VECTOR('',#762,1.8E0);
#764=CARTESIAN_POINT('',(-9.E-1,1.28E1,3.9E0));
#765=LINE('',#764,#763);
#766=DIRECTION('',(7.071067811865E-1,0.E0,-7.071067811865E-1));
#767=VECTOR('',#766,1.272792206136E0);
#768=CARTESIAN_POINT('',(9.E-1,1.28E1,3.9E0));
#769=LINE('',#768,#767);
#770=DIRECTION('',(0.E0,0.E0,-1.E0));
#771=VECTOR('',#770,3.6E0);
#772=CARTESIAN_POINT('',(1.8E0,1.28E1,-3.E-1));
#773=LINE('',#772,#771);
#774=DIRECTION('',(-1.E0,0.E0,0.E0));
#775=VECTOR('',#774,3.6E0);
#776=CARTESIAN_POINT('',(1.8E0,1.28E1,-3.9E0));
#777=LINE('',#776,#775);
#778=DIRECTION('',(0.E0,0.E0,1.E0));
#779=VECTOR('',#778,3.6E0);
#780=CARTESIAN_POINT('',(-1.8E0,1.28E1,-3.9E0));
#781=LINE('',#780,#779);
#782=DIRECTION('',(1.E0,0.E0,0.E0));
#783=VECTOR('',#782,3.6E0);
#784=CARTESIAN_POINT('',(-1.8E0,1.28E1,-3.E-1));
#785=LINE('',#784,#783);
#786=DIRECTION('',(1.E0,0.E0,0.E0));
#787=VECTOR('',#786,3.4E0);
#788=CARTESIAN_POINT('',(-1.7E0,1.045E1,-6.2E0));
#789=LINE('',#788,#787);
#790=DIRECTION('',(0.E0,0.E0,-1.E0));
#791=VECTOR('',#790,1.4E0);
#792=CARTESIAN_POINT('',(-1.7E0,9.75E0,-4.8E0));
#793=LINE('',#792,#791);
#794=DIRECTION('',(0.E0,1.E0,0.E0));
#795=VECTOR('',#794,7.E-1);
#796=CARTESIAN_POINT('',(-1.7E0,9.75E0,-6.2E0));
#797=LINE('',#796,#795);
#798=DIRECTION('',(0.E0,8.591015439088E-1,5.118051750946E-1));
#799=VECTOR('',#798,2.735415873318E0);
#800=CARTESIAN_POINT('',(-1.7E0,1.045E1,-6.2E0));
#801=LINE('',#800,#799);
#802=DIRECTION('',(1.E0,0.E0,0.E0));
#803=VECTOR('',#802,1.7E0);
#804=CARTESIAN_POINT('',(-6.9E0,0.E0,-4.8E0));
#805=LINE('',#804,#803);
#806=DIRECTION('',(0.E0,1.E0,0.E0));
#807=VECTOR('',#806,8.E-1);
#808=CARTESIAN_POINT('',(-5.2E0,0.E0,-4.8E0));
#809=LINE('',#808,#807);
#810=DIRECTION('',(1.E0,0.E0,0.E0));
#811=VECTOR('',#810,2.E0);
#812=CARTESIAN_POINT('',(-5.2E0,8.E-1,-4.8E0));
#813=LINE('',#812,#811);
#814=DIRECTION('',(0.E0,1.E0,0.E0));
#815=VECTOR('',#814,8.E-1);
#816=CARTESIAN_POINT('',(-3.2E0,0.E0,-4.8E0));
#817=LINE('',#816,#815);
#818=DIRECTION('',(1.E0,0.E0,0.E0));
#819=VECTOR('',#818,2.2E0);
#820=CARTESIAN_POINT('',(-3.2E0,0.E0,-4.8E0));
#821=LINE('',#820,#819);
#822=DIRECTION('',(0.E0,1.E0,0.E0));
#823=VECTOR('',#822,8.E-1);
#824=CARTESIAN_POINT('',(-1.E0,0.E0,-4.8E0));
#825=LINE('',#824,#823);
#826=DIRECTION('',(1.E0,0.E0,0.E0));
#827=VECTOR('',#826,2.E0);
#828=CARTESIAN_POINT('',(-1.E0,8.E-1,-4.8E0));
#829=LINE('',#828,#827);
#830=DIRECTION('',(0.E0,1.E0,0.E0));
#831=VECTOR('',#830,8.E-1);
#832=CARTESIAN_POINT('',(1.E0,0.E0,-4.8E0));
#833=LINE('',#832,#831);
#834=DIRECTION('',(1.E0,0.E0,0.E0));
#835=VECTOR('',#834,2.2E0);
#836=CARTESIAN_POINT('',(1.E0,0.E0,-4.8E0));
#837=LINE('',#836,#835);
#838=DIRECTION('',(0.E0,1.E0,0.E0));
#839=VECTOR('',#838,8.E-1);
#840=CARTESIAN_POINT('',(3.2E0,0.E0,-4.8E0));
#841=LINE('',#840,#839);
#842=DIRECTION('',(1.E0,0.E0,0.E0));
#843=VECTOR('',#842,2.E0);
#844=CARTESIAN_POINT('',(3.2E0,8.E-1,-4.8E0));
#845=LINE('',#844,#843);
#846=DIRECTION('',(0.E0,1.E0,0.E0));
#847=VECTOR('',#846,8.E-1);
#848=CARTESIAN_POINT('',(5.2E0,0.E0,-4.8E0));
#849=LINE('',#848,#847);
#850=DIRECTION('',(1.E0,0.E0,0.E0));
#851=VECTOR('',#850,1.7E0);
#852=CARTESIAN_POINT('',(5.2E0,0.E0,-4.8E0));
#853=LINE('',#852,#851);
#854=DIRECTION('',(0.E0,-1.E0,0.E0));
#855=VECTOR('',#854,3.05E0);
#856=CARTESIAN_POINT('',(1.7E0,1.28E1,-4.8E0));
#857=LINE('',#856,#855);
#858=DIRECTION('',(1.E0,0.E0,0.E0));
#859=VECTOR('',#858,3.4E0);
#860=CARTESIAN_POINT('',(-1.7E0,9.75E0,-4.8E0));
#861=LINE('',#860,#859);
#862=DIRECTION('',(0.E0,-1.E0,0.E0));
#863=VECTOR('',#862,3.05E0);
#864=CARTESIAN_POINT('',(-1.7E0,1.28E1,-4.8E0));
#865=LINE('',#864,#863);
#866=DIRECTION('',(0.E0,1.E0,0.E0));
#867=VECTOR('',#866,6.E-1);
#868=CARTESIAN_POINT('',(-5.5E0,2.E-1,-3.8E0));
#869=LINE('',#868,#867);
#870=DIRECTION('',(0.E0,-1.E0,0.E0));
#871=VECTOR('',#870,8.E-1);
#872=CARTESIAN_POINT('',(-5.2E0,8.E-1,-3.8E0));
#873=LINE('',#872,#871);
#874=DIRECTION('',(0.E0,1.E0,0.E0));
#875=VECTOR('',#874,8.E-1);
#876=CARTESIAN_POINT('',(5.2E0,0.E0,-3.8E0));
#877=LINE('',#876,#875);
#878=DIRECTION('',(0.E0,-1.E0,0.E0));
#879=VECTOR('',#878,2.9E0);
#880=CARTESIAN_POINT('',(2.9E0,3.7E0,-3.8E0));
#881=LINE('',#880,#879);
#882=DIRECTION('',(0.E0,-1.E0,0.E0));
#883=VECTOR('',#882,8.E-1);
#884=CARTESIAN_POINT('',(3.2E0,8.E-1,-3.8E0));
#885=LINE('',#884,#883);
#886=DIRECTION('',(0.E0,1.E0,0.E0));
#887=VECTOR('',#886,8.E-1);
#888=CARTESIAN_POINT('',(1.E0,0.E0,-3.8E0));
#889=LINE('',#888,#887);
#890=DIRECTION('',(0.E0,1.E0,0.E0));
#891=VECTOR('',#890,2.9E0);
#892=CARTESIAN_POINT('',(1.3E0,8.E-1,-3.8E0));
#893=LINE('',#892,#891);
#894=DIRECTION('',(0.E0,-1.E0,0.E0));
#895=VECTOR('',#894,1.E0);
#896=CARTESIAN_POINT('',(1.8E0,3.7E0,-3.8E0));
#897=LINE('',#896,#895);
#898=DIRECTION('',(-1.E0,0.E0,0.E0));
#899=VECTOR('',#898,6.E-1);
#900=CARTESIAN_POINT('',(2.4E0,2.7E0,-3.8E0));
#901=LINE('',#900,#899);
#902=DIRECTION('',(0.E0,1.E0,0.E0));
#903=VECTOR('',#902,1.E0);
#904=CARTESIAN_POINT('',(2.4E0,2.7E0,-3.8E0));
#905=LINE('',#904,#903);
#906=DIRECTION('',(0.E0,1.E0,0.E0));
#907=VECTOR('',#906,2.9E0);
#908=CARTESIAN_POINT('',(-2.9E0,8.E-1,-3.8E0));
#909=LINE('',#908,#907);
#910=DIRECTION('',(0.E0,-1.E0,0.E0));
#911=VECTOR('',#910,1.E0);
#912=CARTESIAN_POINT('',(-2.4E0,3.7E0,-3.8E0));
#913=LINE('',#912,#911);
#914=DIRECTION('',(1.E0,0.E0,0.E0));
#915=VECTOR('',#914,6.E-1);
#916=CARTESIAN_POINT('',(-2.4E0,2.7E0,-3.8E0));
#917=LINE('',#916,#915);
#918=DIRECTION('',(0.E0,1.E0,0.E0));
#919=VECTOR('',#918,1.E0);
#920=CARTESIAN_POINT('',(-1.8E0,2.7E0,-3.8E0));
#921=LINE('',#920,#919);
#922=DIRECTION('',(0.E0,-1.E0,0.E0));
#923=VECTOR('',#922,2.9E0);
#924=CARTESIAN_POINT('',(-1.3E0,3.7E0,-3.8E0));
#925=LINE('',#924,#923);
#926=DIRECTION('',(0.E0,-1.E0,0.E0));
#927=VECTOR('',#926,8.E-1);
#928=CARTESIAN_POINT('',(-1.E0,8.E-1,-3.8E0));
#929=LINE('',#928,#927);
#930=DIRECTION('',(0.E0,1.E0,0.E0));
#931=VECTOR('',#930,8.E-1);
#932=CARTESIAN_POINT('',(-3.2E0,0.E0,-3.8E0));
#933=LINE('',#932,#931);
#934=DIRECTION('',(0.E0,1.E0,0.E0));
#935=VECTOR('',#934,6.E-1);
#936=CARTESIAN_POINT('',(-5.5E0,2.E-1,-5.E-1));
#937=LINE('',#936,#935);
#938=DIRECTION('',(-1.E0,0.E0,0.E0));
#939=VECTOR('',#938,3.E-1);
#940=CARTESIAN_POINT('',(3.2E0,8.E-1,3.8E0));
#941=LINE('',#940,#939);
#942=DIRECTION('',(0.E0,0.E0,-1.E0));
#943=VECTOR('',#942,1.E0);
#944=CARTESIAN_POINT('',(3.2E0,8.E-1,4.8E0));
#945=LINE('',#944,#943);
#946=DIRECTION('',(0.E0,0.E0,1.E0));
#947=VECTOR('',#946,1.E0);
#948=CARTESIAN_POINT('',(5.2E0,8.E-1,3.8E0));
#949=LINE('',#948,#947);
#950=DIRECTION('',(-1.E0,0.E0,0.E0));
#951=VECTOR('',#950,3.E-1);
#952=CARTESIAN_POINT('',(5.5E0,8.E-1,3.8E0));
#953=LINE('',#952,#951);
#954=DIRECTION('',(0.E0,0.E0,1.E0));
#955=VECTOR('',#954,3.3E0);
#956=CARTESIAN_POINT('',(5.5E0,8.E-1,5.E-1));
#957=LINE('',#956,#955);
#958=DIRECTION('',(1.E0,0.E0,0.E0));
#959=VECTOR('',#958,2.6E0);
#960=CARTESIAN_POINT('',(2.9E0,8.E-1,5.E-1));
#961=LINE('',#960,#959);
#962=DIRECTION('',(0.E0,0.E0,-1.E0));
#963=VECTOR('',#962,3.3E0);
#964=CARTESIAN_POINT('',(2.9E0,8.E-1,3.8E0));
#965=LINE('',#964,#963);
#966=DIRECTION('',(-1.E0,0.E0,0.E0));
#967=VECTOR('',#966,2.6E0);
#968=CARTESIAN_POINT('',(5.5E0,8.E-1,-5.E-1));
#969=LINE('',#968,#967);
#970=DIRECTION('',(0.E0,0.E0,1.E0));
#971=VECTOR('',#970,3.3E0);
#972=CARTESIAN_POINT('',(5.5E0,8.E-1,-3.8E0));
#973=LINE('',#972,#971);
#974=DIRECTION('',(1.E0,0.E0,0.E0));
#975=VECTOR('',#974,3.E-1);
#976=CARTESIAN_POINT('',(5.2E0,8.E-1,-3.8E0));
#977=LINE('',#976,#975);
#978=DIRECTION('',(0.E0,0.E0,1.E0));
#979=VECTOR('',#978,1.E0);
#980=CARTESIAN_POINT('',(5.2E0,8.E-1,-4.8E0));
#981=LINE('',#980,#979);
#982=DIRECTION('',(0.E0,0.E0,-1.E0));
#983=VECTOR('',#982,1.E0);
#984=CARTESIAN_POINT('',(3.2E0,8.E-1,-3.8E0));
#985=LINE('',#984,#983);
#986=DIRECTION('',(1.E0,0.E0,0.E0));
#987=VECTOR('',#986,3.E-1);
#988=CARTESIAN_POINT('',(2.9E0,8.E-1,-3.8E0));
#989=LINE('',#988,#987);
#990=DIRECTION('',(0.E0,0.E0,-1.E0));
#991=VECTOR('',#990,3.3E0);
#992=CARTESIAN_POINT('',(2.9E0,8.E-1,-5.E-1));
#993=LINE('',#992,#991);
#994=DIRECTION('',(0.E0,0.E0,1.E0));
#995=VECTOR('',#994,6.E-1);
#996=CARTESIAN_POINT('',(4.77E0,8.E-1,-3.25E0));
#997=LINE('',#996,#995);
#998=DIRECTION('',(-1.E0,0.E0,0.E0));
#999=VECTOR('',#998,1.14E0);
#1000=CARTESIAN_POINT('',(4.77E0,8.E-1,-2.65E0));
#1001=LINE('',#1000,#999);
#1002=DIRECTION('',(0.E0,0.E0,1.E0));
#1003=VECTOR('',#1002,6.E-1);
#1004=CARTESIAN_POINT('',(3.63E0,8.E-1,-3.25E0));
#1005=LINE('',#1004,#1003);
#1006=DIRECTION('',(-1.E0,0.E0,0.E0));
#1007=VECTOR('',#1006,1.14E0);
#1008=CARTESIAN_POINT('',(4.77E0,8.E-1,-3.25E0));
#1009=LINE('',#1008,#1007);
#1010=DIRECTION('',(0.E0,0.E0,1.E0));
#1011=VECTOR('',#1010,6.E-1);
#1012=CARTESIAN_POINT('',(4.77E0,8.E-1,2.25E0));
#1013=LINE('',#1012,#1011);
#1014=DIRECTION('',(-1.E0,0.E0,0.E0));
#1015=VECTOR('',#1014,1.14E0);
#1016=CARTESIAN_POINT('',(4.77E0,8.E-1,2.85E0));
#1017=LINE('',#1016,#1015);
#1018=DIRECTION('',(0.E0,0.E0,1.E0));
#1019=VECTOR('',#1018,6.E-1);
#1020=CARTESIAN_POINT('',(3.63E0,8.E-1,2.25E0));
#1021=LINE('',#1020,#1019);
#1022=DIRECTION('',(-1.E0,0.E0,0.E0));
#1023=VECTOR('',#1022,1.14E0);
#1024=CARTESIAN_POINT('',(4.77E0,8.E-1,2.25E0));
#1025=LINE('',#1024,#1023);
#1026=DIRECTION('',(0.E0,0.E0,1.E0));
#1027=VECTOR('',#1026,2.E-1);
#1028=CARTESIAN_POINT('',(2.4E0,3.7E0,3.E-1));
#1029=LINE('',#1028,#1027);
#1030=DIRECTION('',(-1.E0,0.E0,0.E0));
#1031=VECTOR('',#1030,3.6E0);
#1032=CARTESIAN_POINT('',(6.E0,3.7E0,3.E-1));
#1033=LINE('',#1032,#1031);
#1034=DIRECTION('',(0.E0,0.E0,-1.E0));
#1035=VECTOR('',#1034,3.6E0);
#1036=CARTESIAN_POINT('',(6.E0,3.7E0,3.9E0));
#1037=LINE('',#1036,#1035);
#1038=DIRECTION('',(1.E0,0.E0,0.E0));
#1039=VECTOR('',#1038,3.6E0);
#1040=CARTESIAN_POINT('',(2.4E0,3.7E0,3.9E0));
#1041=LINE('',#1040,#1039);
#1042=DIRECTION('',(0.E0,0.E0,1.E0));
#1043=VECTOR('',#1042,1.E-1);
#1044=CARTESIAN_POINT('',(2.4E0,3.7E0,3.8E0));
#1045=LINE('',#1044,#1043);
#1046=DIRECTION('',(-1.E0,0.E0,0.E0));
#1047=VECTOR('',#1046,5.E-1);
#1048=CARTESIAN_POINT('',(2.9E0,3.7E0,3.8E0));
#1049=LINE('',#1048,#1047);
#1050=DIRECTION('',(0.E0,0.E0,-1.E0));
#1051=VECTOR('',#1050,3.3E0);
#1052=CARTESIAN_POINT('',(2.9E0,3.7E0,3.8E0));
#1053=LINE('',#1052,#1051);
#1054=DIRECTION('',(1.E0,0.E0,0.E0));
#1055=VECTOR('',#1054,5.E-1);
#1056=CARTESIAN_POINT('',(2.4E0,3.7E0,5.E-1));
#1057=LINE('',#1056,#1055);
#1058=DIRECTION('',(0.E0,0.E0,-1.E0));
#1059=VECTOR('',#1058,3.1E0);
#1060=CARTESIAN_POINT('',(2.9E0,3.7E0,-7.E-1));
#1061=LINE('',#1060,#1059);
#1062=DIRECTION('',(1.E0,0.E0,0.E0));
#1063=VECTOR('',#1062,5.E-1);
#1064=CARTESIAN_POINT('',(2.4E0,3.7E0,-3.8E0));
#1065=LINE('',#1064,#1063);
#1066=DIRECTION('',(0.E0,0.E0,1.E0));
#1067=VECTOR('',#1066,1.E-1);
#1068=CARTESIAN_POINT('',(2.4E0,3.7E0,-3.9E0));
#1069=LINE('',#1068,#1067);
#1070=DIRECTION('',(-1.E0,0.E0,0.E0));
#1071=VECTOR('',#1070,3.6E0);
#1072=CARTESIAN_POINT('',(6.E0,3.7E0,-3.9E0));
#1073=LINE('',#1072,#1071);
#1074=DIRECTION('',(0.E0,0.E0,-1.E0));
#1075=VECTOR('',#1074,2.7E0);
#1076=CARTESIAN_POINT('',(6.E0,3.7E0,-1.2E0));
#1077=LINE('',#1076,#1075);
#1078=DIRECTION('',(7.071067811865E-1,0.E0,-7.071067811865E-1));
#1079=VECTOR('',#1078,1.272792206136E0);
#1080=CARTESIAN_POINT('',(5.1E0,3.7E0,-3.E-1));
#1081=LINE('',#1080,#1079);
#1082=DIRECTION('',(1.E0,0.E0,0.E0));
#1083=VECTOR('',#1082,1.8E0);
#1084=CARTESIAN_POINT('',(3.3E0,3.7E0,-3.E-1));
#1085=LINE('',#1084,#1083);
#1086=DIRECTION('',(7.071067811865E-1,0.E0,7.071067811865E-1));
#1087=VECTOR('',#1086,5.656854249492E-1);
#1088=CARTESIAN_POINT('',(2.9E0,3.7E0,-7.E-1));
#1089=LINE('',#1088,#1087);
#1090=DIRECTION('',(0.E0,0.E0,1.E0));
#1091=VECTOR('',#1090,1.54E0);
#1092=CARTESIAN_POINT('',(4.77E0,3.7E0,-3.25E0));
#1093=LINE('',#1092,#1091);
#1094=DIRECTION('',(-1.E0,0.E0,0.E0));
#1095=VECTOR('',#1094,1.14E0);
#1096=CARTESIAN_POINT('',(4.77E0,3.7E0,-3.25E0));
#1097=LINE('',#1096,#1095);
#1098=DIRECTION('',(0.E0,0.E0,1.E0));
#1099=VECTOR('',#1098,1.54E0);
#1100=CARTESIAN_POINT('',(3.63E0,3.7E0,-3.25E0));
#1101=LINE('',#1100,#1099);
#1102=DIRECTION('',(-1.E0,0.E0,0.E0));
#1103=VECTOR('',#1102,1.14E0);
#1104=CARTESIAN_POINT('',(4.77E0,3.7E0,-1.71E0));
#1105=LINE('',#1104,#1103);
#1106=DIRECTION('',(0.E0,0.E0,1.E0));
#1107=VECTOR('',#1106,1.54E0);
#1108=CARTESIAN_POINT('',(4.77E0,3.7E0,1.31E0));
#1109=LINE('',#1108,#1107);
#1110=DIRECTION('',(-1.E0,0.E0,0.E0));
#1111=VECTOR('',#1110,1.14E0);
#1112=CARTESIAN_POINT('',(4.77E0,3.7E0,1.31E0));
#1113=LINE('',#1112,#1111);
#1114=DIRECTION('',(0.E0,0.E0,1.E0));
#1115=VECTOR('',#1114,1.54E0);
#1116=CARTESIAN_POINT('',(3.63E0,3.7E0,1.31E0));
#1117=LINE('',#1116,#1115);
#1118=DIRECTION('',(-1.E0,0.E0,0.E0));
#1119=VECTOR('',#1118,1.14E0);
#1120=CARTESIAN_POINT('',(4.77E0,3.7E0,2.85E0));
#1121=LINE('',#1120,#1119);
#1122=DIRECTION('',(0.E0,0.E0,-1.E0));
#1123=VECTOR('',#1122,3.3E0);
#1124=CARTESIAN_POINT('',(2.4E0,2.7E0,3.8E0));
#1125=LINE('',#1124,#1123);
#1126=DIRECTION('',(0.E0,-1.E0,0.E0));
#1127=VECTOR('',#1126,9.1E0);
#1128=CARTESIAN_POINT('',(2.4E0,1.28E1,3.E-1));
#1129=LINE('',#1128,#1127);
#1130=DIRECTION('',(0.E0,0.E0,1.E0));
#1131=VECTOR('',#1130,3.3E0);
#1132=CARTESIAN_POINT('',(1.8E0,2.7E0,5.E-1));
#1133=LINE('',#1132,#1131);
#1134=DIRECTION('',(0.E0,-1.E0,0.E0));
#1135=VECTOR('',#1134,9.1E0);
#1136=CARTESIAN_POINT('',(1.8E0,1.28E1,3.E0));
#1137=LINE('',#1136,#1135);
#1138=DIRECTION('',(0.E0,0.E0,1.E0));
#1139=VECTOR('',#1138,8.E-1);
#1140=CARTESIAN_POINT('',(1.8E0,3.7E0,3.E0));
#1141=LINE('',#1140,#1139);
#1142=DIRECTION('',(1.E0,0.E0,0.E0));
#1143=VECTOR('',#1142,5.E-1);
#1144=CARTESIAN_POINT('',(-2.9E0,3.7E0,5.E-1));
#1145=LINE('',#1144,#1143);
#1146=DIRECTION('',(0.E0,0.E0,-1.E0));
#1147=VECTOR('',#1146,3.E0);
#1148=CARTESIAN_POINT('',(-2.9E0,3.7E0,3.5E0));
#1149=LINE('',#1148,#1147);
#1150=DIRECTION('',(7.071067811865E-1,0.E0,-7.071067811865E-1));
#1151=VECTOR('',#1150,5.656854249492E-1);
#1152=CARTESIAN_POINT('',(-3.3E0,3.7E0,3.9E0));
#1153=LINE('',#1152,#1151);
#1154=DIRECTION('',(1.E0,0.E0,0.E0));
#1155=VECTOR('',#1154,1.8E0);
#1156=CARTESIAN_POINT('',(-5.1E0,3.7E0,3.9E0));
#1157=LINE('',#1156,#1155);
#1158=DIRECTION('',(7.071067811865E-1,0.E0,7.071067811865E-1));
#1159=VECTOR('',#1158,1.272792206136E0);
#1160=CARTESIAN_POINT('',(-6.E0,3.7E0,3.E0));
#1161=LINE('',#1160,#1159);
#1162=DIRECTION('',(0.E0,0.E0,1.E0));
#1163=VECTOR('',#1162,2.7E0);
#1164=CARTESIAN_POINT('',(-6.E0,3.7E0,3.E-1));
#1165=LINE('',#1164,#1163);
#1166=DIRECTION('',(-1.E0,0.E0,0.E0));
#1167=VECTOR('',#1166,3.6E0);
#1168=CARTESIAN_POINT('',(-2.4E0,3.7E0,3.E-1));
#1169=LINE('',#1168,#1167);
#1170=DIRECTION('',(0.E0,0.E0,-1.E0));
#1171=VECTOR('',#1170,2.E-1);
#1172=CARTESIAN_POINT('',(-2.4E0,3.7E0,5.E-1));
#1173=LINE('',#1172,#1171);
#1174=DIRECTION('',(1.E0,0.E0,0.E0));
#1175=VECTOR('',#1174,5.E-1);
#1176=CARTESIAN_POINT('',(-1.8E0,3.7E0,5.E-1));
#1177=LINE('',#1176,#1175);
#1178=DIRECTION('',(0.E0,0.E0,1.E0));
#1179=VECTOR('',#1178,2.E-1);
#1180=CARTESIAN_POINT('',(-1.8E0,3.7E0,3.E-1));
#1181=LINE('',#1180,#1179);
#1182=DIRECTION('',(-1.E0,0.E0,0.E0));
#1183=VECTOR('',#1182,3.6E0);
#1184=CARTESIAN_POINT('',(1.8E0,3.7E0,3.E-1));
#1185=LINE('',#1184,#1183);
#1186=DIRECTION('',(0.E0,0.E0,-1.E0));
#1187=VECTOR('',#1186,2.E-1);
#1188=CARTESIAN_POINT('',(1.8E0,3.7E0,5.E-1));
#1189=LINE('',#1188,#1187);
#1190=DIRECTION('',(-1.E0,0.E0,0.E0));
#1191=VECTOR('',#1190,5.E-1);
#1192=CARTESIAN_POINT('',(1.8E0,3.7E0,5.E-1));
#1193=LINE('',#1192,#1191);
#1194=DIRECTION('',(0.E0,0.E0,-1.E0));
#1195=VECTOR('',#1194,3.E0);
#1196=CARTESIAN_POINT('',(1.3E0,3.7E0,3.5E0));
#1197=LINE('',#1196,#1195);
#1198=DIRECTION('',(7.071067811865E-1,0.E0,-7.071067811865E-1));
#1199=VECTOR('',#1198,5.656854249492E-1);
#1200=CARTESIAN_POINT('',(9.E-1,3.7E0,3.9E0));
#1201=LINE('',#1200,#1199);
#1202=DIRECTION('',(1.E0,0.E0,0.E0));
#1203=VECTOR('',#1202,1.8E0);
#1204=CARTESIAN_POINT('',(-9.E-1,3.7E0,3.9E0));
#1205=LINE('',#1204,#1203);
#1206=DIRECTION('',(7.071067811865E-1,0.E0,7.071067811865E-1));
#1207=VECTOR('',#1206,5.656854249492E-1);
#1208=CARTESIAN_POINT('',(-1.3E0,3.7E0,3.5E0));
#1209=LINE('',#1208,#1207);
#1210=DIRECTION('',(0.E0,0.E0,-1.E0));
#1211=VECTOR('',#1210,3.E0);
#1212=CARTESIAN_POINT('',(-1.3E0,3.7E0,3.5E0));
#1213=LINE('',#1212,#1211);
#1214=DIRECTION('',(1.E0,0.E0,0.E0));
#1215=VECTOR('',#1214,5.E-1);
#1216=CARTESIAN_POINT('',(-2.9E0,3.7E0,-5.E-1));
#1217=LINE('',#1216,#1215);
#1218=DIRECTION('',(0.E0,0.E0,-1.E0));
#1219=VECTOR('',#1218,2.E-1);
#1220=CARTESIAN_POINT('',(-2.4E0,3.7E0,-3.E-1));
#1221=LINE('',#1220,#1219);
#1222=DIRECTION('',(1.E0,0.E0,0.E0));
#1223=VECTOR('',#1222,3.6E0);
#1224=CARTESIAN_POINT('',(-6.E0,3.7E0,-3.E-1));
#1225=LINE('',#1224,#1223);
#1226=DIRECTION('',(0.E0,0.E0,1.E0));
#1227=VECTOR('',#1226,3.6E0);
#1228=CARTESIAN_POINT('',(-6.E0,3.7E0,-3.9E0));
#1229=LINE('',#1228,#1227);
#1230=DIRECTION('',(-1.E0,0.E0,0.E0));
#1231=VECTOR('',#1230,3.6E0);
#1232=CARTESIAN_POINT('',(-2.4E0,3.7E0,-3.9E0));
#1233=LINE('',#1232,#1231);
#1234=DIRECTION('',(-1.332267629550E-14,0.E0,-1.E0));
#1235=VECTOR('',#1234,1.E-1);
#1236=CARTESIAN_POINT('',(-2.4E0,3.7E0,-3.8E0));
#1237=LINE('',#1236,#1235);
#1238=DIRECTION('',(1.E0,0.E0,0.E0));
#1239=VECTOR('',#1238,5.E-1);
#1240=CARTESIAN_POINT('',(-2.9E0,3.7E0,-3.8E0));
#1241=LINE('',#1240,#1239);
#1242=DIRECTION('',(0.E0,0.E0,-1.E0));
#1243=VECTOR('',#1242,3.3E0);
#1244=CARTESIAN_POINT('',(-2.9E0,3.7E0,-5.E-1));
#1245=LINE('',#1244,#1243);
#1246=DIRECTION('',(1.E0,0.E0,0.E0));
#1247=VECTOR('',#1246,5.E-1);
#1248=CARTESIAN_POINT('',(-1.8E0,3.7E0,-5.E-1));
#1249=LINE('',#1248,#1247);
#1250=DIRECTION('',(0.E0,0.E0,-1.E0));
#1251=VECTOR('',#1250,3.3E0);
#1252=CARTESIAN_POINT('',(-1.3E0,3.7E0,-5.E-1));
#1253=LINE('',#1252,#1251);
#1254=DIRECTION('',(1.E0,0.E0,0.E0));
#1255=VECTOR('',#1254,5.E-1);
#1256=CARTESIAN_POINT('',(-1.8E0,3.7E0,-3.8E0));
#1257=LINE('',#1256,#1255);
#1258=DIRECTION('',(1.110223024625E-14,0.E0,1.E0));
#1259=VECTOR('',#1258,1.E-1);
#1260=CARTESIAN_POINT('',(-1.8E0,3.7E0,-3.9E0));
#1261=LINE('',#1260,#1259);
#1262=DIRECTION('',(-1.E0,0.E0,0.E0));
#1263=VECTOR('',#1262,3.6E0);
#1264=CARTESIAN_POINT('',(1.8E0,3.7E0,-3.9E0));
#1265=LINE('',#1264,#1263);
#1266=DIRECTION('',(-1.110223024625E-14,0.E0,-1.E0));
#1267=VECTOR('',#1266,1.E-1);
#1268=CARTESIAN_POINT('',(1.8E0,3.7E0,-3.8E0));
#1269=LINE('',#1268,#1267);
#1270=DIRECTION('',(-1.E0,0.E0,0.E0));
#1271=VECTOR('',#1270,5.E-1);
#1272=CARTESIAN_POINT('',(1.8E0,3.7E0,-3.8E0));
#1273=LINE('',#1272,#1271);
#1274=DIRECTION('',(0.E0,0.E0,-1.E0));
#1275=VECTOR('',#1274,3.3E0);
#1276=CARTESIAN_POINT('',(1.3E0,3.7E0,-5.E-1));
#1277=LINE('',#1276,#1275);
#1278=DIRECTION('',(1.E0,0.E0,0.E0));
#1279=VECTOR('',#1278,5.E-1);
#1280=CARTESIAN_POINT('',(1.3E0,3.7E0,-5.E-1));
#1281=LINE('',#1280,#1279);
#1282=DIRECTION('',(0.E0,0.E0,-1.E0));
#1283=VECTOR('',#1282,2.E-1);
#1284=CARTESIAN_POINT('',(1.8E0,3.7E0,-3.E-1));
#1285=LINE('',#1284,#1283);
#1286=DIRECTION('',(1.E0,0.E0,0.E0));
#1287=VECTOR('',#1286,3.6E0);
#1288=CARTESIAN_POINT('',(-1.8E0,3.7E0,-3.E-1));
#1289=LINE('',#1288,#1287);
#1290=DIRECTION('',(0.E0,0.E0,1.E0));
#1291=VECTOR('',#1290,2.E-1);
#1292=CARTESIAN_POINT('',(-1.8E0,3.7E0,-5.E-1));
#1293=LINE('',#1292,#1291);
#1294=DIRECTION('',(0.E0,0.E0,-1.E0));
#1295=VECTOR('',#1294,1.54E0);
#1296=CARTESIAN_POINT('',(5.7E-1,3.7E0,-1.71E0));
#1297=LINE('',#1296,#1295);
#1298=DIRECTION('',(-1.E0,0.E0,0.E0));
#1299=VECTOR('',#1298,1.14E0);
#1300=CARTESIAN_POINT('',(5.7E-1,3.7E0,-3.25E0));
#1301=LINE('',#1300,#1299);
#1302=DIRECTION('',(0.E0,0.E0,1.E0));
#1303=VECTOR('',#1302,1.54E0);
#1304=CARTESIAN_POINT('',(-5.7E-1,3.7E0,-3.25E0));
#1305=LINE('',#1304,#1303);
#1306=DIRECTION('',(-1.E0,0.E0,0.E0));
#1307=VECTOR('',#1306,1.14E0);
#1308=CARTESIAN_POINT('',(5.7E-1,3.7E0,-1.71E0));
#1309=LINE('',#1308,#1307);
#1310=DIRECTION('',(0.E0,0.E0,-1.E0));
#1311=VECTOR('',#1310,1.54E0);
#1312=CARTESIAN_POINT('',(5.7E-1,3.7E0,2.85E0));
#1313=LINE('',#1312,#1311);
#1314=DIRECTION('',(-1.E0,0.E0,0.E0));
#1315=VECTOR('',#1314,1.14E0);
#1316=CARTESIAN_POINT('',(5.7E-1,3.7E0,1.31E0));
#1317=LINE('',#1316,#1315);
#1318=DIRECTION('',(0.E0,0.E0,1.E0));
#1319=VECTOR('',#1318,1.54E0);
#1320=CARTESIAN_POINT('',(-5.7E-1,3.7E0,1.31E0));
#1321=LINE('',#1320,#1319);
#1322=DIRECTION('',(-1.E0,0.E0,0.E0));
#1323=VECTOR('',#1322,1.14E0);
#1324=CARTESIAN_POINT('',(5.7E-1,3.7E0,2.85E0));
#1325=LINE('',#1324,#1323);
#1326=DIRECTION('',(0.E0,0.E0,-1.E0));
#1327=VECTOR('',#1326,1.54E0);
#1328=CARTESIAN_POINT('',(-3.63E0,3.7E0,-1.71E0));
#1329=LINE('',#1328,#1327);
#1330=DIRECTION('',(-1.E0,0.E0,0.E0));
#1331=VECTOR('',#1330,1.14E0);
#1332=CARTESIAN_POINT('',(-3.63E0,3.7E0,-3.25E0));
#1333=LINE('',#1332,#1331);
#1334=DIRECTION('',(0.E0,0.E0,1.E0));
#1335=VECTOR('',#1334,1.54E0);
#1336=CARTESIAN_POINT('',(-4.77E0,3.7E0,-3.25E0));
#1337=LINE('',#1336,#1335);
#1338=DIRECTION('',(-1.E0,0.E0,0.E0));
#1339=VECTOR('',#1338,1.14E0);
#1340=CARTESIAN_POINT('',(-3.63E0,3.7E0,-1.71E0));
#1341=LINE('',#1340,#1339);
#1342=DIRECTION('',(0.E0,0.E0,-1.E0));
#1343=VECTOR('',#1342,1.54E0);
#1344=CARTESIAN_POINT('',(-3.63E0,3.7E0,2.85E0));
#1345=LINE('',#1344,#1343);
#1346=DIRECTION('',(-1.E0,0.E0,0.E0));
#1347=VECTOR('',#1346,1.14E0);
#1348=CARTESIAN_POINT('',(-3.63E0,3.7E0,1.31E0));
#1349=LINE('',#1348,#1347);
#1350=DIRECTION('',(0.E0,0.E0,1.E0));
#1351=VECTOR('',#1350,1.54E0);
#1352=CARTESIAN_POINT('',(-4.77E0,3.7E0,1.31E0));
#1353=LINE('',#1352,#1351);
#1354=DIRECTION('',(-1.E0,0.E0,0.E0));
#1355=VECTOR('',#1354,1.14E0);
#1356=CARTESIAN_POINT('',(-3.63E0,3.7E0,2.85E0));
#1357=LINE('',#1356,#1355);
#1358=DIRECTION('',(0.E0,0.E0,-1.E0));
#1359=VECTOR('',#1358,3.E-1);
#1360=CARTESIAN_POINT('',(-2.9E0,3.7E0,3.8E0));
#1361=LINE('',#1360,#1359);
#1362=DIRECTION('',(-7.071067811865E-1,0.E0,7.071067811865E-1));
#1363=VECTOR('',#1362,7.071067811865E-1);
#1364=CARTESIAN_POINT('',(-2.4E0,3.7E0,3.E0));
#1365=LINE('',#1364,#1363);
#1366=DIRECTION('',(0.E0,-1.E0,0.E0));
#1367=VECTOR('',#1366,9.1E0);
#1368=CARTESIAN_POINT('',(-3.3E0,1.28E1,3.9E0));
#1369=LINE('',#1368,#1367);
#1370=DIRECTION('',(0.E0,-1.E0,0.E0));
#1371=VECTOR('',#1370,9.1E0);
#1372=CARTESIAN_POINT('',(-2.4E0,1.28E1,3.E0));
#1373=LINE('',#1372,#1371);
#1374=DIRECTION('',(0.E0,0.E0,-1.E0));
#1375=VECTOR('',#1374,8.E-1);
#1376=CARTESIAN_POINT('',(-2.4E0,3.7E0,3.8E0));
#1377=LINE('',#1376,#1375);
#1378=DIRECTION('',(0.E0,0.E0,-1.E0));
#1379=VECTOR('',#1378,3.3E0);
#1380=CARTESIAN_POINT('',(-2.4E0,2.7E0,3.8E0));
#1381=LINE('',#1380,#1379);
#1382=DIRECTION('',(0.E0,0.E0,-1.E0));
#1383=VECTOR('',#1382,3.3E0);
#1384=CARTESIAN_POINT('',(-1.8E0,2.7E0,3.8E0));
#1385=LINE('',#1384,#1383);
#1386=DIRECTION('',(0.E0,-1.E0,0.E0));
#1387=VECTOR('',#1386,9.1E0);
#1388=CARTESIAN_POINT('',(-1.8E0,1.28E1,3.E-1));
#1389=LINE('',#1388,#1387);
#1390=DIRECTION('',(0.E0,0.E0,-1.E0));
#1391=VECTOR('',#1390,8.E-1);
#1392=CARTESIAN_POINT('',(-1.8E0,3.7E0,3.8E0));
#1393=LINE('',#1392,#1391);
#1394=DIRECTION('',(7.071067811865E-1,0.E0,7.071067811865E-1));
#1395=VECTOR('',#1394,7.071067811866E-1);
#1396=CARTESIAN_POINT('',(-1.8E0,3.7E0,3.E0));
#1397=LINE('',#1396,#1395);
#1398=DIRECTION('',(0.E0,-1.E0,0.E0));
#1399=VECTOR('',#1398,9.1E0);
#1400=CARTESIAN_POINT('',(-1.8E0,1.28E1,3.E0));
#1401=LINE('',#1400,#1399);
#1402=DIRECTION('',(0.E0,-1.E0,0.E0));
#1403=VECTOR('',#1402,9.1E0);
#1404=CARTESIAN_POINT('',(-9.E-1,1.28E1,3.9E0));
#1405=LINE('',#1404,#1403);
#1406=DIRECTION('',(7.071067811865E-1,0.E0,-7.071067811865E-1));
#1407=VECTOR('',#1406,7.071067811865E-1);
#1408=CARTESIAN_POINT('',(1.3E0,3.7E0,3.5E0));
#1409=LINE('',#1408,#1407);
#1410=DIRECTION('',(0.E0,-1.E0,0.E0));
#1411=VECTOR('',#1410,9.1E0);
#1412=CARTESIAN_POINT('',(9.E-1,1.28E1,3.9E0));
#1413=LINE('',#1412,#1411);
#1414=DIRECTION('',(0.E0,0.E0,1.E0));
#1415=VECTOR('',#1414,3.E-1);
#1416=CARTESIAN_POINT('',(1.3E0,3.7E0,3.5E0));
#1417=LINE('',#1416,#1415);
#1418=DIRECTION('',(0.E0,0.E0,-1.E0));
#1419=VECTOR('',#1418,3.E-1);
#1420=CARTESIAN_POINT('',(-1.3E0,3.7E0,3.8E0));
#1421=LINE('',#1420,#1419);
#1422=DIRECTION('',(0.E0,-1.E0,0.E0));
#1423=VECTOR('',#1422,9.1E0);
#1424=CARTESIAN_POINT('',(1.8E0,1.28E1,3.E-1));
#1425=LINE('',#1424,#1423);
#1426=DIRECTION('',(0.E0,-1.E0,0.E0));
#1427=VECTOR('',#1426,9.1E0);
#1428=CARTESIAN_POINT('',(-2.4E0,1.28E1,3.E-1));
#1429=LINE('',#1428,#1427);
#1430=DIRECTION('',(0.E0,-1.E0,0.E0));
#1431=VECTOR('',#1430,9.1E0);
#1432=CARTESIAN_POINT('',(-6.E0,1.28E1,3.E-1));
#1433=LINE('',#1432,#1431);
#1434=DIRECTION('',(0.E0,-1.E0,0.E0));
#1435=VECTOR('',#1434,9.1E0);
#1436=CARTESIAN_POINT('',(-6.E0,1.28E1,3.E0));
#1437=LINE('',#1436,#1435);
#1438=DIRECTION('',(0.E0,-1.E0,0.E0));
#1439=VECTOR('',#1438,9.1E0);
#1440=CARTESIAN_POINT('',(-5.1E0,1.28E1,3.9E0));
#1441=LINE('',#1440,#1439);
#1442=DIRECTION('',(0.E0,-1.E0,0.E0));
#1443=VECTOR('',#1442,9.1E0);
#1444=CARTESIAN_POINT('',(-2.4E0,1.28E1,-3.E-1));
#1445=LINE('',#1444,#1443);
#1446=DIRECTION('',(0.E0,0.E0,-1.E0));
#1447=VECTOR('',#1446,3.3E0);
#1448=CARTESIAN_POINT('',(-2.4E0,2.7E0,-5.E-1));
#1449=LINE('',#1448,#1447);
#1450=DIRECTION('',(0.E0,0.E0,-1.E0));
#1451=VECTOR('',#1450,3.3E0);
#1452=CARTESIAN_POINT('',(-1.8E0,2.7E0,-5.E-1));
#1453=LINE('',#1452,#1451);
#1454=DIRECTION('',(0.E0,-1.E0,0.E0));
#1455=VECTOR('',#1454,9.1E0);
#1456=CARTESIAN_POINT('',(-1.8E0,1.28E1,-3.9E0));
#1457=LINE('',#1456,#1455);
#1458=DIRECTION('',(0.E0,-1.E0,0.E0));
#1459=VECTOR('',#1458,9.1E0);
#1460=CARTESIAN_POINT('',(-1.8E0,1.28E1,-3.E-1));
#1461=LINE('',#1460,#1459);
#1462=DIRECTION('',(0.E0,-1.E0,0.E0));
#1463=VECTOR('',#1462,9.1E0);
#1464=CARTESIAN_POINT('',(1.8E0,1.28E1,-3.E-1));
#1465=LINE('',#1464,#1463);
#1466=DIRECTION('',(0.E0,-1.E0,0.E0));
#1467=VECTOR('',#1466,9.1E0);
#1468=CARTESIAN_POINT('',(1.8E0,1.28E1,-3.9E0));
#1469=LINE('',#1468,#1467);
#1470=DIRECTION('',(0.E0,0.E0,1.E0));
#1471=VECTOR('',#1470,3.3E0);
#1472=CARTESIAN_POINT('',(1.8E0,2.7E0,-3.8E0));
#1473=LINE('',#1472,#1471);
#1474=DIRECTION('',(0.E0,0.E0,-1.E0));
#1475=VECTOR('',#1474,3.3E0);
#1476=CARTESIAN_POINT('',(2.4E0,2.7E0,-5.E-1));
#1477=LINE('',#1476,#1475);
#1478=DIRECTION('',(0.E0,-1.E0,0.E0));
#1479=VECTOR('',#1478,9.1E0);
#1480=CARTESIAN_POINT('',(2.4E0,1.28E1,-3.9E0));
#1481=LINE('',#1480,#1479);
#1482=DIRECTION('',(0.E0,0.E0,1.E0));
#1483=VECTOR('',#1482,7.E-1);
#1484=CARTESIAN_POINT('',(2.4E0,3.7E0,-1.2E0));
#1485=LINE('',#1484,#1483);
#1486=DIRECTION('',(0.E0,0.E0,-1.E0));
#1487=VECTOR('',#1486,2.E-1);
#1488=CARTESIAN_POINT('',(2.9E0,3.7E0,-5.E-1));
#1489=LINE('',#1488,#1487);
#1490=DIRECTION('',(7.071067811865E-1,0.E0,7.071067811865E-1));
#1491=VECTOR('',#1490,7.071067811865E-1);
#1492=CARTESIAN_POINT('',(2.4E0,3.7E0,-1.2E0));
#1493=LINE('',#1492,#1491);
#1494=DIRECTION('',(0.E0,-1.E0,0.E0));
#1495=VECTOR('',#1494,9.1E0);
#1496=CARTESIAN_POINT('',(2.4E0,1.28E1,-1.2E0));
#1497=LINE('',#1496,#1495);
#1498=DIRECTION('',(0.E0,-1.E0,0.E0));
#1499=VECTOR('',#1498,9.1E0);
#1500=CARTESIAN_POINT('',(3.3E0,1.28E1,-3.E-1));
#1501=LINE('',#1500,#1499);
#1502=DIRECTION('',(0.E0,-1.E0,0.E0));
#1503=VECTOR('',#1502,9.1E0);
#1504=CARTESIAN_POINT('',(5.1E0,1.28E1,-3.E-1));
#1505=LINE('',#1504,#1503);
#1506=DIRECTION('',(0.E0,-1.E0,0.E0));
#1507=VECTOR('',#1506,9.1E0);
#1508=CARTESIAN_POINT('',(6.E0,1.28E1,-1.2E0));
#1509=LINE('',#1508,#1507);
#1510=DIRECTION('',(0.E0,-1.E0,0.E0));
#1511=VECTOR('',#1510,9.1E0);
#1512=CARTESIAN_POINT('',(6.E0,1.28E1,-3.9E0));
#1513=LINE('',#1512,#1511);
#1514=DIRECTION('',(0.E0,-1.E0,0.E0));
#1515=VECTOR('',#1514,9.1E0);
#1516=CARTESIAN_POINT('',(-2.4E0,1.28E1,-3.9E0));
#1517=LINE('',#1516,#1515);
#1518=DIRECTION('',(0.E0,-1.E0,0.E0));
#1519=VECTOR('',#1518,9.1E0);
#1520=CARTESIAN_POINT('',(-6.E0,1.28E1,-3.9E0));
#1521=LINE('',#1520,#1519);
#1522=DIRECTION('',(0.E0,-1.E0,0.E0));
#1523=VECTOR('',#1522,9.1E0);
#1524=CARTESIAN_POINT('',(-6.E0,1.28E1,-3.E-1));
#1525=LINE('',#1524,#1523);
#1526=DIRECTION('',(0.E0,1.E0,0.E0));
#1527=VECTOR('',#1526,5.5E0);
#1528=CARTESIAN_POINT('',(5.7E-1,3.7E0,-1.71E0));
#1529=LINE('',#1528,#1527);
#1530=DIRECTION('',(0.E0,0.E0,-1.E0));
#1531=VECTOR('',#1530,1.14E0);
#1532=CARTESIAN_POINT('',(5.7E-1,9.2E0,-1.71E0));
#1533=LINE('',#1532,#1531);
#1534=DIRECTION('',(0.E0,-1.E0,0.E0));
#1535=VECTOR('',#1534,4.9E0);
#1536=CARTESIAN_POINT('',(5.7E-1,9.2E0,-2.85E0));
#1537=LINE('',#1536,#1535);
#1538=DIRECTION('',(0.E0,-8.320502943378E-1,-5.547001962252E-1));
#1539=VECTOR('',#1538,7.211102550928E-1);
#1540=CARTESIAN_POINT('',(5.7E-1,4.3E0,-2.85E0));
#1541=LINE('',#1540,#1539);
#1542=DIRECTION('',(0.E0,8.320502943378E-1,-5.547001962252E-1));
#1543=VECTOR('',#1542,7.211102550928E-1);
#1544=CARTESIAN_POINT('',(5.7E-1,3.7E0,2.85E0));
#1545=LINE('',#1544,#1543);
#1546=DIRECTION('',(0.E0,1.E0,0.E0));
#1547=VECTOR('',#1546,4.9E0);
#1548=CARTESIAN_POINT('',(5.7E-1,4.3E0,2.45E0));
#1549=LINE('',#1548,#1547);
#1550=DIRECTION('',(0.E0,0.E0,-1.E0));
#1551=VECTOR('',#1550,1.14E0);
#1552=CARTESIAN_POINT('',(5.7E-1,9.2E0,2.45E0));
#1553=LINE('',#1552,#1551);
#1554=DIRECTION('',(0.E0,-1.E0,0.E0));
#1555=VECTOR('',#1554,5.5E0);
#1556=CARTESIAN_POINT('',(5.7E-1,9.2E0,1.31E0));
#1557=LINE('',#1556,#1555);
#1558=DIRECTION('',(0.E0,-1.E0,0.E0));
#1559=VECTOR('',#1558,4.3E0);
#1560=CARTESIAN_POINT('',(5.7E-1,8.E-1,-3.25E0));
#1561=LINE('',#1560,#1559);
#1562=DIRECTION('',(0.E0,0.E0,1.E0));
#1563=VECTOR('',#1562,1.5E-1);
#1564=CARTESIAN_POINT('',(5.7E-1,-3.5E0,-3.25E0));
#1565=LINE('',#1564,#1563);
#1566=DIRECTION('',(0.E0,9.425785564783E-1,3.339845278860E-1));
#1567=VECTOR('',#1566,1.347367804276E0);
#1568=CARTESIAN_POINT('',(5.7E-1,-3.5E0,-3.1E0));
#1569=LINE('',#1568,#1567);
#1570=DIRECTION('',(0.E0,1.E0,0.E0));
#1571=VECTOR('',#1570,3.03E0);
#1572=CARTESIAN_POINT('',(5.7E-1,-2.23E0,-2.65E0));
#1573=LINE('',#1572,#1571);
#1574=DIRECTION('',(0.E0,-1.E0,0.E0));
#1575=VECTOR('',#1574,3.03E0);
#1576=CARTESIAN_POINT('',(5.7E-1,8.E-1,2.25E0));
#1577=LINE('',#1576,#1575);
#1578=DIRECTION('',(0.E0,-9.425785564783E-1,3.339845278860E-1));
#1579=VECTOR('',#1578,1.347367804276E0);
#1580=CARTESIAN_POINT('',(5.7E-1,-2.23E0,2.25E0));
#1581=LINE('',#1580,#1579);
#1582=DIRECTION('',(0.E0,0.E0,1.E0));
#1583=VECTOR('',#1582,1.5E-1);
#1584=CARTESIAN_POINT('',(5.7E-1,-3.5E0,2.7E0));
#1585=LINE('',#1584,#1583);
#1586=DIRECTION('',(0.E0,1.E0,0.E0));
#1587=VECTOR('',#1586,4.3E0);
#1588=CARTESIAN_POINT('',(5.7E-1,-3.5E0,2.85E0));
#1589=LINE('',#1588,#1587);
#1590=DIRECTION('',(0.E0,-8.320502943378E-1,-5.547001962252E-1));
#1591=VECTOR('',#1590,7.211102550928E-1);
#1592=CARTESIAN_POINT('',(-5.7E-1,4.3E0,-2.85E0));
#1593=LINE('',#1592,#1591);
#1594=DIRECTION('',(0.E0,-1.E0,0.E0));
#1595=VECTOR('',#1594,4.9E0);
#1596=CARTESIAN_POINT('',(-5.7E-1,9.2E0,-2.85E0));
#1597=LINE('',#1596,#1595);
#1598=DIRECTION('',(0.E0,0.E0,-1.E0));
#1599=VECTOR('',#1598,1.14E0);
#1600=CARTESIAN_POINT('',(-5.7E-1,9.2E0,-1.71E0));
#1601=LINE('',#1600,#1599);
#1602=DIRECTION('',(0.E0,1.E0,0.E0));
#1603=VECTOR('',#1602,5.5E0);
#1604=CARTESIAN_POINT('',(-5.7E-1,3.7E0,-1.71E0));
#1605=LINE('',#1604,#1603);
#1606=DIRECTION('',(0.E0,-1.E0,0.E0));
#1607=VECTOR('',#1606,5.5E0);
#1608=CARTESIAN_POINT('',(-5.7E-1,9.2E0,1.31E0));
#1609=LINE('',#1608,#1607);
#1610=DIRECTION('',(0.E0,0.E0,-1.E0));
#1611=VECTOR('',#1610,1.14E0);
#1612=CARTESIAN_POINT('',(-5.7E-1,9.2E0,2.45E0));
#1613=LINE('',#1612,#1611);
#1614=DIRECTION('',(0.E0,1.E0,0.E0));
#1615=VECTOR('',#1614,4.9E0);
#1616=CARTESIAN_POINT('',(-5.7E-1,4.3E0,2.45E0));
#1617=LINE('',#1616,#1615);
#1618=DIRECTION('',(0.E0,8.320502943378E-1,-5.547001962252E-1));
#1619=VECTOR('',#1618,7.211102550928E-1);
#1620=CARTESIAN_POINT('',(-5.7E-1,3.7E0,2.85E0));
#1621=LINE('',#1620,#1619);
#1622=DIRECTION('',(0.E0,1.E0,0.E0));
#1623=VECTOR('',#1622,3.03E0);
#1624=CARTESIAN_POINT('',(-5.7E-1,-2.23E0,-2.65E0));
#1625=LINE('',#1624,#1623);
#1626=DIRECTION('',(0.E0,9.425785564783E-1,3.339845278860E-1));
#1627=VECTOR('',#1626,1.347367804276E0);
#1628=CARTESIAN_POINT('',(-5.7E-1,-3.5E0,-3.1E0));
#1629=LINE('',#1628,#1627);
#1630=DIRECTION('',(0.E0,0.E0,1.E0));
#1631=VECTOR('',#1630,1.5E-1);
#1632=CARTESIAN_POINT('',(-5.7E-1,-3.5E0,-3.25E0));
#1633=LINE('',#1632,#1631);
#1634=DIRECTION('',(0.E0,-1.E0,0.E0));
#1635=VECTOR('',#1634,4.3E0);
#1636=CARTESIAN_POINT('',(-5.7E-1,8.E-1,-3.25E0));
#1637=LINE('',#1636,#1635);
#1638=DIRECTION('',(0.E0,1.E0,0.E0));
#1639=VECTOR('',#1638,4.3E0);
#1640=CARTESIAN_POINT('',(-5.7E-1,-3.5E0,2.85E0));
#1641=LINE('',#1640,#1639);
#1642=DIRECTION('',(0.E0,0.E0,1.E0));
#1643=VECTOR('',#1642,1.5E-1);
#1644=CARTESIAN_POINT('',(-5.7E-1,-3.5E0,2.7E0));
#1645=LINE('',#1644,#1643);
#1646=DIRECTION('',(0.E0,-9.425785564783E-1,3.339845278860E-1));
#1647=VECTOR('',#1646,1.347367804276E0);
#1648=CARTESIAN_POINT('',(-5.7E-1,-2.23E0,2.25E0));
#1649=LINE('',#1648,#1647);
#1650=DIRECTION('',(0.E0,-1.E0,0.E0));
#1651=VECTOR('',#1650,3.03E0);
#1652=CARTESIAN_POINT('',(-5.7E-1,8.E-1,2.25E0));
#1653=LINE('',#1652,#1651);
#1654=DIRECTION('',(-1.E0,0.E0,0.E0));
#1655=VECTOR('',#1654,1.14E0);
#1656=CARTESIAN_POINT('',(5.7E-1,4.3E0,-2.85E0));
#1657=LINE('',#1656,#1655);
#1658=DIRECTION('',(-1.E0,0.E0,0.E0));
#1659=VECTOR('',#1658,1.14E0);
#1660=CARTESIAN_POINT('',(5.7E-1,9.2E0,-2.85E0));
#1661=LINE('',#1660,#1659);
#1662=DIRECTION('',(-1.E0,0.E0,0.E0));
#1663=VECTOR('',#1662,1.14E0);
#1664=CARTESIAN_POINT('',(5.7E-1,9.2E0,-1.71E0));
#1665=LINE('',#1664,#1663);
#1666=DIRECTION('',(-1.E0,0.E0,0.E0));
#1667=VECTOR('',#1666,1.14E0);
#1668=CARTESIAN_POINT('',(5.7E-1,9.2E0,1.31E0));
#1669=LINE('',#1668,#1667);
#1670=DIRECTION('',(-1.E0,0.E0,0.E0));
#1671=VECTOR('',#1670,1.14E0);
#1672=CARTESIAN_POINT('',(5.7E-1,9.2E0,2.45E0));
#1673=LINE('',#1672,#1671);
#1674=DIRECTION('',(-1.E0,0.E0,0.E0));
#1675=VECTOR('',#1674,1.14E0);
#1676=CARTESIAN_POINT('',(5.7E-1,4.3E0,2.45E0));
#1677=LINE('',#1676,#1675);
#1678=DIRECTION('',(-1.E0,0.E0,0.E0));
#1679=VECTOR('',#1678,1.14E0);
#1680=CARTESIAN_POINT('',(5.7E-1,-2.23E0,-2.65E0));
#1681=LINE('',#1680,#1679);
#1682=DIRECTION('',(-1.E0,0.E0,0.E0));
#1683=VECTOR('',#1682,1.14E0);
#1684=CARTESIAN_POINT('',(5.7E-1,-3.5E0,-3.1E0));
#1685=LINE('',#1684,#1683);
#1686=DIRECTION('',(-1.E0,0.E0,0.E0));
#1687=VECTOR('',#1686,1.14E0);
#1688=CARTESIAN_POINT('',(5.7E-1,-3.5E0,-3.25E0));
#1689=LINE('',#1688,#1687);
#1690=DIRECTION('',(-1.E0,0.E0,0.E0));
#1691=VECTOR('',#1690,1.14E0);
#1692=CARTESIAN_POINT('',(5.7E-1,-3.5E0,2.85E0));
#1693=LINE('',#1692,#1691);
#1694=DIRECTION('',(-1.E0,0.E0,0.E0));
#1695=VECTOR('',#1694,1.14E0);
#1696=CARTESIAN_POINT('',(5.7E-1,-3.5E0,2.7E0));
#1697=LINE('',#1696,#1695);
#1698=DIRECTION('',(-1.E0,0.E0,0.E0));
#1699=VECTOR('',#1698,1.14E0);
#1700=CARTESIAN_POINT('',(5.7E-1,-2.23E0,2.25E0));
#1701=LINE('',#1700,#1699);
#1702=DIRECTION('',(0.E0,1.E0,0.E0));
#1703=VECTOR('',#1702,5.5E0);
#1704=CARTESIAN_POINT('',(-3.63E0,3.7E0,-1.71E0));
#1705=LINE('',#1704,#1703);
#1706=DIRECTION('',(0.E0,0.E0,-1.E0));
#1707=VECTOR('',#1706,1.14E0);
#1708=CARTESIAN_POINT('',(-3.63E0,9.2E0,-1.71E0));
#1709=LINE('',#1708,#1707);
#1710=DIRECTION('',(0.E0,-1.E0,0.E0));
#1711=VECTOR('',#1710,4.9E0);
#1712=CARTESIAN_POINT('',(-3.63E0,9.2E0,-2.85E0));
#1713=LINE('',#1712,#1711);
#1714=DIRECTION('',(0.E0,-8.320502943378E-1,-5.547001962252E-1));
#1715=VECTOR('',#1714,7.211102550928E-1);
#1716=CARTESIAN_POINT('',(-3.63E0,4.3E0,-2.85E0));
#1717=LINE('',#1716,#1715);
#1718=DIRECTION('',(0.E0,8.320502943378E-1,-5.547001962252E-1));
#1719=VECTOR('',#1718,7.211102550928E-1);
#1720=CARTESIAN_POINT('',(-3.63E0,3.7E0,2.85E0));
#1721=LINE('',#1720,#1719);
#1722=DIRECTION('',(0.E0,1.E0,0.E0));
#1723=VECTOR('',#1722,4.9E0);
#1724=CARTESIAN_POINT('',(-3.63E0,4.3E0,2.45E0));
#1725=LINE('',#1724,#1723);
#1726=DIRECTION('',(0.E0,0.E0,-1.E0));
#1727=VECTOR('',#1726,1.14E0);
#1728=CARTESIAN_POINT('',(-3.63E0,9.2E0,2.45E0));
#1729=LINE('',#1728,#1727);
#1730=DIRECTION('',(0.E0,-1.E0,0.E0));
#1731=VECTOR('',#1730,5.5E0);
#1732=CARTESIAN_POINT('',(-3.63E0,9.2E0,1.31E0));
#1733=LINE('',#1732,#1731);
#1734=DIRECTION('',(0.E0,-1.E0,0.E0));
#1735=VECTOR('',#1734,4.3E0);
#1736=CARTESIAN_POINT('',(-3.63E0,8.E-1,-3.25E0));
#1737=LINE('',#1736,#1735);
#1738=DIRECTION('',(0.E0,0.E0,1.E0));
#1739=VECTOR('',#1738,1.5E-1);
#1740=CARTESIAN_POINT('',(-3.63E0,-3.5E0,-3.25E0));
#1741=LINE('',#1740,#1739);
#1742=DIRECTION('',(0.E0,9.425785564783E-1,3.339845278860E-1));
#1743=VECTOR('',#1742,1.347367804276E0);
#1744=CARTESIAN_POINT('',(-3.63E0,-3.5E0,-3.1E0));
#1745=LINE('',#1744,#1743);
#1746=DIRECTION('',(0.E0,1.E0,0.E0));
#1747=VECTOR('',#1746,3.03E0);
#1748=CARTESIAN_POINT('',(-3.63E0,-2.23E0,-2.65E0));
#1749=LINE('',#1748,#1747);
#1750=DIRECTION('',(0.E0,-1.E0,0.E0));
#1751=VECTOR('',#1750,3.03E0);
#1752=CARTESIAN_POINT('',(-3.63E0,8.E-1,2.25E0));
#1753=LINE('',#1752,#1751);
#1754=DIRECTION('',(0.E0,-9.425785564783E-1,3.339845278860E-1));
#1755=VECTOR('',#1754,1.347367804276E0);
#1756=CARTESIAN_POINT('',(-3.63E0,-2.23E0,2.25E0));
#1757=LINE('',#1756,#1755);
#1758=DIRECTION('',(0.E0,0.E0,1.E0));
#1759=VECTOR('',#1758,1.5E-1);
#1760=CARTESIAN_POINT('',(-3.63E0,-3.5E0,2.7E0));
#1761=LINE('',#1760,#1759);
#1762=DIRECTION('',(0.E0,1.E0,0.E0));
#1763=VECTOR('',#1762,4.3E0);
#1764=CARTESIAN_POINT('',(-3.63E0,-3.5E0,2.85E0));
#1765=LINE('',#1764,#1763);
#1766=DIRECTION('',(0.E0,-8.320502943378E-1,-5.547001962252E-1));
#1767=VECTOR('',#1766,7.211102550928E-1);
#1768=CARTESIAN_POINT('',(-4.77E0,4.3E0,-2.85E0));
#1769=LINE('',#1768,#1767);
#1770=DIRECTION('',(0.E0,-1.E0,0.E0));
#1771=VECTOR('',#1770,4.9E0);
#1772=CARTESIAN_POINT('',(-4.77E0,9.2E0,-2.85E0));
#1773=LINE('',#1772,#1771);
#1774=DIRECTION('',(0.E0,0.E0,-1.E0));
#1775=VECTOR('',#1774,1.14E0);
#1776=CARTESIAN_POINT('',(-4.77E0,9.2E0,-1.71E0));
#1777=LINE('',#1776,#1775);
#1778=DIRECTION('',(0.E0,1.E0,0.E0));
#1779=VECTOR('',#1778,5.5E0);
#1780=CARTESIAN_POINT('',(-4.77E0,3.7E0,-1.71E0));
#1781=LINE('',#1780,#1779);
#1782=DIRECTION('',(0.E0,-1.E0,0.E0));
#1783=VECTOR('',#1782,5.5E0);
#1784=CARTESIAN_POINT('',(-4.77E0,9.2E0,1.31E0));
#1785=LINE('',#1784,#1783);
#1786=DIRECTION('',(0.E0,0.E0,-1.E0));
#1787=VECTOR('',#1786,1.14E0);
#1788=CARTESIAN_POINT('',(-4.77E0,9.2E0,2.45E0));
#1789=LINE('',#1788,#1787);
#1790=DIRECTION('',(0.E0,1.E0,0.E0));
#1791=VECTOR('',#1790,4.9E0);
#1792=CARTESIAN_POINT('',(-4.77E0,4.3E0,2.45E0));
#1793=LINE('',#1792,#1791);
#1794=DIRECTION('',(0.E0,8.320502943378E-1,-5.547001962252E-1));
#1795=VECTOR('',#1794,7.211102550928E-1);
#1796=CARTESIAN_POINT('',(-4.77E0,3.7E0,2.85E0));
#1797=LINE('',#1796,#1795);
#1798=DIRECTION('',(0.E0,1.E0,0.E0));
#1799=VECTOR('',#1798,3.03E0);
#1800=CARTESIAN_POINT('',(-4.77E0,-2.23E0,-2.65E0));
#1801=LINE('',#1800,#1799);
#1802=DIRECTION('',(0.E0,9.425785564783E-1,3.339845278860E-1));
#1803=VECTOR('',#1802,1.347367804276E0);
#1804=CARTESIAN_POINT('',(-4.77E0,-3.5E0,-3.1E0));
#1805=LINE('',#1804,#1803);
#1806=DIRECTION('',(0.E0,0.E0,1.E0));
#1807=VECTOR('',#1806,1.5E-1);
#1808=CARTESIAN_POINT('',(-4.77E0,-3.5E0,-3.25E0));
#1809=LINE('',#1808,#1807);
#1810=DIRECTION('',(0.E0,-1.E0,0.E0));
#1811=VECTOR('',#1810,4.3E0);
#1812=CARTESIAN_POINT('',(-4.77E0,8.E-1,-3.25E0));
#1813=LINE('',#1812,#1811);
#1814=DIRECTION('',(0.E0,1.E0,0.E0));
#1815=VECTOR('',#1814,4.3E0);
#1816=CARTESIAN_POINT('',(-4.77E0,-3.5E0,2.85E0));
#1817=LINE('',#1816,#1815);
#1818=DIRECTION('',(0.E0,0.E0,1.E0));
#1819=VECTOR('',#1818,1.5E-1);
#1820=CARTESIAN_POINT('',(-4.77E0,-3.5E0,2.7E0));
#1821=LINE('',#1820,#1819);
#1822=DIRECTION('',(0.E0,-9.425785564783E-1,3.339845278860E-1));
#1823=VECTOR('',#1822,1.347367804276E0);
#1824=CARTESIAN_POINT('',(-4.77E0,-2.23E0,2.25E0));
#1825=LINE('',#1824,#1823);
#1826=DIRECTION('',(0.E0,-1.E0,0.E0));
#1827=VECTOR('',#1826,3.03E0);
#1828=CARTESIAN_POINT('',(-4.77E0,8.E-1,2.25E0));
#1829=LINE('',#1828,#1827);
#1830=DIRECTION('',(-1.E0,0.E0,0.E0));
#1831=VECTOR('',#1830,1.14E0);
#1832=CARTESIAN_POINT('',(-3.63E0,4.3E0,-2.85E0));
#1833=LINE('',#1832,#1831);
#1834=DIRECTION('',(-1.E0,0.E0,0.E0));
#1835=VECTOR('',#1834,1.14E0);
#1836=CARTESIAN_POINT('',(-3.63E0,9.2E0,-2.85E0));
#1837=LINE('',#1836,#1835);
#1838=DIRECTION('',(-1.E0,0.E0,0.E0));
#1839=VECTOR('',#1838,1.14E0);
#1840=CARTESIAN_POINT('',(-3.63E0,9.2E0,-1.71E0));
#1841=LINE('',#1840,#1839);
#1842=DIRECTION('',(-1.E0,0.E0,0.E0));
#1843=VECTOR('',#1842,1.14E0);
#1844=CARTESIAN_POINT('',(-3.63E0,9.2E0,1.31E0));
#1845=LINE('',#1844,#1843);
#1846=DIRECTION('',(-1.E0,0.E0,0.E0));
#1847=VECTOR('',#1846,1.14E0);
#1848=CARTESIAN_POINT('',(-3.63E0,9.2E0,2.45E0));
#1849=LINE('',#1848,#1847);
#1850=DIRECTION('',(-1.E0,0.E0,0.E0));
#1851=VECTOR('',#1850,1.14E0);
#1852=CARTESIAN_POINT('',(-3.63E0,4.3E0,2.45E0));
#1853=LINE('',#1852,#1851);
#1854=DIRECTION('',(-1.E0,0.E0,0.E0));
#1855=VECTOR('',#1854,1.14E0);
#1856=CARTESIAN_POINT('',(-3.63E0,-2.23E0,-2.65E0));
#1857=LINE('',#1856,#1855);
#1858=DIRECTION('',(-1.E0,0.E0,0.E0));
#1859=VECTOR('',#1858,1.14E0);
#1860=CARTESIAN_POINT('',(-3.63E0,-3.5E0,-3.1E0));
#1861=LINE('',#1860,#1859);
#1862=DIRECTION('',(-1.E0,0.E0,0.E0));
#1863=VECTOR('',#1862,1.14E0);
#1864=CARTESIAN_POINT('',(-3.63E0,-3.5E0,-3.25E0));
#1865=LINE('',#1864,#1863);
#1866=DIRECTION('',(-1.E0,0.E0,0.E0));
#1867=VECTOR('',#1866,1.14E0);
#1868=CARTESIAN_POINT('',(-3.63E0,-3.5E0,2.85E0));
#1869=LINE('',#1868,#1867);
#1870=DIRECTION('',(-1.E0,0.E0,0.E0));
#1871=VECTOR('',#1870,1.14E0);
#1872=CARTESIAN_POINT('',(-3.63E0,-3.5E0,2.7E0));
#1873=LINE('',#1872,#1871);
#1874=DIRECTION('',(-1.E0,0.E0,0.E0));
#1875=VECTOR('',#1874,1.14E0);
#1876=CARTESIAN_POINT('',(-3.63E0,-2.23E0,2.25E0));
#1877=LINE('',#1876,#1875);
#1878=DIRECTION('',(0.E0,-1.E0,0.E0));
#1879=VECTOR('',#1878,9.1E0);
#1880=CARTESIAN_POINT('',(2.4E0,1.28E1,3.9E0));
#1881=LINE('',#1880,#1879);
#1882=DIRECTION('',(0.E0,-1.E0,0.E0));
#1883=VECTOR('',#1882,9.1E0);
#1884=CARTESIAN_POINT('',(6.E0,1.28E1,3.9E0));
#1885=LINE('',#1884,#1883);
#1886=DIRECTION('',(0.E0,-1.E0,0.E0));
#1887=VECTOR('',#1886,9.1E0);
#1888=CARTESIAN_POINT('',(6.E0,1.28E1,3.E-1));
#1889=LINE('',#1888,#1887);
#1890=DIRECTION('',(0.E0,1.E0,0.E0));
#1891=VECTOR('',#1890,5.5E0);
#1892=CARTESIAN_POINT('',(4.77E0,3.7E0,-1.71E0));
#1893=LINE('',#1892,#1891);
#1894=DIRECTION('',(0.E0,0.E0,-1.E0));
#1895=VECTOR('',#1894,1.14E0);
#1896=CARTESIAN_POINT('',(4.77E0,9.2E0,-1.71E0));
#1897=LINE('',#1896,#1895);
#1898=DIRECTION('',(0.E0,-1.E0,0.E0));
#1899=VECTOR('',#1898,4.9E0);
#1900=CARTESIAN_POINT('',(4.77E0,9.2E0,-2.85E0));
#1901=LINE('',#1900,#1899);
#1902=DIRECTION('',(0.E0,-8.320502943378E-1,-5.547001962252E-1));
#1903=VECTOR('',#1902,7.211102550928E-1);
#1904=CARTESIAN_POINT('',(4.77E0,4.3E0,-2.85E0));
#1905=LINE('',#1904,#1903);
#1906=DIRECTION('',(0.E0,8.320502943378E-1,-5.547001962252E-1));
#1907=VECTOR('',#1906,7.211102550928E-1);
#1908=CARTESIAN_POINT('',(4.77E0,3.7E0,2.85E0));
#1909=LINE('',#1908,#1907);
#1910=DIRECTION('',(0.E0,1.E0,0.E0));
#1911=VECTOR('',#1910,4.9E0);
#1912=CARTESIAN_POINT('',(4.77E0,4.3E0,2.45E0));
#1913=LINE('',#1912,#1911);
#1914=DIRECTION('',(0.E0,0.E0,-1.E0));
#1915=VECTOR('',#1914,1.14E0);
#1916=CARTESIAN_POINT('',(4.77E0,9.2E0,2.45E0));
#1917=LINE('',#1916,#1915);
#1918=DIRECTION('',(0.E0,-1.E0,0.E0));
#1919=VECTOR('',#1918,5.5E0);
#1920=CARTESIAN_POINT('',(4.77E0,9.2E0,1.31E0));
#1921=LINE('',#1920,#1919);
#1922=DIRECTION('',(0.E0,-1.E0,0.E0));
#1923=VECTOR('',#1922,3.03E0);
#1924=CARTESIAN_POINT('',(4.77E0,8.E-1,2.25E0));
#1925=LINE('',#1924,#1923);
#1926=DIRECTION('',(0.E0,-9.425785564783E-1,3.339845278860E-1));
#1927=VECTOR('',#1926,1.347367804276E0);
#1928=CARTESIAN_POINT('',(4.77E0,-2.23E0,2.25E0));
#1929=LINE('',#1928,#1927);
#1930=DIRECTION('',(0.E0,0.E0,1.E0));
#1931=VECTOR('',#1930,1.5E-1);
#1932=CARTESIAN_POINT('',(4.77E0,-3.5E0,2.7E0));
#1933=LINE('',#1932,#1931);
#1934=DIRECTION('',(0.E0,1.E0,0.E0));
#1935=VECTOR('',#1934,4.3E0);
#1936=CARTESIAN_POINT('',(4.77E0,-3.5E0,2.85E0));
#1937=LINE('',#1936,#1935);
#1938=DIRECTION('',(0.E0,-1.E0,0.E0));
#1939=VECTOR('',#1938,4.3E0);
#1940=CARTESIAN_POINT('',(4.77E0,8.E-1,-3.25E0));
#1941=LINE('',#1940,#1939);
#1942=DIRECTION('',(0.E0,0.E0,1.E0));
#1943=VECTOR('',#1942,1.5E-1);
#1944=CARTESIAN_POINT('',(4.77E0,-3.5E0,-3.25E0));
#1945=LINE('',#1944,#1943);
#1946=DIRECTION('',(0.E0,9.425785564783E-1,3.339845278860E-1));
#1947=VECTOR('',#1946,1.347367804276E0);
#1948=CARTESIAN_POINT('',(4.77E0,-3.5E0,-3.1E0));
#1949=LINE('',#1948,#1947);
#1950=DIRECTION('',(0.E0,1.E0,0.E0));
#1951=VECTOR('',#1950,3.03E0);
#1952=CARTESIAN_POINT('',(4.77E0,-2.23E0,-2.65E0));
#1953=LINE('',#1952,#1951);
#1954=DIRECTION('',(0.E0,-8.320502943378E-1,-5.547001962252E-1));
#1955=VECTOR('',#1954,7.211102550928E-1);
#1956=CARTESIAN_POINT('',(3.63E0,4.3E0,-2.85E0));
#1957=LINE('',#1956,#1955);
#1958=DIRECTION('',(0.E0,-1.E0,0.E0));
#1959=VECTOR('',#1958,4.9E0);
#1960=CARTESIAN_POINT('',(3.63E0,9.2E0,-2.85E0));
#1961=LINE('',#1960,#1959);
#1962=DIRECTION('',(0.E0,0.E0,-1.E0));
#1963=VECTOR('',#1962,1.14E0);
#1964=CARTESIAN_POINT('',(3.63E0,9.2E0,-1.71E0));
#1965=LINE('',#1964,#1963);
#1966=DIRECTION('',(0.E0,1.E0,0.E0));
#1967=VECTOR('',#1966,5.5E0);
#1968=CARTESIAN_POINT('',(3.63E0,3.7E0,-1.71E0));
#1969=LINE('',#1968,#1967);
#1970=DIRECTION('',(0.E0,-1.E0,0.E0));
#1971=VECTOR('',#1970,5.5E0);
#1972=CARTESIAN_POINT('',(3.63E0,9.2E0,1.31E0));
#1973=LINE('',#1972,#1971);
#1974=DIRECTION('',(0.E0,0.E0,-1.E0));
#1975=VECTOR('',#1974,1.14E0);
#1976=CARTESIAN_POINT('',(3.63E0,9.2E0,2.45E0));
#1977=LINE('',#1976,#1975);
#1978=DIRECTION('',(0.E0,1.E0,0.E0));
#1979=VECTOR('',#1978,4.9E0);
#1980=CARTESIAN_POINT('',(3.63E0,4.3E0,2.45E0));
#1981=LINE('',#1980,#1979);
#1982=DIRECTION('',(0.E0,8.320502943378E-1,-5.547001962252E-1));
#1983=VECTOR('',#1982,7.211102550928E-1);
#1984=CARTESIAN_POINT('',(3.63E0,3.7E0,2.85E0));
#1985=LINE('',#1984,#1983);
#1986=DIRECTION('',(0.E0,-1.E0,0.E0));
#1987=VECTOR('',#1986,3.03E0);
#1988=CARTESIAN_POINT('',(3.63E0,8.E-1,2.25E0));
#1989=LINE('',#1988,#1987);
#1990=DIRECTION('',(0.E0,1.E0,0.E0));
#1991=VECTOR('',#1990,4.3E0);
#1992=CARTESIAN_POINT('',(3.63E0,-3.5E0,2.85E0));
#1993=LINE('',#1992,#1991);
#1994=DIRECTION('',(0.E0,0.E0,1.E0));
#1995=VECTOR('',#1994,1.5E-1);
#1996=CARTESIAN_POINT('',(3.63E0,-3.5E0,2.7E0));
#1997=LINE('',#1996,#1995);
#1998=DIRECTION('',(0.E0,-9.425785564783E-1,3.339845278860E-1));
#1999=VECTOR('',#1998,1.347367804276E0);
#2000=CARTESIAN_POINT('',(3.63E0,-2.23E0,2.25E0));
#2001=LINE('',#2000,#1999);
#2002=DIRECTION('',(0.E0,1.E0,0.E0));
#2003=VECTOR('',#2002,3.03E0);
#2004=CARTESIAN_POINT('',(3.63E0,-2.23E0,-2.65E0));
#2005=LINE('',#2004,#2003);
#2006=DIRECTION('',(0.E0,9.425785564783E-1,3.339845278860E-1));
#2007=VECTOR('',#2006,1.347367804276E0);
#2008=CARTESIAN_POINT('',(3.63E0,-3.5E0,-3.1E0));
#2009=LINE('',#2008,#2007);
#2010=DIRECTION('',(0.E0,0.E0,1.E0));
#2011=VECTOR('',#2010,1.5E-1);
#2012=CARTESIAN_POINT('',(3.63E0,-3.5E0,-3.25E0));
#2013=LINE('',#2012,#2011);
#2014=DIRECTION('',(0.E0,-1.E0,0.E0));
#2015=VECTOR('',#2014,4.3E0);
#2016=CARTESIAN_POINT('',(3.63E0,8.E-1,-3.25E0));
#2017=LINE('',#2016,#2015);
#2018=DIRECTION('',(-1.E0,0.E0,0.E0));
#2019=VECTOR('',#2018,1.14E0);
#2020=CARTESIAN_POINT('',(4.77E0,4.3E0,-2.85E0));
#2021=LINE('',#2020,#2019);
#2022=DIRECTION('',(-1.E0,0.E0,0.E0));
#2023=VECTOR('',#2022,1.14E0);
#2024=CARTESIAN_POINT('',(4.77E0,9.2E0,-2.85E0));
#2025=LINE('',#2024,#2023);
#2026=DIRECTION('',(-1.E0,0.E0,0.E0));
#2027=VECTOR('',#2026,1.14E0);
#2028=CARTESIAN_POINT('',(4.77E0,9.2E0,-1.71E0));
#2029=LINE('',#2028,#2027);
#2030=DIRECTION('',(-1.E0,0.E0,0.E0));
#2031=VECTOR('',#2030,1.14E0);
#2032=CARTESIAN_POINT('',(4.77E0,9.2E0,1.31E0));
#2033=LINE('',#2032,#2031);
#2034=DIRECTION('',(-1.E0,0.E0,0.E0));
#2035=VECTOR('',#2034,1.14E0);
#2036=CARTESIAN_POINT('',(4.77E0,9.2E0,2.45E0));
#2037=LINE('',#2036,#2035);
#2038=DIRECTION('',(-1.E0,0.E0,0.E0));
#2039=VECTOR('',#2038,1.14E0);
#2040=CARTESIAN_POINT('',(4.77E0,4.3E0,2.45E0));
#2041=LINE('',#2040,#2039);
#2042=DIRECTION('',(-1.E0,0.E0,0.E0));
#2043=VECTOR('',#2042,1.14E0);
#2044=CARTESIAN_POINT('',(4.77E0,-2.23E0,2.25E0));
#2045=LINE('',#2044,#2043);
#2046=DIRECTION('',(-1.E0,0.E0,0.E0));
#2047=VECTOR('',#2046,1.14E0);
#2048=CARTESIAN_POINT('',(4.77E0,-3.5E0,2.7E0));
#2049=LINE('',#2048,#2047);
#2050=DIRECTION('',(-1.E0,0.E0,0.E0));
#2051=VECTOR('',#2050,1.14E0);
#2052=CARTESIAN_POINT('',(4.77E0,-3.5E0,2.85E0));
#2053=LINE('',#2052,#2051);
#2054=DIRECTION('',(-1.E0,0.E0,0.E0));
#2055=VECTOR('',#2054,1.14E0);
#2056=CARTESIAN_POINT('',(4.77E0,-2.23E0,-2.65E0));
#2057=LINE('',#2056,#2055);
#2058=DIRECTION('',(-1.E0,0.E0,0.E0));
#2059=VECTOR('',#2058,1.14E0);
#2060=CARTESIAN_POINT('',(4.77E0,-3.5E0,-3.1E0));
#2061=LINE('',#2060,#2059);
#2062=DIRECTION('',(-1.E0,0.E0,0.E0));
#2063=VECTOR('',#2062,1.14E0);
#2064=CARTESIAN_POINT('',(4.77E0,-3.5E0,-3.25E0));
#2065=LINE('',#2064,#2063);
#2066=DIRECTION('',(0.E0,1.E0,0.E0));
#2067=VECTOR('',#2066,6.E-1);
#2068=CARTESIAN_POINT('',(5.5E0,2.E-1,-3.8E0));
#2069=LINE('',#2068,#2067);
#2070=DIRECTION('',(0.E0,-1.E0,0.E0));
#2071=VECTOR('',#2070,1.26E1);
#2072=CARTESIAN_POINT('',(6.9E0,1.28E1,2.2E0));
#2073=LINE('',#2072,#2071);
#2074=DIRECTION('',(0.E0,0.E0,1.E0));
#2075=VECTOR('',#2074,7.E0);
#2076=CARTESIAN_POINT('',(6.9E0,1.28E1,-4.8E0));
#2077=LINE('',#2076,#2075);
#2078=DIRECTION('',(0.E0,1.E0,0.E0));
#2079=VECTOR('',#2078,1.28E1);
#2080=CARTESIAN_POINT('',(6.9E0,0.E0,-4.8E0));
#2081=LINE('',#2080,#2079);
#2082=DIRECTION('',(0.E0,0.E0,-1.E0));
#2083=VECTOR('',#2082,1.E0);
#2084=CARTESIAN_POINT('',(6.9E0,0.E0,-3.8E0));
#2085=LINE('',#2084,#2083);
#2086=DIRECTION('',(0.E0,1.E0,0.E0));
#2087=VECTOR('',#2086,2.E-1);
#2088=CARTESIAN_POINT('',(6.9E0,0.E0,-3.8E0));
#2089=LINE('',#2088,#2087);
#2090=DIRECTION('',(0.E0,0.E0,1.E0));
#2091=VECTOR('',#2090,6.E0);
#2092=CARTESIAN_POINT('',(6.9E0,2.E-1,-3.8E0));
#2093=LINE('',#2092,#2091);
#2094=DIRECTION('',(0.E0,-1.E0,0.E0));
#2095=VECTOR('',#2094,1.26E1);
#2096=CARTESIAN_POINT('',(6.9E0,1.28E1,3.E0));
#2097=LINE('',#2096,#2095);
#2098=DIRECTION('',(0.E0,0.E0,1.E0));
#2099=VECTOR('',#2098,8.E-1);
#2100=CARTESIAN_POINT('',(6.9E0,2.E-1,3.E0));
#2101=LINE('',#2100,#2099);
#2102=DIRECTION('',(0.E0,1.E0,0.E0));
#2103=VECTOR('',#2102,2.E-1);
#2104=CARTESIAN_POINT('',(6.9E0,0.E0,3.8E0));
#2105=LINE('',#2104,#2103);
#2106=DIRECTION('',(0.E0,0.E0,-1.E0));
#2107=VECTOR('',#2106,1.E0);
#2108=CARTESIAN_POINT('',(6.9E0,0.E0,4.8E0));
#2109=LINE('',#2108,#2107);
#2110=DIRECTION('',(0.E0,-1.E0,0.E0));
#2111=VECTOR('',#2110,1.28E1);
#2112=CARTESIAN_POINT('',(6.9E0,1.28E1,4.8E0));
#2113=LINE('',#2112,#2111);
#2114=DIRECTION('',(0.E0,0.E0,1.E0));
#2115=VECTOR('',#2114,1.8E0);
#2116=CARTESIAN_POINT('',(6.9E0,1.28E1,3.E0));
#2117=LINE('',#2116,#2115);
#2118=CARTESIAN_POINT('',(6.9E0,2.E-1,2.6E0));
#2119=DIRECTION('',(0.E0,-1.E0,0.E0));
#2120=DIRECTION('',(0.E0,0.E0,-1.E0));
#2121=AXIS2_PLACEMENT_3D('',#2118,#2119,#2120);
#2123=DIRECTION('',(0.E0,8.591015439088E-1,5.118051750946E-1));
#2124=VECTOR('',#2123,2.735415873318E0);
#2125=CARTESIAN_POINT('',(1.7E0,1.045E1,-6.2E0));
#2126=LINE('',#2125,#2124);
#2127=DIRECTION('',(0.E0,1.E0,0.E0));
#2128=VECTOR('',#2127,7.E-1);
#2129=CARTESIAN_POINT('',(1.7E0,9.75E0,-6.2E0));
#2130=LINE('',#2129,#2128);
#2131=DIRECTION('',(0.E0,0.E0,-1.E0));
#2132=VECTOR('',#2131,1.4E0);
#2133=CARTESIAN_POINT('',(1.7E0,9.75E0,-4.8E0));
#2134=LINE('',#2133,#2132);
#2135=DIRECTION('',(1.E0,0.E0,0.E0));
#2136=VECTOR('',#2135,3.4E0);
#2137=CARTESIAN_POINT('',(-1.7E0,9.75E0,-6.2E0));
#2138=LINE('',#2137,#2136);
#2139=DIRECTION('',(0.E0,-1.E0,0.E0));
#2140=VECTOR('',#2139,1.26E1);
#2141=CARTESIAN_POINT('',(-7.3E0,1.28E1,-2.99E0));
#2142=LINE('',#2141,#2140);
#2143=DIRECTION('',(7.071067811865E-1,0.E0,-7.071067811865E-1));
#2144=VECTOR('',#2143,5.656854249492E-1);
#2145=CARTESIAN_POINT('',(-7.3E0,2.E-1,-2.99E0));
#2146=LINE('',#2145,#2144);
#2147=DIRECTION('',(0.E0,1.E0,0.E0));
#2148=VECTOR('',#2147,2.E-1);
#2149=CARTESIAN_POINT('',(-5.9E0,0.E0,-5.E-1));
#2150=LINE('',#2149,#2148);
#2151=CARTESIAN_POINT('',(-6.9E0,0.E0,-4.8E0));
#2152=CARTESIAN_POINT('',(-6.9E0,1.28E1,-4.8E0));
#2153=VERTEX_POINT('',#2151);
#2154=VERTEX_POINT('',#2152);
#2155=CARTESIAN_POINT('',(-6.9E0,1.28E1,4.8E0));
#2156=CARTESIAN_POINT('',(-6.9E0,0.E0,4.8E0));
#2157=VERTEX_POINT('',#2155);
#2158=VERTEX_POINT('',#2156);
#2159=CARTESIAN_POINT('',(6.9E0,0.E0,-4.8E0));
#2160=CARTESIAN_POINT('',(6.9E0,1.28E1,-4.8E0));
#2161=VERTEX_POINT('',#2159);
#2162=VERTEX_POINT('',#2160);
#2163=CARTESIAN_POINT('',(6.9E0,1.28E1,4.8E0));
#2164=CARTESIAN_POINT('',(6.9E0,0.E0,4.8E0));
#2165=VERTEX_POINT('',#2163);
#2166=VERTEX_POINT('',#2164);
#2167=CARTESIAN_POINT('',(6.9E0,1.28E1,2.2E0));
#2168=VERTEX_POINT('',#2167);
#2169=CARTESIAN_POINT('',(6.9E0,1.28E1,3.E0));
#2170=VERTEX_POINT('',#2169);
#2171=CARTESIAN_POINT('',(-1.7E0,9.75E0,-6.2E0));
#2172=CARTESIAN_POINT('',(-1.7E0,1.045E1,-6.2E0));
#2173=VERTEX_POINT('',#2171);
#2174=VERTEX_POINT('',#2172);
#2175=CARTESIAN_POINT('',(1.7E0,9.75E0,-6.2E0));
#2176=CARTESIAN_POINT('',(1.7E0,1.045E1,-6.2E0));
#2177=VERTEX_POINT('',#2175);
#2178=VERTEX_POINT('',#2176);
#2179=CARTESIAN_POINT('',(-1.7E0,1.28E1,-4.8E0));
#2180=CARTESIAN_POINT('',(-1.7E0,9.75E0,-4.8E0));
#2181=VERTEX_POINT('',#2179);
#2182=VERTEX_POINT('',#2180);
#2183=CARTESIAN_POINT('',(1.7E0,1.28E1,-4.8E0));
#2184=CARTESIAN_POINT('',(1.7E0,9.75E0,-4.8E0));
#2185=VERTEX_POINT('',#2183);
#2186=VERTEX_POINT('',#2184);
#2187=CARTESIAN_POINT('',(6.E0,3.7E0,3.9E0));
#2188=CARTESIAN_POINT('',(6.E0,3.7E0,3.E-1));
#2189=VERTEX_POINT('',#2187);
#2190=VERTEX_POINT('',#2188);
#2191=CARTESIAN_POINT('',(2.4E0,3.7E0,3.E-1));
#2192=VERTEX_POINT('',#2191);
#2193=CARTESIAN_POINT('',(2.4E0,3.7E0,3.9E0));
#2194=VERTEX_POINT('',#2193);
#2195=CARTESIAN_POINT('',(6.E0,3.7E0,-1.2E0));
#2196=CARTESIAN_POINT('',(6.E0,3.7E0,-3.9E0));
#2197=VERTEX_POINT('',#2195);
#2198=VERTEX_POINT('',#2196);
#2199=CARTESIAN_POINT('',(2.4E0,3.7E0,-3.9E0));
#2200=VERTEX_POINT('',#2199);
#2201=CARTESIAN_POINT('',(3.3E0,3.7E0,-3.E-1));
#2202=CARTESIAN_POINT('',(5.1E0,3.7E0,-3.E-1));
#2203=VERTEX_POINT('',#2201);
#2204=VERTEX_POINT('',#2202);
#2205=CARTESIAN_POINT('',(6.E0,1.28E1,3.9E0));
#2206=CARTESIAN_POINT('',(6.E0,1.28E1,3.E-1));
#2207=VERTEX_POINT('',#2205);
#2208=VERTEX_POINT('',#2206);
#2209=CARTESIAN_POINT('',(2.4E0,1.28E1,3.E-1));
#2210=VERTEX_POINT('',#2209);
#2211=CARTESIAN_POINT('',(2.4E0,1.28E1,3.9E0));
#2212=VERTEX_POINT('',#2211);
#2213=CARTESIAN_POINT('',(6.E0,1.28E1,-1.2E0));
#2214=CARTESIAN_POINT('',(6.E0,1.28E1,-3.9E0));
#2215=VERTEX_POINT('',#2213);
#2216=VERTEX_POINT('',#2214);
#2217=CARTESIAN_POINT('',(2.4E0,1.28E1,-3.9E0));
#2218=VERTEX_POINT('',#2217);
#2219=CARTESIAN_POINT('',(2.4E0,1.28E1,-1.2E0));
#2220=VERTEX_POINT('',#2219);
#2221=CARTESIAN_POINT('',(3.3E0,1.28E1,-3.E-1));
#2222=CARTESIAN_POINT('',(5.1E0,1.28E1,-3.E-1));
#2223=VERTEX_POINT('',#2221);
#2224=VERTEX_POINT('',#2222);
#2225=CARTESIAN_POINT('',(2.4E0,3.7E0,5.E-1));
#2226=VERTEX_POINT('',#2225);
#2227=CARTESIAN_POINT('',(2.4E0,3.7E0,3.8E0));
#2228=VERTEX_POINT('',#2227);
#2229=CARTESIAN_POINT('',(4.77E0,-2.23E0,2.25E0));
#2230=CARTESIAN_POINT('',(4.77E0,-3.5E0,2.7E0));
#2231=VERTEX_POINT('',#2229);
#2232=VERTEX_POINT('',#2230);
#2233=CARTESIAN_POINT('',(4.77E0,-3.5E0,2.85E0));
#2234=VERTEX_POINT('',#2233);
#2235=CARTESIAN_POINT('',(4.77E0,4.3E0,2.45E0));
#2236=CARTESIAN_POINT('',(4.77E0,9.2E0,2.45E0));
#2237=VERTEX_POINT('',#2235);
#2238=VERTEX_POINT('',#2236);
#2239=CARTESIAN_POINT('',(3.63E0,-2.23E0,2.25E0));
#2240=CARTESIAN_POINT('',(3.63E0,-3.5E0,2.7E0));
#2241=VERTEX_POINT('',#2239);
#2242=VERTEX_POINT('',#2240);
#2243=CARTESIAN_POINT('',(3.63E0,-3.5E0,2.85E0));
#2244=VERTEX_POINT('',#2243);
#2245=CARTESIAN_POINT('',(3.63E0,4.3E0,2.45E0));
#2246=CARTESIAN_POINT('',(3.63E0,9.2E0,2.45E0));
#2247=VERTEX_POINT('',#2245);
#2248=VERTEX_POINT('',#2246);
#2249=CARTESIAN_POINT('',(4.77E0,3.7E0,-3.25E0));
#2250=CARTESIAN_POINT('',(4.77E0,3.7E0,-1.71E0));
#2251=VERTEX_POINT('',#2249);
#2252=VERTEX_POINT('',#2250);
#2253=CARTESIAN_POINT('',(4.77E0,3.7E0,1.31E0));
#2254=CARTESIAN_POINT('',(4.77E0,3.7E0,2.85E0));
#2255=VERTEX_POINT('',#2253);
#2256=VERTEX_POINT('',#2254);
#2257=CARTESIAN_POINT('',(3.63E0,3.7E0,-3.25E0));
#2258=CARTESIAN_POINT('',(3.63E0,3.7E0,-1.71E0));
#2259=VERTEX_POINT('',#2257);
#2260=VERTEX_POINT('',#2258);
#2261=CARTESIAN_POINT('',(3.63E0,3.7E0,1.31E0));
#2262=CARTESIAN_POINT('',(3.63E0,3.7E0,2.85E0));
#2263=VERTEX_POINT('',#2261);
#2264=VERTEX_POINT('',#2262);
#2265=CARTESIAN_POINT('',(4.77E0,8.E-1,2.25E0));
#2266=VERTEX_POINT('',#2265);
#2267=CARTESIAN_POINT('',(4.77E0,8.E-1,2.85E0));
#2268=VERTEX_POINT('',#2267);
#2269=CARTESIAN_POINT('',(4.77E0,9.2E0,1.31E0));
#2270=VERTEX_POINT('',#2269);
#2271=CARTESIAN_POINT('',(3.63E0,8.E-1,2.25E0));
#2272=VERTEX_POINT('',#2271);
#2273=CARTESIAN_POINT('',(3.63E0,8.E-1,2.85E0));
#2274=VERTEX_POINT('',#2273);
#2275=CARTESIAN_POINT('',(3.63E0,9.2E0,1.31E0));
#2276=VERTEX_POINT('',#2275);
#2277=CARTESIAN_POINT('',(5.5E0,8.E-1,5.E-1));
#2278=CARTESIAN_POINT('',(5.5E0,8.E-1,3.8E0));
#2279=VERTEX_POINT('',#2277);
#2280=VERTEX_POINT('',#2278);
#2281=CARTESIAN_POINT('',(5.2E0,0.E0,4.8E0));
#2282=VERTEX_POINT('',#2281);
#2283=CARTESIAN_POINT('',(5.2E0,0.E0,-4.8E0));
#2284=VERTEX_POINT('',#2283);
#2285=CARTESIAN_POINT('',(1.8E0,3.7E0,3.E-1));
#2286=CARTESIAN_POINT('',(-1.8E0,3.7E0,3.E-1));
#2287=VERTEX_POINT('',#2285);
#2288=VERTEX_POINT('',#2286);
#2289=CARTESIAN_POINT('',(-9.E-1,3.7E0,3.9E0));
#2290=CARTESIAN_POINT('',(9.E-1,3.7E0,3.9E0));
#2291=VERTEX_POINT('',#2289);
#2292=VERTEX_POINT('',#2290);
#2293=CARTESIAN_POINT('',(1.8E0,3.7E0,-3.9E0));
#2294=CARTESIAN_POINT('',(-1.8E0,3.7E0,-3.9E0));
#2295=VERTEX_POINT('',#2293);
#2296=VERTEX_POINT('',#2294);
#2297=CARTESIAN_POINT('',(-1.8E0,3.7E0,-3.E-1));
#2298=CARTESIAN_POINT('',(1.8E0,3.7E0,-3.E-1));
#2299=VERTEX_POINT('',#2297);
#2300=VERTEX_POINT('',#2298);
#2301=CARTESIAN_POINT('',(-6.E0,3.7E0,-3.9E0));
#2302=CARTESIAN_POINT('',(-6.E0,3.7E0,-3.E-1));
#2303=VERTEX_POINT('',#2301);
#2304=VERTEX_POINT('',#2302);
#2305=CARTESIAN_POINT('',(-2.4E0,3.7E0,-3.E-1));
#2306=VERTEX_POINT('',#2305);
#2307=CARTESIAN_POINT('',(-2.4E0,3.7E0,-3.9E0));
#2308=VERTEX_POINT('',#2307);
#2309=CARTESIAN_POINT('',(-6.E0,3.7E0,3.E-1));
#2310=CARTESIAN_POINT('',(-6.E0,3.7E0,3.E0));
#2311=VERTEX_POINT('',#2309);
#2312=VERTEX_POINT('',#2310);
#2313=CARTESIAN_POINT('',(-5.1E0,3.7E0,3.9E0));
#2314=VERTEX_POINT('',#2313);
#2315=CARTESIAN_POINT('',(-3.3E0,3.7E0,3.9E0));
#2316=VERTEX_POINT('',#2315);
#2317=CARTESIAN_POINT('',(-2.4E0,3.7E0,3.E-1));
#2318=VERTEX_POINT('',#2317);
#2319=CARTESIAN_POINT('',(-6.E0,1.28E1,-3.9E0));
#2320=CARTESIAN_POINT('',(-6.E0,1.28E1,-3.E-1));
#2321=VERTEX_POINT('',#2319);
#2322=VERTEX_POINT('',#2320);
#2323=CARTESIAN_POINT('',(-2.4E0,1.28E1,-3.E-1));
#2324=VERTEX_POINT('',#2323);
#2325=CARTESIAN_POINT('',(-2.4E0,1.28E1,-3.9E0));
#2326=VERTEX_POINT('',#2325);
#2327=CARTESIAN_POINT('',(-6.E0,1.28E1,3.E-1));
#2328=CARTESIAN_POINT('',(-6.E0,1.28E1,3.E0));
#2329=VERTEX_POINT('',#2327);
#2330=VERTEX_POINT('',#2328);
#2331=CARTESIAN_POINT('',(-5.1E0,1.28E1,3.9E0));
#2332=VERTEX_POINT('',#2331);
#2333=CARTESIAN_POINT('',(-3.3E0,1.28E1,3.9E0));
#2334=VERTEX_POINT('',#2333);
#2335=CARTESIAN_POINT('',(-2.4E0,1.28E1,3.E0));
#2336=VERTEX_POINT('',#2335);
#2337=CARTESIAN_POINT('',(-2.4E0,1.28E1,3.E-1));
#2338=VERTEX_POINT('',#2337);
#2339=CARTESIAN_POINT('',(1.8E0,1.28E1,3.E0));
#2340=CARTESIAN_POINT('',(1.8E0,1.28E1,3.E-1));
#2341=VERTEX_POINT('',#2339);
#2342=VERTEX_POINT('',#2340);
#2343=CARTESIAN_POINT('',(-1.8E0,1.28E1,3.E-1));
#2344=VERTEX_POINT('',#2343);
#2345=CARTESIAN_POINT('',(-1.8E0,1.28E1,3.E0));
#2346=VERTEX_POINT('',#2345);
#2347=CARTESIAN_POINT('',(-9.E-1,1.28E1,3.9E0));
#2348=VERTEX_POINT('',#2347);
#2349=CARTESIAN_POINT('',(9.E-1,1.28E1,3.9E0));
#2350=VERTEX_POINT('',#2349);
#2351=CARTESIAN_POINT('',(1.8E0,1.28E1,-3.E-1));
#2352=CARTESIAN_POINT('',(1.8E0,1.28E1,-3.9E0));
#2353=VERTEX_POINT('',#2351);
#2354=VERTEX_POINT('',#2352);
#2355=CARTESIAN_POINT('',(-1.8E0,1.28E1,-3.9E0));
#2356=VERTEX_POINT('',#2355);
#2357=CARTESIAN_POINT('',(-1.8E0,1.28E1,-3.E-1));
#2358=VERTEX_POINT('',#2357);
#2359=CARTESIAN_POINT('',(1.E0,0.E0,4.8E0));
#2360=CARTESIAN_POINT('',(3.2E0,0.E0,4.8E0));
#2361=VERTEX_POINT('',#2359);
#2362=VERTEX_POINT('',#2360);
#2363=CARTESIAN_POINT('',(1.E0,0.E0,-4.8E0));
#2364=CARTESIAN_POINT('',(3.2E0,0.E0,-4.8E0));
#2365=VERTEX_POINT('',#2363);
#2366=VERTEX_POINT('',#2364);
#2367=CARTESIAN_POINT('',(-5.5E0,8.E-1,3.8E0));
#2368=CARTESIAN_POINT('',(-5.5E0,8.E-1,5.E-1));
#2369=VERTEX_POINT('',#2367);
#2370=VERTEX_POINT('',#2368);
#2371=CARTESIAN_POINT('',(-5.2E0,8.E-1,3.8E0));
#2372=VERTEX_POINT('',#2371);
#2373=CARTESIAN_POINT('',(-5.2E0,0.E0,4.8E0));
#2374=VERTEX_POINT('',#2373);
#2375=CARTESIAN_POINT('',(-3.2E0,0.E0,4.8E0));
#2376=CARTESIAN_POINT('',(-1.E0,0.E0,4.8E0));
#2377=VERTEX_POINT('',#2375);
#2378=VERTEX_POINT('',#2376);
#2379=CARTESIAN_POINT('',(-5.2E0,0.E0,-4.8E0));
#2380=VERTEX_POINT('',#2379);
#2381=CARTESIAN_POINT('',(-3.2E0,0.E0,-4.8E0));
#2382=CARTESIAN_POINT('',(-1.E0,0.E0,-4.8E0));
#2383=VERTEX_POINT('',#2381);
#2384=VERTEX_POINT('',#2382);
#2385=CARTESIAN_POINT('',(1.8E0,3.7E0,-5.E-1));
#2386=VERTEX_POINT('',#2385);
#2387=CARTESIAN_POINT('',(1.8E0,3.7E0,-3.8E0));
#2388=VERTEX_POINT('',#2387);
#2389=CARTESIAN_POINT('',(-7.3E0,1.28E1,-1.99E0));
#2390=CARTESIAN_POINT('',(-7.3E0,1.28E1,-2.99E0));
#2391=VERTEX_POINT('',#2389);
#2392=VERTEX_POINT('',#2390);
#2393=CARTESIAN_POINT('',(-6.9E0,1.28E1,-3.39E0));
#2394=VERTEX_POINT('',#2393);
#2395=CARTESIAN_POINT('',(-6.9E0,1.28E1,-1.59E0));
#2396=VERTEX_POINT('',#2395);
#2397=CARTESIAN_POINT('',(6.9E0,2.E-1,2.2E0));
#2398=VERTEX_POINT('',#2397);
#2399=CARTESIAN_POINT('',(6.9E0,2.E-1,3.E0));
#2400=VERTEX_POINT('',#2399);
#2401=CARTESIAN_POINT('',(6.9E0,0.E0,3.8E0));
#2402=VERTEX_POINT('',#2401);
#2403=CARTESIAN_POINT('',(6.9E0,0.E0,-3.8E0));
#2404=VERTEX_POINT('',#2403);
#2405=CARTESIAN_POINT('',(-7.3E0,2.E-1,-1.99E0));
#2406=VERTEX_POINT('',#2405);
#2407=CARTESIAN_POINT('',(-7.3E0,2.E-1,-2.99E0));
#2408=VERTEX_POINT('',#2407);
#2409=CARTESIAN_POINT('',(-6.9E0,2.E-1,-1.59E0));
#2410=VERTEX_POINT('',#2409);
#2411=CARTESIAN_POINT('',(-6.9E0,2.E-1,-3.39E0));
#2412=VERTEX_POINT('',#2411);
#2413=CARTESIAN_POINT('',(-6.9E0,0.E0,3.8E0));
#2414=VERTEX_POINT('',#2413);
#2415=CARTESIAN_POINT('',(-6.9E0,0.E0,-3.8E0));
#2416=VERTEX_POINT('',#2415);
#2417=CARTESIAN_POINT('',(5.9E0,2.E-1,5.E-1));
#2418=CARTESIAN_POINT('',(5.9E0,2.E-1,-5.E-1));
#2419=VERTEX_POINT('',#2417);
#2420=VERTEX_POINT('',#2418);
#2421=CARTESIAN_POINT('',(-5.9E0,2.E-1,-5.E-1));
#2422=CARTESIAN_POINT('',(-5.9E0,2.E-1,5.E-1));
#2423=VERTEX_POINT('',#2421);
#2424=VERTEX_POINT('',#2422);
#2425=CARTESIAN_POINT('',(-6.9E0,2.E-1,-3.8E0));
#2426=VERTEX_POINT('',#2425);
#2427=CARTESIAN_POINT('',(-6.9E0,2.E-1,3.8E0));
#2428=VERTEX_POINT('',#2427);
#2429=CARTESIAN_POINT('',(6.9E0,2.E-1,-3.8E0));
#2430=VERTEX_POINT('',#2429);
#2431=CARTESIAN_POINT('',(6.9E0,2.E-1,3.8E0));
#2432=VERTEX_POINT('',#2431);
#2433=CARTESIAN_POINT('',(-5.9E0,0.E0,5.E-1));
#2434=CARTESIAN_POINT('',(5.9E0,0.E0,5.E-1));
#2435=VERTEX_POINT('',#2433);
#2436=VERTEX_POINT('',#2434);
#2437=CARTESIAN_POINT('',(5.9E0,0.E0,-5.E-1));
#2438=VERTEX_POINT('',#2437);
#2439=CARTESIAN_POINT('',(-5.9E0,0.E0,-5.E-1));
#2440=VERTEX_POINT('',#2439);
#2441=CARTESIAN_POINT('',(5.5E0,2.E-1,5.E-1));
#2442=CARTESIAN_POINT('',(5.5E0,2.E-1,3.8E0));
#2443=VERTEX_POINT('',#2441);
#2444=VERTEX_POINT('',#2442);
#2445=CARTESIAN_POINT('',(5.5E0,2.E-1,-5.E-1));
#2446=VERTEX_POINT('',#2445);
#2447=CARTESIAN_POINT('',(5.5E0,2.E-1,-3.8E0));
#2448=VERTEX_POINT('',#2447);
#2449=CARTESIAN_POINT('',(-5.5E0,2.E-1,5.E-1));
#2450=CARTESIAN_POINT('',(-5.5E0,2.E-1,3.8E0));
#2451=VERTEX_POINT('',#2449);
#2452=VERTEX_POINT('',#2450);
#2453=CARTESIAN_POINT('',(-5.5E0,2.E-1,-5.E-1));
#2454=VERTEX_POINT('',#2453);
#2455=CARTESIAN_POINT('',(-5.5E0,2.E-1,-3.8E0));
#2456=VERTEX_POINT('',#2455);
#2457=CARTESIAN_POINT('',(5.2E0,8.E-1,3.8E0));
#2458=VERTEX_POINT('',#2457);
#2459=CARTESIAN_POINT('',(5.2E0,8.E-1,-3.8E0));
#2460=CARTESIAN_POINT('',(5.5E0,8.E-1,-3.8E0));
#2461=VERTEX_POINT('',#2459);
#2462=VERTEX_POINT('',#2460);
#2463=CARTESIAN_POINT('',(5.5E0,8.E-1,-5.E-1));
#2464=VERTEX_POINT('',#2463);
#2465=CARTESIAN_POINT('',(5.2E0,0.E0,3.8E0));
#2466=VERTEX_POINT('',#2465);
#2467=CARTESIAN_POINT('',(3.2E0,0.E0,3.8E0));
#2468=VERTEX_POINT('',#2467);
#2469=CARTESIAN_POINT('',(3.2E0,0.E0,-3.8E0));
#2470=VERTEX_POINT('',#2469);
#2471=CARTESIAN_POINT('',(5.2E0,0.E0,-3.8E0));
#2472=VERTEX_POINT('',#2471);
#2473=CARTESIAN_POINT('',(3.2E0,8.E-1,-4.8E0));
#2474=CARTESIAN_POINT('',(5.2E0,8.E-1,-4.8E0));
#2475=VERTEX_POINT('',#2473);
#2476=VERTEX_POINT('',#2474);
#2477=CARTESIAN_POINT('',(3.2E0,8.E-1,4.8E0));
#2478=CARTESIAN_POINT('',(5.2E0,8.E-1,4.8E0));
#2479=VERTEX_POINT('',#2477);
#2480=VERTEX_POINT('',#2478);
#2481=CARTESIAN_POINT('',(3.2E0,8.E-1,3.8E0));
#2482=VERTEX_POINT('',#2481);
#2483=CARTESIAN_POINT('',(3.2E0,8.E-1,-3.8E0));
#2484=VERTEX_POINT('',#2483);
#2485=CARTESIAN_POINT('',(1.E0,0.E0,3.8E0));
#2486=VERTEX_POINT('',#2485);
#2487=CARTESIAN_POINT('',(-1.E0,0.E0,3.8E0));
#2488=VERTEX_POINT('',#2487);
#2489=CARTESIAN_POINT('',(-1.E0,0.E0,-3.8E0));
#2490=VERTEX_POINT('',#2489);
#2491=CARTESIAN_POINT('',(1.E0,0.E0,-3.8E0));
#2492=VERTEX_POINT('',#2491);
#2493=CARTESIAN_POINT('',(-1.E0,8.E-1,-4.8E0));
#2494=CARTESIAN_POINT('',(1.E0,8.E-1,-4.8E0));
#2495=VERTEX_POINT('',#2493);
#2496=VERTEX_POINT('',#2494);
#2497=CARTESIAN_POINT('',(-1.E0,8.E-1,4.8E0));
#2498=CARTESIAN_POINT('',(1.E0,8.E-1,4.8E0));
#2499=VERTEX_POINT('',#2497);
#2500=VERTEX_POINT('',#2498);
#2501=CARTESIAN_POINT('',(1.E0,8.E-1,3.8E0));
#2502=VERTEX_POINT('',#2501);
#2503=CARTESIAN_POINT('',(-1.E0,8.E-1,3.8E0));
#2504=VERTEX_POINT('',#2503);
#2505=CARTESIAN_POINT('',(-1.E0,8.E-1,-3.8E0));
#2506=VERTEX_POINT('',#2505);
#2507=CARTESIAN_POINT('',(1.E0,8.E-1,-3.8E0));
#2508=VERTEX_POINT('',#2507);
#2509=CARTESIAN_POINT('',(-5.5E0,8.E-1,-5.E-1));
#2510=CARTESIAN_POINT('',(-5.5E0,8.E-1,-3.8E0));
#2511=VERTEX_POINT('',#2509);
#2512=VERTEX_POINT('',#2510);
#2513=CARTESIAN_POINT('',(-5.2E0,8.E-1,-3.8E0));
#2514=VERTEX_POINT('',#2513);
#2515=CARTESIAN_POINT('',(-3.2E0,0.E0,3.8E0));
#2516=VERTEX_POINT('',#2515);
#2517=CARTESIAN_POINT('',(-5.2E0,0.E0,3.8E0));
#2518=VERTEX_POINT('',#2517);
#2519=CARTESIAN_POINT('',(-5.2E0,0.E0,-3.8E0));
#2520=VERTEX_POINT('',#2519);
#2521=CARTESIAN_POINT('',(-3.2E0,0.E0,-3.8E0));
#2522=VERTEX_POINT('',#2521);
#2523=CARTESIAN_POINT('',(-5.2E0,8.E-1,-4.8E0));
#2524=CARTESIAN_POINT('',(-3.2E0,8.E-1,-4.8E0));
#2525=VERTEX_POINT('',#2523);
#2526=VERTEX_POINT('',#2524);
#2527=CARTESIAN_POINT('',(-5.2E0,8.E-1,4.8E0));
#2528=CARTESIAN_POINT('',(-3.2E0,8.E-1,4.8E0));
#2529=VERTEX_POINT('',#2527);
#2530=VERTEX_POINT('',#2528);
#2531=CARTESIAN_POINT('',(-3.2E0,8.E-1,3.8E0));
#2532=VERTEX_POINT('',#2531);
#2533=CARTESIAN_POINT('',(-3.2E0,8.E-1,-3.8E0));
#2534=VERTEX_POINT('',#2533);
#2535=CARTESIAN_POINT('',(1.8E0,3.7E0,3.8E0));
#2536=CARTESIAN_POINT('',(1.3E0,3.7E0,3.8E0));
#2537=VERTEX_POINT('',#2535);
#2538=VERTEX_POINT('',#2536);
#2539=CARTESIAN_POINT('',(1.8E0,2.7E0,3.8E0));
#2540=VERTEX_POINT('',#2539);
#2541=CARTESIAN_POINT('',(2.4E0,2.7E0,3.8E0));
#2542=VERTEX_POINT('',#2541);
#2543=CARTESIAN_POINT('',(2.4E0,2.7E0,5.E-1));
#2544=CARTESIAN_POINT('',(1.8E0,2.7E0,5.E-1));
#2545=VERTEX_POINT('',#2543);
#2546=VERTEX_POINT('',#2544);
#2547=CARTESIAN_POINT('',(2.9E0,3.7E0,3.8E0));
#2548=VERTEX_POINT('',#2547);
#2549=CARTESIAN_POINT('',(2.9E0,3.7E0,5.E-1));
#2550=VERTEX_POINT('',#2549);
#2551=CARTESIAN_POINT('',(1.3E0,8.E-1,3.8E0));
#2552=VERTEX_POINT('',#2551);
#2553=CARTESIAN_POINT('',(2.9E0,8.E-1,3.8E0));
#2554=VERTEX_POINT('',#2553);
#2555=CARTESIAN_POINT('',(1.3E0,3.7E0,3.5E0));
#2556=VERTEX_POINT('',#2555);
#2557=CARTESIAN_POINT('',(1.8E0,3.7E0,3.E0));
#2558=VERTEX_POINT('',#2557);
#2559=CARTESIAN_POINT('',(2.9E0,8.E-1,5.E-1));
#2560=VERTEX_POINT('',#2559);
#2561=CARTESIAN_POINT('',(1.8E0,3.7E0,5.E-1));
#2562=CARTESIAN_POINT('',(1.3E0,3.7E0,5.E-1));
#2563=VERTEX_POINT('',#2561);
#2564=VERTEX_POINT('',#2562);
#2565=CARTESIAN_POINT('',(1.3E0,8.E-1,5.E-1));
#2566=VERTEX_POINT('',#2565);
#2567=CARTESIAN_POINT('',(2.4E0,2.7E0,-5.E-1));
#2568=CARTESIAN_POINT('',(1.8E0,2.7E0,-5.E-1));
#2569=VERTEX_POINT('',#2567);
#2570=VERTEX_POINT('',#2568);
#2571=CARTESIAN_POINT('',(2.4E0,3.7E0,-5.E-1));
#2572=VERTEX_POINT('',#2571);
#2573=CARTESIAN_POINT('',(2.9E0,3.7E0,-5.E-1));
#2574=VERTEX_POINT('',#2573);
#2575=CARTESIAN_POINT('',(2.4E0,2.7E0,-3.8E0));
#2576=CARTESIAN_POINT('',(1.8E0,2.7E0,-3.8E0));
#2577=VERTEX_POINT('',#2575);
#2578=VERTEX_POINT('',#2576);
#2579=CARTESIAN_POINT('',(2.9E0,3.7E0,-7.E-1));
#2580=CARTESIAN_POINT('',(2.9E0,3.7E0,-3.8E0));
#2581=VERTEX_POINT('',#2579);
#2582=VERTEX_POINT('',#2580);
#2583=CARTESIAN_POINT('',(1.3E0,3.7E0,-5.E-1));
#2584=VERTEX_POINT('',#2583);
#2585=CARTESIAN_POINT('',(1.3E0,3.7E0,-3.8E0));
#2586=VERTEX_POINT('',#2585);
#2587=CARTESIAN_POINT('',(1.3E0,8.E-1,-5.E-1));
#2588=VERTEX_POINT('',#2587);
#2589=CARTESIAN_POINT('',(2.9E0,8.E-1,-5.E-1));
#2590=VERTEX_POINT('',#2589);
#2591=CARTESIAN_POINT('',(2.4E0,3.7E0,-1.2E0));
#2592=VERTEX_POINT('',#2591);
#2593=CARTESIAN_POINT('',(2.4E0,3.7E0,-3.8E0));
#2594=VERTEX_POINT('',#2593);
#2595=CARTESIAN_POINT('',(2.9E0,8.E-1,-3.8E0));
#2596=VERTEX_POINT('',#2595);
#2597=CARTESIAN_POINT('',(1.3E0,8.E-1,-3.8E0));
#2598=VERTEX_POINT('',#2597);
#2599=CARTESIAN_POINT('',(-2.9E0,3.7E0,3.8E0));
#2600=CARTESIAN_POINT('',(-2.4E0,3.7E0,3.8E0));
#2601=VERTEX_POINT('',#2599);
#2602=VERTEX_POINT('',#2600);
#2603=CARTESIAN_POINT('',(-2.4E0,2.7E0,3.8E0));
#2604=VERTEX_POINT('',#2603);
#2605=CARTESIAN_POINT('',(-1.8E0,2.7E0,3.8E0));
#2606=VERTEX_POINT('',#2605);
#2607=CARTESIAN_POINT('',(-1.8E0,3.7E0,3.8E0));
#2608=VERTEX_POINT('',#2607);
#2609=CARTESIAN_POINT('',(-1.3E0,3.7E0,3.8E0));
#2610=VERTEX_POINT('',#2609);
#2611=CARTESIAN_POINT('',(-2.4E0,2.7E0,5.E-1));
#2612=CARTESIAN_POINT('',(-1.8E0,2.7E0,5.E-1));
#2613=VERTEX_POINT('',#2611);
#2614=VERTEX_POINT('',#2612);
#2615=CARTESIAN_POINT('',(-2.9E0,3.7E0,5.E-1));
#2616=CARTESIAN_POINT('',(-2.4E0,3.7E0,5.E-1));
#2617=VERTEX_POINT('',#2615);
#2618=VERTEX_POINT('',#2616);
#2619=CARTESIAN_POINT('',(-1.8E0,3.7E0,5.E-1));
#2620=CARTESIAN_POINT('',(-1.3E0,3.7E0,5.E-1));
#2621=VERTEX_POINT('',#2619);
#2622=VERTEX_POINT('',#2620);
#2623=CARTESIAN_POINT('',(-2.9E0,3.7E0,3.5E0));
#2624=VERTEX_POINT('',#2623);
#2625=CARTESIAN_POINT('',(-1.3E0,3.7E0,3.5E0));
#2626=VERTEX_POINT('',#2625);
#2627=CARTESIAN_POINT('',(-1.8E0,3.7E0,3.E0));
#2628=VERTEX_POINT('',#2627);
#2629=CARTESIAN_POINT('',(-2.4E0,3.7E0,3.E0));
#2630=VERTEX_POINT('',#2629);
#2631=CARTESIAN_POINT('',(-1.3E0,8.E-1,3.8E0));
#2632=CARTESIAN_POINT('',(-1.3E0,8.E-1,5.E-1));
#2633=VERTEX_POINT('',#2631);
#2634=VERTEX_POINT('',#2632);
#2635=CARTESIAN_POINT('',(-2.9E0,8.E-1,3.8E0));
#2636=CARTESIAN_POINT('',(-2.9E0,8.E-1,5.E-1));
#2637=VERTEX_POINT('',#2635);
#2638=VERTEX_POINT('',#2636);
#2639=CARTESIAN_POINT('',(-2.4E0,2.7E0,-5.E-1));
#2640=CARTESIAN_POINT('',(-1.8E0,2.7E0,-5.E-1));
#2641=VERTEX_POINT('',#2639);
#2642=VERTEX_POINT('',#2640);
#2643=CARTESIAN_POINT('',(-2.4E0,2.7E0,-3.8E0));
#2644=CARTESIAN_POINT('',(-1.8E0,2.7E0,-3.8E0));
#2645=VERTEX_POINT('',#2643);
#2646=VERTEX_POINT('',#2644);
#2647=CARTESIAN_POINT('',(-2.9E0,3.7E0,-5.E-1));
#2648=CARTESIAN_POINT('',(-2.4E0,3.7E0,-5.E-1));
#2649=VERTEX_POINT('',#2647);
#2650=VERTEX_POINT('',#2648);
#2651=CARTESIAN_POINT('',(-1.8E0,3.7E0,-5.E-1));
#2652=CARTESIAN_POINT('',(-1.3E0,3.7E0,-5.E-1));
#2653=VERTEX_POINT('',#2651);
#2654=VERTEX_POINT('',#2652);
#2655=CARTESIAN_POINT('',(-2.9E0,3.7E0,-3.8E0));
#2656=CARTESIAN_POINT('',(-2.4E0,3.7E0,-3.8E0));
#2657=VERTEX_POINT('',#2655);
#2658=VERTEX_POINT('',#2656);
#2659=CARTESIAN_POINT('',(-1.8E0,3.7E0,-3.8E0));
#2660=CARTESIAN_POINT('',(-1.3E0,3.7E0,-3.8E0));
#2661=VERTEX_POINT('',#2659);
#2662=VERTEX_POINT('',#2660);
#2663=CARTESIAN_POINT('',(-1.3E0,8.E-1,-3.8E0));
#2664=VERTEX_POINT('',#2663);
#2665=CARTESIAN_POINT('',(-1.3E0,8.E-1,-5.E-1));
#2666=VERTEX_POINT('',#2665);
#2667=CARTESIAN_POINT('',(-2.9E0,8.E-1,-5.E-1));
#2668=VERTEX_POINT('',#2667);
#2669=CARTESIAN_POINT('',(-2.9E0,8.E-1,-3.8E0));
#2670=VERTEX_POINT('',#2669);
#2671=CARTESIAN_POINT('',(4.77E0,9.2E0,-1.71E0));
#2672=CARTESIAN_POINT('',(4.77E0,9.2E0,-2.85E0));
#2673=VERTEX_POINT('',#2671);
#2674=VERTEX_POINT('',#2672);
#2675=CARTESIAN_POINT('',(4.77E0,4.3E0,-2.85E0));
#2676=VERTEX_POINT('',#2675);
#2677=CARTESIAN_POINT('',(4.77E0,-3.5E0,-3.25E0));
#2678=CARTESIAN_POINT('',(4.77E0,-3.5E0,-3.1E0));
#2679=VERTEX_POINT('',#2677);
#2680=VERTEX_POINT('',#2678);
#2681=CARTESIAN_POINT('',(4.77E0,-2.23E0,-2.65E0));
#2682=VERTEX_POINT('',#2681);
#2683=CARTESIAN_POINT('',(3.63E0,9.2E0,-1.71E0));
#2684=CARTESIAN_POINT('',(3.63E0,9.2E0,-2.85E0));
#2685=VERTEX_POINT('',#2683);
#2686=VERTEX_POINT('',#2684);
#2687=CARTESIAN_POINT('',(3.63E0,4.3E0,-2.85E0));
#2688=VERTEX_POINT('',#2687);
#2689=CARTESIAN_POINT('',(3.63E0,-3.5E0,-3.25E0));
#2690=CARTESIAN_POINT('',(3.63E0,-3.5E0,-3.1E0));
#2691=VERTEX_POINT('',#2689);
#2692=VERTEX_POINT('',#2690);
#2693=CARTESIAN_POINT('',(3.63E0,-2.23E0,-2.65E0));
#2694=VERTEX_POINT('',#2693);
#2695=CARTESIAN_POINT('',(4.77E0,8.E-1,-3.25E0));
#2696=CARTESIAN_POINT('',(4.77E0,8.E-1,-2.65E0));
#2697=VERTEX_POINT('',#2695);
#2698=VERTEX_POINT('',#2696);
#2699=CARTESIAN_POINT('',(3.63E0,8.E-1,-3.25E0));
#2700=CARTESIAN_POINT('',(3.63E0,8.E-1,-2.65E0));
#2701=VERTEX_POINT('',#2699);
#2702=VERTEX_POINT('',#2700);
#2703=CARTESIAN_POINT('',(5.7E-1,-2.23E0,2.25E0));
#2704=CARTESIAN_POINT('',(5.7E-1,-3.5E0,2.7E0));
#2705=VERTEX_POINT('',#2703);
#2706=VERTEX_POINT('',#2704);
#2707=CARTESIAN_POINT('',(5.7E-1,-3.5E0,2.85E0));
#2708=VERTEX_POINT('',#2707);
#2709=CARTESIAN_POINT('',(5.7E-1,4.3E0,2.45E0));
#2710=CARTESIAN_POINT('',(5.7E-1,9.2E0,2.45E0));
#2711=VERTEX_POINT('',#2709);
#2712=VERTEX_POINT('',#2710);
#2713=CARTESIAN_POINT('',(5.7E-1,9.2E0,1.31E0));
#2714=VERTEX_POINT('',#2713);
#2715=CARTESIAN_POINT('',(5.7E-1,9.2E0,-1.71E0));
#2716=CARTESIAN_POINT('',(5.7E-1,9.2E0,-2.85E0));
#2717=VERTEX_POINT('',#2715);
#2718=VERTEX_POINT('',#2716);
#2719=CARTESIAN_POINT('',(5.7E-1,4.3E0,-2.85E0));
#2720=VERTEX_POINT('',#2719);
#2721=CARTESIAN_POINT('',(5.7E-1,-3.5E0,-3.25E0));
#2722=CARTESIAN_POINT('',(5.7E-1,-3.5E0,-3.1E0));
#2723=VERTEX_POINT('',#2721);
#2724=VERTEX_POINT('',#2722);
#2725=CARTESIAN_POINT('',(5.7E-1,-2.23E0,-2.65E0));
#2726=VERTEX_POINT('',#2725);
#2727=CARTESIAN_POINT('',(-5.7E-1,-2.23E0,2.25E0));
#2728=CARTESIAN_POINT('',(-5.7E-1,-3.5E0,2.7E0));
#2729=VERTEX_POINT('',#2727);
#2730=VERTEX_POINT('',#2728);
#2731=CARTESIAN_POINT('',(-5.7E-1,-3.5E0,2.85E0));
#2732=VERTEX_POINT('',#2731);
#2733=CARTESIAN_POINT('',(-5.7E-1,4.3E0,2.45E0));
#2734=CARTESIAN_POINT('',(-5.7E-1,9.2E0,2.45E0));
#2735=VERTEX_POINT('',#2733);
#2736=VERTEX_POINT('',#2734);
#2737=CARTESIAN_POINT('',(-5.7E-1,9.2E0,1.31E0));
#2738=VERTEX_POINT('',#2737);
#2739=CARTESIAN_POINT('',(-5.7E-1,9.2E0,-1.71E0));
#2740=CARTESIAN_POINT('',(-5.7E-1,9.2E0,-2.85E0));
#2741=VERTEX_POINT('',#2739);
#2742=VERTEX_POINT('',#2740);
#2743=CARTESIAN_POINT('',(-5.7E-1,4.3E0,-2.85E0));
#2744=VERTEX_POINT('',#2743);
#2745=CARTESIAN_POINT('',(-5.7E-1,-3.5E0,-3.25E0));
#2746=CARTESIAN_POINT('',(-5.7E-1,-3.5E0,-3.1E0));
#2747=VERTEX_POINT('',#2745);
#2748=VERTEX_POINT('',#2746);
#2749=CARTESIAN_POINT('',(-5.7E-1,-2.23E0,-2.65E0));
#2750=VERTEX_POINT('',#2749);
#2751=CARTESIAN_POINT('',(5.7E-1,3.7E0,-1.71E0));
#2752=CARTESIAN_POINT('',(5.7E-1,3.7E0,-3.25E0));
#2753=VERTEX_POINT('',#2751);
#2754=VERTEX_POINT('',#2752);
#2755=CARTESIAN_POINT('',(5.7E-1,3.7E0,2.85E0));
#2756=CARTESIAN_POINT('',(5.7E-1,3.7E0,1.31E0));
#2757=VERTEX_POINT('',#2755);
#2758=VERTEX_POINT('',#2756);
#2759=CARTESIAN_POINT('',(-5.7E-1,3.7E0,-3.25E0));
#2760=CARTESIAN_POINT('',(-5.7E-1,3.7E0,-1.71E0));
#2761=VERTEX_POINT('',#2759);
#2762=VERTEX_POINT('',#2760);
#2763=CARTESIAN_POINT('',(-5.7E-1,3.7E0,1.31E0));
#2764=CARTESIAN_POINT('',(-5.7E-1,3.7E0,2.85E0));
#2765=VERTEX_POINT('',#2763);
#2766=VERTEX_POINT('',#2764);
#2767=CARTESIAN_POINT('',(5.7E-1,8.E-1,-3.25E0));
#2768=CARTESIAN_POINT('',(5.7E-1,8.E-1,-2.65E0));
#2769=VERTEX_POINT('',#2767);
#2770=VERTEX_POINT('',#2768);
#2771=CARTESIAN_POINT('',(5.7E-1,8.E-1,2.25E0));
#2772=CARTESIAN_POINT('',(5.7E-1,8.E-1,2.85E0));
#2773=VERTEX_POINT('',#2771);
#2774=VERTEX_POINT('',#2772);
#2775=CARTESIAN_POINT('',(-5.7E-1,8.E-1,-3.25E0));
#2776=CARTESIAN_POINT('',(-5.7E-1,8.E-1,-2.65E0));
#2777=VERTEX_POINT('',#2775);
#2778=VERTEX_POINT('',#2776);
#2779=CARTESIAN_POINT('',(-5.7E-1,8.E-1,2.25E0));
#2780=CARTESIAN_POINT('',(-5.7E-1,8.E-1,2.85E0));
#2781=VERTEX_POINT('',#2779);
#2782=VERTEX_POINT('',#2780);
#2783=CARTESIAN_POINT('',(-3.63E0,-2.23E0,2.25E0));
#2784=CARTESIAN_POINT('',(-3.63E0,-3.5E0,2.7E0));
#2785=VERTEX_POINT('',#2783);
#2786=VERTEX_POINT('',#2784);
#2787=CARTESIAN_POINT('',(-3.63E0,-3.5E0,2.85E0));
#2788=VERTEX_POINT('',#2787);
#2789=CARTESIAN_POINT('',(-3.63E0,4.3E0,2.45E0));
#2790=CARTESIAN_POINT('',(-3.63E0,9.2E0,2.45E0));
#2791=VERTEX_POINT('',#2789);
#2792=VERTEX_POINT('',#2790);
#2793=CARTESIAN_POINT('',(-3.63E0,9.2E0,1.31E0));
#2794=VERTEX_POINT('',#2793);
#2795=CARTESIAN_POINT('',(-3.63E0,9.2E0,-1.71E0));
#2796=CARTESIAN_POINT('',(-3.63E0,9.2E0,-2.85E0));
#2797=VERTEX_POINT('',#2795);
#2798=VERTEX_POINT('',#2796);
#2799=CARTESIAN_POINT('',(-3.63E0,4.3E0,-2.85E0));
#2800=VERTEX_POINT('',#2799);
#2801=CARTESIAN_POINT('',(-3.63E0,-3.5E0,-3.25E0));
#2802=CARTESIAN_POINT('',(-3.63E0,-3.5E0,-3.1E0));
#2803=VERTEX_POINT('',#2801);
#2804=VERTEX_POINT('',#2802);
#2805=CARTESIAN_POINT('',(-3.63E0,-2.23E0,-2.65E0));
#2806=VERTEX_POINT('',#2805);
#2807=CARTESIAN_POINT('',(-4.77E0,-2.23E0,2.25E0));
#2808=CARTESIAN_POINT('',(-4.77E0,-3.5E0,2.7E0));
#2809=VERTEX_POINT('',#2807);
#2810=VERTEX_POINT('',#2808);
#2811=CARTESIAN_POINT('',(-4.77E0,-3.5E0,2.85E0));
#2812=VERTEX_POINT('',#2811);
#2813=CARTESIAN_POINT('',(-4.77E0,4.3E0,2.45E0));
#2814=CARTESIAN_POINT('',(-4.77E0,9.2E0,2.45E0));
#2815=VERTEX_POINT('',#2813);
#2816=VERTEX_POINT('',#2814);
#2817=CARTESIAN_POINT('',(-4.77E0,9.2E0,1.31E0));
#2818=VERTEX_POINT('',#2817);
#2819=CARTESIAN_POINT('',(-4.77E0,9.2E0,-1.71E0));
#2820=CARTESIAN_POINT('',(-4.77E0,9.2E0,-2.85E0));
#2821=VERTEX_POINT('',#2819);
#2822=VERTEX_POINT('',#2820);
#2823=CARTESIAN_POINT('',(-4.77E0,4.3E0,-2.85E0));
#2824=VERTEX_POINT('',#2823);
#2825=CARTESIAN_POINT('',(-4.77E0,-3.5E0,-3.25E0));
#2826=CARTESIAN_POINT('',(-4.77E0,-3.5E0,-3.1E0));
#2827=VERTEX_POINT('',#2825);
#2828=VERTEX_POINT('',#2826);
#2829=CARTESIAN_POINT('',(-4.77E0,-2.23E0,-2.65E0));
#2830=VERTEX_POINT('',#2829);
#2831=CARTESIAN_POINT('',(-3.63E0,3.7E0,-1.71E0));
#2832=CARTESIAN_POINT('',(-3.63E0,3.7E0,-3.25E0));
#2833=VERTEX_POINT('',#2831);
#2834=VERTEX_POINT('',#2832);
#2835=CARTESIAN_POINT('',(-3.63E0,3.7E0,2.85E0));
#2836=CARTESIAN_POINT('',(-3.63E0,3.7E0,1.31E0));
#2837=VERTEX_POINT('',#2835);
#2838=VERTEX_POINT('',#2836);
#2839=CARTESIAN_POINT('',(-4.77E0,3.7E0,-3.25E0));
#2840=CARTESIAN_POINT('',(-4.77E0,3.7E0,-1.71E0));
#2841=VERTEX_POINT('',#2839);
#2842=VERTEX_POINT('',#2840);
#2843=CARTESIAN_POINT('',(-4.77E0,3.7E0,1.31E0));
#2844=CARTESIAN_POINT('',(-4.77E0,3.7E0,2.85E0));
#2845=VERTEX_POINT('',#2843);
#2846=VERTEX_POINT('',#2844);
#2847=CARTESIAN_POINT('',(-3.63E0,8.E-1,-3.25E0));
#2848=CARTESIAN_POINT('',(-3.63E0,8.E-1,-2.65E0));
#2849=VERTEX_POINT('',#2847);
#2850=VERTEX_POINT('',#2848);
#2851=CARTESIAN_POINT('',(-3.63E0,8.E-1,2.25E0));
#2852=CARTESIAN_POINT('',(-3.63E0,8.E-1,2.85E0));
#2853=VERTEX_POINT('',#2851);
#2854=VERTEX_POINT('',#2852);
#2855=CARTESIAN_POINT('',(-4.77E0,8.E-1,-3.25E0));
#2856=CARTESIAN_POINT('',(-4.77E0,8.E-1,-2.65E0));
#2857=VERTEX_POINT('',#2855);
#2858=VERTEX_POINT('',#2856);
#2859=CARTESIAN_POINT('',(-4.77E0,8.E-1,2.25E0));
#2860=CARTESIAN_POINT('',(-4.77E0,8.E-1,2.85E0));
#2861=VERTEX_POINT('',#2859);
#2862=VERTEX_POINT('',#2860);
#2863=CARTESIAN_POINT('',(-6.9E0,0.E0,0.E0));
#2864=DIRECTION('',(1.E0,0.E0,0.E0));
#2865=DIRECTION('',(0.E0,0.E0,-1.E0));
#2866=AXIS2_PLACEMENT_3D('',#2863,#2864,#2865);
#2867=PLANE('',#2866);
#2869=ORIENTED_EDGE('',*,*,#2868,.T.);
#2871=ORIENTED_EDGE('',*,*,#2870,.T.);
#2873=ORIENTED_EDGE('',*,*,#2872,.T.);
#2875=ORIENTED_EDGE('',*,*,#2874,.T.);
#2877=ORIENTED_EDGE('',*,*,#2876,.T.);
#2879=ORIENTED_EDGE('',*,*,#2878,.F.);
#2880=EDGE_LOOP('',(#2869,#2871,#2873,#2875,#2877,#2879));
#2881=FACE_OUTER_BOUND('',#2880,.F.);
#2882=ADVANCED_FACE('',(#2881),#2867,.F.);
#2883=CARTESIAN_POINT('',(-6.9E0,0.E0,0.E0));
#2884=DIRECTION('',(1.E0,0.E0,0.E0));
#2885=DIRECTION('',(0.E0,0.E0,-1.E0));
#2886=AXIS2_PLACEMENT_3D('',#2883,#2884,#2885);
#2887=PLANE('',#2886);
#2889=ORIENTED_EDGE('',*,*,#2888,.F.);
#2891=ORIENTED_EDGE('',*,*,#2890,.F.);
#2893=ORIENTED_EDGE('',*,*,#2892,.F.);
#2895=ORIENTED_EDGE('',*,*,#2894,.T.);
#2897=ORIENTED_EDGE('',*,*,#2896,.T.);
#2899=ORIENTED_EDGE('',*,*,#2898,.T.);
#2900=EDGE_LOOP('',(#2889,#2891,#2893,#2895,#2897,#2899));
#2901=FACE_OUTER_BOUND('',#2900,.F.);
#2902=ADVANCED_FACE('',(#2901),#2887,.F.);
#2903=CARTESIAN_POINT('',(-6.9E0,1.28E1,-1.59E0));
#2904=DIRECTION('',(-7.071067811865E-1,0.E0,7.071067811865E-1));
#2905=DIRECTION('',(-7.071067811865E-1,0.E0,-7.071067811865E-1));
#2906=AXIS2_PLACEMENT_3D('',#2903,#2904,#2905);
#2907=PLANE('',#2906);
#2909=ORIENTED_EDGE('',*,*,#2908,.F.);
#2911=ORIENTED_EDGE('',*,*,#2910,.F.);
#2912=ORIENTED_EDGE('',*,*,#2868,.F.);
#2914=ORIENTED_EDGE('',*,*,#2913,.T.);
#2915=EDGE_LOOP('',(#2909,#2911,#2912,#2914));
#2916=FACE_OUTER_BOUND('',#2915,.F.);
#2917=ADVANCED_FACE('',(#2916),#2907,.T.);
#2918=CARTESIAN_POINT('',(-7.3E0,1.28E1,-1.99E0));
#2919=DIRECTION('',(-1.E0,0.E0,0.E0));
#2920=DIRECTION('',(0.E0,0.E0,-1.E0));
#2921=AXIS2_PLACEMENT_3D('',#2918,#2919,#2920);
#2922=PLANE('',#2921);
#2923=ORIENTED_EDGE('',*,*,#2908,.T.);
#2925=ORIENTED_EDGE('',*,*,#2924,.T.);
#2927=ORIENTED_EDGE('',*,*,#2926,.F.);
#2929=ORIENTED_EDGE('',*,*,#2928,.F.);
#2930=EDGE_LOOP('',(#2923,#2925,#2927,#2929));
#2931=FACE_OUTER_BOUND('',#2930,.F.);
#2932=ADVANCED_FACE('',(#2931),#2922,.T.);
#2933=CARTESIAN_POINT('',(-6.9E0,2.E-1,0.E0));
#2934=DIRECTION('',(0.E0,-1.E0,0.E0));
#2935=DIRECTION('',(1.E0,0.E0,0.E0));
#2936=AXIS2_PLACEMENT_3D('',#2933,#2934,#2935);
#2937=PLANE('',#2936);
#2939=ORIENTED_EDGE('',*,*,#2938,.T.);
#2941=ORIENTED_EDGE('',*,*,#2940,.F.);
#2943=ORIENTED_EDGE('',*,*,#2942,.F.);
#2945=ORIENTED_EDGE('',*,*,#2944,.F.);
#2947=ORIENTED_EDGE('',*,*,#2946,.F.);
#2949=ORIENTED_EDGE('',*,*,#2948,.F.);
#2951=ORIENTED_EDGE('',*,*,#2950,.T.);
#2953=ORIENTED_EDGE('',*,*,#2952,.F.);
#2955=ORIENTED_EDGE('',*,*,#2954,.F.);
#2957=ORIENTED_EDGE('',*,*,#2956,.F.);
#2958=EDGE_LOOP('',(#2939,#2941,#2943,#2945,#2947,#2949,#2951,#2953,#2955,
#2957));
#2959=FACE_OUTER_BOUND('',#2958,.F.);
#2960=ADVANCED_FACE('',(#2959),#2937,.T.);
#2961=CARTESIAN_POINT('',(-6.9E0,2.E-1,0.E0));
#2962=DIRECTION('',(0.E0,-1.E0,0.E0));
#2963=DIRECTION('',(1.E0,0.E0,0.E0));
#2964=AXIS2_PLACEMENT_3D('',#2961,#2962,#2963);
#2965=PLANE('',#2964);
#2967=ORIENTED_EDGE('',*,*,#2966,.F.);
#2969=ORIENTED_EDGE('',*,*,#2968,.F.);
#2971=ORIENTED_EDGE('',*,*,#2970,.F.);
#2973=ORIENTED_EDGE('',*,*,#2972,.F.);
#2975=ORIENTED_EDGE('',*,*,#2974,.F.);
#2977=ORIENTED_EDGE('',*,*,#2976,.F.);
#2978=ORIENTED_EDGE('',*,*,#2890,.T.);
#2980=ORIENTED_EDGE('',*,*,#2979,.F.);
#2981=ORIENTED_EDGE('',*,*,#2924,.F.);
#2982=ORIENTED_EDGE('',*,*,#2913,.F.);
#2983=ORIENTED_EDGE('',*,*,#2878,.T.);
#2985=ORIENTED_EDGE('',*,*,#2984,.F.);
#2986=EDGE_LOOP('',(#2967,#2969,#2971,#2973,#2975,#2977,#2978,#2980,#2981,#2982,
#2983,#2985));
#2987=FACE_OUTER_BOUND('',#2986,.F.);
#2988=ADVANCED_FACE('',(#2987),#2965,.T.);
#2989=CARTESIAN_POINT('',(5.5E0,0.E0,5.E-1));
#2990=DIRECTION('',(1.E0,0.E0,0.E0));
#2991=DIRECTION('',(0.E0,0.E0,1.E0));
#2992=AXIS2_PLACEMENT_3D('',#2989,#2990,#2991);
#2993=PLANE('',#2992);
#2994=ORIENTED_EDGE('',*,*,#2938,.F.);
#2996=ORIENTED_EDGE('',*,*,#2995,.T.);
#2998=ORIENTED_EDGE('',*,*,#2997,.T.);
#3000=ORIENTED_EDGE('',*,*,#2999,.F.);
#3001=EDGE_LOOP('',(#2994,#2996,#2998,#3000));
#3002=FACE_OUTER_BOUND('',#3001,.F.);
#3003=ADVANCED_FACE('',(#3002),#2993,.F.);
#3004=CARTESIAN_POINT('',(3.2E0,0.E0,5.E-1));
#3005=DIRECTION('',(0.E0,0.E0,-1.E0));
#3006=DIRECTION('',(1.E0,0.E0,0.E0));
#3007=AXIS2_PLACEMENT_3D('',#3004,#3005,#3006);
#3008=PLANE('',#3007);
#3010=ORIENTED_EDGE('',*,*,#3009,.T.);
#3012=ORIENTED_EDGE('',*,*,#3011,.T.);
#3014=ORIENTED_EDGE('',*,*,#3013,.T.);
#3016=ORIENTED_EDGE('',*,*,#3015,.T.);
#3018=ORIENTED_EDGE('',*,*,#3017,.T.);
#3020=ORIENTED_EDGE('',*,*,#3019,.T.);
#3022=ORIENTED_EDGE('',*,*,#3021,.T.);
#3024=ORIENTED_EDGE('',*,*,#3023,.T.);
#3026=ORIENTED_EDGE('',*,*,#3025,.T.);
#3028=ORIENTED_EDGE('',*,*,#3027,.T.);
#3030=ORIENTED_EDGE('',*,*,#3029,.F.);
#3032=ORIENTED_EDGE('',*,*,#3031,.T.);
#3034=ORIENTED_EDGE('',*,*,#3033,.F.);
#3036=ORIENTED_EDGE('',*,*,#3035,.T.);
#3038=ORIENTED_EDGE('',*,*,#3037,.T.);
#3040=ORIENTED_EDGE('',*,*,#3039,.T.);
#3042=ORIENTED_EDGE('',*,*,#3041,.T.);
#3043=ORIENTED_EDGE('',*,*,#2995,.F.);
#3044=ORIENTED_EDGE('',*,*,#2956,.T.);
#3046=ORIENTED_EDGE('',*,*,#3045,.F.);
#3048=ORIENTED_EDGE('',*,*,#3047,.F.);
#3050=ORIENTED_EDGE('',*,*,#3049,.T.);
#3051=ORIENTED_EDGE('',*,*,#2968,.T.);
#3053=ORIENTED_EDGE('',*,*,#3052,.T.);
#3054=EDGE_LOOP('',(#3010,#3012,#3014,#3016,#3018,#3020,#3022,#3024,#3026,#3028,
#3030,#3032,#3034,#3036,#3038,#3040,#3042,#3043,#3044,#3046,#3048,#3050,#3051,
#3053));
#3055=FACE_OUTER_BOUND('',#3054,.F.);
#3056=ADVANCED_FACE('',(#3055),#3008,.F.);
#3057=CARTESIAN_POINT('',(-6.9E0,8.E-1,4.8E0));
#3058=DIRECTION('',(0.E0,-1.E0,0.E0));
#3059=DIRECTION('',(1.E0,0.E0,0.E0));
#3060=AXIS2_PLACEMENT_3D('',#3057,#3058,#3059);
#3061=PLANE('',#3060);
#3062=ORIENTED_EDGE('',*,*,#3009,.F.);
#3064=ORIENTED_EDGE('',*,*,#3063,.F.);
#3066=ORIENTED_EDGE('',*,*,#3065,.F.);
#3068=ORIENTED_EDGE('',*,*,#3067,.F.);
#3070=ORIENTED_EDGE('',*,*,#3069,.T.);
#3072=ORIENTED_EDGE('',*,*,#3071,.F.);
#3074=ORIENTED_EDGE('',*,*,#3073,.F.);
#3076=ORIENTED_EDGE('',*,*,#3075,.T.);
#3077=EDGE_LOOP('',(#3062,#3064,#3066,#3068,#3070,#3072,#3074,#3076));
#3078=FACE_OUTER_BOUND('',#3077,.F.);
#3080=ORIENTED_EDGE('',*,*,#3079,.T.);
#3082=ORIENTED_EDGE('',*,*,#3081,.T.);
#3084=ORIENTED_EDGE('',*,*,#3083,.F.);
#3086=ORIENTED_EDGE('',*,*,#3085,.F.);
#3087=EDGE_LOOP('',(#3080,#3082,#3084,#3086));
#3088=FACE_BOUND('',#3087,.F.);
#3089=ADVANCED_FACE('',(#3078,#3088),#3061,.T.);
#3090=CARTESIAN_POINT('',(-6.9E0,8.E-1,4.8E0));
#3091=DIRECTION('',(0.E0,-1.E0,0.E0));
#3092=DIRECTION('',(1.E0,0.E0,0.E0));
#3093=AXIS2_PLACEMENT_3D('',#3090,#3091,#3092);
#3094=PLANE('',#3093);
#3096=ORIENTED_EDGE('',*,*,#3095,.F.);
#3098=ORIENTED_EDGE('',*,*,#3097,.F.);
#3100=ORIENTED_EDGE('',*,*,#3099,.F.);
#3102=ORIENTED_EDGE('',*,*,#3101,.F.);
#3104=ORIENTED_EDGE('',*,*,#3103,.F.);
#3106=ORIENTED_EDGE('',*,*,#3105,.F.);
#3108=ORIENTED_EDGE('',*,*,#3107,.F.);
#3110=ORIENTED_EDGE('',*,*,#3109,.T.);
#3111=EDGE_LOOP('',(#3096,#3098,#3100,#3102,#3104,#3106,#3108,#3110));
#3112=FACE_OUTER_BOUND('',#3111,.F.);
#3114=ORIENTED_EDGE('',*,*,#3113,.T.);
#3116=ORIENTED_EDGE('',*,*,#3115,.T.);
#3118=ORIENTED_EDGE('',*,*,#3117,.F.);
#3120=ORIENTED_EDGE('',*,*,#3119,.F.);
#3121=EDGE_LOOP('',(#3114,#3116,#3118,#3120));
#3122=FACE_BOUND('',#3121,.F.);
#3123=ADVANCED_FACE('',(#3112,#3122),#3094,.T.);
#3124=CARTESIAN_POINT('',(-5.5E0,0.E0,3.8E0));
#3125=DIRECTION('',(-1.E0,0.E0,0.E0));
#3126=DIRECTION('',(0.E0,0.E0,-1.E0));
#3127=AXIS2_PLACEMENT_3D('',#3124,#3125,#3126);
#3128=PLANE('',#3127);
#3129=ORIENTED_EDGE('',*,*,#2966,.T.);
#3131=ORIENTED_EDGE('',*,*,#3130,.T.);
#3132=ORIENTED_EDGE('',*,*,#3063,.T.);
#3133=ORIENTED_EDGE('',*,*,#3052,.F.);
#3134=EDGE_LOOP('',(#3129,#3131,#3132,#3133));
#3135=FACE_OUTER_BOUND('',#3134,.F.);
#3136=ADVANCED_FACE('',(#3135),#3128,.F.);
#3137=CARTESIAN_POINT('',(3.2E0,0.E0,3.8E0));
#3138=DIRECTION('',(0.E0,0.E0,-1.E0));
#3139=DIRECTION('',(1.E0,0.E0,0.E0));
#3140=AXIS2_PLACEMENT_3D('',#3137,#3138,#3139);
#3141=PLANE('',#3140);
#3143=ORIENTED_EDGE('',*,*,#3142,.T.);
#3144=ORIENTED_EDGE('',*,*,#3065,.T.);
#3145=ORIENTED_EDGE('',*,*,#3130,.F.);
#3146=ORIENTED_EDGE('',*,*,#2984,.T.);
#3147=ORIENTED_EDGE('',*,*,#2876,.F.);
#3149=ORIENTED_EDGE('',*,*,#3148,.T.);
#3150=EDGE_LOOP('',(#3143,#3144,#3145,#3146,#3147,#3149));
#3151=FACE_OUTER_BOUND('',#3150,.F.);
#3152=ADVANCED_FACE('',(#3151),#3141,.T.);
#3153=CARTESIAN_POINT('',(3.2E0,0.E0,3.8E0));
#3154=DIRECTION('',(0.E0,0.E0,-1.E0));
#3155=DIRECTION('',(1.E0,0.E0,0.E0));
#3156=AXIS2_PLACEMENT_3D('',#3153,#3154,#3155);
#3157=PLANE('',#3156);
#3158=ORIENTED_EDGE('',*,*,#2940,.T.);
#3159=ORIENTED_EDGE('',*,*,#2999,.T.);
#3161=ORIENTED_EDGE('',*,*,#3160,.T.);
#3163=ORIENTED_EDGE('',*,*,#3162,.T.);
#3165=ORIENTED_EDGE('',*,*,#3164,.T.);
#3167=ORIENTED_EDGE('',*,*,#3166,.T.);
#3168=EDGE_LOOP('',(#3158,#3159,#3161,#3163,#3165,#3167));
#3169=FACE_OUTER_BOUND('',#3168,.F.);
#3170=ADVANCED_FACE('',(#3169),#3157,.T.);
#3171=CARTESIAN_POINT('',(3.2E0,0.E0,3.8E0));
#3172=DIRECTION('',(0.E0,0.E0,-1.E0));
#3173=DIRECTION('',(1.E0,0.E0,0.E0));
#3174=AXIS2_PLACEMENT_3D('',#3171,#3172,#3173);
#3175=PLANE('',#3174);
#3177=ORIENTED_EDGE('',*,*,#3176,.T.);
#3179=ORIENTED_EDGE('',*,*,#3178,.T.);
#3181=ORIENTED_EDGE('',*,*,#3180,.T.);
#3183=ORIENTED_EDGE('',*,*,#3182,.T.);
#3185=ORIENTED_EDGE('',*,*,#3184,.T.);
#3187=ORIENTED_EDGE('',*,*,#3186,.T.);
#3189=ORIENTED_EDGE('',*,*,#3188,.T.);
#3191=ORIENTED_EDGE('',*,*,#3190,.T.);
#3193=ORIENTED_EDGE('',*,*,#3192,.T.);
#3195=ORIENTED_EDGE('',*,*,#3194,.T.);
#3197=ORIENTED_EDGE('',*,*,#3196,.T.);
#3199=ORIENTED_EDGE('',*,*,#3198,.T.);
#3200=EDGE_LOOP('',(#3177,#3179,#3181,#3183,#3185,#3187,#3189,#3191,#3193,#3195,
#3197,#3199));
#3201=FACE_OUTER_BOUND('',#3200,.F.);
#3202=ADVANCED_FACE('',(#3201),#3175,.T.);
#3203=CARTESIAN_POINT('',(3.2E0,0.E0,3.8E0));
#3204=DIRECTION('',(0.E0,0.E0,-1.E0));
#3205=DIRECTION('',(1.E0,0.E0,0.E0));
#3206=AXIS2_PLACEMENT_3D('',#3203,#3204,#3205);
#3207=PLANE('',#3206);
#3209=ORIENTED_EDGE('',*,*,#3208,.T.);
#3211=ORIENTED_EDGE('',*,*,#3210,.F.);
#3213=ORIENTED_EDGE('',*,*,#3212,.F.);
#3215=ORIENTED_EDGE('',*,*,#3214,.F.);
#3217=ORIENTED_EDGE('',*,*,#3216,.F.);
#3219=ORIENTED_EDGE('',*,*,#3218,.F.);
#3221=ORIENTED_EDGE('',*,*,#3220,.F.);
#3223=ORIENTED_EDGE('',*,*,#3222,.F.);
#3224=ORIENTED_EDGE('',*,*,#3073,.T.);
#3226=ORIENTED_EDGE('',*,*,#3225,.T.);
#3228=ORIENTED_EDGE('',*,*,#3227,.T.);
#3230=ORIENTED_EDGE('',*,*,#3229,.T.);
#3231=EDGE_LOOP('',(#3209,#3211,#3213,#3215,#3217,#3219,#3221,#3223,#3224,#3226,
#3228,#3230));
#3232=FACE_OUTER_BOUND('',#3231,.F.);
#3233=ADVANCED_FACE('',(#3232),#3207,.T.);
#3234=CARTESIAN_POINT('',(-5.2E0,0.E0,4.8E0));
#3235=DIRECTION('',(-1.E0,0.E0,0.E0));
#3236=DIRECTION('',(0.E0,0.E0,-1.E0));
#3237=AXIS2_PLACEMENT_3D('',#3234,#3235,#3236);
#3238=PLANE('',#3237);
#3240=ORIENTED_EDGE('',*,*,#3239,.F.);
#3242=ORIENTED_EDGE('',*,*,#3241,.T.);
#3243=ORIENTED_EDGE('',*,*,#3067,.T.);
#3244=ORIENTED_EDGE('',*,*,#3142,.F.);
#3245=EDGE_LOOP('',(#3240,#3242,#3243,#3244));
#3246=FACE_OUTER_BOUND('',#3245,.F.);
#3247=ADVANCED_FACE('',(#3246),#3238,.F.);
#3248=CARTESIAN_POINT('',(-6.9E0,0.E0,4.8E0));
#3249=DIRECTION('',(0.E0,-1.E0,0.E0));
#3250=DIRECTION('',(0.E0,0.E0,-1.E0));
#3251=AXIS2_PLACEMENT_3D('',#3248,#3249,#3250);
#3252=PLANE('',#3251);
#3253=ORIENTED_EDGE('',*,*,#3047,.T.);
#3255=ORIENTED_EDGE('',*,*,#3254,.T.);
#3257=ORIENTED_EDGE('',*,*,#3256,.T.);
#3259=ORIENTED_EDGE('',*,*,#3258,.T.);
#3260=EDGE_LOOP('',(#3253,#3255,#3257,#3259));
#3261=FACE_OUTER_BOUND('',#3260,.F.);
#3262=ADVANCED_FACE('',(#3261),#3252,.T.);
#3263=CARTESIAN_POINT('',(-6.9E0,0.E0,4.8E0));
#3264=DIRECTION('',(0.E0,-1.E0,0.E0));
#3265=DIRECTION('',(0.E0,0.E0,-1.E0));
#3266=AXIS2_PLACEMENT_3D('',#3263,#3264,#3265);
#3267=PLANE('',#3266);
#3269=ORIENTED_EDGE('',*,*,#3268,.T.);
#3271=ORIENTED_EDGE('',*,*,#3270,.T.);
#3272=ORIENTED_EDGE('',*,*,#3164,.F.);
#3274=ORIENTED_EDGE('',*,*,#3273,.F.);
#3275=EDGE_LOOP('',(#3269,#3271,#3272,#3274));
#3276=FACE_OUTER_BOUND('',#3275,.F.);
#3277=ADVANCED_FACE('',(#3276),#3267,.T.);
#3278=CARTESIAN_POINT('',(-6.9E0,0.E0,4.8E0));
#3279=DIRECTION('',(0.E0,-1.E0,0.E0));
#3280=DIRECTION('',(0.E0,0.E0,-1.E0));
#3281=AXIS2_PLACEMENT_3D('',#3278,#3279,#3280);
#3282=PLANE('',#3281);
#3284=ORIENTED_EDGE('',*,*,#3283,.F.);
#3286=ORIENTED_EDGE('',*,*,#3285,.T.);
#3288=ORIENTED_EDGE('',*,*,#3287,.T.);
#3290=ORIENTED_EDGE('',*,*,#3289,.T.);
#3291=EDGE_LOOP('',(#3284,#3286,#3288,#3290));
#3292=FACE_OUTER_BOUND('',#3291,.F.);
#3293=ADVANCED_FACE('',(#3292),#3282,.T.);
#3294=CARTESIAN_POINT('',(-6.9E0,0.E0,4.8E0));
#3295=DIRECTION('',(0.E0,-1.E0,0.E0));
#3296=DIRECTION('',(0.E0,0.E0,-1.E0));
#3297=AXIS2_PLACEMENT_3D('',#3294,#3295,#3296);
#3298=PLANE('',#3297);
#3300=ORIENTED_EDGE('',*,*,#3299,.T.);
#3302=ORIENTED_EDGE('',*,*,#3301,.T.);
#3303=ORIENTED_EDGE('',*,*,#3182,.F.);
#3305=ORIENTED_EDGE('',*,*,#3304,.F.);
#3306=EDGE_LOOP('',(#3300,#3302,#3303,#3305));
#3307=FACE_OUTER_BOUND('',#3306,.F.);
#3308=ADVANCED_FACE('',(#3307),#3298,.T.);
#3309=CARTESIAN_POINT('',(-6.9E0,0.E0,4.8E0));
#3310=DIRECTION('',(0.E0,-1.E0,0.E0));
#3311=DIRECTION('',(0.E0,0.E0,-1.E0));
#3312=AXIS2_PLACEMENT_3D('',#3309,#3310,#3311);
#3313=PLANE('',#3312);
#3315=ORIENTED_EDGE('',*,*,#3314,.F.);
#3317=ORIENTED_EDGE('',*,*,#3316,.T.);
#3319=ORIENTED_EDGE('',*,*,#3318,.T.);
#3321=ORIENTED_EDGE('',*,*,#3320,.F.);
#3322=EDGE_LOOP('',(#3315,#3317,#3319,#3321));
#3323=FACE_OUTER_BOUND('',#3322,.F.);
#3324=ADVANCED_FACE('',(#3323),#3313,.T.);
#3325=CARTESIAN_POINT('',(-6.9E0,0.E0,4.8E0));
#3326=DIRECTION('',(0.E0,-1.E0,0.E0));
#3327=DIRECTION('',(0.E0,0.E0,-1.E0));
#3328=AXIS2_PLACEMENT_3D('',#3325,#3326,#3327);
#3329=PLANE('',#3328);
#3331=ORIENTED_EDGE('',*,*,#3330,.T.);
#3332=ORIENTED_EDGE('',*,*,#3239,.T.);
#3333=ORIENTED_EDGE('',*,*,#3148,.F.);
#3334=ORIENTED_EDGE('',*,*,#2874,.F.);
#3335=EDGE_LOOP('',(#3331,#3332,#3333,#3334));
#3336=FACE_OUTER_BOUND('',#3335,.F.);
#3337=ADVANCED_FACE('',(#3336),#3329,.T.);
#3338=CARTESIAN_POINT('',(-6.9E0,0.E0,4.8E0));
#3339=DIRECTION('',(0.E0,-1.E0,0.E0));
#3340=DIRECTION('',(0.E0,0.E0,-1.E0));
#3341=AXIS2_PLACEMENT_3D('',#3338,#3339,#3340);
#3342=PLANE('',#3341);
#3344=ORIENTED_EDGE('',*,*,#3343,.T.);
#3346=ORIENTED_EDGE('',*,*,#3345,.T.);
#3347=ORIENTED_EDGE('',*,*,#3227,.F.);
#3349=ORIENTED_EDGE('',*,*,#3348,.F.);
#3350=EDGE_LOOP('',(#3344,#3346,#3347,#3349));
#3351=FACE_OUTER_BOUND('',#3350,.F.);
#3352=ADVANCED_FACE('',(#3351),#3342,.T.);
#3353=CARTESIAN_POINT('',(-6.9E0,0.E0,4.8E0));
#3354=DIRECTION('',(0.E0,-1.E0,0.E0));
#3355=DIRECTION('',(0.E0,0.E0,-1.E0));
#3356=AXIS2_PLACEMENT_3D('',#3353,#3354,#3355);
#3357=PLANE('',#3356);
#3359=ORIENTED_EDGE('',*,*,#3358,.F.);
#3360=ORIENTED_EDGE('',*,*,#2894,.F.);
#3362=ORIENTED_EDGE('',*,*,#3361,.T.);
#3364=ORIENTED_EDGE('',*,*,#3363,.F.);
#3365=EDGE_LOOP('',(#3359,#3360,#3362,#3364));
#3366=FACE_OUTER_BOUND('',#3365,.F.);
#3367=ADVANCED_FACE('',(#3366),#3357,.T.);
#3368=CARTESIAN_POINT('',(-6.9E0,0.E0,4.8E0));
#3369=DIRECTION('',(0.E0,-1.E0,0.E0));
#3370=DIRECTION('',(0.E0,0.E0,-1.E0));
#3371=AXIS2_PLACEMENT_3D('',#3368,#3369,#3370);
#3372=PLANE('',#3371);
#3374=ORIENTED_EDGE('',*,*,#3373,.F.);
#3376=ORIENTED_EDGE('',*,*,#3375,.T.);
#3378=ORIENTED_EDGE('',*,*,#3377,.T.);
#3380=ORIENTED_EDGE('',*,*,#3379,.F.);
#3381=EDGE_LOOP('',(#3374,#3376,#3378,#3380));
#3382=FACE_OUTER_BOUND('',#3381,.F.);
#3383=ADVANCED_FACE('',(#3382),#3372,.T.);
#3384=CARTESIAN_POINT('',(5.9E0,0.E0,5.E-1));
#3385=DIRECTION('',(-1.E0,0.E0,0.E0));
#3386=DIRECTION('',(0.E0,0.E0,-1.E0));
#3387=AXIS2_PLACEMENT_3D('',#3384,#3385,#3386);
#3388=PLANE('',#3387);
#3389=ORIENTED_EDGE('',*,*,#3254,.F.);
#3390=ORIENTED_EDGE('',*,*,#3045,.T.);
#3391=ORIENTED_EDGE('',*,*,#2954,.T.);
#3393=ORIENTED_EDGE('',*,*,#3392,.F.);
#3394=EDGE_LOOP('',(#3389,#3390,#3391,#3393));
#3395=FACE_OUTER_BOUND('',#3394,.F.);
#3396=ADVANCED_FACE('',(#3395),#3388,.F.);
#3397=CARTESIAN_POINT('',(5.5E0,0.E0,-5.E-1));
#3398=DIRECTION('',(0.E0,0.E0,-1.E0));
#3399=DIRECTION('',(1.E0,0.E0,0.E0));
#3400=AXIS2_PLACEMENT_3D('',#3397,#3398,#3399);
#3401=PLANE('',#3400);
#3403=ORIENTED_EDGE('',*,*,#3402,.T.);
#3405=ORIENTED_EDGE('',*,*,#3404,.F.);
#3407=ORIENTED_EDGE('',*,*,#3406,.F.);
#3409=ORIENTED_EDGE('',*,*,#3408,.F.);
#3411=ORIENTED_EDGE('',*,*,#3410,.F.);
#3413=ORIENTED_EDGE('',*,*,#3412,.F.);
#3415=ORIENTED_EDGE('',*,*,#3414,.F.);
#3417=ORIENTED_EDGE('',*,*,#3416,.F.);
#3418=ORIENTED_EDGE('',*,*,#3107,.T.);
#3420=ORIENTED_EDGE('',*,*,#3419,.F.);
#3421=ORIENTED_EDGE('',*,*,#2972,.T.);
#3423=ORIENTED_EDGE('',*,*,#3422,.F.);
#3424=ORIENTED_EDGE('',*,*,#3256,.F.);
#3425=ORIENTED_EDGE('',*,*,#3392,.T.);
#3426=ORIENTED_EDGE('',*,*,#2952,.T.);
#3428=ORIENTED_EDGE('',*,*,#3427,.T.);
#3430=ORIENTED_EDGE('',*,*,#3429,.T.);
#3432=ORIENTED_EDGE('',*,*,#3431,.T.);
#3434=ORIENTED_EDGE('',*,*,#3433,.T.);
#3436=ORIENTED_EDGE('',*,*,#3435,.T.);
#3438=ORIENTED_EDGE('',*,*,#3437,.T.);
#3440=ORIENTED_EDGE('',*,*,#3439,.T.);
#3442=ORIENTED_EDGE('',*,*,#3441,.F.);
#3444=ORIENTED_EDGE('',*,*,#3443,.T.);
#3445=EDGE_LOOP('',(#3403,#3405,#3407,#3409,#3411,#3413,#3415,#3417,#3418,#3420,
#3421,#3423,#3424,#3425,#3426,#3428,#3430,#3432,#3434,#3436,#3438,#3440,#3442,
#3444));
#3446=FACE_OUTER_BOUND('',#3445,.F.);
#3447=ADVANCED_FACE('',(#3446),#3401,.T.);
#3448=CARTESIAN_POINT('',(-6.9E0,8.E-1,4.8E0));
#3449=DIRECTION('',(0.E0,-1.E0,0.E0));
#3450=DIRECTION('',(1.E0,0.E0,0.E0));
#3451=AXIS2_PLACEMENT_3D('',#3448,#3449,#3450);
#3452=PLANE('',#3451);
#3453=ORIENTED_EDGE('',*,*,#3208,.F.);
#3455=ORIENTED_EDGE('',*,*,#3454,.F.);
#3457=ORIENTED_EDGE('',*,*,#3456,.T.);
#3459=ORIENTED_EDGE('',*,*,#3458,.F.);
#3460=ORIENTED_EDGE('',*,*,#3178,.F.);
#3462=ORIENTED_EDGE('',*,*,#3461,.T.);
#3463=ORIENTED_EDGE('',*,*,#3025,.F.);
#3465=ORIENTED_EDGE('',*,*,#3464,.F.);
#3466=EDGE_LOOP('',(#3453,#3455,#3457,#3459,#3460,#3462,#3463,#3465));
#3467=FACE_OUTER_BOUND('',#3466,.F.);
#3469=ORIENTED_EDGE('',*,*,#3468,.T.);
#3471=ORIENTED_EDGE('',*,*,#3470,.T.);
#3473=ORIENTED_EDGE('',*,*,#3472,.F.);
#3475=ORIENTED_EDGE('',*,*,#3474,.F.);
#3476=EDGE_LOOP('',(#3469,#3471,#3473,#3475));
#3477=FACE_BOUND('',#3476,.F.);
#3478=ADVANCED_FACE('',(#3467,#3477),#3452,.T.);
#3479=CARTESIAN_POINT('',(-6.9E0,8.E-1,4.8E0));
#3480=DIRECTION('',(0.E0,-1.E0,0.E0));
#3481=DIRECTION('',(1.E0,0.E0,0.E0));
#3482=AXIS2_PLACEMENT_3D('',#3479,#3480,#3481);
#3483=PLANE('',#3482);
#3485=ORIENTED_EDGE('',*,*,#3484,.F.);
#3487=ORIENTED_EDGE('',*,*,#3486,.F.);
#3488=ORIENTED_EDGE('',*,*,#3402,.F.);
#3490=ORIENTED_EDGE('',*,*,#3489,.T.);
#3492=ORIENTED_EDGE('',*,*,#3491,.F.);
#3494=ORIENTED_EDGE('',*,*,#3493,.F.);
#3496=ORIENTED_EDGE('',*,*,#3495,.F.);
#3498=ORIENTED_EDGE('',*,*,#3497,.F.);
#3499=EDGE_LOOP('',(#3485,#3487,#3488,#3490,#3492,#3494,#3496,#3498));
#3500=FACE_OUTER_BOUND('',#3499,.F.);
#3502=ORIENTED_EDGE('',*,*,#3501,.T.);
#3504=ORIENTED_EDGE('',*,*,#3503,.T.);
#3506=ORIENTED_EDGE('',*,*,#3505,.F.);
#3508=ORIENTED_EDGE('',*,*,#3507,.F.);
#3509=EDGE_LOOP('',(#3502,#3504,#3506,#3508));
#3510=FACE_BOUND('',#3509,.F.);
#3511=ADVANCED_FACE('',(#3500,#3510),#3483,.T.);
#3512=CARTESIAN_POINT('',(-1.E0,0.E0,4.8E0));
#3513=DIRECTION('',(-1.E0,0.E0,0.E0));
#3514=DIRECTION('',(0.E0,0.E0,-1.E0));
#3515=AXIS2_PLACEMENT_3D('',#3512,#3513,#3514);
#3516=PLANE('',#3515);
#3517=ORIENTED_EDGE('',*,*,#3345,.F.);
#3519=ORIENTED_EDGE('',*,*,#3518,.T.);
#3520=ORIENTED_EDGE('',*,*,#3454,.T.);
#3521=ORIENTED_EDGE('',*,*,#3229,.F.);
#3522=EDGE_LOOP('',(#3517,#3519,#3520,#3521));
#3523=FACE_OUTER_BOUND('',#3522,.F.);
#3524=ADVANCED_FACE('',(#3523),#3516,.F.);
#3525=CARTESIAN_POINT('',(-6.9E0,1.28E1,4.8E0));
#3526=DIRECTION('',(0.E0,0.E0,1.E0));
#3527=DIRECTION('',(0.E0,-1.E0,0.E0));
#3528=AXIS2_PLACEMENT_3D('',#3525,#3526,#3527);
#3529=PLANE('',#3528);
#3530=ORIENTED_EDGE('',*,*,#3330,.F.);
#3531=ORIENTED_EDGE('',*,*,#2872,.F.);
#3533=ORIENTED_EDGE('',*,*,#3532,.T.);
#3535=ORIENTED_EDGE('',*,*,#3534,.T.);
#3536=ORIENTED_EDGE('',*,*,#3268,.F.);
#3538=ORIENTED_EDGE('',*,*,#3537,.T.);
#3540=ORIENTED_EDGE('',*,*,#3539,.F.);
#3542=ORIENTED_EDGE('',*,*,#3541,.F.);
#3543=ORIENTED_EDGE('',*,*,#3299,.F.);
#3545=ORIENTED_EDGE('',*,*,#3544,.T.);
#3546=ORIENTED_EDGE('',*,*,#3456,.F.);
#3547=ORIENTED_EDGE('',*,*,#3518,.F.);
#3548=ORIENTED_EDGE('',*,*,#3343,.F.);
#3550=ORIENTED_EDGE('',*,*,#3549,.T.);
#3551=ORIENTED_EDGE('',*,*,#3069,.F.);
#3552=ORIENTED_EDGE('',*,*,#3241,.F.);
#3553=EDGE_LOOP('',(#3530,#3531,#3533,#3535,#3536,#3538,#3540,#3542,#3543,#3545,
#3546,#3547,#3548,#3550,#3551,#3552));
#3554=FACE_OUTER_BOUND('',#3553,.F.);
#3555=ADVANCED_FACE('',(#3554),#3529,.T.);
#3556=CARTESIAN_POINT('',(-6.9E0,1.28E1,-4.8E0));
#3557=DIRECTION('',(0.E0,1.E0,0.E0));
#3558=DIRECTION('',(0.E0,0.E0,1.E0));
#3559=AXIS2_PLACEMENT_3D('',#3556,#3557,#3558);
#3560=PLANE('',#3559);
#3562=ORIENTED_EDGE('',*,*,#3561,.T.);
#3564=ORIENTED_EDGE('',*,*,#3563,.T.);
#3566=ORIENTED_EDGE('',*,*,#3565,.T.);
#3568=ORIENTED_EDGE('',*,*,#3567,.T.);
#3570=ORIENTED_EDGE('',*,*,#3569,.T.);
#3571=ORIENTED_EDGE('',*,*,#3532,.F.);
#3572=ORIENTED_EDGE('',*,*,#2870,.F.);
#3573=ORIENTED_EDGE('',*,*,#2910,.T.);
#3574=ORIENTED_EDGE('',*,*,#2928,.T.);
#3576=ORIENTED_EDGE('',*,*,#3575,.T.);
#3577=ORIENTED_EDGE('',*,*,#2898,.F.);
#3579=ORIENTED_EDGE('',*,*,#3578,.T.);
#3580=EDGE_LOOP('',(#3562,#3564,#3566,#3568,#3570,#3571,#3572,#3573,#3574,#3576,
#3577,#3579));
#3581=FACE_OUTER_BOUND('',#3580,.F.);
#3583=ORIENTED_EDGE('',*,*,#3582,.T.);
#3585=ORIENTED_EDGE('',*,*,#3584,.T.);
#3587=ORIENTED_EDGE('',*,*,#3586,.T.);
#3589=ORIENTED_EDGE('',*,*,#3588,.T.);
#3590=EDGE_LOOP('',(#3583,#3585,#3587,#3589));
#3591=FACE_BOUND('',#3590,.F.);
#3593=ORIENTED_EDGE('',*,*,#3592,.T.);
#3595=ORIENTED_EDGE('',*,*,#3594,.T.);
#3597=ORIENTED_EDGE('',*,*,#3596,.T.);
#3599=ORIENTED_EDGE('',*,*,#3598,.T.);
#3601=ORIENTED_EDGE('',*,*,#3600,.T.);
#3603=ORIENTED_EDGE('',*,*,#3602,.T.);
#3604=EDGE_LOOP('',(#3593,#3595,#3597,#3599,#3601,#3603));
#3605=FACE_BOUND('',#3604,.F.);
#3607=ORIENTED_EDGE('',*,*,#3606,.T.);
#3609=ORIENTED_EDGE('',*,*,#3608,.T.);
#3611=ORIENTED_EDGE('',*,*,#3610,.T.);
#3613=ORIENTED_EDGE('',*,*,#3612,.T.);
#3614=EDGE_LOOP('',(#3607,#3609,#3611,#3613));
#3615=FACE_BOUND('',#3614,.F.);
#3617=ORIENTED_EDGE('',*,*,#3616,.T.);
#3619=ORIENTED_EDGE('',*,*,#3618,.T.);
#3621=ORIENTED_EDGE('',*,*,#3620,.T.);
#3623=ORIENTED_EDGE('',*,*,#3622,.T.);
#3625=ORIENTED_EDGE('',*,*,#3624,.T.);
#3627=ORIENTED_EDGE('',*,*,#3626,.T.);
#3628=EDGE_LOOP('',(#3617,#3619,#3621,#3623,#3625,#3627));
#3629=FACE_BOUND('',#3628,.F.);
#3631=ORIENTED_EDGE('',*,*,#3630,.T.);
#3633=ORIENTED_EDGE('',*,*,#3632,.T.);
#3635=ORIENTED_EDGE('',*,*,#3634,.T.);
#3637=ORIENTED_EDGE('',*,*,#3636,.T.);
#3639=ORIENTED_EDGE('',*,*,#3638,.T.);
#3641=ORIENTED_EDGE('',*,*,#3640,.T.);
#3642=EDGE_LOOP('',(#3631,#3633,#3635,#3637,#3639,#3641));
#3643=FACE_BOUND('',#3642,.F.);
#3645=ORIENTED_EDGE('',*,*,#3644,.T.);
#3647=ORIENTED_EDGE('',*,*,#3646,.T.);
#3649=ORIENTED_EDGE('',*,*,#3648,.T.);
#3651=ORIENTED_EDGE('',*,*,#3650,.T.);
#3652=EDGE_LOOP('',(#3645,#3647,#3649,#3651));
#3653=FACE_BOUND('',#3652,.F.);
#3654=ADVANCED_FACE('',(#3581,#3591,#3605,#3615,#3629,#3643,#3653),#3560,.T.);
#3655=CARTESIAN_POINT('',(-1.7E0,1.045E1,-6.2E0));
#3656=DIRECTION('',(0.E0,5.118051750946E-1,-8.591015439088E-1));
#3657=DIRECTION('',(0.E0,8.591015439088E-1,5.118051750946E-1));
#3658=AXIS2_PLACEMENT_3D('',#3655,#3656,#3657);
#3659=PLANE('',#3658);
#3660=ORIENTED_EDGE('',*,*,#3561,.F.);
#3662=ORIENTED_EDGE('',*,*,#3661,.F.);
#3664=ORIENTED_EDGE('',*,*,#3663,.T.);
#3666=ORIENTED_EDGE('',*,*,#3665,.T.);
#3667=EDGE_LOOP('',(#3660,#3662,#3664,#3666));
#3668=FACE_OUTER_BOUND('',#3667,.F.);
#3669=ADVANCED_FACE('',(#3668),#3659,.T.);
#3670=CARTESIAN_POINT('',(-1.7E0,0.E0,0.E0));
#3671=DIRECTION('',(1.E0,0.E0,0.E0));
#3672=DIRECTION('',(0.E0,1.E0,0.E0));
#3673=AXIS2_PLACEMENT_3D('',#3670,#3671,#3672);
#3674=PLANE('',#3673);
#3676=ORIENTED_EDGE('',*,*,#3675,.T.);
#3678=ORIENTED_EDGE('',*,*,#3677,.T.);
#3680=ORIENTED_EDGE('',*,*,#3679,.T.);
#3681=ORIENTED_EDGE('',*,*,#3661,.T.);
#3682=EDGE_LOOP('',(#3676,#3678,#3680,#3681));
#3683=FACE_OUTER_BOUND('',#3682,.F.);
#3684=ADVANCED_FACE('',(#3683),#3674,.F.);
#3685=CARTESIAN_POINT('',(-6.9E0,0.E0,-4.8E0));
#3686=DIRECTION('',(0.E0,0.E0,-1.E0));
#3687=DIRECTION('',(0.E0,1.E0,0.E0));
#3688=AXIS2_PLACEMENT_3D('',#3685,#3686,#3687);
#3689=PLANE('',#3688);
#3690=ORIENTED_EDGE('',*,*,#3358,.T.);
#3692=ORIENTED_EDGE('',*,*,#3691,.T.);
#3693=ORIENTED_EDGE('',*,*,#3099,.T.);
#3695=ORIENTED_EDGE('',*,*,#3694,.F.);
#3696=ORIENTED_EDGE('',*,*,#3373,.T.);
#3698=ORIENTED_EDGE('',*,*,#3697,.T.);
#3699=ORIENTED_EDGE('',*,*,#3495,.T.);
#3701=ORIENTED_EDGE('',*,*,#3700,.F.);
#3702=ORIENTED_EDGE('',*,*,#3314,.T.);
#3704=ORIENTED_EDGE('',*,*,#3703,.T.);
#3706=ORIENTED_EDGE('',*,*,#3705,.T.);
#3708=ORIENTED_EDGE('',*,*,#3707,.F.);
#3709=ORIENTED_EDGE('',*,*,#3283,.T.);
#3711=ORIENTED_EDGE('',*,*,#3710,.T.);
#3712=ORIENTED_EDGE('',*,*,#3563,.F.);
#3714=ORIENTED_EDGE('',*,*,#3713,.T.);
#3716=ORIENTED_EDGE('',*,*,#3715,.F.);
#3717=ORIENTED_EDGE('',*,*,#3675,.F.);
#3718=ORIENTED_EDGE('',*,*,#3578,.F.);
#3719=ORIENTED_EDGE('',*,*,#2896,.F.);
#3720=EDGE_LOOP('',(#3690,#3692,#3693,#3695,#3696,#3698,#3699,#3701,#3702,#3704,
#3706,#3708,#3709,#3711,#3712,#3714,#3716,#3717,#3718,#3719));
#3721=FACE_OUTER_BOUND('',#3720,.F.);
#3722=ADVANCED_FACE('',(#3721),#3689,.T.);
#3723=CARTESIAN_POINT('',(-5.2E0,0.E0,-3.8E0));
#3724=DIRECTION('',(-1.E0,0.E0,0.E0));
#3725=DIRECTION('',(0.E0,0.E0,-1.E0));
#3726=AXIS2_PLACEMENT_3D('',#3723,#3724,#3725);
#3727=PLANE('',#3726);
#3728=ORIENTED_EDGE('',*,*,#3363,.T.);
#3730=ORIENTED_EDGE('',*,*,#3729,.F.);
#3731=ORIENTED_EDGE('',*,*,#3101,.T.);
#3732=ORIENTED_EDGE('',*,*,#3691,.F.);
#3733=EDGE_LOOP('',(#3728,#3730,#3731,#3732));
#3734=FACE_OUTER_BOUND('',#3733,.F.);
#3735=ADVANCED_FACE('',(#3734),#3727,.F.);
#3736=CARTESIAN_POINT('',(5.5E0,0.E0,-3.8E0));
#3737=DIRECTION('',(0.E0,0.E0,-1.E0));
#3738=DIRECTION('',(1.E0,0.E0,0.E0));
#3739=AXIS2_PLACEMENT_3D('',#3736,#3737,#3738);
#3740=PLANE('',#3739);
#3741=ORIENTED_EDGE('',*,*,#2976,.T.);
#3743=ORIENTED_EDGE('',*,*,#3742,.T.);
#3744=ORIENTED_EDGE('',*,*,#3103,.T.);
#3745=ORIENTED_EDGE('',*,*,#3729,.T.);
#3746=ORIENTED_EDGE('',*,*,#3361,.F.);
#3747=ORIENTED_EDGE('',*,*,#2892,.T.);
#3748=EDGE_LOOP('',(#3741,#3743,#3744,#3745,#3746,#3747));
#3749=FACE_OUTER_BOUND('',#3748,.F.);
#3750=ADVANCED_FACE('',(#3749),#3740,.F.);
#3751=CARTESIAN_POINT('',(5.5E0,0.E0,-3.8E0));
#3752=DIRECTION('',(0.E0,0.E0,-1.E0));
#3753=DIRECTION('',(1.E0,0.E0,0.E0));
#3754=AXIS2_PLACEMENT_3D('',#3751,#3752,#3753);
#3755=PLANE('',#3754);
#3757=ORIENTED_EDGE('',*,*,#3756,.T.);
#3759=ORIENTED_EDGE('',*,*,#3758,.T.);
#3761=ORIENTED_EDGE('',*,*,#3760,.F.);
#3762=ORIENTED_EDGE('',*,*,#2948,.T.);
#3764=ORIENTED_EDGE('',*,*,#3763,.F.);
#3765=ORIENTED_EDGE('',*,*,#3287,.F.);
#3766=EDGE_LOOP('',(#3757,#3759,#3761,#3762,#3764,#3765));
#3767=FACE_OUTER_BOUND('',#3766,.F.);
#3768=ADVANCED_FACE('',(#3767),#3755,.F.);
#3769=CARTESIAN_POINT('',(5.5E0,0.E0,-3.8E0));
#3770=DIRECTION('',(0.E0,0.E0,-1.E0));
#3771=DIRECTION('',(1.E0,0.E0,0.E0));
#3772=AXIS2_PLACEMENT_3D('',#3769,#3770,#3771);
#3773=PLANE('',#3772);
#3775=ORIENTED_EDGE('',*,*,#3774,.T.);
#3777=ORIENTED_EDGE('',*,*,#3776,.T.);
#3779=ORIENTED_EDGE('',*,*,#3778,.T.);
#3780=ORIENTED_EDGE('',*,*,#3318,.F.);
#3782=ORIENTED_EDGE('',*,*,#3781,.T.);
#3783=ORIENTED_EDGE('',*,*,#3491,.T.);
#3785=ORIENTED_EDGE('',*,*,#3784,.T.);
#3787=ORIENTED_EDGE('',*,*,#3786,.F.);
#3789=ORIENTED_EDGE('',*,*,#3788,.T.);
#3791=ORIENTED_EDGE('',*,*,#3790,.F.);
#3793=ORIENTED_EDGE('',*,*,#3792,.T.);
#3795=ORIENTED_EDGE('',*,*,#3794,.T.);
#3796=EDGE_LOOP('',(#3775,#3777,#3779,#3780,#3782,#3783,#3785,#3787,#3789,#3791,
#3793,#3795));
#3797=FACE_OUTER_BOUND('',#3796,.F.);
#3798=ADVANCED_FACE('',(#3797),#3773,.F.);
#3799=CARTESIAN_POINT('',(5.5E0,0.E0,-3.8E0));
#3800=DIRECTION('',(0.E0,0.E0,-1.E0));
#3801=DIRECTION('',(1.E0,0.E0,0.E0));
#3802=AXIS2_PLACEMENT_3D('',#3799,#3800,#3801);
#3803=PLANE('',#3802);
#3804=ORIENTED_EDGE('',*,*,#3095,.T.);
#3806=ORIENTED_EDGE('',*,*,#3805,.T.);
#3808=ORIENTED_EDGE('',*,*,#3807,.T.);
#3810=ORIENTED_EDGE('',*,*,#3809,.T.);
#3812=ORIENTED_EDGE('',*,*,#3811,.T.);
#3814=ORIENTED_EDGE('',*,*,#3813,.T.);
#3816=ORIENTED_EDGE('',*,*,#3815,.T.);
#3818=ORIENTED_EDGE('',*,*,#3817,.T.);
#3819=ORIENTED_EDGE('',*,*,#3484,.T.);
#3821=ORIENTED_EDGE('',*,*,#3820,.T.);
#3822=ORIENTED_EDGE('',*,*,#3377,.F.);
#3824=ORIENTED_EDGE('',*,*,#3823,.T.);
#3825=EDGE_LOOP('',(#3804,#3806,#3808,#3810,#3812,#3814,#3816,#3818,#3819,#3821,
#3822,#3824));
#3826=FACE_OUTER_BOUND('',#3825,.F.);
#3827=ADVANCED_FACE('',(#3826),#3803,.F.);
#3828=CARTESIAN_POINT('',(-5.5E0,0.E0,-5.E-1));
#3829=DIRECTION('',(-1.E0,0.E0,0.E0));
#3830=DIRECTION('',(0.E0,0.E0,-1.E0));
#3831=AXIS2_PLACEMENT_3D('',#3828,#3829,#3830);
#3832=PLANE('',#3831);
#3833=ORIENTED_EDGE('',*,*,#2974,.T.);
#3834=ORIENTED_EDGE('',*,*,#3419,.T.);
#3835=ORIENTED_EDGE('',*,*,#3105,.T.);
#3836=ORIENTED_EDGE('',*,*,#3742,.F.);
#3837=EDGE_LOOP('',(#3833,#3834,#3835,#3836));
#3838=FACE_OUTER_BOUND('',#3837,.F.);
#3839=ADVANCED_FACE('',(#3838),#3832,.F.);
#3840=CARTESIAN_POINT('',(5.2E0,0.E0,-4.8E0));
#3841=DIRECTION('',(1.E0,0.E0,0.E0));
#3842=DIRECTION('',(0.E0,0.E0,1.E0));
#3843=AXIS2_PLACEMENT_3D('',#3840,#3841,#3842);
#3844=PLANE('',#3843);
#3845=ORIENTED_EDGE('',*,*,#3285,.F.);
#3846=ORIENTED_EDGE('',*,*,#3707,.T.);
#3848=ORIENTED_EDGE('',*,*,#3847,.T.);
#3849=ORIENTED_EDGE('',*,*,#3756,.F.);
#3850=EDGE_LOOP('',(#3845,#3846,#3848,#3849));
#3851=FACE_OUTER_BOUND('',#3850,.F.);
#3852=ADVANCED_FACE('',(#3851),#3844,.F.);
#3853=CARTESIAN_POINT('',(-6.9E0,8.E-1,4.8E0));
#3854=DIRECTION('',(0.E0,-1.E0,0.E0));
#3855=DIRECTION('',(1.E0,0.E0,0.E0));
#3856=AXIS2_PLACEMENT_3D('',#3853,#3854,#3855);
#3857=PLANE('',#3856);
#3858=ORIENTED_EDGE('',*,*,#3186,.F.);
#3860=ORIENTED_EDGE('',*,*,#3859,.F.);
#3861=ORIENTED_EDGE('',*,*,#3539,.T.);
#3863=ORIENTED_EDGE('',*,*,#3862,.F.);
#3864=ORIENTED_EDGE('',*,*,#3160,.F.);
#3865=ORIENTED_EDGE('',*,*,#2997,.F.);
#3866=ORIENTED_EDGE('',*,*,#3041,.F.);
#3868=ORIENTED_EDGE('',*,*,#3867,.F.);
#3869=EDGE_LOOP('',(#3858,#3860,#3861,#3863,#3864,#3865,#3866,#3868));
#3870=FACE_OUTER_BOUND('',#3869,.F.);
#3872=ORIENTED_EDGE('',*,*,#3871,.T.);
#3874=ORIENTED_EDGE('',*,*,#3873,.T.);
#3876=ORIENTED_EDGE('',*,*,#3875,.F.);
#3878=ORIENTED_EDGE('',*,*,#3877,.F.);
#3879=EDGE_LOOP('',(#3872,#3874,#3876,#3878));
#3880=FACE_BOUND('',#3879,.F.);
#3881=ADVANCED_FACE('',(#3870,#3880),#3857,.T.);
#3882=CARTESIAN_POINT('',(-6.9E0,8.E-1,4.8E0));
#3883=DIRECTION('',(0.E0,-1.E0,0.E0));
#3884=DIRECTION('',(1.E0,0.E0,0.E0));
#3885=AXIS2_PLACEMENT_3D('',#3882,#3883,#3884);
#3886=PLANE('',#3885);
#3887=ORIENTED_EDGE('',*,*,#3429,.F.);
#3889=ORIENTED_EDGE('',*,*,#3888,.F.);
#3890=ORIENTED_EDGE('',*,*,#3758,.F.);
#3891=ORIENTED_EDGE('',*,*,#3847,.F.);
#3892=ORIENTED_EDGE('',*,*,#3705,.F.);
#3894=ORIENTED_EDGE('',*,*,#3893,.F.);
#3895=ORIENTED_EDGE('',*,*,#3776,.F.);
#3897=ORIENTED_EDGE('',*,*,#3896,.F.);
#3898=EDGE_LOOP('',(#3887,#3889,#3890,#3891,#3892,#3894,#3895,#3897));
#3899=FACE_OUTER_BOUND('',#3898,.F.);
#3901=ORIENTED_EDGE('',*,*,#3900,.T.);
#3903=ORIENTED_EDGE('',*,*,#3902,.T.);
#3905=ORIENTED_EDGE('',*,*,#3904,.F.);
#3907=ORIENTED_EDGE('',*,*,#3906,.F.);
#3908=EDGE_LOOP('',(#3901,#3903,#3905,#3907));
#3909=FACE_BOUND('',#3908,.F.);
#3910=ADVANCED_FACE('',(#3899,#3909),#3886,.T.);
#3911=CARTESIAN_POINT('',(3.2E0,0.E0,4.8E0));
#3912=DIRECTION('',(-1.E0,0.E0,0.E0));
#3913=DIRECTION('',(0.E0,0.E0,-1.E0));
#3914=AXIS2_PLACEMENT_3D('',#3911,#3912,#3913);
#3915=PLANE('',#3914);
#3916=ORIENTED_EDGE('',*,*,#3301,.F.);
#3917=ORIENTED_EDGE('',*,*,#3541,.T.);
#3918=ORIENTED_EDGE('',*,*,#3859,.T.);
#3919=ORIENTED_EDGE('',*,*,#3184,.F.);
#3920=EDGE_LOOP('',(#3916,#3917,#3918,#3919));
#3921=FACE_OUTER_BOUND('',#3920,.F.);
#3922=ADVANCED_FACE('',(#3921),#3915,.F.);
#3923=CARTESIAN_POINT('',(5.2E0,0.E0,3.8E0));
#3924=DIRECTION('',(1.E0,0.E0,0.E0));
#3925=DIRECTION('',(0.E0,0.E0,1.E0));
#3926=AXIS2_PLACEMENT_3D('',#3923,#3924,#3925);
#3927=PLANE('',#3926);
#3928=ORIENTED_EDGE('',*,*,#3273,.T.);
#3929=ORIENTED_EDGE('',*,*,#3162,.F.);
#3930=ORIENTED_EDGE('',*,*,#3862,.T.);
#3931=ORIENTED_EDGE('',*,*,#3537,.F.);
#3932=EDGE_LOOP('',(#3928,#3929,#3930,#3931));
#3933=FACE_OUTER_BOUND('',#3932,.F.);
#3934=ADVANCED_FACE('',(#3933),#3927,.F.);
#3935=CARTESIAN_POINT('',(2.9E0,3.7E0,3.8E0));
#3936=DIRECTION('',(1.E0,0.E0,0.E0));
#3937=DIRECTION('',(0.E0,-1.E0,0.E0));
#3938=AXIS2_PLACEMENT_3D('',#3935,#3936,#3937);
#3939=PLANE('',#3938);
#3941=ORIENTED_EDGE('',*,*,#3940,.F.);
#3942=ORIENTED_EDGE('',*,*,#3188,.F.);
#3943=ORIENTED_EDGE('',*,*,#3867,.T.);
#3944=ORIENTED_EDGE('',*,*,#3039,.F.);
#3945=EDGE_LOOP('',(#3941,#3942,#3943,#3944));
#3946=FACE_OUTER_BOUND('',#3945,.F.);
#3947=ADVANCED_FACE('',(#3946),#3939,.F.);
#3948=CARTESIAN_POINT('',(-6.9E0,3.7E0,-4.8E0));
#3949=DIRECTION('',(0.E0,1.E0,0.E0));
#3950=DIRECTION('',(-1.E0,0.E0,0.E0));
#3951=AXIS2_PLACEMENT_3D('',#3948,#3949,#3950);
#3952=PLANE('',#3951);
#3954=ORIENTED_EDGE('',*,*,#3953,.F.);
#3956=ORIENTED_EDGE('',*,*,#3955,.F.);
#3958=ORIENTED_EDGE('',*,*,#3957,.F.);
#3960=ORIENTED_EDGE('',*,*,#3959,.F.);
#3962=ORIENTED_EDGE('',*,*,#3961,.F.);
#3963=ORIENTED_EDGE('',*,*,#3190,.F.);
#3964=ORIENTED_EDGE('',*,*,#3940,.T.);
#3965=ORIENTED_EDGE('',*,*,#3037,.F.);
#3966=EDGE_LOOP('',(#3954,#3956,#3958,#3960,#3962,#3963,#3964,#3965));
#3967=FACE_OUTER_BOUND('',#3966,.F.);
#3969=ORIENTED_EDGE('',*,*,#3968,.F.);
#3971=ORIENTED_EDGE('',*,*,#3970,.T.);
#3973=ORIENTED_EDGE('',*,*,#3972,.T.);
#3975=ORIENTED_EDGE('',*,*,#3974,.F.);
#3976=EDGE_LOOP('',(#3969,#3971,#3973,#3975));
#3977=FACE_BOUND('',#3976,.F.);
#3978=ADVANCED_FACE('',(#3967,#3977),#3952,.T.);
#3979=CARTESIAN_POINT('',(-6.9E0,3.7E0,-4.8E0));
#3980=DIRECTION('',(0.E0,1.E0,0.E0));
#3981=DIRECTION('',(-1.E0,0.E0,0.E0));
#3982=AXIS2_PLACEMENT_3D('',#3979,#3980,#3981);
#3983=PLANE('',#3982);
#3985=ORIENTED_EDGE('',*,*,#3984,.T.);
#3986=ORIENTED_EDGE('',*,*,#3794,.F.);
#3988=ORIENTED_EDGE('',*,*,#3987,.F.);
#3990=ORIENTED_EDGE('',*,*,#3989,.F.);
#3992=ORIENTED_EDGE('',*,*,#3991,.F.);
#3994=ORIENTED_EDGE('',*,*,#3993,.F.);
#3996=ORIENTED_EDGE('',*,*,#3995,.F.);
#3998=ORIENTED_EDGE('',*,*,#3997,.F.);
#3999=EDGE_LOOP('',(#3985,#3986,#3988,#3990,#3992,#3994,#3996,#3998));
#4000=FACE_OUTER_BOUND('',#3999,.F.);
#4002=ORIENTED_EDGE('',*,*,#4001,.F.);
#4004=ORIENTED_EDGE('',*,*,#4003,.T.);
#4006=ORIENTED_EDGE('',*,*,#4005,.T.);
#4008=ORIENTED_EDGE('',*,*,#4007,.F.);
#4009=EDGE_LOOP('',(#4002,#4004,#4006,#4008));
#4010=FACE_BOUND('',#4009,.F.);
#4011=ADVANCED_FACE('',(#4000,#4010),#3983,.T.);
#4012=CARTESIAN_POINT('',(2.4E0,1.28E1,3.E-1));
#4013=DIRECTION('',(-1.E0,0.E0,0.E0));
#4014=DIRECTION('',(0.E0,0.E0,1.E0));
#4015=AXIS2_PLACEMENT_3D('',#4012,#4013,#4014);
#4016=PLANE('',#4015);
#4017=ORIENTED_EDGE('',*,*,#3953,.T.);
#4018=ORIENTED_EDGE('',*,*,#3035,.F.);
#4020=ORIENTED_EDGE('',*,*,#4019,.F.);
#4021=ORIENTED_EDGE('',*,*,#3192,.F.);
#4022=ORIENTED_EDGE('',*,*,#3961,.T.);
#4024=ORIENTED_EDGE('',*,*,#4023,.F.);
#4025=ORIENTED_EDGE('',*,*,#3586,.F.);
#4027=ORIENTED_EDGE('',*,*,#4026,.T.);
#4028=EDGE_LOOP('',(#4017,#4018,#4020,#4021,#4022,#4024,#4025,#4027));
#4029=FACE_OUTER_BOUND('',#4028,.F.);
#4030=ADVANCED_FACE('',(#4029),#4016,.F.);
#4031=CARTESIAN_POINT('',(1.8E0,2.7E0,3.8E0));
#4032=DIRECTION('',(0.E0,1.E0,0.E0));
#4033=DIRECTION('',(1.E0,0.E0,0.E0));
#4034=AXIS2_PLACEMENT_3D('',#4031,#4032,#4033);
#4035=PLANE('',#4034);
#4036=ORIENTED_EDGE('',*,*,#3194,.F.);
#4037=ORIENTED_EDGE('',*,*,#4019,.T.);
#4038=ORIENTED_EDGE('',*,*,#3033,.T.);
#4040=ORIENTED_EDGE('',*,*,#4039,.T.);
#4041=EDGE_LOOP('',(#4036,#4037,#4038,#4040));
#4042=FACE_OUTER_BOUND('',#4041,.F.);
#4043=ADVANCED_FACE('',(#4042),#4035,.F.);
#4044=CARTESIAN_POINT('',(1.8E0,3.7E0,3.8E0));
#4045=DIRECTION('',(1.E0,0.E0,0.E0));
#4046=DIRECTION('',(0.E0,-1.E0,0.E0));
#4047=AXIS2_PLACEMENT_3D('',#4044,#4045,#4046);
#4048=PLANE('',#4047);
#4049=ORIENTED_EDGE('',*,*,#3031,.F.);
#4051=ORIENTED_EDGE('',*,*,#4050,.T.);
#4053=ORIENTED_EDGE('',*,*,#4052,.F.);
#4054=ORIENTED_EDGE('',*,*,#3630,.F.);
#4056=ORIENTED_EDGE('',*,*,#4055,.T.);
#4058=ORIENTED_EDGE('',*,*,#4057,.T.);
#4059=ORIENTED_EDGE('',*,*,#3196,.F.);
#4060=ORIENTED_EDGE('',*,*,#4039,.F.);
#4061=EDGE_LOOP('',(#4049,#4051,#4053,#4054,#4056,#4058,#4059,#4060));
#4062=FACE_OUTER_BOUND('',#4061,.F.);
#4063=ADVANCED_FACE('',(#4062),#4048,.F.);
#4064=CARTESIAN_POINT('',(-6.9E0,3.7E0,-4.8E0));
#4065=DIRECTION('',(0.E0,1.E0,0.E0));
#4066=DIRECTION('',(-1.E0,0.E0,0.E0));
#4067=AXIS2_PLACEMENT_3D('',#4064,#4065,#4066);
#4068=PLANE('',#4067);
#4069=ORIENTED_EDGE('',*,*,#3013,.F.);
#4071=ORIENTED_EDGE('',*,*,#4070,.F.);
#4073=ORIENTED_EDGE('',*,*,#4072,.F.);
#4075=ORIENTED_EDGE('',*,*,#4074,.F.);
#4077=ORIENTED_EDGE('',*,*,#4076,.F.);
#4079=ORIENTED_EDGE('',*,*,#4078,.F.);
#4081=ORIENTED_EDGE('',*,*,#4080,.F.);
#4083=ORIENTED_EDGE('',*,*,#4082,.F.);
#4084=EDGE_LOOP('',(#4069,#4071,#4073,#4075,#4077,#4079,#4081,#4083));
#4085=FACE_OUTER_BOUND('',#4084,.F.);
#4087=ORIENTED_EDGE('',*,*,#4086,.T.);
#4089=ORIENTED_EDGE('',*,*,#4088,.T.);
#4091=ORIENTED_EDGE('',*,*,#4090,.T.);
#4093=ORIENTED_EDGE('',*,*,#4092,.F.);
#4094=EDGE_LOOP('',(#4087,#4089,#4091,#4093));
#4095=FACE_BOUND('',#4094,.F.);
#4096=ADVANCED_FACE('',(#4085,#4095),#4068,.T.);
#4097=CARTESIAN_POINT('',(-6.9E0,3.7E0,-4.8E0));
#4098=DIRECTION('',(0.E0,1.E0,0.E0));
#4099=DIRECTION('',(-1.E0,0.E0,0.E0));
#4100=AXIS2_PLACEMENT_3D('',#4097,#4098,#4099);
#4101=PLANE('',#4100);
#4102=ORIENTED_EDGE('',*,*,#3021,.F.);
#4104=ORIENTED_EDGE('',*,*,#4103,.F.);
#4106=ORIENTED_EDGE('',*,*,#4105,.F.);
#4107=ORIENTED_EDGE('',*,*,#4050,.F.);
#4108=ORIENTED_EDGE('',*,*,#3029,.T.);
#4110=ORIENTED_EDGE('',*,*,#4109,.F.);
#4112=ORIENTED_EDGE('',*,*,#4111,.F.);
#4114=ORIENTED_EDGE('',*,*,#4113,.F.);
#4116=ORIENTED_EDGE('',*,*,#4115,.F.);
#4118=ORIENTED_EDGE('',*,*,#4117,.T.);
#4119=EDGE_LOOP('',(#4102,#4104,#4106,#4107,#4108,#4110,#4112,#4114,#4116,
#4118));
#4120=FACE_OUTER_BOUND('',#4119,.F.);
#4122=ORIENTED_EDGE('',*,*,#4121,.T.);
#4124=ORIENTED_EDGE('',*,*,#4123,.T.);
#4126=ORIENTED_EDGE('',*,*,#4125,.T.);
#4128=ORIENTED_EDGE('',*,*,#4127,.F.);
#4129=EDGE_LOOP('',(#4122,#4124,#4126,#4128));
#4130=FACE_BOUND('',#4129,.F.);
#4131=ADVANCED_FACE('',(#4120,#4130),#4101,.T.);
#4132=CARTESIAN_POINT('',(-6.9E0,3.7E0,-4.8E0));
#4133=DIRECTION('',(0.E0,1.E0,0.E0));
#4134=DIRECTION('',(-1.E0,0.E0,0.E0));
#4135=AXIS2_PLACEMENT_3D('',#4132,#4133,#4134);
#4136=PLANE('',#4135);
#4137=ORIENTED_EDGE('',*,*,#3414,.T.);
#4139=ORIENTED_EDGE('',*,*,#4138,.F.);
#4141=ORIENTED_EDGE('',*,*,#4140,.F.);
#4143=ORIENTED_EDGE('',*,*,#4142,.F.);
#4145=ORIENTED_EDGE('',*,*,#4144,.F.);
#4147=ORIENTED_EDGE('',*,*,#4146,.F.);
#4148=ORIENTED_EDGE('',*,*,#3807,.F.);
#4150=ORIENTED_EDGE('',*,*,#4149,.F.);
#4151=EDGE_LOOP('',(#4137,#4139,#4141,#4143,#4145,#4147,#4148,#4150));
#4152=FACE_OUTER_BOUND('',#4151,.F.);
#4154=ORIENTED_EDGE('',*,*,#4153,.T.);
#4156=ORIENTED_EDGE('',*,*,#4155,.T.);
#4158=ORIENTED_EDGE('',*,*,#4157,.T.);
#4160=ORIENTED_EDGE('',*,*,#4159,.F.);
#4161=EDGE_LOOP('',(#4154,#4156,#4158,#4160));
#4162=FACE_BOUND('',#4161,.F.);
#4163=ADVANCED_FACE('',(#4152,#4162),#4136,.T.);
#4164=CARTESIAN_POINT('',(-6.9E0,3.7E0,-4.8E0));
#4165=DIRECTION('',(0.E0,1.E0,0.E0));
#4166=DIRECTION('',(-1.E0,0.E0,0.E0));
#4167=AXIS2_PLACEMENT_3D('',#4164,#4165,#4166);
#4168=PLANE('',#4167);
#4169=ORIENTED_EDGE('',*,*,#3406,.T.);
#4171=ORIENTED_EDGE('',*,*,#4170,.T.);
#4172=ORIENTED_EDGE('',*,*,#3815,.F.);
#4174=ORIENTED_EDGE('',*,*,#4173,.F.);
#4176=ORIENTED_EDGE('',*,*,#4175,.F.);
#4178=ORIENTED_EDGE('',*,*,#4177,.F.);
#4179=ORIENTED_EDGE('',*,*,#3786,.T.);
#4181=ORIENTED_EDGE('',*,*,#4180,.F.);
#4182=ORIENTED_EDGE('',*,*,#3441,.T.);
#4184=ORIENTED_EDGE('',*,*,#4183,.F.);
#4186=ORIENTED_EDGE('',*,*,#4185,.F.);
#4188=ORIENTED_EDGE('',*,*,#4187,.F.);
#4189=EDGE_LOOP('',(#4169,#4171,#4172,#4174,#4176,#4178,#4179,#4181,#4182,#4184,
#4186,#4188));
#4190=FACE_OUTER_BOUND('',#4189,.F.);
#4192=ORIENTED_EDGE('',*,*,#4191,.T.);
#4194=ORIENTED_EDGE('',*,*,#4193,.T.);
#4196=ORIENTED_EDGE('',*,*,#4195,.T.);
#4198=ORIENTED_EDGE('',*,*,#4197,.F.);
#4199=EDGE_LOOP('',(#4192,#4194,#4196,#4198));
#4200=FACE_BOUND('',#4199,.F.);
#4201=ADVANCED_FACE('',(#4190,#4200),#4168,.T.);
#4202=CARTESIAN_POINT('',(-2.9E0,0.E0,3.8E0));
#4203=DIRECTION('',(-1.E0,0.E0,0.E0));
#4204=DIRECTION('',(0.E0,1.E0,0.E0));
#4205=AXIS2_PLACEMENT_3D('',#4202,#4203,#4204);
#4206=PLANE('',#4205);
#4207=ORIENTED_EDGE('',*,*,#4070,.T.);
#4208=ORIENTED_EDGE('',*,*,#3011,.F.);
#4209=ORIENTED_EDGE('',*,*,#3075,.F.);
#4210=ORIENTED_EDGE('',*,*,#3222,.T.);
#4212=ORIENTED_EDGE('',*,*,#4211,.T.);
#4213=EDGE_LOOP('',(#4207,#4208,#4209,#4210,#4212));
#4214=FACE_OUTER_BOUND('',#4213,.F.);
#4215=ADVANCED_FACE('',(#4214),#4206,.F.);
#4216=CARTESIAN_POINT('',(-2.9E0,3.7E0,3.8E0));
#4217=DIRECTION('',(0.E0,1.E0,0.E0));
#4218=DIRECTION('',(1.E0,0.E0,0.E0));
#4219=AXIS2_PLACEMENT_3D('',#4216,#4217,#4218);
#4220=PLANE('',#4219);
#4222=ORIENTED_EDGE('',*,*,#4221,.T.);
#4223=ORIENTED_EDGE('',*,*,#4211,.F.);
#4224=ORIENTED_EDGE('',*,*,#3220,.T.);
#4226=ORIENTED_EDGE('',*,*,#4225,.T.);
#4227=EDGE_LOOP('',(#4222,#4223,#4224,#4226));
#4228=FACE_OUTER_BOUND('',#4227,.F.);
#4229=ADVANCED_FACE('',(#4228),#4220,.F.);
#4230=CARTESIAN_POINT('',(-3.3E0,1.28E1,3.9E0));
#4231=DIRECTION('',(7.071067811865E-1,0.E0,7.071067811865E-1));
#4232=DIRECTION('',(7.071067811865E-1,0.E0,-7.071067811865E-1));
#4233=AXIS2_PLACEMENT_3D('',#4230,#4231,#4232);
#4234=PLANE('',#4233);
#4235=ORIENTED_EDGE('',*,*,#4221,.F.);
#4237=ORIENTED_EDGE('',*,*,#4236,.F.);
#4238=ORIENTED_EDGE('',*,*,#3622,.F.);
#4240=ORIENTED_EDGE('',*,*,#4239,.T.);
#4241=ORIENTED_EDGE('',*,*,#4072,.T.);
#4242=EDGE_LOOP('',(#4235,#4237,#4238,#4240,#4241));
#4243=FACE_OUTER_BOUND('',#4242,.F.);
#4244=ADVANCED_FACE('',(#4243),#4234,.F.);
#4245=CARTESIAN_POINT('',(-2.4E0,1.28E1,3.E0));
#4246=DIRECTION('',(1.E0,0.E0,0.E0));
#4247=DIRECTION('',(0.E0,0.E0,-1.E0));
#4248=AXIS2_PLACEMENT_3D('',#4245,#4246,#4247);
#4249=PLANE('',#4248);
#4250=ORIENTED_EDGE('',*,*,#4236,.T.);
#4251=ORIENTED_EDGE('',*,*,#4225,.F.);
#4252=ORIENTED_EDGE('',*,*,#3218,.T.);
#4254=ORIENTED_EDGE('',*,*,#4253,.T.);
#4255=ORIENTED_EDGE('',*,*,#3015,.F.);
#4256=ORIENTED_EDGE('',*,*,#4082,.T.);
#4258=ORIENTED_EDGE('',*,*,#4257,.F.);
#4259=ORIENTED_EDGE('',*,*,#3624,.F.);
#4260=EDGE_LOOP('',(#4250,#4251,#4252,#4254,#4255,#4256,#4258,#4259));
#4261=FACE_OUTER_BOUND('',#4260,.F.);
#4262=ADVANCED_FACE('',(#4261),#4249,.F.);
#4263=CARTESIAN_POINT('',(-2.4E0,2.7E0,3.8E0));
#4264=DIRECTION('',(0.E0,1.E0,0.E0));
#4265=DIRECTION('',(1.E0,0.E0,0.E0));
#4266=AXIS2_PLACEMENT_3D('',#4263,#4264,#4265);
#4267=PLANE('',#4266);
#4268=ORIENTED_EDGE('',*,*,#3216,.T.);
#4270=ORIENTED_EDGE('',*,*,#4269,.T.);
#4271=ORIENTED_EDGE('',*,*,#3017,.F.);
#4272=ORIENTED_EDGE('',*,*,#4253,.F.);
#4273=EDGE_LOOP('',(#4268,#4270,#4271,#4272));
#4274=FACE_OUTER_BOUND('',#4273,.F.);
#4275=ADVANCED_FACE('',(#4274),#4267,.F.);
#4276=CARTESIAN_POINT('',(-1.8E0,1.28E1,3.E-1));
#4277=DIRECTION('',(-1.E0,0.E0,0.E0));
#4278=DIRECTION('',(0.E0,0.E0,1.E0));
#4279=AXIS2_PLACEMENT_3D('',#4276,#4277,#4278);
#4280=PLANE('',#4279);
#4281=ORIENTED_EDGE('',*,*,#4103,.T.);
#4282=ORIENTED_EDGE('',*,*,#3019,.F.);
#4283=ORIENTED_EDGE('',*,*,#4269,.F.);
#4284=ORIENTED_EDGE('',*,*,#3214,.T.);
#4286=ORIENTED_EDGE('',*,*,#4285,.T.);
#4288=ORIENTED_EDGE('',*,*,#4287,.F.);
#4289=ORIENTED_EDGE('',*,*,#3634,.F.);
#4291=ORIENTED_EDGE('',*,*,#4290,.T.);
#4292=EDGE_LOOP('',(#4281,#4282,#4283,#4284,#4286,#4288,#4289,#4291));
#4293=FACE_OUTER_BOUND('',#4292,.F.);
#4294=ADVANCED_FACE('',(#4293),#4280,.F.);
#4295=CARTESIAN_POINT('',(-1.8E0,3.7E0,3.8E0));
#4296=DIRECTION('',(0.E0,1.E0,0.E0));
#4297=DIRECTION('',(1.E0,0.E0,0.E0));
#4298=AXIS2_PLACEMENT_3D('',#4295,#4296,#4297);
#4299=PLANE('',#4298);
#4301=ORIENTED_EDGE('',*,*,#4300,.F.);
#4302=ORIENTED_EDGE('',*,*,#4285,.F.);
#4303=ORIENTED_EDGE('',*,*,#3212,.T.);
#4305=ORIENTED_EDGE('',*,*,#4304,.T.);
#4306=EDGE_LOOP('',(#4301,#4302,#4303,#4305));
#4307=FACE_OUTER_BOUND('',#4306,.F.);
#4308=ADVANCED_FACE('',(#4307),#4299,.F.);
#4309=CARTESIAN_POINT('',(-1.8E0,1.28E1,3.E0));
#4310=DIRECTION('',(-7.071067811865E-1,0.E0,7.071067811865E-1));
#4311=DIRECTION('',(7.071067811865E-1,0.E0,7.071067811865E-1));
#4312=AXIS2_PLACEMENT_3D('',#4309,#4310,#4311);
#4313=PLANE('',#4312);
#4314=ORIENTED_EDGE('',*,*,#4300,.T.);
#4315=ORIENTED_EDGE('',*,*,#4115,.T.);
#4317=ORIENTED_EDGE('',*,*,#4316,.F.);
#4318=ORIENTED_EDGE('',*,*,#3636,.F.);
#4319=ORIENTED_EDGE('',*,*,#4287,.T.);
#4320=EDGE_LOOP('',(#4314,#4315,#4317,#4318,#4319));
#4321=FACE_OUTER_BOUND('',#4320,.F.);
#4322=ADVANCED_FACE('',(#4321),#4313,.F.);
#4323=CARTESIAN_POINT('',(-9.E-1,1.28E1,3.9E0));
#4324=DIRECTION('',(0.E0,0.E0,1.E0));
#4325=DIRECTION('',(1.E0,0.E0,0.E0));
#4326=AXIS2_PLACEMENT_3D('',#4323,#4324,#4325);
#4327=PLANE('',#4326);
#4328=ORIENTED_EDGE('',*,*,#3638,.F.);
#4329=ORIENTED_EDGE('',*,*,#4316,.T.);
#4330=ORIENTED_EDGE('',*,*,#4113,.T.);
#4332=ORIENTED_EDGE('',*,*,#4331,.F.);
#4333=EDGE_LOOP('',(#4328,#4329,#4330,#4332));
#4334=FACE_OUTER_BOUND('',#4333,.F.);
#4335=ADVANCED_FACE('',(#4334),#4327,.F.);
#4336=CARTESIAN_POINT('',(9.E-1,1.28E1,3.9E0));
#4337=DIRECTION('',(7.071067811865E-1,0.E0,7.071067811865E-1));
#4338=DIRECTION('',(7.071067811865E-1,0.E0,-7.071067811865E-1));
#4339=AXIS2_PLACEMENT_3D('',#4336,#4337,#4338);
#4340=PLANE('',#4339);
#4342=ORIENTED_EDGE('',*,*,#4341,.T.);
#4343=ORIENTED_EDGE('',*,*,#4055,.F.);
#4344=ORIENTED_EDGE('',*,*,#3640,.F.);
#4345=ORIENTED_EDGE('',*,*,#4331,.T.);
#4346=ORIENTED_EDGE('',*,*,#4111,.T.);
#4347=EDGE_LOOP('',(#4342,#4343,#4344,#4345,#4346));
#4348=FACE_OUTER_BOUND('',#4347,.F.);
#4349=ADVANCED_FACE('',(#4348),#4340,.F.);
#4350=CARTESIAN_POINT('',(1.3E0,3.7E0,3.8E0));
#4351=DIRECTION('',(0.E0,1.E0,0.E0));
#4352=DIRECTION('',(1.E0,0.E0,0.E0));
#4353=AXIS2_PLACEMENT_3D('',#4350,#4351,#4352);
#4354=PLANE('',#4353);
#4356=ORIENTED_EDGE('',*,*,#4355,.T.);
#4357=ORIENTED_EDGE('',*,*,#3198,.F.);
#4358=ORIENTED_EDGE('',*,*,#4057,.F.);
#4359=ORIENTED_EDGE('',*,*,#4341,.F.);
#4360=EDGE_LOOP('',(#4356,#4357,#4358,#4359));
#4361=FACE_OUTER_BOUND('',#4360,.F.);
#4362=ADVANCED_FACE('',(#4361),#4354,.F.);
#4363=CARTESIAN_POINT('',(1.3E0,0.E0,3.8E0));
#4364=DIRECTION('',(-1.E0,0.E0,0.E0));
#4365=DIRECTION('',(0.E0,1.E0,0.E0));
#4366=AXIS2_PLACEMENT_3D('',#4363,#4364,#4365);
#4367=PLANE('',#4366);
#4368=ORIENTED_EDGE('',*,*,#3176,.F.);
#4369=ORIENTED_EDGE('',*,*,#4355,.F.);
#4370=ORIENTED_EDGE('',*,*,#4109,.T.);
#4371=ORIENTED_EDGE('',*,*,#3027,.F.);
#4372=ORIENTED_EDGE('',*,*,#3461,.F.);
#4373=EDGE_LOOP('',(#4368,#4369,#4370,#4371,#4372));
#4374=FACE_OUTER_BOUND('',#4373,.F.);
#4375=ADVANCED_FACE('',(#4374),#4367,.F.);
#4376=CARTESIAN_POINT('',(-1.3E0,3.7E0,3.8E0));
#4377=DIRECTION('',(1.E0,0.E0,0.E0));
#4378=DIRECTION('',(0.E0,-1.E0,0.E0));
#4379=AXIS2_PLACEMENT_3D('',#4376,#4377,#4378);
#4380=PLANE('',#4379);
#4381=ORIENTED_EDGE('',*,*,#4117,.F.);
#4382=ORIENTED_EDGE('',*,*,#4304,.F.);
#4383=ORIENTED_EDGE('',*,*,#3210,.T.);
#4384=ORIENTED_EDGE('',*,*,#3464,.T.);
#4385=ORIENTED_EDGE('',*,*,#3023,.F.);
#4386=EDGE_LOOP('',(#4381,#4382,#4383,#4384,#4385));
#4387=FACE_OUTER_BOUND('',#4386,.F.);
#4388=ADVANCED_FACE('',(#4387),#4380,.F.);
#4389=CARTESIAN_POINT('',(1.8E0,1.28E1,3.E-1));
#4390=DIRECTION('',(0.E0,0.E0,-1.E0));
#4391=DIRECTION('',(-1.E0,0.E0,0.E0));
#4392=AXIS2_PLACEMENT_3D('',#4389,#4390,#4391);
#4393=PLANE('',#4392);
#4394=ORIENTED_EDGE('',*,*,#3632,.F.);
#4395=ORIENTED_EDGE('',*,*,#4052,.T.);
#4396=ORIENTED_EDGE('',*,*,#4105,.T.);
#4397=ORIENTED_EDGE('',*,*,#4290,.F.);
#4398=EDGE_LOOP('',(#4394,#4395,#4396,#4397));
#4399=FACE_OUTER_BOUND('',#4398,.F.);
#4400=ADVANCED_FACE('',(#4399),#4393,.F.);
#4401=CARTESIAN_POINT('',(-2.4E0,1.28E1,3.E-1));
#4402=DIRECTION('',(0.E0,0.E0,-1.E0));
#4403=DIRECTION('',(-1.E0,0.E0,0.E0));
#4404=AXIS2_PLACEMENT_3D('',#4401,#4402,#4403);
#4405=PLANE('',#4404);
#4406=ORIENTED_EDGE('',*,*,#3626,.F.);
#4407=ORIENTED_EDGE('',*,*,#4257,.T.);
#4408=ORIENTED_EDGE('',*,*,#4080,.T.);
#4410=ORIENTED_EDGE('',*,*,#4409,.F.);
#4411=EDGE_LOOP('',(#4406,#4407,#4408,#4410));
#4412=FACE_OUTER_BOUND('',#4411,.F.);
#4413=ADVANCED_FACE('',(#4412),#4405,.F.);
#4414=CARTESIAN_POINT('',(-6.E0,1.28E1,3.E-1));
#4415=DIRECTION('',(-1.E0,0.E0,0.E0));
#4416=DIRECTION('',(0.E0,0.E0,1.E0));
#4417=AXIS2_PLACEMENT_3D('',#4414,#4415,#4416);
#4418=PLANE('',#4417);
#4419=ORIENTED_EDGE('',*,*,#3616,.F.);
#4420=ORIENTED_EDGE('',*,*,#4409,.T.);
#4421=ORIENTED_EDGE('',*,*,#4078,.T.);
#4423=ORIENTED_EDGE('',*,*,#4422,.F.);
#4424=EDGE_LOOP('',(#4419,#4420,#4421,#4423));
#4425=FACE_OUTER_BOUND('',#4424,.F.);
#4426=ADVANCED_FACE('',(#4425),#4418,.F.);
#4427=CARTESIAN_POINT('',(-6.E0,1.28E1,3.E0));
#4428=DIRECTION('',(-7.071067811865E-1,0.E0,7.071067811865E-1));
#4429=DIRECTION('',(7.071067811865E-1,0.E0,7.071067811865E-1));
#4430=AXIS2_PLACEMENT_3D('',#4427,#4428,#4429);
#4431=PLANE('',#4430);
#4432=ORIENTED_EDGE('',*,*,#3618,.F.);
#4433=ORIENTED_EDGE('',*,*,#4422,.T.);
#4434=ORIENTED_EDGE('',*,*,#4076,.T.);
#4436=ORIENTED_EDGE('',*,*,#4435,.F.);
#4437=EDGE_LOOP('',(#4432,#4433,#4434,#4436));
#4438=FACE_OUTER_BOUND('',#4437,.F.);
#4439=ADVANCED_FACE('',(#4438),#4431,.F.);
#4440=CARTESIAN_POINT('',(-5.1E0,1.28E1,3.9E0));
#4441=DIRECTION('',(0.E0,0.E0,1.E0));
#4442=DIRECTION('',(1.E0,0.E0,0.E0));
#4443=AXIS2_PLACEMENT_3D('',#4440,#4441,#4442);
#4444=PLANE('',#4443);
#4445=ORIENTED_EDGE('',*,*,#3620,.F.);
#4446=ORIENTED_EDGE('',*,*,#4435,.T.);
#4447=ORIENTED_EDGE('',*,*,#4074,.T.);
#4448=ORIENTED_EDGE('',*,*,#4239,.F.);
#4449=EDGE_LOOP('',(#4445,#4446,#4447,#4448));
#4450=FACE_OUTER_BOUND('',#4449,.F.);
#4451=ADVANCED_FACE('',(#4450),#4444,.F.);
#4452=CARTESIAN_POINT('',(-2.4E0,1.28E1,-3.E-1));
#4453=DIRECTION('',(1.E0,0.E0,0.E0));
#4454=DIRECTION('',(0.E0,0.E0,-1.E0));
#4455=AXIS2_PLACEMENT_3D('',#4452,#4453,#4454);
#4456=PLANE('',#4455);
#4457=ORIENTED_EDGE('',*,*,#4138,.T.);
#4458=ORIENTED_EDGE('',*,*,#3412,.T.);
#4460=ORIENTED_EDGE('',*,*,#4459,.T.);
#4461=ORIENTED_EDGE('',*,*,#3809,.F.);
#4462=ORIENTED_EDGE('',*,*,#4146,.T.);
#4464=ORIENTED_EDGE('',*,*,#4463,.F.);
#4465=ORIENTED_EDGE('',*,*,#3610,.F.);
#4467=ORIENTED_EDGE('',*,*,#4466,.T.);
#4468=EDGE_LOOP('',(#4457,#4458,#4460,#4461,#4462,#4464,#4465,#4467));
#4469=FACE_OUTER_BOUND('',#4468,.F.);
#4470=ADVANCED_FACE('',(#4469),#4456,.F.);
#4471=CARTESIAN_POINT('',(-2.4E0,2.7E0,-5.E-1));
#4472=DIRECTION('',(0.E0,1.E0,0.E0));
#4473=DIRECTION('',(1.E0,0.E0,0.E0));
#4474=AXIS2_PLACEMENT_3D('',#4471,#4472,#4473);
#4475=PLANE('',#4474);
#4476=ORIENTED_EDGE('',*,*,#3410,.T.);
#4478=ORIENTED_EDGE('',*,*,#4477,.T.);
#4479=ORIENTED_EDGE('',*,*,#3811,.F.);
#4480=ORIENTED_EDGE('',*,*,#4459,.F.);
#4481=EDGE_LOOP('',(#4476,#4478,#4479,#4480));
#4482=FACE_OUTER_BOUND('',#4481,.F.);
#4483=ADVANCED_FACE('',(#4482),#4475,.F.);
#4484=CARTESIAN_POINT('',(-1.8E0,1.28E1,-3.9E0));
#4485=DIRECTION('',(-1.E0,0.E0,0.E0));
#4486=DIRECTION('',(0.E0,0.E0,1.E0));
#4487=AXIS2_PLACEMENT_3D('',#4484,#4485,#4486);
#4488=PLANE('',#4487);
#4489=ORIENTED_EDGE('',*,*,#4173,.T.);
#4490=ORIENTED_EDGE('',*,*,#3813,.F.);
#4491=ORIENTED_EDGE('',*,*,#4477,.F.);
#4492=ORIENTED_EDGE('',*,*,#3408,.T.);
#4493=ORIENTED_EDGE('',*,*,#4187,.T.);
#4495=ORIENTED_EDGE('',*,*,#4494,.F.);
#4496=ORIENTED_EDGE('',*,*,#3648,.F.);
#4498=ORIENTED_EDGE('',*,*,#4497,.T.);
#4499=EDGE_LOOP('',(#4489,#4490,#4491,#4492,#4493,#4495,#4496,#4498));
#4500=FACE_OUTER_BOUND('',#4499,.F.);
#4501=ADVANCED_FACE('',(#4500),#4488,.F.);
#4502=CARTESIAN_POINT('',(-1.8E0,1.28E1,-3.E-1));
#4503=DIRECTION('',(0.E0,0.E0,1.E0));
#4504=DIRECTION('',(1.E0,0.E0,0.E0));
#4505=AXIS2_PLACEMENT_3D('',#4502,#4503,#4504);
#4506=PLANE('',#4505);
#4507=ORIENTED_EDGE('',*,*,#3650,.F.);
#4508=ORIENTED_EDGE('',*,*,#4494,.T.);
#4509=ORIENTED_EDGE('',*,*,#4185,.T.);
#4511=ORIENTED_EDGE('',*,*,#4510,.F.);
#4512=EDGE_LOOP('',(#4507,#4508,#4509,#4511));
#4513=FACE_OUTER_BOUND('',#4512,.F.);
#4514=ADVANCED_FACE('',(#4513),#4506,.F.);
#4515=CARTESIAN_POINT('',(1.8E0,3.7E0,-5.E-1));
#4516=DIRECTION('',(1.E0,0.E0,0.E0));
#4517=DIRECTION('',(0.E0,-1.E0,0.E0));
#4518=AXIS2_PLACEMENT_3D('',#4515,#4516,#4517);
#4519=PLANE('',#4518);
#4520=ORIENTED_EDGE('',*,*,#3788,.F.);
#4521=ORIENTED_EDGE('',*,*,#4177,.T.);
#4523=ORIENTED_EDGE('',*,*,#4522,.F.);
#4524=ORIENTED_EDGE('',*,*,#3644,.F.);
#4525=ORIENTED_EDGE('',*,*,#4510,.T.);
#4526=ORIENTED_EDGE('',*,*,#4183,.T.);
#4527=ORIENTED_EDGE('',*,*,#3439,.F.);
#4529=ORIENTED_EDGE('',*,*,#4528,.F.);
#4530=EDGE_LOOP('',(#4520,#4521,#4523,#4524,#4525,#4526,#4527,#4529));
#4531=FACE_OUTER_BOUND('',#4530,.F.);
#4532=ADVANCED_FACE('',(#4531),#4519,.F.);
#4533=CARTESIAN_POINT('',(1.8E0,1.28E1,-3.9E0));
#4534=DIRECTION('',(0.E0,0.E0,-1.E0));
#4535=DIRECTION('',(-1.E0,0.E0,0.E0));
#4536=AXIS2_PLACEMENT_3D('',#4533,#4534,#4535);
#4537=PLANE('',#4536);
#4538=ORIENTED_EDGE('',*,*,#3646,.F.);
#4539=ORIENTED_EDGE('',*,*,#4522,.T.);
#4540=ORIENTED_EDGE('',*,*,#4175,.T.);
#4541=ORIENTED_EDGE('',*,*,#4497,.F.);
#4542=EDGE_LOOP('',(#4538,#4539,#4540,#4541));
#4543=FACE_OUTER_BOUND('',#4542,.F.);
#4544=ADVANCED_FACE('',(#4543),#4537,.F.);
#4545=CARTESIAN_POINT('',(1.8E0,2.7E0,-5.E-1));
#4546=DIRECTION('',(0.E0,1.E0,0.E0));
#4547=DIRECTION('',(1.E0,0.E0,0.E0));
#4548=AXIS2_PLACEMENT_3D('',#4545,#4546,#4547);
#4549=PLANE('',#4548);
#4550=ORIENTED_EDGE('',*,*,#3437,.F.);
#4552=ORIENTED_EDGE('',*,*,#4551,.T.);
#4553=ORIENTED_EDGE('',*,*,#3790,.T.);
#4554=ORIENTED_EDGE('',*,*,#4528,.T.);
#4555=EDGE_LOOP('',(#4550,#4552,#4553,#4554));
#4556=FACE_OUTER_BOUND('',#4555,.F.);
#4557=ADVANCED_FACE('',(#4556),#4549,.F.);
#4558=CARTESIAN_POINT('',(2.4E0,1.28E1,-3.9E0));
#4559=DIRECTION('',(-1.E0,0.E0,0.E0));
#4560=DIRECTION('',(0.E0,0.E0,1.E0));
#4561=AXIS2_PLACEMENT_3D('',#4558,#4559,#4560);
#4562=PLANE('',#4561);
#4563=ORIENTED_EDGE('',*,*,#3987,.T.);
#4564=ORIENTED_EDGE('',*,*,#3792,.F.);
#4565=ORIENTED_EDGE('',*,*,#4551,.F.);
#4566=ORIENTED_EDGE('',*,*,#3435,.F.);
#4568=ORIENTED_EDGE('',*,*,#4567,.F.);
#4570=ORIENTED_EDGE('',*,*,#4569,.F.);
#4571=ORIENTED_EDGE('',*,*,#3596,.F.);
#4573=ORIENTED_EDGE('',*,*,#4572,.T.);
#4574=EDGE_LOOP('',(#4563,#4564,#4565,#4566,#4568,#4570,#4571,#4573));
#4575=FACE_OUTER_BOUND('',#4574,.F.);
#4576=ADVANCED_FACE('',(#4575),#4562,.F.);
#4577=CARTESIAN_POINT('',(2.4E0,3.7E0,-5.E-1));
#4578=DIRECTION('',(0.E0,1.E0,0.E0));
#4579=DIRECTION('',(1.E0,0.E0,0.E0));
#4580=AXIS2_PLACEMENT_3D('',#4577,#4578,#4579);
#4581=PLANE('',#4580);
#4582=ORIENTED_EDGE('',*,*,#4567,.T.);
#4583=ORIENTED_EDGE('',*,*,#3433,.F.);
#4585=ORIENTED_EDGE('',*,*,#4584,.T.);
#4587=ORIENTED_EDGE('',*,*,#4586,.F.);
#4588=EDGE_LOOP('',(#4582,#4583,#4585,#4587));
#4589=FACE_OUTER_BOUND('',#4588,.F.);
#4590=ADVANCED_FACE('',(#4589),#4581,.F.);
#4591=CARTESIAN_POINT('',(2.9E0,3.7E0,-5.E-1));
#4592=DIRECTION('',(1.E0,0.E0,0.E0));
#4593=DIRECTION('',(0.E0,-1.E0,0.E0));
#4594=AXIS2_PLACEMENT_3D('',#4591,#4592,#4593);
#4595=PLANE('',#4594);
#4596=ORIENTED_EDGE('',*,*,#3984,.F.);
#4597=ORIENTED_EDGE('',*,*,#4584,.F.);
#4598=ORIENTED_EDGE('',*,*,#3431,.F.);
#4599=ORIENTED_EDGE('',*,*,#3896,.T.);
#4600=ORIENTED_EDGE('',*,*,#3774,.F.);
#4601=EDGE_LOOP('',(#4596,#4597,#4598,#4599,#4600));
#4602=FACE_OUTER_BOUND('',#4601,.F.);
#4603=ADVANCED_FACE('',(#4602),#4595,.F.);
#4604=CARTESIAN_POINT('',(2.4E0,1.28E1,-1.2E0));
#4605=DIRECTION('',(-7.071067811865E-1,0.E0,7.071067811865E-1));
#4606=DIRECTION('',(7.071067811865E-1,0.E0,7.071067811865E-1));
#4607=AXIS2_PLACEMENT_3D('',#4604,#4605,#4606);
#4608=PLANE('',#4607);
#4609=ORIENTED_EDGE('',*,*,#4586,.T.);
#4610=ORIENTED_EDGE('',*,*,#3997,.T.);
#4612=ORIENTED_EDGE('',*,*,#4611,.F.);
#4613=ORIENTED_EDGE('',*,*,#3598,.F.);
#4614=ORIENTED_EDGE('',*,*,#4569,.T.);
#4615=EDGE_LOOP('',(#4609,#4610,#4612,#4613,#4614));
#4616=FACE_OUTER_BOUND('',#4615,.F.);
#4617=ADVANCED_FACE('',(#4616),#4608,.F.);
#4618=CARTESIAN_POINT('',(3.3E0,1.28E1,-3.E-1));
#4619=DIRECTION('',(0.E0,0.E0,1.E0));
#4620=DIRECTION('',(1.E0,0.E0,0.E0));
#4621=AXIS2_PLACEMENT_3D('',#4618,#4619,#4620);
#4622=PLANE('',#4621);
#4623=ORIENTED_EDGE('',*,*,#3600,.F.);
#4624=ORIENTED_EDGE('',*,*,#4611,.T.);
#4625=ORIENTED_EDGE('',*,*,#3995,.T.);
#4627=ORIENTED_EDGE('',*,*,#4626,.F.);
#4628=EDGE_LOOP('',(#4623,#4624,#4625,#4627));
#4629=FACE_OUTER_BOUND('',#4628,.F.);
#4630=ADVANCED_FACE('',(#4629),#4622,.F.);
#4631=CARTESIAN_POINT('',(5.1E0,1.28E1,-3.E-1));
#4632=DIRECTION('',(7.071067811865E-1,0.E0,7.071067811865E-1));
#4633=DIRECTION('',(7.071067811865E-1,0.E0,-7.071067811865E-1));
#4634=AXIS2_PLACEMENT_3D('',#4631,#4632,#4633);
#4635=PLANE('',#4634);
#4636=ORIENTED_EDGE('',*,*,#3602,.F.);
#4637=ORIENTED_EDGE('',*,*,#4626,.T.);
#4638=ORIENTED_EDGE('',*,*,#3993,.T.);
#4640=ORIENTED_EDGE('',*,*,#4639,.F.);
#4641=EDGE_LOOP('',(#4636,#4637,#4638,#4640));
#4642=FACE_OUTER_BOUND('',#4641,.F.);
#4643=ADVANCED_FACE('',(#4642),#4635,.F.);
#4644=CARTESIAN_POINT('',(6.E0,1.28E1,-1.2E0));
#4645=DIRECTION('',(1.E0,0.E0,0.E0));
#4646=DIRECTION('',(0.E0,0.E0,-1.E0));
#4647=AXIS2_PLACEMENT_3D('',#4644,#4645,#4646);
#4648=PLANE('',#4647);
#4649=ORIENTED_EDGE('',*,*,#3592,.F.);
#4650=ORIENTED_EDGE('',*,*,#4639,.T.);
#4651=ORIENTED_EDGE('',*,*,#3991,.T.);
#4653=ORIENTED_EDGE('',*,*,#4652,.F.);
#4654=EDGE_LOOP('',(#4649,#4650,#4651,#4653));
#4655=FACE_OUTER_BOUND('',#4654,.F.);
#4656=ADVANCED_FACE('',(#4655),#4648,.F.);
#4657=CARTESIAN_POINT('',(6.E0,1.28E1,-3.9E0));
#4658=DIRECTION('',(0.E0,0.E0,-1.E0));
#4659=DIRECTION('',(-1.E0,0.E0,0.E0));
#4660=AXIS2_PLACEMENT_3D('',#4657,#4658,#4659);
#4661=PLANE('',#4660);
#4662=ORIENTED_EDGE('',*,*,#3594,.F.);
#4663=ORIENTED_EDGE('',*,*,#4652,.T.);
#4664=ORIENTED_EDGE('',*,*,#3989,.T.);
#4665=ORIENTED_EDGE('',*,*,#4572,.F.);
#4666=EDGE_LOOP('',(#4662,#4663,#4664,#4665));
#4667=FACE_OUTER_BOUND('',#4666,.F.);
#4668=ADVANCED_FACE('',(#4667),#4661,.F.);
#4669=CARTESIAN_POINT('',(-2.4E0,1.28E1,-3.9E0));
#4670=DIRECTION('',(0.E0,0.E0,-1.E0));
#4671=DIRECTION('',(-1.E0,0.E0,0.E0));
#4672=AXIS2_PLACEMENT_3D('',#4669,#4670,#4671);
#4673=PLANE('',#4672);
#4674=ORIENTED_EDGE('',*,*,#3612,.F.);
#4675=ORIENTED_EDGE('',*,*,#4463,.T.);
#4676=ORIENTED_EDGE('',*,*,#4144,.T.);
#4678=ORIENTED_EDGE('',*,*,#4677,.F.);
#4679=EDGE_LOOP('',(#4674,#4675,#4676,#4678));
#4680=FACE_OUTER_BOUND('',#4679,.F.);
#4681=ADVANCED_FACE('',(#4680),#4673,.F.);
#4682=CARTESIAN_POINT('',(-6.E0,1.28E1,-3.9E0));
#4683=DIRECTION('',(-1.E0,0.E0,0.E0));
#4684=DIRECTION('',(0.E0,0.E0,1.E0));
#4685=AXIS2_PLACEMENT_3D('',#4682,#4683,#4684);
#4686=PLANE('',#4685);
#4687=ORIENTED_EDGE('',*,*,#3606,.F.);
#4688=ORIENTED_EDGE('',*,*,#4677,.T.);
#4689=ORIENTED_EDGE('',*,*,#4142,.T.);
#4691=ORIENTED_EDGE('',*,*,#4690,.F.);
#4692=EDGE_LOOP('',(#4687,#4688,#4689,#4691));
#4693=FACE_OUTER_BOUND('',#4692,.F.);
#4694=ADVANCED_FACE('',(#4693),#4686,.F.);
#4695=CARTESIAN_POINT('',(-6.E0,1.28E1,-3.E-1));
#4696=DIRECTION('',(0.E0,0.E0,1.E0));
#4697=DIRECTION('',(1.E0,0.E0,0.E0));
#4698=AXIS2_PLACEMENT_3D('',#4695,#4696,#4697);
#4699=PLANE('',#4698);
#4700=ORIENTED_EDGE('',*,*,#3608,.F.);
#4701=ORIENTED_EDGE('',*,*,#4690,.T.);
#4702=ORIENTED_EDGE('',*,*,#4140,.T.);
#4703=ORIENTED_EDGE('',*,*,#4466,.F.);
#4704=EDGE_LOOP('',(#4700,#4701,#4702,#4703));
#4705=FACE_OUTER_BOUND('',#4704,.F.);
#4706=ADVANCED_FACE('',(#4705),#4699,.F.);
#4707=CARTESIAN_POINT('',(-2.9E0,0.E0,-5.E-1));
#4708=DIRECTION('',(-1.E0,0.E0,0.E0));
#4709=DIRECTION('',(0.E0,1.E0,0.E0));
#4710=AXIS2_PLACEMENT_3D('',#4707,#4708,#4709);
#4711=PLANE('',#4710);
#4712=ORIENTED_EDGE('',*,*,#4149,.T.);
#4713=ORIENTED_EDGE('',*,*,#3805,.F.);
#4714=ORIENTED_EDGE('',*,*,#3109,.F.);
#4715=ORIENTED_EDGE('',*,*,#3416,.T.);
#4716=EDGE_LOOP('',(#4712,#4713,#4714,#4715));
#4717=FACE_OUTER_BOUND('',#4716,.F.);
#4718=ADVANCED_FACE('',(#4717),#4711,.F.);
#4719=CARTESIAN_POINT('',(-1.3E0,3.7E0,-5.E-1));
#4720=DIRECTION('',(1.E0,0.E0,0.E0));
#4721=DIRECTION('',(0.E0,-1.E0,0.E0));
#4722=AXIS2_PLACEMENT_3D('',#4719,#4720,#4721);
#4723=PLANE('',#4722);
#4724=ORIENTED_EDGE('',*,*,#4170,.F.);
#4725=ORIENTED_EDGE('',*,*,#3404,.T.);
#4726=ORIENTED_EDGE('',*,*,#3486,.T.);
#4727=ORIENTED_EDGE('',*,*,#3817,.F.);
#4728=EDGE_LOOP('',(#4724,#4725,#4726,#4727));
#4729=FACE_OUTER_BOUND('',#4728,.F.);
#4730=ADVANCED_FACE('',(#4729),#4723,.F.);
#4731=CARTESIAN_POINT('',(1.3E0,0.E0,-5.E-1));
#4732=DIRECTION('',(-1.E0,0.E0,0.E0));
#4733=DIRECTION('',(0.E0,1.E0,0.E0));
#4734=AXIS2_PLACEMENT_3D('',#4731,#4732,#4733);
#4735=PLANE('',#4734);
#4736=ORIENTED_EDGE('',*,*,#4180,.T.);
#4737=ORIENTED_EDGE('',*,*,#3784,.F.);
#4738=ORIENTED_EDGE('',*,*,#3489,.F.);
#4739=ORIENTED_EDGE('',*,*,#3443,.F.);
#4740=EDGE_LOOP('',(#4736,#4737,#4738,#4739));
#4741=FACE_OUTER_BOUND('',#4740,.F.);
#4742=ADVANCED_FACE('',(#4741),#4735,.F.);
#4743=CARTESIAN_POINT('',(5.7E-1,0.E0,5.E-1));
#4744=DIRECTION('',(-1.E0,0.E0,0.E0));
#4745=DIRECTION('',(0.E0,-1.E0,0.E0));
#4746=AXIS2_PLACEMENT_3D('',#4743,#4744,#4745);
#4747=PLANE('',#4746);
#4748=ORIENTED_EDGE('',*,*,#4191,.F.);
#4750=ORIENTED_EDGE('',*,*,#4749,.T.);
#4752=ORIENTED_EDGE('',*,*,#4751,.T.);
#4754=ORIENTED_EDGE('',*,*,#4753,.T.);
#4756=ORIENTED_EDGE('',*,*,#4755,.T.);
#4757=EDGE_LOOP('',(#4748,#4750,#4752,#4754,#4756));
#4758=FACE_OUTER_BOUND('',#4757,.F.);
#4759=ADVANCED_FACE('',(#4758),#4747,.F.);
#4760=CARTESIAN_POINT('',(5.7E-1,0.E0,5.E-1));
#4761=DIRECTION('',(-1.E0,0.E0,0.E0));
#4762=DIRECTION('',(0.E0,-1.E0,0.E0));
#4763=AXIS2_PLACEMENT_3D('',#4760,#4761,#4762);
#4764=PLANE('',#4763);
#4765=ORIENTED_EDGE('',*,*,#4121,.F.);
#4767=ORIENTED_EDGE('',*,*,#4766,.T.);
#4769=ORIENTED_EDGE('',*,*,#4768,.T.);
#4771=ORIENTED_EDGE('',*,*,#4770,.T.);
#4773=ORIENTED_EDGE('',*,*,#4772,.T.);
#4774=EDGE_LOOP('',(#4765,#4767,#4769,#4771,#4773));
#4775=FACE_OUTER_BOUND('',#4774,.F.);
#4776=ADVANCED_FACE('',(#4775),#4764,.F.);
#4777=CARTESIAN_POINT('',(5.7E-1,0.E0,5.E-1));
#4778=DIRECTION('',(-1.E0,0.E0,0.E0));
#4779=DIRECTION('',(0.E0,-1.E0,0.E0));
#4780=AXIS2_PLACEMENT_3D('',#4777,#4778,#4779);
#4781=PLANE('',#4780);
#4782=ORIENTED_EDGE('',*,*,#3501,.F.);
#4784=ORIENTED_EDGE('',*,*,#4783,.T.);
#4786=ORIENTED_EDGE('',*,*,#4785,.T.);
#4788=ORIENTED_EDGE('',*,*,#4787,.T.);
#4790=ORIENTED_EDGE('',*,*,#4789,.T.);
#4791=EDGE_LOOP('',(#4782,#4784,#4786,#4788,#4790));
#4792=FACE_OUTER_BOUND('',#4791,.F.);
#4793=ADVANCED_FACE('',(#4792),#4781,.F.);
#4794=CARTESIAN_POINT('',(5.7E-1,0.E0,5.E-1));
#4795=DIRECTION('',(-1.E0,0.E0,0.E0));
#4796=DIRECTION('',(0.E0,-1.E0,0.E0));
#4797=AXIS2_PLACEMENT_3D('',#4794,#4795,#4796);
#4798=PLANE('',#4797);
#4799=ORIENTED_EDGE('',*,*,#3468,.F.);
#4801=ORIENTED_EDGE('',*,*,#4800,.T.);
#4803=ORIENTED_EDGE('',*,*,#4802,.T.);
#4805=ORIENTED_EDGE('',*,*,#4804,.T.);
#4807=ORIENTED_EDGE('',*,*,#4806,.T.);
#4808=EDGE_LOOP('',(#4799,#4801,#4803,#4805,#4807));
#4809=FACE_OUTER_BOUND('',#4808,.F.);
#4810=ADVANCED_FACE('',(#4809),#4798,.F.);
#4811=CARTESIAN_POINT('',(5.7E-1,3.7E0,-1.71E0));
#4812=DIRECTION('',(0.E0,0.E0,1.E0));
#4813=DIRECTION('',(0.E0,1.E0,0.E0));
#4814=AXIS2_PLACEMENT_3D('',#4811,#4812,#4813);
#4815=PLANE('',#4814);
#4816=ORIENTED_EDGE('',*,*,#4197,.T.);
#4818=ORIENTED_EDGE('',*,*,#4817,.T.);
#4820=ORIENTED_EDGE('',*,*,#4819,.F.);
#4821=ORIENTED_EDGE('',*,*,#4749,.F.);
#4822=EDGE_LOOP('',(#4816,#4818,#4820,#4821));
#4823=FACE_OUTER_BOUND('',#4822,.F.);
#4824=ADVANCED_FACE('',(#4823),#4815,.T.);
#4825=CARTESIAN_POINT('',(-5.7E-1,0.E0,5.E-1));
#4826=DIRECTION('',(-1.E0,0.E0,0.E0));
#4827=DIRECTION('',(0.E0,-1.E0,0.E0));
#4828=AXIS2_PLACEMENT_3D('',#4825,#4826,#4827);
#4829=PLANE('',#4828);
#4830=ORIENTED_EDGE('',*,*,#4195,.F.);
#4832=ORIENTED_EDGE('',*,*,#4831,.F.);
#4834=ORIENTED_EDGE('',*,*,#4833,.F.);
#4836=ORIENTED_EDGE('',*,*,#4835,.F.);
#4837=ORIENTED_EDGE('',*,*,#4817,.F.);
#4838=EDGE_LOOP('',(#4830,#4832,#4834,#4836,#4837));
#4839=FACE_OUTER_BOUND('',#4838,.F.);
#4840=ADVANCED_FACE('',(#4839),#4829,.T.);
#4841=CARTESIAN_POINT('',(-5.7E-1,0.E0,5.E-1));
#4842=DIRECTION('',(-1.E0,0.E0,0.E0));
#4843=DIRECTION('',(0.E0,-1.E0,0.E0));
#4844=AXIS2_PLACEMENT_3D('',#4841,#4842,#4843);
#4845=PLANE('',#4844);
#4846=ORIENTED_EDGE('',*,*,#4125,.F.);
#4848=ORIENTED_EDGE('',*,*,#4847,.F.);
#4850=ORIENTED_EDGE('',*,*,#4849,.F.);
#4852=ORIENTED_EDGE('',*,*,#4851,.F.);
#4854=ORIENTED_EDGE('',*,*,#4853,.F.);
#4855=EDGE_LOOP('',(#4846,#4848,#4850,#4852,#4854));
#4856=FACE_OUTER_BOUND('',#4855,.F.);
#4857=ADVANCED_FACE('',(#4856),#4845,.T.);
#4858=CARTESIAN_POINT('',(-5.7E-1,0.E0,5.E-1));
#4859=DIRECTION('',(-1.E0,0.E0,0.E0));
#4860=DIRECTION('',(0.E0,-1.E0,0.E0));
#4861=AXIS2_PLACEMENT_3D('',#4858,#4859,#4860);
#4862=PLANE('',#4861);
#4863=ORIENTED_EDGE('',*,*,#3505,.T.);
#4865=ORIENTED_EDGE('',*,*,#4864,.F.);
#4867=ORIENTED_EDGE('',*,*,#4866,.F.);
#4869=ORIENTED_EDGE('',*,*,#4868,.F.);
#4871=ORIENTED_EDGE('',*,*,#4870,.F.);
#4872=EDGE_LOOP('',(#4863,#4865,#4867,#4869,#4871));
#4873=FACE_OUTER_BOUND('',#4872,.F.);
#4874=ADVANCED_FACE('',(#4873),#4862,.T.);
#4875=CARTESIAN_POINT('',(-5.7E-1,0.E0,5.E-1));
#4876=DIRECTION('',(-1.E0,0.E0,0.E0));
#4877=DIRECTION('',(0.E0,-1.E0,0.E0));
#4878=AXIS2_PLACEMENT_3D('',#4875,#4876,#4877);
#4879=PLANE('',#4878);
#4880=ORIENTED_EDGE('',*,*,#3472,.T.);
#4882=ORIENTED_EDGE('',*,*,#4881,.F.);
#4884=ORIENTED_EDGE('',*,*,#4883,.F.);
#4886=ORIENTED_EDGE('',*,*,#4885,.F.);
#4888=ORIENTED_EDGE('',*,*,#4887,.F.);
#4889=EDGE_LOOP('',(#4880,#4882,#4884,#4886,#4888));
#4890=FACE_OUTER_BOUND('',#4889,.F.);
#4891=ADVANCED_FACE('',(#4890),#4879,.T.);
#4892=CARTESIAN_POINT('',(5.7E-1,4.3E0,-2.85E0));
#4893=DIRECTION('',(0.E0,5.547001962252E-1,-8.320502943378E-1));
#4894=DIRECTION('',(0.E0,-8.320502943378E-1,-5.547001962252E-1));
#4895=AXIS2_PLACEMENT_3D('',#4892,#4893,#4894);
#4896=PLANE('',#4895);
#4897=ORIENTED_EDGE('',*,*,#4193,.F.);
#4898=ORIENTED_EDGE('',*,*,#4755,.F.);
#4900=ORIENTED_EDGE('',*,*,#4899,.T.);
#4901=ORIENTED_EDGE('',*,*,#4831,.T.);
#4902=EDGE_LOOP('',(#4897,#4898,#4900,#4901));
#4903=FACE_OUTER_BOUND('',#4902,.F.);
#4904=ADVANCED_FACE('',(#4903),#4896,.T.);
#4905=CARTESIAN_POINT('',(5.7E-1,9.2E0,-2.85E0));
#4906=DIRECTION('',(0.E0,0.E0,-1.E0));
#4907=DIRECTION('',(0.E0,-1.E0,0.E0));
#4908=AXIS2_PLACEMENT_3D('',#4905,#4906,#4907);
#4909=PLANE('',#4908);
#4910=ORIENTED_EDGE('',*,*,#4753,.F.);
#4912=ORIENTED_EDGE('',*,*,#4911,.T.);
#4913=ORIENTED_EDGE('',*,*,#4833,.T.);
#4914=ORIENTED_EDGE('',*,*,#4899,.F.);
#4915=EDGE_LOOP('',(#4910,#4912,#4913,#4914));
#4916=FACE_OUTER_BOUND('',#4915,.F.);
#4917=ADVANCED_FACE('',(#4916),#4909,.T.);
#4918=CARTESIAN_POINT('',(5.7E-1,9.2E0,-1.71E0));
#4919=DIRECTION('',(0.E0,1.E0,0.E0));
#4920=DIRECTION('',(0.E0,0.E0,-1.E0));
#4921=AXIS2_PLACEMENT_3D('',#4918,#4919,#4920);
#4922=PLANE('',#4921);
#4923=ORIENTED_EDGE('',*,*,#4751,.F.);
#4924=ORIENTED_EDGE('',*,*,#4819,.T.);
#4925=ORIENTED_EDGE('',*,*,#4835,.T.);
#4926=ORIENTED_EDGE('',*,*,#4911,.F.);
#4927=EDGE_LOOP('',(#4923,#4924,#4925,#4926));
#4928=FACE_OUTER_BOUND('',#4927,.F.);
#4929=ADVANCED_FACE('',(#4928),#4922,.T.);
#4930=CARTESIAN_POINT('',(5.7E-1,9.2E0,1.31E0));
#4931=DIRECTION('',(0.E0,0.E0,-1.E0));
#4932=DIRECTION('',(0.E0,-1.E0,0.E0));
#4933=AXIS2_PLACEMENT_3D('',#4930,#4931,#4932);
#4934=PLANE('',#4933);
#4935=ORIENTED_EDGE('',*,*,#4123,.F.);
#4936=ORIENTED_EDGE('',*,*,#4772,.F.);
#4938=ORIENTED_EDGE('',*,*,#4937,.T.);
#4939=ORIENTED_EDGE('',*,*,#4847,.T.);
#4940=EDGE_LOOP('',(#4935,#4936,#4938,#4939));
#4941=FACE_OUTER_BOUND('',#4940,.F.);
#4942=ADVANCED_FACE('',(#4941),#4934,.T.);
#4943=CARTESIAN_POINT('',(5.7E-1,9.2E0,2.45E0));
#4944=DIRECTION('',(0.E0,1.E0,0.E0));
#4945=DIRECTION('',(0.E0,0.E0,-1.E0));
#4946=AXIS2_PLACEMENT_3D('',#4943,#4944,#4945);
#4947=PLANE('',#4946);
#4948=ORIENTED_EDGE('',*,*,#4770,.F.);
#4950=ORIENTED_EDGE('',*,*,#4949,.T.);
#4951=ORIENTED_EDGE('',*,*,#4849,.T.);
#4952=ORIENTED_EDGE('',*,*,#4937,.F.);
#4953=EDGE_LOOP('',(#4948,#4950,#4951,#4952));
#4954=FACE_OUTER_BOUND('',#4953,.F.);
#4955=ADVANCED_FACE('',(#4954),#4947,.T.);
#4956=CARTESIAN_POINT('',(5.7E-1,4.3E0,2.45E0));
#4957=DIRECTION('',(0.E0,0.E0,1.E0));
#4958=DIRECTION('',(0.E0,1.E0,0.E0));
#4959=AXIS2_PLACEMENT_3D('',#4956,#4957,#4958);
#4960=PLANE('',#4959);
#4961=ORIENTED_EDGE('',*,*,#4768,.F.);
#4963=ORIENTED_EDGE('',*,*,#4962,.T.);
#4964=ORIENTED_EDGE('',*,*,#4851,.T.);
#4965=ORIENTED_EDGE('',*,*,#4949,.F.);
#4966=EDGE_LOOP('',(#4961,#4963,#4964,#4965));
#4967=FACE_OUTER_BOUND('',#4966,.F.);
#4968=ADVANCED_FACE('',(#4967),#4960,.T.);
#4969=CARTESIAN_POINT('',(5.7E-1,3.7E0,2.85E0));
#4970=DIRECTION('',(0.E0,5.547001962252E-1,8.320502943378E-1));
#4971=DIRECTION('',(0.E0,8.320502943378E-1,-5.547001962252E-1));
#4972=AXIS2_PLACEMENT_3D('',#4969,#4970,#4971);
#4973=PLANE('',#4972);
#4974=ORIENTED_EDGE('',*,*,#4127,.T.);
#4975=ORIENTED_EDGE('',*,*,#4853,.T.);
#4976=ORIENTED_EDGE('',*,*,#4962,.F.);
#4977=ORIENTED_EDGE('',*,*,#4766,.F.);
#4978=EDGE_LOOP('',(#4974,#4975,#4976,#4977));
#4979=FACE_OUTER_BOUND('',#4978,.F.);
#4980=ADVANCED_FACE('',(#4979),#4973,.T.);
#4981=CARTESIAN_POINT('',(5.7E-1,-2.23E0,-2.65E0));
#4982=DIRECTION('',(0.E0,0.E0,1.E0));
#4983=DIRECTION('',(0.E0,1.E0,0.E0));
#4984=AXIS2_PLACEMENT_3D('',#4981,#4982,#4983);
#4985=PLANE('',#4984);
#4986=ORIENTED_EDGE('',*,*,#3503,.F.);
#4987=ORIENTED_EDGE('',*,*,#4789,.F.);
#4989=ORIENTED_EDGE('',*,*,#4988,.T.);
#4990=ORIENTED_EDGE('',*,*,#4864,.T.);
#4991=EDGE_LOOP('',(#4986,#4987,#4989,#4990));
#4992=FACE_OUTER_BOUND('',#4991,.F.);
#4993=ADVANCED_FACE('',(#4992),#4985,.T.);
#4994=CARTESIAN_POINT('',(5.7E-1,-3.5E0,-3.1E0));
#4995=DIRECTION('',(0.E0,-3.339845278860E-1,9.425785564783E-1));
#4996=DIRECTION('',(0.E0,9.425785564783E-1,3.339845278860E-1));
#4997=AXIS2_PLACEMENT_3D('',#4994,#4995,#4996);
#4998=PLANE('',#4997);
#4999=ORIENTED_EDGE('',*,*,#4787,.F.);
#5001=ORIENTED_EDGE('',*,*,#5000,.T.);
#5002=ORIENTED_EDGE('',*,*,#4866,.T.);
#5003=ORIENTED_EDGE('',*,*,#4988,.F.);
#5004=EDGE_LOOP('',(#4999,#5001,#5002,#5003));
#5005=FACE_OUTER_BOUND('',#5004,.F.);
#5006=ADVANCED_FACE('',(#5005),#4998,.T.);
#5007=CARTESIAN_POINT('',(5.7E-1,-3.5E0,-3.25E0));
#5008=DIRECTION('',(0.E0,-1.E0,0.E0));
#5009=DIRECTION('',(0.E0,0.E0,1.E0));
#5010=AXIS2_PLACEMENT_3D('',#5007,#5008,#5009);
#5011=PLANE('',#5010);
#5012=ORIENTED_EDGE('',*,*,#4785,.F.);
#5014=ORIENTED_EDGE('',*,*,#5013,.T.);
#5015=ORIENTED_EDGE('',*,*,#4868,.T.);
#5016=ORIENTED_EDGE('',*,*,#5000,.F.);
#5017=EDGE_LOOP('',(#5012,#5014,#5015,#5016));
#5018=FACE_OUTER_BOUND('',#5017,.F.);
#5019=ADVANCED_FACE('',(#5018),#5011,.T.);
#5020=CARTESIAN_POINT('',(5.7E-1,3.7E0,-3.25E0));
#5021=DIRECTION('',(0.E0,0.E0,-1.E0));
#5022=DIRECTION('',(0.E0,-1.E0,0.E0));
#5023=AXIS2_PLACEMENT_3D('',#5020,#5021,#5022);
#5024=PLANE('',#5023);
#5025=ORIENTED_EDGE('',*,*,#3507,.T.);
#5026=ORIENTED_EDGE('',*,*,#4870,.T.);
#5027=ORIENTED_EDGE('',*,*,#5013,.F.);
#5028=ORIENTED_EDGE('',*,*,#4783,.F.);
#5029=EDGE_LOOP('',(#5025,#5026,#5027,#5028));
#5030=FACE_OUTER_BOUND('',#5029,.F.);
#5031=ADVANCED_FACE('',(#5030),#5024,.T.);
#5032=CARTESIAN_POINT('',(5.7E-1,-3.5E0,2.85E0));
#5033=DIRECTION('',(0.E0,0.E0,1.E0));
#5034=DIRECTION('',(0.E0,1.E0,0.E0));
#5035=AXIS2_PLACEMENT_3D('',#5032,#5033,#5034);
#5036=PLANE('',#5035);
#5037=ORIENTED_EDGE('',*,*,#3470,.F.);
#5038=ORIENTED_EDGE('',*,*,#4806,.F.);
#5040=ORIENTED_EDGE('',*,*,#5039,.T.);
#5041=ORIENTED_EDGE('',*,*,#4881,.T.);
#5042=EDGE_LOOP('',(#5037,#5038,#5040,#5041));
#5043=FACE_OUTER_BOUND('',#5042,.F.);
#5044=ADVANCED_FACE('',(#5043),#5036,.T.);
#5045=CARTESIAN_POINT('',(5.7E-1,-3.5E0,2.7E0));
#5046=DIRECTION('',(0.E0,-1.E0,0.E0));
#5047=DIRECTION('',(0.E0,0.E0,1.E0));
#5048=AXIS2_PLACEMENT_3D('',#5045,#5046,#5047);
#5049=PLANE('',#5048);
#5050=ORIENTED_EDGE('',*,*,#4804,.F.);
#5052=ORIENTED_EDGE('',*,*,#5051,.T.);
#5053=ORIENTED_EDGE('',*,*,#4883,.T.);
#5054=ORIENTED_EDGE('',*,*,#5039,.F.);
#5055=EDGE_LOOP('',(#5050,#5052,#5053,#5054));
#5056=FACE_OUTER_BOUND('',#5055,.F.);
#5057=ADVANCED_FACE('',(#5056),#5049,.T.);
#5058=CARTESIAN_POINT('',(5.7E-1,-2.23E0,2.25E0));
#5059=DIRECTION('',(0.E0,-3.339845278860E-1,-9.425785564783E-1));
#5060=DIRECTION('',(0.E0,-9.425785564783E-1,3.339845278860E-1));
#5061=AXIS2_PLACEMENT_3D('',#5058,#5059,#5060);
#5062=PLANE('',#5061);
#5063=ORIENTED_EDGE('',*,*,#4802,.F.);
#5065=ORIENTED_EDGE('',*,*,#5064,.T.);
#5066=ORIENTED_EDGE('',*,*,#4885,.T.);
#5067=ORIENTED_EDGE('',*,*,#5051,.F.);
#5068=EDGE_LOOP('',(#5063,#5065,#5066,#5067));
#5069=FACE_OUTER_BOUND('',#5068,.F.);
#5070=ADVANCED_FACE('',(#5069),#5062,.T.);
#5071=CARTESIAN_POINT('',(5.7E-1,3.7E0,2.25E0));
#5072=DIRECTION('',(0.E0,0.E0,-1.E0));
#5073=DIRECTION('',(0.E0,-1.E0,0.E0));
#5074=AXIS2_PLACEMENT_3D('',#5071,#5072,#5073);
#5075=PLANE('',#5074);
#5076=ORIENTED_EDGE('',*,*,#3474,.T.);
#5077=ORIENTED_EDGE('',*,*,#4887,.T.);
#5078=ORIENTED_EDGE('',*,*,#5064,.F.);
#5079=ORIENTED_EDGE('',*,*,#4800,.F.);
#5080=EDGE_LOOP('',(#5076,#5077,#5078,#5079));
#5081=FACE_OUTER_BOUND('',#5080,.F.);
#5082=ADVANCED_FACE('',(#5081),#5075,.T.);
#5083=CARTESIAN_POINT('',(-3.63E0,0.E0,5.E-1));
#5084=DIRECTION('',(-1.E0,0.E0,0.E0));
#5085=DIRECTION('',(0.E0,-1.E0,0.E0));
#5086=AXIS2_PLACEMENT_3D('',#5083,#5084,#5085);
#5087=PLANE('',#5086);
#5088=ORIENTED_EDGE('',*,*,#4153,.F.);
#5090=ORIENTED_EDGE('',*,*,#5089,.T.);
#5092=ORIENTED_EDGE('',*,*,#5091,.T.);
#5094=ORIENTED_EDGE('',*,*,#5093,.T.);
#5096=ORIENTED_EDGE('',*,*,#5095,.T.);
#5097=EDGE_LOOP('',(#5088,#5090,#5092,#5094,#5096));
#5098=FACE_OUTER_BOUND('',#5097,.F.);
#5099=ADVANCED_FACE('',(#5098),#5087,.F.);
#5100=CARTESIAN_POINT('',(-3.63E0,0.E0,5.E-1));
#5101=DIRECTION('',(-1.E0,0.E0,0.E0));
#5102=DIRECTION('',(0.E0,-1.E0,0.E0));
#5103=AXIS2_PLACEMENT_3D('',#5100,#5101,#5102);
#5104=PLANE('',#5103);
#5105=ORIENTED_EDGE('',*,*,#4086,.F.);
#5107=ORIENTED_EDGE('',*,*,#5106,.T.);
#5109=ORIENTED_EDGE('',*,*,#5108,.T.);
#5111=ORIENTED_EDGE('',*,*,#5110,.T.);
#5113=ORIENTED_EDGE('',*,*,#5112,.T.);
#5114=EDGE_LOOP('',(#5105,#5107,#5109,#5111,#5113));
#5115=FACE_OUTER_BOUND('',#5114,.F.);
#5116=ADVANCED_FACE('',(#5115),#5104,.F.);
#5117=CARTESIAN_POINT('',(-3.63E0,0.E0,5.E-1));
#5118=DIRECTION('',(-1.E0,0.E0,0.E0));
#5119=DIRECTION('',(0.E0,-1.E0,0.E0));
#5120=AXIS2_PLACEMENT_3D('',#5117,#5118,#5119);
#5121=PLANE('',#5120);
#5122=ORIENTED_EDGE('',*,*,#3113,.F.);
#5124=ORIENTED_EDGE('',*,*,#5123,.T.);
#5126=ORIENTED_EDGE('',*,*,#5125,.T.);
#5128=ORIENTED_EDGE('',*,*,#5127,.T.);
#5130=ORIENTED_EDGE('',*,*,#5129,.T.);
#5131=EDGE_LOOP('',(#5122,#5124,#5126,#5128,#5130));
#5132=FACE_OUTER_BOUND('',#5131,.F.);
#5133=ADVANCED_FACE('',(#5132),#5121,.F.);
#5134=CARTESIAN_POINT('',(-3.63E0,0.E0,5.E-1));
#5135=DIRECTION('',(-1.E0,0.E0,0.E0));
#5136=DIRECTION('',(0.E0,-1.E0,0.E0));
#5137=AXIS2_PLACEMENT_3D('',#5134,#5135,#5136);
#5138=PLANE('',#5137);
#5139=ORIENTED_EDGE('',*,*,#3079,.F.);
#5141=ORIENTED_EDGE('',*,*,#5140,.T.);
#5143=ORIENTED_EDGE('',*,*,#5142,.T.);
#5145=ORIENTED_EDGE('',*,*,#5144,.T.);
#5147=ORIENTED_EDGE('',*,*,#5146,.T.);
#5148=EDGE_LOOP('',(#5139,#5141,#5143,#5145,#5147));
#5149=FACE_OUTER_BOUND('',#5148,.F.);
#5150=ADVANCED_FACE('',(#5149),#5138,.F.);
#5151=CARTESIAN_POINT('',(-3.63E0,3.7E0,-1.71E0));
#5152=DIRECTION('',(0.E0,0.E0,1.E0));
#5153=DIRECTION('',(0.E0,1.E0,0.E0));
#5154=AXIS2_PLACEMENT_3D('',#5151,#5152,#5153);
#5155=PLANE('',#5154);
#5156=ORIENTED_EDGE('',*,*,#4159,.T.);
#5158=ORIENTED_EDGE('',*,*,#5157,.T.);
#5160=ORIENTED_EDGE('',*,*,#5159,.F.);
#5161=ORIENTED_EDGE('',*,*,#5089,.F.);
#5162=EDGE_LOOP('',(#5156,#5158,#5160,#5161));
#5163=FACE_OUTER_BOUND('',#5162,.F.);
#5164=ADVANCED_FACE('',(#5163),#5155,.T.);
#5165=CARTESIAN_POINT('',(-4.77E0,0.E0,5.E-1));
#5166=DIRECTION('',(-1.E0,0.E0,0.E0));
#5167=DIRECTION('',(0.E0,-1.E0,0.E0));
#5168=AXIS2_PLACEMENT_3D('',#5165,#5166,#5167);
#5169=PLANE('',#5168);
#5170=ORIENTED_EDGE('',*,*,#4157,.F.);
#5172=ORIENTED_EDGE('',*,*,#5171,.F.);
#5174=ORIENTED_EDGE('',*,*,#5173,.F.);
#5176=ORIENTED_EDGE('',*,*,#5175,.F.);
#5177=ORIENTED_EDGE('',*,*,#5157,.F.);
#5178=EDGE_LOOP('',(#5170,#5172,#5174,#5176,#5177));
#5179=FACE_OUTER_BOUND('',#5178,.F.);
#5180=ADVANCED_FACE('',(#5179),#5169,.T.);
#5181=CARTESIAN_POINT('',(-4.77E0,0.E0,5.E-1));
#5182=DIRECTION('',(-1.E0,0.E0,0.E0));
#5183=DIRECTION('',(0.E0,-1.E0,0.E0));
#5184=AXIS2_PLACEMENT_3D('',#5181,#5182,#5183);
#5185=PLANE('',#5184);
#5186=ORIENTED_EDGE('',*,*,#4090,.F.);
#5188=ORIENTED_EDGE('',*,*,#5187,.F.);
#5190=ORIENTED_EDGE('',*,*,#5189,.F.);
#5192=ORIENTED_EDGE('',*,*,#5191,.F.);
#5194=ORIENTED_EDGE('',*,*,#5193,.F.);
#5195=EDGE_LOOP('',(#5186,#5188,#5190,#5192,#5194));
#5196=FACE_OUTER_BOUND('',#5195,.F.);
#5197=ADVANCED_FACE('',(#5196),#5185,.T.);
#5198=CARTESIAN_POINT('',(-4.77E0,0.E0,5.E-1));
#5199=DIRECTION('',(-1.E0,0.E0,0.E0));
#5200=DIRECTION('',(0.E0,-1.E0,0.E0));
#5201=AXIS2_PLACEMENT_3D('',#5198,#5199,#5200);
#5202=PLANE('',#5201);
#5203=ORIENTED_EDGE('',*,*,#3117,.T.);
#5205=ORIENTED_EDGE('',*,*,#5204,.F.);
#5207=ORIENTED_EDGE('',*,*,#5206,.F.);
#5209=ORIENTED_EDGE('',*,*,#5208,.F.);
#5211=ORIENTED_EDGE('',*,*,#5210,.F.);
#5212=EDGE_LOOP('',(#5203,#5205,#5207,#5209,#5211));
#5213=FACE_OUTER_BOUND('',#5212,.F.);
#5214=ADVANCED_FACE('',(#5213),#5202,.T.);
#5215=CARTESIAN_POINT('',(-4.77E0,0.E0,5.E-1));
#5216=DIRECTION('',(-1.E0,0.E0,0.E0));
#5217=DIRECTION('',(0.E0,-1.E0,0.E0));
#5218=AXIS2_PLACEMENT_3D('',#5215,#5216,#5217);
#5219=PLANE('',#5218);
#5220=ORIENTED_EDGE('',*,*,#3083,.T.);
#5222=ORIENTED_EDGE('',*,*,#5221,.F.);
#5224=ORIENTED_EDGE('',*,*,#5223,.F.);
#5226=ORIENTED_EDGE('',*,*,#5225,.F.);
#5228=ORIENTED_EDGE('',*,*,#5227,.F.);
#5229=EDGE_LOOP('',(#5220,#5222,#5224,#5226,#5228));
#5230=FACE_OUTER_BOUND('',#5229,.F.);
#5231=ADVANCED_FACE('',(#5230),#5219,.T.);
#5232=CARTESIAN_POINT('',(-3.63E0,4.3E0,-2.85E0));
#5233=DIRECTION('',(0.E0,5.547001962252E-1,-8.320502943378E-1));
#5234=DIRECTION('',(0.E0,-8.320502943378E-1,-5.547001962252E-1));
#5235=AXIS2_PLACEMENT_3D('',#5232,#5233,#5234);
#5236=PLANE('',#5235);
#5237=ORIENTED_EDGE('',*,*,#4155,.F.);
#5238=ORIENTED_EDGE('',*,*,#5095,.F.);
#5240=ORIENTED_EDGE('',*,*,#5239,.T.);
#5241=ORIENTED_EDGE('',*,*,#5171,.T.);
#5242=EDGE_LOOP('',(#5237,#5238,#5240,#5241));
#5243=FACE_OUTER_BOUND('',#5242,.F.);
#5244=ADVANCED_FACE('',(#5243),#5236,.T.);
#5245=CARTESIAN_POINT('',(-3.63E0,9.2E0,-2.85E0));
#5246=DIRECTION('',(0.E0,0.E0,-1.E0));
#5247=DIRECTION('',(0.E0,-1.E0,0.E0));
#5248=AXIS2_PLACEMENT_3D('',#5245,#5246,#5247);
#5249=PLANE('',#5248);
#5250=ORIENTED_EDGE('',*,*,#5093,.F.);
#5252=ORIENTED_EDGE('',*,*,#5251,.T.);
#5253=ORIENTED_EDGE('',*,*,#5173,.T.);
#5254=ORIENTED_EDGE('',*,*,#5239,.F.);
#5255=EDGE_LOOP('',(#5250,#5252,#5253,#5254));
#5256=FACE_OUTER_BOUND('',#5255,.F.);
#5257=ADVANCED_FACE('',(#5256),#5249,.T.);
#5258=CARTESIAN_POINT('',(-3.63E0,9.2E0,-1.71E0));
#5259=DIRECTION('',(0.E0,1.E0,0.E0));
#5260=DIRECTION('',(0.E0,0.E0,-1.E0));
#5261=AXIS2_PLACEMENT_3D('',#5258,#5259,#5260);
#5262=PLANE('',#5261);
#5263=ORIENTED_EDGE('',*,*,#5091,.F.);
#5264=ORIENTED_EDGE('',*,*,#5159,.T.);
#5265=ORIENTED_EDGE('',*,*,#5175,.T.);
#5266=ORIENTED_EDGE('',*,*,#5251,.F.);
#5267=EDGE_LOOP('',(#5263,#5264,#5265,#5266));
#5268=FACE_OUTER_BOUND('',#5267,.F.);
#5269=ADVANCED_FACE('',(#5268),#5262,.T.);
#5270=CARTESIAN_POINT('',(-3.63E0,9.2E0,1.31E0));
#5271=DIRECTION('',(0.E0,0.E0,-1.E0));
#5272=DIRECTION('',(0.E0,-1.E0,0.E0));
#5273=AXIS2_PLACEMENT_3D('',#5270,#5271,#5272);
#5274=PLANE('',#5273);
#5275=ORIENTED_EDGE('',*,*,#4088,.F.);
#5276=ORIENTED_EDGE('',*,*,#5112,.F.);
#5278=ORIENTED_EDGE('',*,*,#5277,.T.);
#5279=ORIENTED_EDGE('',*,*,#5187,.T.);
#5280=EDGE_LOOP('',(#5275,#5276,#5278,#5279));
#5281=FACE_OUTER_BOUND('',#5280,.F.);
#5282=ADVANCED_FACE('',(#5281),#5274,.T.);
#5283=CARTESIAN_POINT('',(-3.63E0,9.2E0,2.45E0));
#5284=DIRECTION('',(0.E0,1.E0,0.E0));
#5285=DIRECTION('',(0.E0,0.E0,-1.E0));
#5286=AXIS2_PLACEMENT_3D('',#5283,#5284,#5285);
#5287=PLANE('',#5286);
#5288=ORIENTED_EDGE('',*,*,#5110,.F.);
#5290=ORIENTED_EDGE('',*,*,#5289,.T.);
#5291=ORIENTED_EDGE('',*,*,#5189,.T.);
#5292=ORIENTED_EDGE('',*,*,#5277,.F.);
#5293=EDGE_LOOP('',(#5288,#5290,#5291,#5292));
#5294=FACE_OUTER_BOUND('',#5293,.F.);
#5295=ADVANCED_FACE('',(#5294),#5287,.T.);
#5296=CARTESIAN_POINT('',(-3.63E0,4.3E0,2.45E0));
#5297=DIRECTION('',(0.E0,0.E0,1.E0));
#5298=DIRECTION('',(0.E0,1.E0,0.E0));
#5299=AXIS2_PLACEMENT_3D('',#5296,#5297,#5298);
#5300=PLANE('',#5299);
#5301=ORIENTED_EDGE('',*,*,#5108,.F.);
#5303=ORIENTED_EDGE('',*,*,#5302,.T.);
#5304=ORIENTED_EDGE('',*,*,#5191,.T.);
#5305=ORIENTED_EDGE('',*,*,#5289,.F.);
#5306=EDGE_LOOP('',(#5301,#5303,#5304,#5305));
#5307=FACE_OUTER_BOUND('',#5306,.F.);
#5308=ADVANCED_FACE('',(#5307),#5300,.T.);
#5309=CARTESIAN_POINT('',(-3.63E0,3.7E0,2.85E0));
#5310=DIRECTION('',(0.E0,5.547001962252E-1,8.320502943378E-1));
#5311=DIRECTION('',(0.E0,8.320502943378E-1,-5.547001962252E-1));
#5312=AXIS2_PLACEMENT_3D('',#5309,#5310,#5311);
#5313=PLANE('',#5312);
#5314=ORIENTED_EDGE('',*,*,#4092,.T.);
#5315=ORIENTED_EDGE('',*,*,#5193,.T.);
#5316=ORIENTED_EDGE('',*,*,#5302,.F.);
#5317=ORIENTED_EDGE('',*,*,#5106,.F.);
#5318=EDGE_LOOP('',(#5314,#5315,#5316,#5317));
#5319=FACE_OUTER_BOUND('',#5318,.F.);
#5320=ADVANCED_FACE('',(#5319),#5313,.T.);
#5321=CARTESIAN_POINT('',(-3.63E0,-2.23E0,-2.65E0));
#5322=DIRECTION('',(0.E0,0.E0,1.E0));
#5323=DIRECTION('',(0.E0,1.E0,0.E0));
#5324=AXIS2_PLACEMENT_3D('',#5321,#5322,#5323);
#5325=PLANE('',#5324);
#5326=ORIENTED_EDGE('',*,*,#3115,.F.);
#5327=ORIENTED_EDGE('',*,*,#5129,.F.);
#5329=ORIENTED_EDGE('',*,*,#5328,.T.);
#5330=ORIENTED_EDGE('',*,*,#5204,.T.);
#5331=EDGE_LOOP('',(#5326,#5327,#5329,#5330));
#5332=FACE_OUTER_BOUND('',#5331,.F.);
#5333=ADVANCED_FACE('',(#5332),#5325,.T.);
#5334=CARTESIAN_POINT('',(-3.63E0,-3.5E0,-3.1E0));
#5335=DIRECTION('',(0.E0,-3.339845278860E-1,9.425785564783E-1));
#5336=DIRECTION('',(0.E0,9.425785564783E-1,3.339845278860E-1));
#5337=AXIS2_PLACEMENT_3D('',#5334,#5335,#5336);
#5338=PLANE('',#5337);
#5339=ORIENTED_EDGE('',*,*,#5127,.F.);
#5341=ORIENTED_EDGE('',*,*,#5340,.T.);
#5342=ORIENTED_EDGE('',*,*,#5206,.T.);
#5343=ORIENTED_EDGE('',*,*,#5328,.F.);
#5344=EDGE_LOOP('',(#5339,#5341,#5342,#5343));
#5345=FACE_OUTER_BOUND('',#5344,.F.);
#5346=ADVANCED_FACE('',(#5345),#5338,.T.);
#5347=CARTESIAN_POINT('',(-3.63E0,-3.5E0,-3.25E0));
#5348=DIRECTION('',(0.E0,-1.E0,0.E0));
#5349=DIRECTION('',(0.E0,0.E0,1.E0));
#5350=AXIS2_PLACEMENT_3D('',#5347,#5348,#5349);
#5351=PLANE('',#5350);
#5352=ORIENTED_EDGE('',*,*,#5125,.F.);
#5354=ORIENTED_EDGE('',*,*,#5353,.T.);
#5355=ORIENTED_EDGE('',*,*,#5208,.T.);
#5356=ORIENTED_EDGE('',*,*,#5340,.F.);
#5357=EDGE_LOOP('',(#5352,#5354,#5355,#5356));
#5358=FACE_OUTER_BOUND('',#5357,.F.);
#5359=ADVANCED_FACE('',(#5358),#5351,.T.);
#5360=CARTESIAN_POINT('',(-3.63E0,3.7E0,-3.25E0));
#5361=DIRECTION('',(0.E0,0.E0,-1.E0));
#5362=DIRECTION('',(0.E0,-1.E0,0.E0));
#5363=AXIS2_PLACEMENT_3D('',#5360,#5361,#5362);
#5364=PLANE('',#5363);
#5365=ORIENTED_EDGE('',*,*,#3119,.T.);
#5366=ORIENTED_EDGE('',*,*,#5210,.T.);
#5367=ORIENTED_EDGE('',*,*,#5353,.F.);
#5368=ORIENTED_EDGE('',*,*,#5123,.F.);
#5369=EDGE_LOOP('',(#5365,#5366,#5367,#5368));
#5370=FACE_OUTER_BOUND('',#5369,.F.);
#5371=ADVANCED_FACE('',(#5370),#5364,.T.);
#5372=CARTESIAN_POINT('',(-3.63E0,-3.5E0,2.85E0));
#5373=DIRECTION('',(0.E0,0.E0,1.E0));
#5374=DIRECTION('',(0.E0,1.E0,0.E0));
#5375=AXIS2_PLACEMENT_3D('',#5372,#5373,#5374);
#5376=PLANE('',#5375);
#5377=ORIENTED_EDGE('',*,*,#3081,.F.);
#5378=ORIENTED_EDGE('',*,*,#5146,.F.);
#5380=ORIENTED_EDGE('',*,*,#5379,.T.);
#5381=ORIENTED_EDGE('',*,*,#5221,.T.);
#5382=EDGE_LOOP('',(#5377,#5378,#5380,#5381));
#5383=FACE_OUTER_BOUND('',#5382,.F.);
#5384=ADVANCED_FACE('',(#5383),#5376,.T.);
#5385=CARTESIAN_POINT('',(-3.63E0,-3.5E0,2.7E0));
#5386=DIRECTION('',(0.E0,-1.E0,0.E0));
#5387=DIRECTION('',(0.E0,0.E0,1.E0));
#5388=AXIS2_PLACEMENT_3D('',#5385,#5386,#5387);
#5389=PLANE('',#5388);
#5390=ORIENTED_EDGE('',*,*,#5144,.F.);
#5392=ORIENTED_EDGE('',*,*,#5391,.T.);
#5393=ORIENTED_EDGE('',*,*,#5223,.T.);
#5394=ORIENTED_EDGE('',*,*,#5379,.F.);
#5395=EDGE_LOOP('',(#5390,#5392,#5393,#5394));
#5396=FACE_OUTER_BOUND('',#5395,.F.);
#5397=ADVANCED_FACE('',(#5396),#5389,.T.);
#5398=CARTESIAN_POINT('',(-3.63E0,-2.23E0,2.25E0));
#5399=DIRECTION('',(0.E0,-3.339845278860E-1,-9.425785564783E-1));
#5400=DIRECTION('',(0.E0,-9.425785564783E-1,3.339845278860E-1));
#5401=AXIS2_PLACEMENT_3D('',#5398,#5399,#5400);
#5402=PLANE('',#5401);
#5403=ORIENTED_EDGE('',*,*,#5142,.F.);
#5405=ORIENTED_EDGE('',*,*,#5404,.T.);
#5406=ORIENTED_EDGE('',*,*,#5225,.T.);
#5407=ORIENTED_EDGE('',*,*,#5391,.F.);
#5408=EDGE_LOOP('',(#5403,#5405,#5406,#5407));
#5409=FACE_OUTER_BOUND('',#5408,.F.);
#5410=ADVANCED_FACE('',(#5409),#5402,.T.);
#5411=CARTESIAN_POINT('',(-3.63E0,3.7E0,2.25E0));
#5412=DIRECTION('',(0.E0,0.E0,-1.E0));
#5413=DIRECTION('',(0.E0,-1.E0,0.E0));
#5414=AXIS2_PLACEMENT_3D('',#5411,#5412,#5413);
#5415=PLANE('',#5414);
#5416=ORIENTED_EDGE('',*,*,#3085,.T.);
#5417=ORIENTED_EDGE('',*,*,#5227,.T.);
#5418=ORIENTED_EDGE('',*,*,#5404,.F.);
#5419=ORIENTED_EDGE('',*,*,#5140,.F.);
#5420=EDGE_LOOP('',(#5416,#5417,#5418,#5419));
#5421=FACE_OUTER_BOUND('',#5420,.F.);
#5422=ADVANCED_FACE('',(#5421),#5415,.T.);
#5423=CARTESIAN_POINT('',(2.4E0,1.28E1,3.9E0));
#5424=DIRECTION('',(0.E0,0.E0,1.E0));
#5425=DIRECTION('',(1.E0,0.E0,0.E0));
#5426=AXIS2_PLACEMENT_3D('',#5423,#5424,#5425);
#5427=PLANE('',#5426);
#5428=ORIENTED_EDGE('',*,*,#3588,.F.);
#5429=ORIENTED_EDGE('',*,*,#4023,.T.);
#5430=ORIENTED_EDGE('',*,*,#3959,.T.);
#5432=ORIENTED_EDGE('',*,*,#5431,.F.);
#5433=EDGE_LOOP('',(#5428,#5429,#5430,#5432));
#5434=FACE_OUTER_BOUND('',#5433,.F.);
#5435=ADVANCED_FACE('',(#5434),#5427,.F.);
#5436=CARTESIAN_POINT('',(6.E0,1.28E1,3.9E0));
#5437=DIRECTION('',(1.E0,0.E0,0.E0));
#5438=DIRECTION('',(0.E0,0.E0,-1.E0));
#5439=AXIS2_PLACEMENT_3D('',#5436,#5437,#5438);
#5440=PLANE('',#5439);
#5441=ORIENTED_EDGE('',*,*,#3582,.F.);
#5442=ORIENTED_EDGE('',*,*,#5431,.T.);
#5443=ORIENTED_EDGE('',*,*,#3957,.T.);
#5445=ORIENTED_EDGE('',*,*,#5444,.F.);
#5446=EDGE_LOOP('',(#5441,#5442,#5443,#5445));
#5447=FACE_OUTER_BOUND('',#5446,.F.);
#5448=ADVANCED_FACE('',(#5447),#5440,.F.);
#5449=CARTESIAN_POINT('',(6.E0,1.28E1,3.E-1));
#5450=DIRECTION('',(0.E0,0.E0,-1.E0));
#5451=DIRECTION('',(-1.E0,0.E0,0.E0));
#5452=AXIS2_PLACEMENT_3D('',#5449,#5450,#5451);
#5453=PLANE('',#5452);
#5454=ORIENTED_EDGE('',*,*,#3584,.F.);
#5455=ORIENTED_EDGE('',*,*,#5444,.T.);
#5456=ORIENTED_EDGE('',*,*,#3955,.T.);
#5457=ORIENTED_EDGE('',*,*,#4026,.F.);
#5458=EDGE_LOOP('',(#5454,#5455,#5456,#5457));
#5459=FACE_OUTER_BOUND('',#5458,.F.);
#5460=ADVANCED_FACE('',(#5459),#5453,.F.);
#5461=CARTESIAN_POINT('',(4.77E0,0.E0,5.E-1));
#5462=DIRECTION('',(-1.E0,0.E0,0.E0));
#5463=DIRECTION('',(0.E0,-1.E0,0.E0));
#5464=AXIS2_PLACEMENT_3D('',#5461,#5462,#5463);
#5465=PLANE('',#5464);
#5466=ORIENTED_EDGE('',*,*,#4001,.T.);
#5468=ORIENTED_EDGE('',*,*,#5467,.T.);
#5470=ORIENTED_EDGE('',*,*,#5469,.T.);
#5472=ORIENTED_EDGE('',*,*,#5471,.T.);
#5474=ORIENTED_EDGE('',*,*,#5473,.T.);
#5475=EDGE_LOOP('',(#5466,#5468,#5470,#5472,#5474));
#5476=FACE_OUTER_BOUND('',#5475,.F.);
#5477=ADVANCED_FACE('',(#5476),#5465,.F.);
#5478=CARTESIAN_POINT('',(4.77E0,0.E0,5.E-1));
#5479=DIRECTION('',(-1.E0,0.E0,0.E0));
#5480=DIRECTION('',(0.E0,-1.E0,0.E0));
#5481=AXIS2_PLACEMENT_3D('',#5478,#5479,#5480);
#5482=PLANE('',#5481);
#5483=ORIENTED_EDGE('',*,*,#3968,.T.);
#5485=ORIENTED_EDGE('',*,*,#5484,.T.);
#5487=ORIENTED_EDGE('',*,*,#5486,.T.);
#5489=ORIENTED_EDGE('',*,*,#5488,.T.);
#5491=ORIENTED_EDGE('',*,*,#5490,.T.);
#5492=EDGE_LOOP('',(#5483,#5485,#5487,#5489,#5491));
#5493=FACE_OUTER_BOUND('',#5492,.F.);
#5494=ADVANCED_FACE('',(#5493),#5482,.F.);
#5495=CARTESIAN_POINT('',(4.77E0,0.E0,5.E-1));
#5496=DIRECTION('',(-1.E0,0.E0,0.E0));
#5497=DIRECTION('',(0.E0,-1.E0,0.E0));
#5498=AXIS2_PLACEMENT_3D('',#5495,#5496,#5497);
#5499=PLANE('',#5498);
#5501=ORIENTED_EDGE('',*,*,#5500,.T.);
#5503=ORIENTED_EDGE('',*,*,#5502,.T.);
#5505=ORIENTED_EDGE('',*,*,#5504,.T.);
#5507=ORIENTED_EDGE('',*,*,#5506,.T.);
#5508=ORIENTED_EDGE('',*,*,#3871,.F.);
#5509=EDGE_LOOP('',(#5501,#5503,#5505,#5507,#5508));
#5510=FACE_OUTER_BOUND('',#5509,.F.);
#5511=ADVANCED_FACE('',(#5510),#5499,.F.);
#5512=CARTESIAN_POINT('',(4.77E0,0.E0,5.E-1));
#5513=DIRECTION('',(-1.E0,0.E0,0.E0));
#5514=DIRECTION('',(0.E0,-1.E0,0.E0));
#5515=AXIS2_PLACEMENT_3D('',#5512,#5513,#5514);
#5516=PLANE('',#5515);
#5517=ORIENTED_EDGE('',*,*,#3900,.F.);
#5519=ORIENTED_EDGE('',*,*,#5518,.T.);
#5521=ORIENTED_EDGE('',*,*,#5520,.T.);
#5523=ORIENTED_EDGE('',*,*,#5522,.T.);
#5525=ORIENTED_EDGE('',*,*,#5524,.T.);
#5526=EDGE_LOOP('',(#5517,#5519,#5521,#5523,#5525));
#5527=FACE_OUTER_BOUND('',#5526,.F.);
#5528=ADVANCED_FACE('',(#5527),#5516,.F.);
#5529=CARTESIAN_POINT('',(4.77E0,3.7E0,-1.71E0));
#5530=DIRECTION('',(0.E0,0.E0,1.E0));
#5531=DIRECTION('',(0.E0,1.E0,0.E0));
#5532=AXIS2_PLACEMENT_3D('',#5529,#5530,#5531);
#5533=PLANE('',#5532);
#5534=ORIENTED_EDGE('',*,*,#4007,.T.);
#5536=ORIENTED_EDGE('',*,*,#5535,.T.);
#5538=ORIENTED_EDGE('',*,*,#5537,.F.);
#5539=ORIENTED_EDGE('',*,*,#5467,.F.);
#5540=EDGE_LOOP('',(#5534,#5536,#5538,#5539));
#5541=FACE_OUTER_BOUND('',#5540,.F.);
#5542=ADVANCED_FACE('',(#5541),#5533,.T.);
#5543=CARTESIAN_POINT('',(3.63E0,0.E0,5.E-1));
#5544=DIRECTION('',(-1.E0,0.E0,0.E0));
#5545=DIRECTION('',(0.E0,-1.E0,0.E0));
#5546=AXIS2_PLACEMENT_3D('',#5543,#5544,#5545);
#5547=PLANE('',#5546);
#5548=ORIENTED_EDGE('',*,*,#4005,.F.);
#5550=ORIENTED_EDGE('',*,*,#5549,.F.);
#5552=ORIENTED_EDGE('',*,*,#5551,.F.);
#5554=ORIENTED_EDGE('',*,*,#5553,.F.);
#5555=ORIENTED_EDGE('',*,*,#5535,.F.);
#5556=EDGE_LOOP('',(#5548,#5550,#5552,#5554,#5555));
#5557=FACE_OUTER_BOUND('',#5556,.F.);
#5558=ADVANCED_FACE('',(#5557),#5547,.T.);
#5559=CARTESIAN_POINT('',(3.63E0,0.E0,5.E-1));
#5560=DIRECTION('',(-1.E0,0.E0,0.E0));
#5561=DIRECTION('',(0.E0,-1.E0,0.E0));
#5562=AXIS2_PLACEMENT_3D('',#5559,#5560,#5561);
#5563=PLANE('',#5562);
#5564=ORIENTED_EDGE('',*,*,#3972,.F.);
#5566=ORIENTED_EDGE('',*,*,#5565,.F.);
#5568=ORIENTED_EDGE('',*,*,#5567,.F.);
#5570=ORIENTED_EDGE('',*,*,#5569,.F.);
#5572=ORIENTED_EDGE('',*,*,#5571,.F.);
#5573=EDGE_LOOP('',(#5564,#5566,#5568,#5570,#5572));
#5574=FACE_OUTER_BOUND('',#5573,.F.);
#5575=ADVANCED_FACE('',(#5574),#5563,.T.);
#5576=CARTESIAN_POINT('',(3.63E0,0.E0,5.E-1));
#5577=DIRECTION('',(-1.E0,0.E0,0.E0));
#5578=DIRECTION('',(0.E0,-1.E0,0.E0));
#5579=AXIS2_PLACEMENT_3D('',#5576,#5577,#5578);
#5580=PLANE('',#5579);
#5582=ORIENTED_EDGE('',*,*,#5581,.F.);
#5583=ORIENTED_EDGE('',*,*,#3875,.T.);
#5585=ORIENTED_EDGE('',*,*,#5584,.F.);
#5587=ORIENTED_EDGE('',*,*,#5586,.F.);
#5589=ORIENTED_EDGE('',*,*,#5588,.F.);
#5590=EDGE_LOOP('',(#5582,#5583,#5585,#5587,#5589));
#5591=FACE_OUTER_BOUND('',#5590,.F.);
#5592=ADVANCED_FACE('',(#5591),#5580,.T.);
#5593=CARTESIAN_POINT('',(3.63E0,0.E0,5.E-1));
#5594=DIRECTION('',(-1.E0,0.E0,0.E0));
#5595=DIRECTION('',(0.E0,-1.E0,0.E0));
#5596=AXIS2_PLACEMENT_3D('',#5593,#5594,#5595);
#5597=PLANE('',#5596);
#5598=ORIENTED_EDGE('',*,*,#3904,.T.);
#5600=ORIENTED_EDGE('',*,*,#5599,.F.);
#5602=ORIENTED_EDGE('',*,*,#5601,.F.);
#5604=ORIENTED_EDGE('',*,*,#5603,.F.);
#5606=ORIENTED_EDGE('',*,*,#5605,.F.);
#5607=EDGE_LOOP('',(#5598,#5600,#5602,#5604,#5606));
#5608=FACE_OUTER_BOUND('',#5607,.F.);
#5609=ADVANCED_FACE('',(#5608),#5597,.T.);
#5610=CARTESIAN_POINT('',(4.77E0,4.3E0,-2.85E0));
#5611=DIRECTION('',(0.E0,5.547001962252E-1,-8.320502943378E-1));
#5612=DIRECTION('',(0.E0,-8.320502943378E-1,-5.547001962252E-1));
#5613=AXIS2_PLACEMENT_3D('',#5610,#5611,#5612);
#5614=PLANE('',#5613);
#5615=ORIENTED_EDGE('',*,*,#4003,.F.);
#5616=ORIENTED_EDGE('',*,*,#5473,.F.);
#5618=ORIENTED_EDGE('',*,*,#5617,.T.);
#5619=ORIENTED_EDGE('',*,*,#5549,.T.);
#5620=EDGE_LOOP('',(#5615,#5616,#5618,#5619));
#5621=FACE_OUTER_BOUND('',#5620,.F.);
#5622=ADVANCED_FACE('',(#5621),#5614,.T.);
#5623=CARTESIAN_POINT('',(4.77E0,9.2E0,-2.85E0));
#5624=DIRECTION('',(0.E0,0.E0,-1.E0));
#5625=DIRECTION('',(0.E0,-1.E0,0.E0));
#5626=AXIS2_PLACEMENT_3D('',#5623,#5624,#5625);
#5627=PLANE('',#5626);
#5628=ORIENTED_EDGE('',*,*,#5471,.F.);
#5630=ORIENTED_EDGE('',*,*,#5629,.T.);
#5631=ORIENTED_EDGE('',*,*,#5551,.T.);
#5632=ORIENTED_EDGE('',*,*,#5617,.F.);
#5633=EDGE_LOOP('',(#5628,#5630,#5631,#5632));
#5634=FACE_OUTER_BOUND('',#5633,.F.);
#5635=ADVANCED_FACE('',(#5634),#5627,.T.);
#5636=CARTESIAN_POINT('',(4.77E0,9.2E0,-1.71E0));
#5637=DIRECTION('',(0.E0,1.E0,0.E0));
#5638=DIRECTION('',(0.E0,0.E0,-1.E0));
#5639=AXIS2_PLACEMENT_3D('',#5636,#5637,#5638);
#5640=PLANE('',#5639);
#5641=ORIENTED_EDGE('',*,*,#5469,.F.);
#5642=ORIENTED_EDGE('',*,*,#5537,.T.);
#5643=ORIENTED_EDGE('',*,*,#5553,.T.);
#5644=ORIENTED_EDGE('',*,*,#5629,.F.);
#5645=EDGE_LOOP('',(#5641,#5642,#5643,#5644));
#5646=FACE_OUTER_BOUND('',#5645,.F.);
#5647=ADVANCED_FACE('',(#5646),#5640,.T.);
#5648=CARTESIAN_POINT('',(4.77E0,9.2E0,1.31E0));
#5649=DIRECTION('',(0.E0,0.E0,-1.E0));
#5650=DIRECTION('',(0.E0,-1.E0,0.E0));
#5651=AXIS2_PLACEMENT_3D('',#5648,#5649,#5650);
#5652=PLANE('',#5651);
#5653=ORIENTED_EDGE('',*,*,#3970,.F.);
#5654=ORIENTED_EDGE('',*,*,#5490,.F.);
#5656=ORIENTED_EDGE('',*,*,#5655,.T.);
#5657=ORIENTED_EDGE('',*,*,#5565,.T.);
#5658=EDGE_LOOP('',(#5653,#5654,#5656,#5657));
#5659=FACE_OUTER_BOUND('',#5658,.F.);
#5660=ADVANCED_FACE('',(#5659),#5652,.T.);
#5661=CARTESIAN_POINT('',(4.77E0,9.2E0,2.45E0));
#5662=DIRECTION('',(0.E0,1.E0,0.E0));
#5663=DIRECTION('',(0.E0,0.E0,-1.E0));
#5664=AXIS2_PLACEMENT_3D('',#5661,#5662,#5663);
#5665=PLANE('',#5664);
#5666=ORIENTED_EDGE('',*,*,#5488,.F.);
#5668=ORIENTED_EDGE('',*,*,#5667,.T.);
#5669=ORIENTED_EDGE('',*,*,#5567,.T.);
#5670=ORIENTED_EDGE('',*,*,#5655,.F.);
#5671=EDGE_LOOP('',(#5666,#5668,#5669,#5670));
#5672=FACE_OUTER_BOUND('',#5671,.F.);
#5673=ADVANCED_FACE('',(#5672),#5665,.T.);
#5674=CARTESIAN_POINT('',(4.77E0,4.3E0,2.45E0));
#5675=DIRECTION('',(0.E0,0.E0,1.E0));
#5676=DIRECTION('',(0.E0,1.E0,0.E0));
#5677=AXIS2_PLACEMENT_3D('',#5674,#5675,#5676);
#5678=PLANE('',#5677);
#5679=ORIENTED_EDGE('',*,*,#5486,.F.);
#5681=ORIENTED_EDGE('',*,*,#5680,.T.);
#5682=ORIENTED_EDGE('',*,*,#5569,.T.);
#5683=ORIENTED_EDGE('',*,*,#5667,.F.);
#5684=EDGE_LOOP('',(#5679,#5681,#5682,#5683));
#5685=FACE_OUTER_BOUND('',#5684,.F.);
#5686=ADVANCED_FACE('',(#5685),#5678,.T.);
#5687=CARTESIAN_POINT('',(4.77E0,3.7E0,2.85E0));
#5688=DIRECTION('',(0.E0,5.547001962252E-1,8.320502943378E-1));
#5689=DIRECTION('',(0.E0,8.320502943378E-1,-5.547001962252E-1));
#5690=AXIS2_PLACEMENT_3D('',#5687,#5688,#5689);
#5691=PLANE('',#5690);
#5692=ORIENTED_EDGE('',*,*,#3974,.T.);
#5693=ORIENTED_EDGE('',*,*,#5571,.T.);
#5694=ORIENTED_EDGE('',*,*,#5680,.F.);
#5695=ORIENTED_EDGE('',*,*,#5484,.F.);
#5696=EDGE_LOOP('',(#5692,#5693,#5694,#5695));
#5697=FACE_OUTER_BOUND('',#5696,.F.);
#5698=ADVANCED_FACE('',(#5697),#5691,.T.);
#5699=CARTESIAN_POINT('',(4.77E0,3.7E0,2.25E0));
#5700=DIRECTION('',(0.E0,0.E0,-1.E0));
#5701=DIRECTION('',(0.E0,-1.E0,0.E0));
#5702=AXIS2_PLACEMENT_3D('',#5699,#5700,#5701);
#5703=PLANE('',#5702);
#5704=ORIENTED_EDGE('',*,*,#5500,.F.);
#5705=ORIENTED_EDGE('',*,*,#3877,.T.);
#5706=ORIENTED_EDGE('',*,*,#5581,.T.);
#5708=ORIENTED_EDGE('',*,*,#5707,.F.);
#5709=EDGE_LOOP('',(#5704,#5705,#5706,#5708));
#5710=FACE_OUTER_BOUND('',#5709,.F.);
#5711=ADVANCED_FACE('',(#5710),#5703,.T.);
#5712=CARTESIAN_POINT('',(4.77E0,-2.23E0,2.25E0));
#5713=DIRECTION('',(0.E0,-3.339845278860E-1,-9.425785564783E-1));
#5714=DIRECTION('',(0.E0,-9.425785564783E-1,3.339845278860E-1));
#5715=AXIS2_PLACEMENT_3D('',#5712,#5713,#5714);
#5716=PLANE('',#5715);
#5717=ORIENTED_EDGE('',*,*,#5502,.F.);
#5718=ORIENTED_EDGE('',*,*,#5707,.T.);
#5719=ORIENTED_EDGE('',*,*,#5588,.T.);
#5721=ORIENTED_EDGE('',*,*,#5720,.F.);
#5722=EDGE_LOOP('',(#5717,#5718,#5719,#5721));
#5723=FACE_OUTER_BOUND('',#5722,.F.);
#5724=ADVANCED_FACE('',(#5723),#5716,.T.);
#5725=CARTESIAN_POINT('',(4.77E0,-3.5E0,2.7E0));
#5726=DIRECTION('',(0.E0,-1.E0,0.E0));
#5727=DIRECTION('',(0.E0,0.E0,1.E0));
#5728=AXIS2_PLACEMENT_3D('',#5725,#5726,#5727);
#5729=PLANE('',#5728);
#5730=ORIENTED_EDGE('',*,*,#5504,.F.);
#5731=ORIENTED_EDGE('',*,*,#5720,.T.);
#5732=ORIENTED_EDGE('',*,*,#5586,.T.);
#5734=ORIENTED_EDGE('',*,*,#5733,.F.);
#5735=EDGE_LOOP('',(#5730,#5731,#5732,#5734));
#5736=FACE_OUTER_BOUND('',#5735,.F.);
#5737=ADVANCED_FACE('',(#5736),#5729,.T.);
#5738=CARTESIAN_POINT('',(4.77E0,-3.5E0,2.85E0));
#5739=DIRECTION('',(0.E0,0.E0,1.E0));
#5740=DIRECTION('',(0.E0,1.E0,0.E0));
#5741=AXIS2_PLACEMENT_3D('',#5738,#5739,#5740);
#5742=PLANE('',#5741);
#5743=ORIENTED_EDGE('',*,*,#5506,.F.);
#5744=ORIENTED_EDGE('',*,*,#5733,.T.);
#5745=ORIENTED_EDGE('',*,*,#5584,.T.);
#5746=ORIENTED_EDGE('',*,*,#3873,.F.);
#5747=EDGE_LOOP('',(#5743,#5744,#5745,#5746));
#5748=FACE_OUTER_BOUND('',#5747,.F.);
#5749=ADVANCED_FACE('',(#5748),#5742,.T.);
#5750=CARTESIAN_POINT('',(4.77E0,-2.23E0,-2.65E0));
#5751=DIRECTION('',(0.E0,0.E0,1.E0));
#5752=DIRECTION('',(0.E0,1.E0,0.E0));
#5753=AXIS2_PLACEMENT_3D('',#5750,#5751,#5752);
#5754=PLANE('',#5753);
#5755=ORIENTED_EDGE('',*,*,#3902,.F.);
#5756=ORIENTED_EDGE('',*,*,#5524,.F.);
#5758=ORIENTED_EDGE('',*,*,#5757,.T.);
#5759=ORIENTED_EDGE('',*,*,#5599,.T.);
#5760=EDGE_LOOP('',(#5755,#5756,#5758,#5759));
#5761=FACE_OUTER_BOUND('',#5760,.F.);
#5762=ADVANCED_FACE('',(#5761),#5754,.T.);
#5763=CARTESIAN_POINT('',(4.77E0,-3.5E0,-3.1E0));
#5764=DIRECTION('',(0.E0,-3.339845278860E-1,9.425785564783E-1));
#5765=DIRECTION('',(0.E0,9.425785564783E-1,3.339845278860E-1));
#5766=AXIS2_PLACEMENT_3D('',#5763,#5764,#5765);
#5767=PLANE('',#5766);
#5768=ORIENTED_EDGE('',*,*,#5522,.F.);
#5770=ORIENTED_EDGE('',*,*,#5769,.T.);
#5771=ORIENTED_EDGE('',*,*,#5601,.T.);
#5772=ORIENTED_EDGE('',*,*,#5757,.F.);
#5773=EDGE_LOOP('',(#5768,#5770,#5771,#5772));
#5774=FACE_OUTER_BOUND('',#5773,.F.);
#5775=ADVANCED_FACE('',(#5774),#5767,.T.);
#5776=CARTESIAN_POINT('',(4.77E0,-3.5E0,-3.25E0));
#5777=DIRECTION('',(0.E0,-1.E0,0.E0));
#5778=DIRECTION('',(0.E0,0.E0,1.E0));
#5779=AXIS2_PLACEMENT_3D('',#5776,#5777,#5778);
#5780=PLANE('',#5779);
#5781=ORIENTED_EDGE('',*,*,#5520,.F.);
#5783=ORIENTED_EDGE('',*,*,#5782,.T.);
#5784=ORIENTED_EDGE('',*,*,#5603,.T.);
#5785=ORIENTED_EDGE('',*,*,#5769,.F.);
#5786=EDGE_LOOP('',(#5781,#5783,#5784,#5785));
#5787=FACE_OUTER_BOUND('',#5786,.F.);
#5788=ADVANCED_FACE('',(#5787),#5780,.T.);
#5789=CARTESIAN_POINT('',(4.77E0,3.7E0,-3.25E0));
#5790=DIRECTION('',(0.E0,0.E0,-1.E0));
#5791=DIRECTION('',(0.E0,-1.E0,0.E0));
#5792=AXIS2_PLACEMENT_3D('',#5789,#5790,#5791);
#5793=PLANE('',#5792);
#5794=ORIENTED_EDGE('',*,*,#3906,.T.);
#5795=ORIENTED_EDGE('',*,*,#5605,.T.);
#5796=ORIENTED_EDGE('',*,*,#5782,.F.);
#5797=ORIENTED_EDGE('',*,*,#5518,.F.);
#5798=EDGE_LOOP('',(#5794,#5795,#5796,#5797));
#5799=FACE_OUTER_BOUND('',#5798,.F.);
#5800=ADVANCED_FACE('',(#5799),#5793,.T.);
#5801=CARTESIAN_POINT('',(5.5E0,0.E0,-3.8E0));
#5802=DIRECTION('',(1.E0,0.E0,0.E0));
#5803=DIRECTION('',(0.E0,0.E0,1.E0));
#5804=AXIS2_PLACEMENT_3D('',#5801,#5802,#5803);
#5805=PLANE('',#5804);
#5806=ORIENTED_EDGE('',*,*,#2950,.F.);
#5807=ORIENTED_EDGE('',*,*,#3760,.T.);
#5808=ORIENTED_EDGE('',*,*,#3888,.T.);
#5809=ORIENTED_EDGE('',*,*,#3427,.F.);
#5810=EDGE_LOOP('',(#5806,#5807,#5808,#5809));
#5811=FACE_OUTER_BOUND('',#5810,.F.);
#5812=ADVANCED_FACE('',(#5811),#5805,.F.);
#5813=CARTESIAN_POINT('',(3.2E0,0.E0,-3.8E0));
#5814=DIRECTION('',(-1.E0,0.E0,0.E0));
#5815=DIRECTION('',(0.E0,0.E0,-1.E0));
#5816=AXIS2_PLACEMENT_3D('',#5813,#5814,#5815);
#5817=PLANE('',#5816);
#5818=ORIENTED_EDGE('',*,*,#3320,.T.);
#5819=ORIENTED_EDGE('',*,*,#3778,.F.);
#5820=ORIENTED_EDGE('',*,*,#3893,.T.);
#5821=ORIENTED_EDGE('',*,*,#3703,.F.);
#5822=EDGE_LOOP('',(#5818,#5819,#5820,#5821));
#5823=FACE_OUTER_BOUND('',#5822,.F.);
#5824=ADVANCED_FACE('',(#5823),#5817,.F.);
#5825=CARTESIAN_POINT('',(6.9E0,0.E0,0.E0));
#5826=DIRECTION('',(1.E0,0.E0,0.E0));
#5827=DIRECTION('',(0.E0,0.E0,-1.E0));
#5828=AXIS2_PLACEMENT_3D('',#5825,#5826,#5827);
#5829=PLANE('',#5828);
#5831=ORIENTED_EDGE('',*,*,#5830,.F.);
#5832=ORIENTED_EDGE('',*,*,#3565,.F.);
#5833=ORIENTED_EDGE('',*,*,#3710,.F.);
#5834=ORIENTED_EDGE('',*,*,#3289,.F.);
#5835=ORIENTED_EDGE('',*,*,#3763,.T.);
#5836=ORIENTED_EDGE('',*,*,#2946,.T.);
#5837=EDGE_LOOP('',(#5831,#5832,#5833,#5834,#5835,#5836));
#5838=FACE_OUTER_BOUND('',#5837,.F.);
#5839=ADVANCED_FACE('',(#5838),#5829,.T.);
#5840=CARTESIAN_POINT('',(6.9E0,0.E0,0.E0));
#5841=DIRECTION('',(1.E0,0.E0,0.E0));
#5842=DIRECTION('',(0.E0,0.E0,-1.E0));
#5843=AXIS2_PLACEMENT_3D('',#5840,#5841,#5842);
#5844=PLANE('',#5843);
#5846=ORIENTED_EDGE('',*,*,#5845,.T.);
#5847=ORIENTED_EDGE('',*,*,#2942,.T.);
#5848=ORIENTED_EDGE('',*,*,#3166,.F.);
#5849=ORIENTED_EDGE('',*,*,#3270,.F.);
#5850=ORIENTED_EDGE('',*,*,#3534,.F.);
#5851=ORIENTED_EDGE('',*,*,#3569,.F.);
#5852=EDGE_LOOP('',(#5846,#5847,#5848,#5849,#5850,#5851));
#5853=FACE_OUTER_BOUND('',#5852,.F.);
#5854=ADVANCED_FACE('',(#5853),#5844,.T.);
#5855=CARTESIAN_POINT('',(6.9E0,1.28E1,2.6E0));
#5856=DIRECTION('',(0.E0,-1.E0,0.E0));
#5857=DIRECTION('',(1.E0,0.E0,0.E0));
#5858=AXIS2_PLACEMENT_3D('',#5855,#5856,#5857);
#5859=CYLINDRICAL_SURFACE('',#5858,4.E-1);
#5860=ORIENTED_EDGE('',*,*,#5830,.T.);
#5861=ORIENTED_EDGE('',*,*,#2944,.T.);
#5862=ORIENTED_EDGE('',*,*,#5845,.F.);
#5863=ORIENTED_EDGE('',*,*,#3567,.F.);
#5864=EDGE_LOOP('',(#5860,#5861,#5862,#5863));
#5865=FACE_OUTER_BOUND('',#5864,.F.);
#5866=ADVANCED_FACE('',(#5865),#5859,.T.);
#5867=CARTESIAN_POINT('',(1.E0,0.E0,-4.8E0));
#5868=DIRECTION('',(1.E0,0.E0,0.E0));
#5869=DIRECTION('',(0.E0,0.E0,1.E0));
#5870=AXIS2_PLACEMENT_3D('',#5867,#5868,#5869);
#5871=PLANE('',#5870);
#5872=ORIENTED_EDGE('',*,*,#3316,.F.);
#5873=ORIENTED_EDGE('',*,*,#3700,.T.);
#5874=ORIENTED_EDGE('',*,*,#3493,.T.);
#5875=ORIENTED_EDGE('',*,*,#3781,.F.);
#5876=EDGE_LOOP('',(#5872,#5873,#5874,#5875));
#5877=FACE_OUTER_BOUND('',#5876,.F.);
#5878=ADVANCED_FACE('',(#5877),#5871,.F.);
#5879=CARTESIAN_POINT('',(-1.E0,0.E0,-3.8E0));
#5880=DIRECTION('',(-1.E0,0.E0,0.E0));
#5881=DIRECTION('',(0.E0,0.E0,-1.E0));
#5882=AXIS2_PLACEMENT_3D('',#5879,#5880,#5881);
#5883=PLANE('',#5882);
#5884=ORIENTED_EDGE('',*,*,#3379,.T.);
#5885=ORIENTED_EDGE('',*,*,#3820,.F.);
#5886=ORIENTED_EDGE('',*,*,#3497,.T.);
#5887=ORIENTED_EDGE('',*,*,#3697,.F.);
#5888=EDGE_LOOP('',(#5884,#5885,#5886,#5887));
#5889=FACE_OUTER_BOUND('',#5888,.F.);
#5890=ADVANCED_FACE('',(#5889),#5883,.F.);
#5891=CARTESIAN_POINT('',(-3.2E0,0.E0,-4.8E0));
#5892=DIRECTION('',(1.E0,0.E0,0.E0));
#5893=DIRECTION('',(0.E0,0.E0,1.E0));
#5894=AXIS2_PLACEMENT_3D('',#5891,#5892,#5893);
#5895=PLANE('',#5894);
#5896=ORIENTED_EDGE('',*,*,#3375,.F.);
#5897=ORIENTED_EDGE('',*,*,#3694,.T.);
#5898=ORIENTED_EDGE('',*,*,#3097,.T.);
#5899=ORIENTED_EDGE('',*,*,#3823,.F.);
#5900=EDGE_LOOP('',(#5896,#5897,#5898,#5899));
#5901=FACE_OUTER_BOUND('',#5900,.F.);
#5902=ADVANCED_FACE('',(#5901),#5895,.F.);
#5903=CARTESIAN_POINT('',(1.7E0,0.E0,0.E0));
#5904=DIRECTION('',(1.E0,0.E0,0.E0));
#5905=DIRECTION('',(0.E0,1.E0,0.E0));
#5906=AXIS2_PLACEMENT_3D('',#5903,#5904,#5905);
#5907=PLANE('',#5906);
#5908=ORIENTED_EDGE('',*,*,#3713,.F.);
#5909=ORIENTED_EDGE('',*,*,#3665,.F.);
#5911=ORIENTED_EDGE('',*,*,#5910,.F.);
#5913=ORIENTED_EDGE('',*,*,#5912,.F.);
#5914=EDGE_LOOP('',(#5908,#5909,#5911,#5913));
#5915=FACE_OUTER_BOUND('',#5914,.F.);
#5916=ADVANCED_FACE('',(#5915),#5907,.T.);
#5917=CARTESIAN_POINT('',(-1.7E0,9.75E0,-6.2E0));
#5918=DIRECTION('',(0.E0,0.E0,-1.E0));
#5919=DIRECTION('',(0.E0,1.E0,0.E0));
#5920=AXIS2_PLACEMENT_3D('',#5917,#5918,#5919);
#5921=PLANE('',#5920);
#5922=ORIENTED_EDGE('',*,*,#3679,.F.);
#5924=ORIENTED_EDGE('',*,*,#5923,.T.);
#5925=ORIENTED_EDGE('',*,*,#5910,.T.);
#5926=ORIENTED_EDGE('',*,*,#3663,.F.);
#5927=EDGE_LOOP('',(#5922,#5924,#5925,#5926));
#5928=FACE_OUTER_BOUND('',#5927,.F.);
#5929=ADVANCED_FACE('',(#5928),#5921,.T.);
#5930=CARTESIAN_POINT('',(-1.7E0,9.75E0,-4.8E0));
#5931=DIRECTION('',(0.E0,-1.E0,0.E0));
#5932=DIRECTION('',(0.E0,0.E0,-1.E0));
#5933=AXIS2_PLACEMENT_3D('',#5930,#5931,#5932);
#5934=PLANE('',#5933);
#5935=ORIENTED_EDGE('',*,*,#3715,.T.);
#5936=ORIENTED_EDGE('',*,*,#5912,.T.);
#5937=ORIENTED_EDGE('',*,*,#5923,.F.);
#5938=ORIENTED_EDGE('',*,*,#3677,.F.);
#5939=EDGE_LOOP('',(#5935,#5936,#5937,#5938));
#5940=FACE_OUTER_BOUND('',#5939,.F.);
#5941=ADVANCED_FACE('',(#5940),#5934,.T.);
#5942=CARTESIAN_POINT('',(-7.3E0,1.28E1,-2.99E0));
#5943=DIRECTION('',(-7.071067811865E-1,0.E0,-7.071067811865E-1));
#5944=DIRECTION('',(7.071067811865E-1,0.E0,-7.071067811865E-1));
#5945=AXIS2_PLACEMENT_3D('',#5942,#5943,#5944);
#5946=PLANE('',#5945);
#5947=ORIENTED_EDGE('',*,*,#2926,.T.);
#5948=ORIENTED_EDGE('',*,*,#2979,.T.);
#5949=ORIENTED_EDGE('',*,*,#2888,.T.);
#5950=ORIENTED_EDGE('',*,*,#3575,.F.);
#5951=EDGE_LOOP('',(#5947,#5948,#5949,#5950));
#5952=FACE_OUTER_BOUND('',#5951,.F.);
#5953=ADVANCED_FACE('',(#5952),#5946,.T.);
#5954=CARTESIAN_POINT('',(1.E0,0.E0,3.8E0));
#5955=DIRECTION('',(1.E0,0.E0,0.E0));
#5956=DIRECTION('',(0.E0,0.E0,1.E0));
#5957=AXIS2_PLACEMENT_3D('',#5954,#5955,#5956);
#5958=PLANE('',#5957);
#5959=ORIENTED_EDGE('',*,*,#3304,.T.);
#5960=ORIENTED_EDGE('',*,*,#3180,.F.);
#5961=ORIENTED_EDGE('',*,*,#3458,.T.);
#5962=ORIENTED_EDGE('',*,*,#3544,.F.);
#5963=EDGE_LOOP('',(#5959,#5960,#5961,#5962));
#5964=FACE_OUTER_BOUND('',#5963,.F.);
#5965=ADVANCED_FACE('',(#5964),#5958,.F.);
#5966=CARTESIAN_POINT('',(-3.2E0,0.E0,3.8E0));
#5967=DIRECTION('',(1.E0,0.E0,0.E0));
#5968=DIRECTION('',(0.E0,0.E0,1.E0));
#5969=AXIS2_PLACEMENT_3D('',#5966,#5967,#5968);
#5970=PLANE('',#5969);
#5971=ORIENTED_EDGE('',*,*,#3348,.T.);
#5972=ORIENTED_EDGE('',*,*,#3225,.F.);
#5973=ORIENTED_EDGE('',*,*,#3071,.T.);
#5974=ORIENTED_EDGE('',*,*,#3549,.F.);
#5975=EDGE_LOOP('',(#5971,#5972,#5973,#5974));
#5976=FACE_OUTER_BOUND('',#5975,.F.);
#5977=ADVANCED_FACE('',(#5976),#5970,.F.);
#5978=CARTESIAN_POINT('',(-5.9E0,0.E0,-5.E-1));
#5979=DIRECTION('',(1.E0,0.E0,0.E0));
#5980=DIRECTION('',(0.E0,0.E0,1.E0));
#5981=AXIS2_PLACEMENT_3D('',#5978,#5979,#5980);
#5982=PLANE('',#5981);
#5983=ORIENTED_EDGE('',*,*,#3258,.F.);
#5984=ORIENTED_EDGE('',*,*,#3422,.T.);
#5985=ORIENTED_EDGE('',*,*,#2970,.T.);
#5986=ORIENTED_EDGE('',*,*,#3049,.F.);
#5987=EDGE_LOOP('',(#5983,#5984,#5985,#5986));
#5988=FACE_OUTER_BOUND('',#5987,.F.);
#5989=ADVANCED_FACE('',(#5988),#5982,.F.);
#5990=CLOSED_SHELL('',(#2882,#2902,#2917,#2932,#2960,#2988,#3003,#3056,#3089,
#3123,#3136,#3152,#3170,#3202,#3233,#3247,#3262,#3277,#3293,#3308,#3324,#3337,
#3352,#3367,#3383,#3396,#3447,#3478,#3511,#3524,#3555,#3654,#3669,#3684,#3722,
#3735,#3750,#3768,#3798,#3827,#3839,#3852,#3881,#3910,#3922,#3934,#3947,#3978,
#4011,#4030,#4043,#4063,#4096,#4131,#4163,#4201,#4215,#4229,#4244,#4262,#4275,
#4294,#4308,#4322,#4335,#4349,#4362,#4375,#4388,#4400,#4413,#4426,#4439,#4451,
#4470,#4483,#4501,#4514,#4532,#4544,#4557,#4576,#4590,#4603,#4617,#4630,#4643,
#4656,#4668,#4681,#4694,#4706,#4718,#4730,#4742,#4759,#4776,#4793,#4810,#4824,
#4840,#4857,#4874,#4891,#4904,#4917,#4929,#4942,#4955,#4968,#4980,#4993,#5006,
#5019,#5031,#5044,#5057,#5070,#5082,#5099,#5116,#5133,#5150,#5164,#5180,#5197,
#5214,#5231,#5244,#5257,#5269,#5282,#5295,#5308,#5320,#5333,#5346,#5359,#5371,
#5384,#5397,#5410,#5422,#5435,#5448,#5460,#5477,#5494,#5511,#5528,#5542,#5558,
#5575,#5592,#5609,#5622,#5635,#5647,#5660,#5673,#5686,#5698,#5711,#5724,#5737,
#5749,#5762,#5775,#5788,#5800,#5812,#5824,#5839,#5854,#5866,#5878,#5890,#5902,
#5916,#5929,#5941,#5953,#5965,#5977,#5989));
#5991=MANIFOLD_SOLID_BREP('',#5990);
#5992=CARTESIAN_POINT('',(0.E0,0.E0,0.E0));
#5993=DIRECTION('',(0.E0,0.E0,1.E0));
#5994=DIRECTION('',(1.E0,0.E0,0.E0));
#5995=AXIS2_PLACEMENT_3D('CSYS',#5992,#5993,#5994);
#5996=CARTESIAN_POINT('',(4.2E0,0.E0,-2.95E0));
#5997=DIRECTION('',(0.E0,1.E0,0.E0));
#5998=DIRECTION('',(-1.E0,0.E0,0.E0));
#5999=AXIS2_PLACEMENT_3D('',#5996,#5997,#5998);
#6003=CARTESIAN_POINT('',(4.2E0,0.E0,-2.95E0));
#6004=DIRECTION('',(0.E0,1.E0,0.E0));
#6005=DIRECTION('',(1.E0,0.E0,0.E0));
#6006=AXIS2_PLACEMENT_3D('',#6003,#6004,#6005);
#6012=CARTESIAN_POINT('',(4.2E0,0.E0,2.55E0));
#6013=DIRECTION('',(0.E0,1.E0,0.E0));
#6014=DIRECTION('',(-1.E0,0.E0,0.E0));
#6015=AXIS2_PLACEMENT_3D('',#6012,#6013,#6014);
#6019=CARTESIAN_POINT('',(4.2E0,0.E0,2.55E0));
#6020=DIRECTION('',(0.E0,1.E0,0.E0));
#6021=DIRECTION('',(1.E0,0.E0,0.E0));
#6022=AXIS2_PLACEMENT_3D('',#6019,#6020,#6021);
#6027=CARTESIAN_POINT('',(0.E0,0.E0,-2.95E0));
#6028=DIRECTION('',(0.E0,1.E0,0.E0));
#6029=DIRECTION('',(-1.E0,0.E0,0.E0));
#6030=AXIS2_PLACEMENT_3D('',#6027,#6028,#6029);
#6034=CARTESIAN_POINT('',(0.E0,0.E0,-2.95E0));
#6035=DIRECTION('',(0.E0,1.E0,0.E0));
#6036=DIRECTION('',(1.E0,0.E0,0.E0));
#6037=AXIS2_PLACEMENT_3D('',#6034,#6035,#6036);
#6042=CARTESIAN_POINT('',(0.E0,0.E0,2.55E0));
#6043=DIRECTION('',(0.E0,1.E0,0.E0));
#6044=DIRECTION('',(-1.E0,0.E0,0.E0));
#6045=AXIS2_PLACEMENT_3D('',#6042,#6043,#6044);
#6049=CARTESIAN_POINT('',(0.E0,0.E0,2.55E0));
#6050=DIRECTION('',(0.E0,1.E0,0.E0));
#6051=DIRECTION('',(1.E0,0.E0,0.E0));
#6052=AXIS2_PLACEMENT_3D('',#6049,#6050,#6051);
#6057=CARTESIAN_POINT('',(-4.2E0,0.E0,-2.95E0));
#6058=DIRECTION('',(0.E0,1.E0,0.E0));
#6059=DIRECTION('',(-1.E0,0.E0,0.E0));
#6060=AXIS2_PLACEMENT_3D('',#6057,#6058,#6059);
#6064=CARTESIAN_POINT('',(-4.2E0,0.E0,-2.95E0));
#6065=DIRECTION('',(0.E0,1.E0,0.E0));
#6066=DIRECTION('',(1.E0,0.E0,0.E0));
#6067=AXIS2_PLACEMENT_3D('',#6064,#6065,#6066);
#6072=CARTESIAN_POINT('',(-4.2E0,0.E0,2.55E0));
#6073=DIRECTION('',(0.E0,1.E0,0.E0));
#6074=DIRECTION('',(-1.E0,0.E0,0.E0));
#6075=AXIS2_PLACEMENT_3D('',#6072,#6073,#6074);
#6079=CARTESIAN_POINT('',(-4.2E0,0.E0,2.55E0));
#6080=DIRECTION('',(0.E0,1.E0,0.E0));
#6081=DIRECTION('',(1.E0,0.E0,0.E0));
#6082=AXIS2_PLACEMENT_3D('',#6079,#6080,#6081);
#6088=DIMENSIONAL_EXPONENTS(0.E0,0.E0,0.E0,0.E0,0.E0,0.E0,0.E0);
#6090=PLANE_ANGLE_MEASURE_WITH_UNIT(PLANE_ANGLE_MEASURE(1.745329251994E-2),
#6089);
#6091=(CONVERSION_BASED_UNIT('DEGREE',#6090)NAMED_UNIT(*)PLANE_ANGLE_UNIT());
#6093=UNCERTAINTY_MEASURE_WITH_UNIT(LENGTH_MEASURE(1.E-3),#6087,'closure',
'Maximum model space distance between geometric entities at asserted connectivities');
#6094=(GEOMETRIC_REPRESENTATION_CONTEXT(3)GLOBAL_UNCERTAINTY_ASSIGNED_CONTEXT((
#6093))GLOBAL_UNIT_ASSIGNED_CONTEXT((#6087,#6091,#6092))REPRESENTATION_CONTEXT(
'ID1','3'));
#6011=GEOMETRIC_SET('',(#6010,#6026,#6041,#6056,#6071,#6086));
#6098=SHAPE_REPRESENTATION_RELATIONSHIP('','',#6097,#6095);
#6099=SHAPE_REPRESENTATION_RELATIONSHIP('','',#6097,#6096);
#6100=APPLICATION_CONTEXT(
'CONFIGURATION CONTROLLED 3D DESIGNS OF MECHANICAL PARTS AND ASSEMBLIES');
#6101=APPLICATION_PROTOCOL_DEFINITION('international standard',
'config_control_design',1994,#6100);
#6102=DESIGN_CONTEXT('',#6100,'design');
#6103=MECHANICAL_CONTEXT('',#6100,'mechanical');
#6104=PRODUCT('039310068','039310068','NOT SPECIFIED',(#6103));
#6105=PRODUCT_DEFINITION_FORMATION_WITH_SPECIFIED_SOURCE('1','LAST_VERSION',
#6104,.MADE.);
#6109=PRODUCT_CATEGORY('part','');
#6110=PRODUCT_RELATED_PRODUCT_CATEGORY('detail','',(#6104));
#6111=PRODUCT_CATEGORY_RELATIONSHIP('','',#6109,#6110);
#6112=SECURITY_CLASSIFICATION_LEVEL('unclassified');
#6113=SECURITY_CLASSIFICATION('','',#6112);
#6114=CC_DESIGN_SECURITY_CLASSIFICATION(#6113,(#6105));
#6115=APPROVAL_STATUS('approved');
#6116=APPROVAL(#6115,'');
#6117=CC_DESIGN_APPROVAL(#6116,(#6113,#6105,#6106));
#6118=CALENDAR_DATE(115,16,2);
#6119=COORDINATED_UNIVERSAL_TIME_OFFSET(5,30,.AHEAD.);
#6120=LOCAL_TIME(14,58,2.7E1,#6119);
#6121=DATE_AND_TIME(#6118,#6120);
#6122=APPROVAL_DATE_TIME(#6121,#6116);
#6123=DATE_TIME_ROLE('creation_date');
#6124=CC_DESIGN_DATE_AND_TIME_ASSIGNMENT(#6121,#6123,(#6106));
#6125=DATE_TIME_ROLE('classification_date');
#6126=CC_DESIGN_DATE_AND_TIME_ASSIGNMENT(#6121,#6125,(#6113));
#6127=PERSON('UNSPECIFIED','UNSPECIFIED',$,$,$,$);
#6128=ORGANIZATION('UNSPECIFIED','UNSPECIFIED','UNSPECIFIED');
#6129=PERSON_AND_ORGANIZATION(#6127,#6128);
#6130=APPROVAL_ROLE('approver');
#6131=APPROVAL_PERSON_ORGANIZATION(#6129,#6116,#6130);
#6132=PERSON_AND_ORGANIZATION_ROLE('creator');
#6133=CC_DESIGN_PERSON_AND_ORGANIZATION_ASSIGNMENT(#6129,#6132,(#6105,#6106));
#6134=PERSON_AND_ORGANIZATION_ROLE('design_supplier');
#6135=CC_DESIGN_PERSON_AND_ORGANIZATION_ASSIGNMENT(#6129,#6134,(#6105));
#6136=PERSON_AND_ORGANIZATION_ROLE('classification_officer');
#6137=CC_DESIGN_PERSON_AND_ORGANIZATION_ASSIGNMENT(#6129,#6136,(#6113));
#6138=PERSON_AND_ORGANIZATION_ROLE('design_owner');
#6139=CC_DESIGN_PERSON_AND_ORGANIZATION_ASSIGNMENT(#6129,#6138,(#6104));
#649=CIRCLE('',#648,4.E-1);
#2122=CIRCLE('',#2121,4.E-1);
#2868=EDGE_CURVE('',#2410,#2396,#4,.T.);
#2870=EDGE_CURVE('',#2396,#2157,#8,.T.);
#2872=EDGE_CURVE('',#2157,#2158,#12,.T.);
#2874=EDGE_CURVE('',#2158,#2414,#16,.T.);
#2876=EDGE_CURVE('',#2414,#2428,#20,.T.);
#2878=EDGE_CURVE('',#2410,#2428,#24,.T.);
#2888=EDGE_CURVE('',#2412,#2394,#28,.T.);
#2890=EDGE_CURVE('',#2426,#2412,#32,.T.);
#2892=EDGE_CURVE('',#2416,#2426,#36,.T.);
#2894=EDGE_CURVE('',#2416,#2153,#40,.T.);
#2896=EDGE_CURVE('',#2153,#2154,#44,.T.);
#2898=EDGE_CURVE('',#2154,#2394,#48,.T.);
#2908=EDGE_CURVE('',#2391,#2406,#56,.T.);
#2910=EDGE_CURVE('',#2396,#2391,#653,.T.);
#2913=EDGE_CURVE('',#2410,#2406,#52,.T.);
#2924=EDGE_CURVE('',#2406,#2408,#60,.T.);
#2926=EDGE_CURVE('',#2392,#2408,#2142,.T.);
#2928=EDGE_CURVE('',#2391,#2392,#657,.T.);
#2938=EDGE_CURVE('',#2443,#2444,#64,.T.);
#2940=EDGE_CURVE('',#2432,#2444,#68,.T.);
#2942=EDGE_CURVE('',#2400,#2432,#2101,.T.);
#2944=EDGE_CURVE('',#2398,#2400,#2122,.T.);
#2946=EDGE_CURVE('',#2430,#2398,#2093,.T.);
#2948=EDGE_CURVE('',#2448,#2430,#72,.T.);
#2950=EDGE_CURVE('',#2448,#2446,#76,.T.);
#2952=EDGE_CURVE('',#2420,#2446,#80,.T.);
#2954=EDGE_CURVE('',#2419,#2420,#84,.T.);
#2956=EDGE_CURVE('',#2443,#2419,#88,.T.);
#2966=EDGE_CURVE('',#2451,#2452,#92,.T.);
#2968=EDGE_CURVE('',#2424,#2451,#96,.T.);
#2970=EDGE_CURVE('',#2423,#2424,#100,.T.);
#2972=EDGE_CURVE('',#2454,#2423,#104,.T.);
#2974=EDGE_CURVE('',#2456,#2454,#108,.T.);
#2976=EDGE_CURVE('',#2426,#2456,#112,.T.);
#2979=EDGE_CURVE('',#2408,#2412,#2146,.T.);
#2984=EDGE_CURVE('',#2452,#2428,#116,.T.);
#2995=EDGE_CURVE('',#2443,#2279,#120,.T.);
#2997=EDGE_CURVE('',#2279,#2280,#957,.T.);
#2999=EDGE_CURVE('',#2444,#2280,#268,.T.);
#3009=EDGE_CURVE('',#2370,#2638,#172,.T.);
#3011=EDGE_CURVE('',#2638,#2617,#124,.T.);
#3013=EDGE_CURVE('',#2617,#2618,#1145,.T.);
#3015=EDGE_CURVE('',#2618,#2613,#128,.T.);
#3017=EDGE_CURVE('',#2613,#2614,#132,.T.);
#3019=EDGE_CURVE('',#2614,#2621,#136,.T.);
#3021=EDGE_CURVE('',#2621,#2622,#1177,.T.);
#3023=EDGE_CURVE('',#2622,#2634,#140,.T.);
#3025=EDGE_CURVE('',#2634,#2566,#532,.T.);
#3027=EDGE_CURVE('',#2566,#2564,#144,.T.);
#3029=EDGE_CURVE('',#2563,#2564,#1193,.T.);
#3031=EDGE_CURVE('',#2563,#2546,#148,.T.);
#3033=EDGE_CURVE('',#2545,#2546,#152,.T.);
#3035=EDGE_CURVE('',#2545,#2226,#156,.T.);
#3037=EDGE_CURVE('',#2226,#2550,#1057,.T.);
#3039=EDGE_CURVE('',#2550,#2560,#160,.T.);
#3041=EDGE_CURVE('',#2560,#2279,#961,.T.);
#3045=EDGE_CURVE('',#2436,#2419,#456,.T.);
#3047=EDGE_CURVE('',#2435,#2436,#344,.T.);
#3049=EDGE_CURVE('',#2435,#2424,#164,.T.);
#3052=EDGE_CURVE('',#2451,#2370,#168,.T.);
#3063=EDGE_CURVE('',#2369,#2370,#176,.T.);
#3065=EDGE_CURVE('',#2372,#2369,#180,.T.);
#3067=EDGE_CURVE('',#2529,#2372,#184,.T.);
#3069=EDGE_CURVE('',#2529,#2530,#632,.T.);
#3071=EDGE_CURVE('',#2532,#2530,#188,.T.);
#3073=EDGE_CURVE('',#2637,#2532,#192,.T.);
#3075=EDGE_CURVE('',#2637,#2638,#196,.T.);
#3079=EDGE_CURVE('',#2853,#2854,#244,.T.);
#3081=EDGE_CURVE('',#2854,#2862,#248,.T.);
#3083=EDGE_CURVE('',#2861,#2862,#252,.T.);
#3085=EDGE_CURVE('',#2853,#2861,#256,.T.);
#3095=EDGE_CURVE('',#2534,#2670,#200,.T.);
#3097=EDGE_CURVE('',#2526,#2534,#204,.T.);
#3099=EDGE_CURVE('',#2525,#2526,#813,.T.);
#3101=EDGE_CURVE('',#2514,#2525,#208,.T.);
#3103=EDGE_CURVE('',#2512,#2514,#212,.T.);
#3105=EDGE_CURVE('',#2511,#2512,#216,.T.);
#3107=EDGE_CURVE('',#2668,#2511,#220,.T.);
#3109=EDGE_CURVE('',#2668,#2670,#224,.T.);
#3113=EDGE_CURVE('',#2849,#2850,#228,.T.);
#3115=EDGE_CURVE('',#2850,#2858,#232,.T.);
#3117=EDGE_CURVE('',#2857,#2858,#236,.T.);
#3119=EDGE_CURVE('',#2849,#2857,#240,.T.);
#3130=EDGE_CURVE('',#2452,#2369,#260,.T.);
#3142=EDGE_CURVE('',#2518,#2372,#264,.T.);
#3148=EDGE_CURVE('',#2414,#2518,#416,.T.);
#3160=EDGE_CURVE('',#2280,#2458,#953,.T.);
#3162=EDGE_CURVE('',#2458,#2466,#272,.T.);
#3164=EDGE_CURVE('',#2466,#2402,#364,.T.);
#3166=EDGE_CURVE('',#2402,#2432,#2105,.T.);
#3176=EDGE_CURVE('',#2538,#2552,#276,.T.);
#3178=EDGE_CURVE('',#2552,#2502,#524,.T.);
#3180=EDGE_CURVE('',#2502,#2486,#280,.T.);
#3182=EDGE_CURVE('',#2486,#2468,#388,.T.);
#3184=EDGE_CURVE('',#2468,#2482,#284,.T.);
#3186=EDGE_CURVE('',#2482,#2554,#941,.T.);
#3188=EDGE_CURVE('',#2554,#2548,#288,.T.);
#3190=EDGE_CURVE('',#2548,#2228,#1049,.T.);
#3192=EDGE_CURVE('',#2228,#2542,#292,.T.);
#3194=EDGE_CURVE('',#2542,#2540,#296,.T.);
#3196=EDGE_CURVE('',#2540,#2537,#300,.T.);
#3198=EDGE_CURVE('',#2537,#2538,#304,.T.);
#3208=EDGE_CURVE('',#2504,#2633,#512,.T.);
#3210=EDGE_CURVE('',#2610,#2633,#308,.T.);
#3212=EDGE_CURVE('',#2608,#2610,#312,.T.);
#3214=EDGE_CURVE('',#2606,#2608,#316,.T.);
#3216=EDGE_CURVE('',#2604,#2606,#320,.T.);
#3218=EDGE_CURVE('',#2602,#2604,#324,.T.);
#3220=EDGE_CURVE('',#2601,#2602,#328,.T.);
#3222=EDGE_CURVE('',#2637,#2601,#332,.T.);
#3225=EDGE_CURVE('',#2532,#2516,#336,.T.);
#3227=EDGE_CURVE('',#2516,#2488,#428,.T.);
#3229=EDGE_CURVE('',#2488,#2504,#340,.T.);
#3239=EDGE_CURVE('',#2374,#2518,#412,.T.);
#3241=EDGE_CURVE('',#2374,#2529,#636,.T.);
#3254=EDGE_CURVE('',#2436,#2438,#348,.T.);
#3256=EDGE_CURVE('',#2438,#2440,#352,.T.);
#3258=EDGE_CURVE('',#2440,#2435,#356,.T.);
#3268=EDGE_CURVE('',#2282,#2166,#360,.T.);
#3270=EDGE_CURVE('',#2166,#2402,#2109,.T.);
#3273=EDGE_CURVE('',#2282,#2466,#368,.T.);
#3283=EDGE_CURVE('',#2284,#2161,#853,.T.);
#3285=EDGE_CURVE('',#2284,#2472,#372,.T.);
#3287=EDGE_CURVE('',#2472,#2404,#376,.T.);
#3289=EDGE_CURVE('',#2404,#2161,#2085,.T.);
#3299=EDGE_CURVE('',#2361,#2362,#380,.T.);
#3301=EDGE_CURVE('',#2362,#2468,#384,.T.);
#3304=EDGE_CURVE('',#2361,#2486,#392,.T.);
#3314=EDGE_CURVE('',#2365,#2366,#837,.T.);
#3316=EDGE_CURVE('',#2365,#2492,#396,.T.);
#3318=EDGE_CURVE('',#2492,#2470,#400,.T.);
#3320=EDGE_CURVE('',#2366,#2470,#404,.T.);
#3330=EDGE_CURVE('',#2158,#2374,#408,.T.);
#3343=EDGE_CURVE('',#2377,#2378,#420,.T.);
#3345=EDGE_CURVE('',#2378,#2488,#424,.T.);
#3348=EDGE_CURVE('',#2377,#2516,#432,.T.);
#3358=EDGE_CURVE('',#2153,#2380,#805,.T.);
#3361=EDGE_CURVE('',#2416,#2520,#436,.T.);
#3363=EDGE_CURVE('',#2380,#2520,#440,.T.);
#3373=EDGE_CURVE('',#2383,#2384,#821,.T.);
#3375=EDGE_CURVE('',#2383,#2522,#444,.T.);
#3377=EDGE_CURVE('',#2522,#2490,#448,.T.);
#3379=EDGE_CURVE('',#2384,#2490,#452,.T.);
#3392=EDGE_CURVE('',#2438,#2420,#480,.T.);
#3402=EDGE_CURVE('',#2588,#2666,#548,.T.);
#3404=EDGE_CURVE('',#2654,#2666,#460,.T.);
#3406=EDGE_CURVE('',#2653,#2654,#1249,.T.);
#3408=EDGE_CURVE('',#2642,#2653,#464,.T.);
#3410=EDGE_CURVE('',#2641,#2642,#468,.T.);
#3412=EDGE_CURVE('',#2650,#2641,#472,.T.);
#3414=EDGE_CURVE('',#2649,#2650,#1217,.T.);
#3416=EDGE_CURVE('',#2668,#2649,#476,.T.);
#3419=EDGE_CURVE('',#2454,#2511,#937,.T.);
#3422=EDGE_CURVE('',#2440,#2423,#2150,.T.);
#3427=EDGE_CURVE('',#2446,#2464,#484,.T.);
#3429=EDGE_CURVE('',#2464,#2590,#969,.T.);
#3431=EDGE_CURVE('',#2590,#2574,#488,.T.);
#3433=EDGE_CURVE('',#2574,#2572,#492,.T.);
#3435=EDGE_CURVE('',#2572,#2569,#496,.T.);
#3437=EDGE_CURVE('',#2569,#2570,#500,.T.);
#3439=EDGE_CURVE('',#2570,#2386,#504,.T.);
#3441=EDGE_CURVE('',#2584,#2386,#1281,.T.);
#3443=EDGE_CURVE('',#2584,#2588,#508,.T.);
#3454=EDGE_CURVE('',#2499,#2504,#516,.T.);
#3456=EDGE_CURVE('',#2499,#2500,#620,.T.);
#3458=EDGE_CURVE('',#2502,#2500,#520,.T.);
#3461=EDGE_CURVE('',#2552,#2566,#528,.T.);
#3464=EDGE_CURVE('',#2633,#2634,#536,.T.);
#3468=EDGE_CURVE('',#2773,#2774,#584,.T.);
#3470=EDGE_CURVE('',#2774,#2782,#588,.T.);
#3472=EDGE_CURVE('',#2781,#2782,#592,.T.);
#3474=EDGE_CURVE('',#2773,#2781,#596,.T.);
#3484=EDGE_CURVE('',#2664,#2506,#540,.T.);
#3486=EDGE_CURVE('',#2666,#2664,#544,.T.);
#3489=EDGE_CURVE('',#2588,#2598,#552,.T.);
#3491=EDGE_CURVE('',#2508,#2598,#556,.T.);
#3493=EDGE_CURVE('',#2496,#2508,#560,.T.);
#3495=EDGE_CURVE('',#2495,#2496,#829,.T.);
#3497=EDGE_CURVE('',#2506,#2495,#564,.T.);
#3501=EDGE_CURVE('',#2769,#2770,#568,.T.);
#3503=EDGE_CURVE('',#2770,#2778,#572,.T.);
#3505=EDGE_CURVE('',#2777,#2778,#576,.T.);
#3507=EDGE_CURVE('',#2769,#2777,#580,.T.);
#3518=EDGE_CURVE('',#2378,#2499,#624,.T.);
#3532=EDGE_CURVE('',#2157,#2165,#600,.T.);
#3534=EDGE_CURVE('',#2165,#2166,#2113,.T.);
#3537=EDGE_CURVE('',#2282,#2480,#604,.T.);
#3539=EDGE_CURVE('',#2479,#2480,#608,.T.);
#3541=EDGE_CURVE('',#2362,#2479,#612,.T.);
#3544=EDGE_CURVE('',#2361,#2500,#616,.T.);
#3549=EDGE_CURVE('',#2377,#2530,#628,.T.);
#3561=EDGE_CURVE('',#2181,#2185,#640,.T.);
#3563=EDGE_CURVE('',#2185,#2162,#644,.T.);
#3565=EDGE_CURVE('',#2162,#2168,#2077,.T.);
#3567=EDGE_CURVE('',#2168,#2170,#649,.T.);
#3569=EDGE_CURVE('',#2170,#2165,#2117,.T.);
#3575=EDGE_CURVE('',#2392,#2394,#661,.T.);
#3578=EDGE_CURVE('',#2154,#2181,#665,.T.);
#3582=EDGE_CURVE('',#2207,#2208,#669,.T.);
#3584=EDGE_CURVE('',#2208,#2210,#673,.T.);
#3586=EDGE_CURVE('',#2210,#2212,#677,.T.);
#3588=EDGE_CURVE('',#2212,#2207,#681,.T.);
#3592=EDGE_CURVE('',#2215,#2216,#685,.T.);
#3594=EDGE_CURVE('',#2216,#2218,#689,.T.);
#3596=EDGE_CURVE('',#2218,#2220,#693,.T.);
#3598=EDGE_CURVE('',#2220,#2223,#697,.T.);
#3600=EDGE_CURVE('',#2223,#2224,#701,.T.);
#3602=EDGE_CURVE('',#2224,#2215,#705,.T.);
#3606=EDGE_CURVE('',#2321,#2322,#709,.T.);
#3608=EDGE_CURVE('',#2322,#2324,#713,.T.);
#3610=EDGE_CURVE('',#2324,#2326,#717,.T.);
#3612=EDGE_CURVE('',#2326,#2321,#721,.T.);
#3616=EDGE_CURVE('',#2329,#2330,#725,.T.);
#3618=EDGE_CURVE('',#2330,#2332,#729,.T.);
#3620=EDGE_CURVE('',#2332,#2334,#733,.T.);
#3622=EDGE_CURVE('',#2334,#2336,#737,.T.);
#3624=EDGE_CURVE('',#2336,#2338,#741,.T.);
#3626=EDGE_CURVE('',#2338,#2329,#745,.T.);
#3630=EDGE_CURVE('',#2341,#2342,#749,.T.);
#3632=EDGE_CURVE('',#2342,#2344,#753,.T.);
#3634=EDGE_CURVE('',#2344,#2346,#757,.T.);
#3636=EDGE_CURVE('',#2346,#2348,#761,.T.);
#3638=EDGE_CURVE('',#2348,#2350,#765,.T.);
#3640=EDGE_CURVE('',#2350,#2341,#769,.T.);
#3644=EDGE_CURVE('',#2353,#2354,#773,.T.);
#3646=EDGE_CURVE('',#2354,#2356,#777,.T.);
#3648=EDGE_CURVE('',#2356,#2358,#781,.T.);
#3650=EDGE_CURVE('',#2358,#2353,#785,.T.);
#3661=EDGE_CURVE('',#2174,#2181,#801,.T.);
#3663=EDGE_CURVE('',#2174,#2178,#789,.T.);
#3665=EDGE_CURVE('',#2178,#2185,#2126,.T.);
#3675=EDGE_CURVE('',#2181,#2182,#865,.T.);
#3677=EDGE_CURVE('',#2182,#2173,#793,.T.);
#3679=EDGE_CURVE('',#2173,#2174,#797,.T.);
#3691=EDGE_CURVE('',#2380,#2525,#809,.T.);
#3694=EDGE_CURVE('',#2383,#2526,#817,.T.);
#3697=EDGE_CURVE('',#2384,#2495,#825,.T.);
#3700=EDGE_CURVE('',#2365,#2496,#833,.T.);
#3703=EDGE_CURVE('',#2366,#2475,#841,.T.);
#3705=EDGE_CURVE('',#2475,#2476,#845,.T.);
#3707=EDGE_CURVE('',#2284,#2476,#849,.T.);
#3710=EDGE_CURVE('',#2161,#2162,#2081,.T.);
#3713=EDGE_CURVE('',#2185,#2186,#857,.T.);
#3715=EDGE_CURVE('',#2182,#2186,#861,.T.);
#3729=EDGE_CURVE('',#2514,#2520,#873,.T.);
#3742=EDGE_CURVE('',#2456,#2512,#869,.T.);
#3756=EDGE_CURVE('',#2472,#2461,#877,.T.);
#3758=EDGE_CURVE('',#2461,#2462,#977,.T.);
#3760=EDGE_CURVE('',#2448,#2462,#2069,.T.);
#3763=EDGE_CURVE('',#2404,#2430,#2089,.T.);
#3774=EDGE_CURVE('',#2582,#2596,#881,.T.);
#3776=EDGE_CURVE('',#2596,#2484,#989,.T.);
#3778=EDGE_CURVE('',#2484,#2470,#885,.T.);
#3781=EDGE_CURVE('',#2492,#2508,#889,.T.);
#3784=EDGE_CURVE('',#2598,#2586,#893,.T.);
#3786=EDGE_CURVE('',#2388,#2586,#1273,.T.);
#3788=EDGE_CURVE('',#2388,#2578,#897,.T.);
#3790=EDGE_CURVE('',#2577,#2578,#901,.T.);
#3792=EDGE_CURVE('',#2577,#2594,#905,.T.);
#3794=EDGE_CURVE('',#2594,#2582,#1065,.T.);
#3805=EDGE_CURVE('',#2670,#2657,#909,.T.);
#3807=EDGE_CURVE('',#2657,#2658,#1241,.T.);
#3809=EDGE_CURVE('',#2658,#2645,#913,.T.);
#3811=EDGE_CURVE('',#2645,#2646,#917,.T.);
#3813=EDGE_CURVE('',#2646,#2661,#921,.T.);
#3815=EDGE_CURVE('',#2661,#2662,#1257,.T.);
#3817=EDGE_CURVE('',#2662,#2664,#925,.T.);
#3820=EDGE_CURVE('',#2506,#2490,#929,.T.);
#3823=EDGE_CURVE('',#2522,#2534,#933,.T.);
#3847=EDGE_CURVE('',#2476,#2461,#981,.T.);
#3859=EDGE_CURVE('',#2479,#2482,#945,.T.);
#3862=EDGE_CURVE('',#2458,#2480,#949,.T.);
#3867=EDGE_CURVE('',#2554,#2560,#965,.T.);
#3871=EDGE_CURVE('',#2266,#2268,#1013,.T.);
#3873=EDGE_CURVE('',#2268,#2274,#1017,.T.);
#3875=EDGE_CURVE('',#2272,#2274,#1021,.T.);
#3877=EDGE_CURVE('',#2266,#2272,#1025,.T.);
#3888=EDGE_CURVE('',#2462,#2464,#973,.T.);
#3893=EDGE_CURVE('',#2484,#2475,#985,.T.);
#3896=EDGE_CURVE('',#2590,#2596,#993,.T.);
#3900=EDGE_CURVE('',#2697,#2698,#997,.T.);
#3902=EDGE_CURVE('',#2698,#2702,#1001,.T.);
#3904=EDGE_CURVE('',#2701,#2702,#1005,.T.);
#3906=EDGE_CURVE('',#2697,#2701,#1009,.T.);
#3940=EDGE_CURVE('',#2548,#2550,#1053,.T.);
#3953=EDGE_CURVE('',#2192,#2226,#1029,.T.);
#3955=EDGE_CURVE('',#2190,#2192,#1033,.T.);
#3957=EDGE_CURVE('',#2189,#2190,#1037,.T.);
#3959=EDGE_CURVE('',#2194,#2189,#1041,.T.);
#3961=EDGE_CURVE('',#2228,#2194,#1045,.T.);
#3968=EDGE_CURVE('',#2255,#2256,#1109,.T.);
#3970=EDGE_CURVE('',#2255,#2263,#1113,.T.);
#3972=EDGE_CURVE('',#2263,#2264,#1117,.T.);
#3974=EDGE_CURVE('',#2256,#2264,#1121,.T.);
#3984=EDGE_CURVE('',#2581,#2582,#1061,.T.);
#3987=EDGE_CURVE('',#2200,#2594,#1069,.T.);
#3989=EDGE_CURVE('',#2198,#2200,#1073,.T.);
#3991=EDGE_CURVE('',#2197,#2198,#1077,.T.);
#3993=EDGE_CURVE('',#2204,#2197,#1081,.T.);
#3995=EDGE_CURVE('',#2203,#2204,#1085,.T.);
#3997=EDGE_CURVE('',#2581,#2203,#1089,.T.);
#4001=EDGE_CURVE('',#2251,#2252,#1093,.T.);
#4003=EDGE_CURVE('',#2251,#2259,#1097,.T.);
#4005=EDGE_CURVE('',#2259,#2260,#1101,.T.);
#4007=EDGE_CURVE('',#2252,#2260,#1105,.T.);
#4019=EDGE_CURVE('',#2542,#2545,#1125,.T.);
#4023=EDGE_CURVE('',#2212,#2194,#1881,.T.);
#4026=EDGE_CURVE('',#2210,#2192,#1129,.T.);
#4039=EDGE_CURVE('',#2546,#2540,#1133,.T.);
#4050=EDGE_CURVE('',#2563,#2287,#1189,.T.);
#4052=EDGE_CURVE('',#2342,#2287,#1425,.T.);
#4055=EDGE_CURVE('',#2341,#2558,#1137,.T.);
#4057=EDGE_CURVE('',#2558,#2537,#1141,.T.);
#4070=EDGE_CURVE('',#2624,#2617,#1149,.T.);
#4072=EDGE_CURVE('',#2316,#2624,#1153,.T.);
#4074=EDGE_CURVE('',#2314,#2316,#1157,.T.);
#4076=EDGE_CURVE('',#2312,#2314,#1161,.T.);
#4078=EDGE_CURVE('',#2311,#2312,#1165,.T.);
#4080=EDGE_CURVE('',#2318,#2311,#1169,.T.);
#4082=EDGE_CURVE('',#2618,#2318,#1173,.T.);
#4086=EDGE_CURVE('',#2837,#2838,#1345,.T.);
#4088=EDGE_CURVE('',#2838,#2845,#1349,.T.);
#4090=EDGE_CURVE('',#2845,#2846,#1353,.T.);
#4092=EDGE_CURVE('',#2837,#2846,#1357,.T.);
#4103=EDGE_CURVE('',#2288,#2621,#1181,.T.);
#4105=EDGE_CURVE('',#2287,#2288,#1185,.T.);
#4109=EDGE_CURVE('',#2556,#2564,#1197,.T.);
#4111=EDGE_CURVE('',#2292,#2556,#1201,.T.);
#4113=EDGE_CURVE('',#2291,#2292,#1205,.T.);
#4115=EDGE_CURVE('',#2626,#2291,#1209,.T.);
#4117=EDGE_CURVE('',#2626,#2622,#1213,.T.);
#4121=EDGE_CURVE('',#2757,#2758,#1313,.T.);
#4123=EDGE_CURVE('',#2758,#2765,#1317,.T.);
#4125=EDGE_CURVE('',#2765,#2766,#1321,.T.);
#4127=EDGE_CURVE('',#2757,#2766,#1325,.T.);
#4138=EDGE_CURVE('',#2306,#2650,#1221,.T.);
#4140=EDGE_CURVE('',#2304,#2306,#1225,.T.);
#4142=EDGE_CURVE('',#2303,#2304,#1229,.T.);
#4144=EDGE_CURVE('',#2308,#2303,#1233,.T.);
#4146=EDGE_CURVE('',#2658,#2308,#1237,.T.);
#4149=EDGE_CURVE('',#2649,#2657,#1245,.T.);
#4153=EDGE_CURVE('',#2833,#2834,#1329,.T.);
#4155=EDGE_CURVE('',#2834,#2841,#1333,.T.);
#4157=EDGE_CURVE('',#2841,#2842,#1337,.T.);
#4159=EDGE_CURVE('',#2833,#2842,#1341,.T.);
#4170=EDGE_CURVE('',#2654,#2662,#1253,.T.);
#4173=EDGE_CURVE('',#2296,#2661,#1261,.T.);
#4175=EDGE_CURVE('',#2295,#2296,#1265,.T.);
#4177=EDGE_CURVE('',#2388,#2295,#1269,.T.);
#4180=EDGE_CURVE('',#2584,#2586,#1277,.T.);
#4183=EDGE_CURVE('',#2300,#2386,#1285,.T.);
#4185=EDGE_CURVE('',#2299,#2300,#1289,.T.);
#4187=EDGE_CURVE('',#2653,#2299,#1293,.T.);
#4191=EDGE_CURVE('',#2753,#2754,#1297,.T.);
#4193=EDGE_CURVE('',#2754,#2761,#1301,.T.);
#4195=EDGE_CURVE('',#2761,#2762,#1305,.T.);
#4197=EDGE_CURVE('',#2753,#2762,#1309,.T.);
#4211=EDGE_CURVE('',#2601,#2624,#1361,.T.);
#4221=EDGE_CURVE('',#2630,#2624,#1365,.T.);
#4225=EDGE_CURVE('',#2602,#2630,#1377,.T.);
#4236=EDGE_CURVE('',#2336,#2630,#1373,.T.);
#4239=EDGE_CURVE('',#2334,#2316,#1369,.T.);
#4253=EDGE_CURVE('',#2604,#2613,#1381,.T.);
#4257=EDGE_CURVE('',#2338,#2318,#1429,.T.);
#4269=EDGE_CURVE('',#2606,#2614,#1385,.T.);
#4285=EDGE_CURVE('',#2608,#2628,#1393,.T.);
#4287=EDGE_CURVE('',#2346,#2628,#1401,.T.);
#4290=EDGE_CURVE('',#2344,#2288,#1389,.T.);
#4300=EDGE_CURVE('',#2628,#2626,#1397,.T.);
#4304=EDGE_CURVE('',#2610,#2626,#1421,.T.);
#4316=EDGE_CURVE('',#2348,#2291,#1405,.T.);
#4331=EDGE_CURVE('',#2350,#2292,#1413,.T.);
#4341=EDGE_CURVE('',#2556,#2558,#1409,.T.);
#4355=EDGE_CURVE('',#2556,#2538,#1417,.T.);
#4409=EDGE_CURVE('',#2329,#2311,#1433,.T.);
#4422=EDGE_CURVE('',#2330,#2312,#1437,.T.);
#4435=EDGE_CURVE('',#2332,#2314,#1441,.T.);
#4459=EDGE_CURVE('',#2641,#2645,#1449,.T.);
#4463=EDGE_CURVE('',#2326,#2308,#1517,.T.);
#4466=EDGE_CURVE('',#2324,#2306,#1445,.T.);
#4477=EDGE_CURVE('',#2642,#2646,#1453,.T.);
#4494=EDGE_CURVE('',#2358,#2299,#1461,.T.);
#4497=EDGE_CURVE('',#2356,#2296,#1457,.T.);
#4510=EDGE_CURVE('',#2353,#2300,#1465,.T.);
#4522=EDGE_CURVE('',#2354,#2295,#1469,.T.);
#4528=EDGE_CURVE('',#2578,#2570,#1473,.T.);
#4551=EDGE_CURVE('',#2569,#2577,#1477,.T.);
#4567=EDGE_CURVE('',#2592,#2572,#1485,.T.);
#4569=EDGE_CURVE('',#2220,#2592,#1497,.T.);
#4572=EDGE_CURVE('',#2218,#2200,#1481,.T.);
#4584=EDGE_CURVE('',#2574,#2581,#1489,.T.);
#4586=EDGE_CURVE('',#2592,#2581,#1493,.T.);
#4611=EDGE_CURVE('',#2223,#2203,#1501,.T.);
#4626=EDGE_CURVE('',#2224,#2204,#1505,.T.);
#4639=EDGE_CURVE('',#2215,#2197,#1509,.T.);
#4652=EDGE_CURVE('',#2216,#2198,#1513,.T.);
#4677=EDGE_CURVE('',#2321,#2303,#1521,.T.);
#4690=EDGE_CURVE('',#2322,#2304,#1525,.T.);
#4749=EDGE_CURVE('',#2753,#2717,#1529,.T.);
#4751=EDGE_CURVE('',#2717,#2718,#1533,.T.);
#4753=EDGE_CURVE('',#2718,#2720,#1537,.T.);
#4755=EDGE_CURVE('',#2720,#2754,#1541,.T.);
#4766=EDGE_CURVE('',#2757,#2711,#1545,.T.);
#4768=EDGE_CURVE('',#2711,#2712,#1549,.T.);
#4770=EDGE_CURVE('',#2712,#2714,#1553,.T.);
#4772=EDGE_CURVE('',#2714,#2758,#1557,.T.);
#4783=EDGE_CURVE('',#2769,#2723,#1561,.T.);
#4785=EDGE_CURVE('',#2723,#2724,#1565,.T.);
#4787=EDGE_CURVE('',#2724,#2726,#1569,.T.);
#4789=EDGE_CURVE('',#2726,#2770,#1573,.T.);
#4800=EDGE_CURVE('',#2773,#2705,#1577,.T.);
#4802=EDGE_CURVE('',#2705,#2706,#1581,.T.);
#4804=EDGE_CURVE('',#2706,#2708,#1585,.T.);
#4806=EDGE_CURVE('',#2708,#2774,#1589,.T.);
#4817=EDGE_CURVE('',#2762,#2741,#1605,.T.);
#4819=EDGE_CURVE('',#2717,#2741,#1665,.T.);
#4831=EDGE_CURVE('',#2744,#2761,#1593,.T.);
#4833=EDGE_CURVE('',#2742,#2744,#1597,.T.);
#4835=EDGE_CURVE('',#2741,#2742,#1601,.T.);
#4847=EDGE_CURVE('',#2738,#2765,#1609,.T.);
#4849=EDGE_CURVE('',#2736,#2738,#1613,.T.);
#4851=EDGE_CURVE('',#2735,#2736,#1617,.T.);
#4853=EDGE_CURVE('',#2766,#2735,#1621,.T.);
#4864=EDGE_CURVE('',#2750,#2778,#1625,.T.);
#4866=EDGE_CURVE('',#2748,#2750,#1629,.T.);
#4868=EDGE_CURVE('',#2747,#2748,#1633,.T.);
#4870=EDGE_CURVE('',#2777,#2747,#1637,.T.);
#4881=EDGE_CURVE('',#2732,#2782,#1641,.T.);
#4883=EDGE_CURVE('',#2730,#2732,#1645,.T.);
#4885=EDGE_CURVE('',#2729,#2730,#1649,.T.);
#4887=EDGE_CURVE('',#2781,#2729,#1653,.T.);
#4899=EDGE_CURVE('',#2720,#2744,#1657,.T.);
#4911=EDGE_CURVE('',#2718,#2742,#1661,.T.);
#4937=EDGE_CURVE('',#2714,#2738,#1669,.T.);
#4949=EDGE_CURVE('',#2712,#2736,#1673,.T.);
#4962=EDGE_CURVE('',#2711,#2735,#1677,.T.);
#4988=EDGE_CURVE('',#2726,#2750,#1681,.T.);
#5000=EDGE_CURVE('',#2724,#2748,#1685,.T.);
#5013=EDGE_CURVE('',#2723,#2747,#1689,.T.);
#5039=EDGE_CURVE('',#2708,#2732,#1693,.T.);
#5051=EDGE_CURVE('',#2706,#2730,#1697,.T.);
#5064=EDGE_CURVE('',#2705,#2729,#1701,.T.);
#5089=EDGE_CURVE('',#2833,#2797,#1705,.T.);
#5091=EDGE_CURVE('',#2797,#2798,#1709,.T.);
#5093=EDGE_CURVE('',#2798,#2800,#1713,.T.);
#5095=EDGE_CURVE('',#2800,#2834,#1717,.T.);
#5106=EDGE_CURVE('',#2837,#2791,#1721,.T.);
#5108=EDGE_CURVE('',#2791,#2792,#1725,.T.);
#5110=EDGE_CURVE('',#2792,#2794,#1729,.T.);
#5112=EDGE_CURVE('',#2794,#2838,#1733,.T.);
#5123=EDGE_CURVE('',#2849,#2803,#1737,.T.);
#5125=EDGE_CURVE('',#2803,#2804,#1741,.T.);
#5127=EDGE_CURVE('',#2804,#2806,#1745,.T.);
#5129=EDGE_CURVE('',#2806,#2850,#1749,.T.);
#5140=EDGE_CURVE('',#2853,#2785,#1753,.T.);
#5142=EDGE_CURVE('',#2785,#2786,#1757,.T.);
#5144=EDGE_CURVE('',#2786,#2788,#1761,.T.);
#5146=EDGE_CURVE('',#2788,#2854,#1765,.T.);
#5157=EDGE_CURVE('',#2842,#2821,#1781,.T.);
#5159=EDGE_CURVE('',#2797,#2821,#1841,.T.);
#5171=EDGE_CURVE('',#2824,#2841,#1769,.T.);
#5173=EDGE_CURVE('',#2822,#2824,#1773,.T.);
#5175=EDGE_CURVE('',#2821,#2822,#1777,.T.);
#5187=EDGE_CURVE('',#2818,#2845,#1785,.T.);
#5189=EDGE_CURVE('',#2816,#2818,#1789,.T.);
#5191=EDGE_CURVE('',#2815,#2816,#1793,.T.);
#5193=EDGE_CURVE('',#2846,#2815,#1797,.T.);
#5204=EDGE_CURVE('',#2830,#2858,#1801,.T.);
#5206=EDGE_CURVE('',#2828,#2830,#1805,.T.);
#5208=EDGE_CURVE('',#2827,#2828,#1809,.T.);
#5210=EDGE_CURVE('',#2857,#2827,#1813,.T.);
#5221=EDGE_CURVE('',#2812,#2862,#1817,.T.);
#5223=EDGE_CURVE('',#2810,#2812,#1821,.T.);
#5225=EDGE_CURVE('',#2809,#2810,#1825,.T.);
#5227=EDGE_CURVE('',#2861,#2809,#1829,.T.);
#5239=EDGE_CURVE('',#2800,#2824,#1833,.T.);
#5251=EDGE_CURVE('',#2798,#2822,#1837,.T.);
#5277=EDGE_CURVE('',#2794,#2818,#1845,.T.);
#5289=EDGE_CURVE('',#2792,#2816,#1849,.T.);
#5302=EDGE_CURVE('',#2791,#2815,#1853,.T.);
#5328=EDGE_CURVE('',#2806,#2830,#1857,.T.);
#5340=EDGE_CURVE('',#2804,#2828,#1861,.T.);
#5353=EDGE_CURVE('',#2803,#2827,#1865,.T.);
#5379=EDGE_CURVE('',#2788,#2812,#1869,.T.);
#5391=EDGE_CURVE('',#2786,#2810,#1873,.T.);
#5404=EDGE_CURVE('',#2785,#2809,#1877,.T.);
#5431=EDGE_CURVE('',#2207,#2189,#1885,.T.);
#5444=EDGE_CURVE('',#2208,#2190,#1889,.T.);
#5467=EDGE_CURVE('',#2252,#2673,#1893,.T.);
#5469=EDGE_CURVE('',#2673,#2674,#1897,.T.);
#5471=EDGE_CURVE('',#2674,#2676,#1901,.T.);
#5473=EDGE_CURVE('',#2676,#2251,#1905,.T.);
#5484=EDGE_CURVE('',#2256,#2237,#1909,.T.);
#5486=EDGE_CURVE('',#2237,#2238,#1913,.T.);
#5488=EDGE_CURVE('',#2238,#2270,#1917,.T.);
#5490=EDGE_CURVE('',#2270,#2255,#1921,.T.);
#5500=EDGE_CURVE('',#2266,#2231,#1925,.T.);
#5502=EDGE_CURVE('',#2231,#2232,#1929,.T.);
#5504=EDGE_CURVE('',#2232,#2234,#1933,.T.);
#5506=EDGE_CURVE('',#2234,#2268,#1937,.T.);
#5518=EDGE_CURVE('',#2697,#2679,#1941,.T.);
#5520=EDGE_CURVE('',#2679,#2680,#1945,.T.);
#5522=EDGE_CURVE('',#2680,#2682,#1949,.T.);
#5524=EDGE_CURVE('',#2682,#2698,#1953,.T.);
#5535=EDGE_CURVE('',#2260,#2685,#1969,.T.);
#5537=EDGE_CURVE('',#2673,#2685,#2029,.T.);
#5549=EDGE_CURVE('',#2688,#2259,#1957,.T.);
#5551=EDGE_CURVE('',#2686,#2688,#1961,.T.);
#5553=EDGE_CURVE('',#2685,#2686,#1965,.T.);
#5565=EDGE_CURVE('',#2276,#2263,#1973,.T.);
#5567=EDGE_CURVE('',#2248,#2276,#1977,.T.);
#5569=EDGE_CURVE('',#2247,#2248,#1981,.T.);
#5571=EDGE_CURVE('',#2264,#2247,#1985,.T.);
#5581=EDGE_CURVE('',#2272,#2241,#1989,.T.);
#5584=EDGE_CURVE('',#2244,#2274,#1993,.T.);
#5586=EDGE_CURVE('',#2242,#2244,#1997,.T.);
#5588=EDGE_CURVE('',#2241,#2242,#2001,.T.);
#5599=EDGE_CURVE('',#2694,#2702,#2005,.T.);
#5601=EDGE_CURVE('',#2692,#2694,#2009,.T.);
#5603=EDGE_CURVE('',#2691,#2692,#2013,.T.);
#5605=EDGE_CURVE('',#2701,#2691,#2017,.T.);
#5617=EDGE_CURVE('',#2676,#2688,#2021,.T.);
#5629=EDGE_CURVE('',#2674,#2686,#2025,.T.);
#5655=EDGE_CURVE('',#2270,#2276,#2033,.T.);
#5667=EDGE_CURVE('',#2238,#2248,#2037,.T.);
#5680=EDGE_CURVE('',#2237,#2247,#2041,.T.);
#5707=EDGE_CURVE('',#2231,#2241,#2045,.T.);
#5720=EDGE_CURVE('',#2232,#2242,#2049,.T.);
#5733=EDGE_CURVE('',#2234,#2244,#2053,.T.);
#5757=EDGE_CURVE('',#2682,#2694,#2057,.T.);
#5769=EDGE_CURVE('',#2680,#2692,#2061,.T.);
#5782=EDGE_CURVE('',#2679,#2691,#2065,.T.);
#5830=EDGE_CURVE('',#2168,#2398,#2073,.T.);
#5845=EDGE_CURVE('',#2170,#2400,#2097,.T.);
#5910=EDGE_CURVE('',#2177,#2178,#2130,.T.);
#5912=EDGE_CURVE('',#2186,#2177,#2134,.T.);
#5923=EDGE_CURVE('',#2173,#2177,#2138,.T.);
#6000=CIRCLE('',#5999,7.E-1);
#6001=TRIMMED_CURVE('',#6000,(PARAMETER_VALUE(0.E0)),(PARAMETER_VALUE(1.8E2)),
.T.,.UNSPECIFIED.);
#6002=COMPOSITE_CURVE_SEGMENT(.CONTINUOUS.,.T.,#6001);
#6007=CIRCLE('',#6006,7.E-1);
#6008=TRIMMED_CURVE('',#6007,(PARAMETER_VALUE(0.E0)),(PARAMETER_VALUE(1.8E2)),
.T.,.UNSPECIFIED.);
#6009=COMPOSITE_CURVE_SEGMENT(.CONTINUOUS.,.T.,#6008);
#6010=COMPOSITE_CURVE('',(#6002,#6009),.F.);
#6016=CIRCLE('',#6015,7.E-1);
#6017=TRIMMED_CURVE('',#6016,(PARAMETER_VALUE(0.E0)),(PARAMETER_VALUE(1.8E2)),
.T.,.UNSPECIFIED.);
#6018=COMPOSITE_CURVE_SEGMENT(.CONTINUOUS.,.T.,#6017);
#6023=CIRCLE('',#6022,7.E-1);
#6024=TRIMMED_CURVE('',#6023,(PARAMETER_VALUE(0.E0)),(PARAMETER_VALUE(1.8E2)),
.T.,.UNSPECIFIED.);
#6025=COMPOSITE_CURVE_SEGMENT(.CONTINUOUS.,.T.,#6024);
#6026=COMPOSITE_CURVE('',(#6018,#6025),.F.);
#6031=CIRCLE('',#6030,7.E-1);
#6032=TRIMMED_CURVE('',#6031,(PARAMETER_VALUE(0.E0)),(PARAMETER_VALUE(1.8E2)),
.T.,.UNSPECIFIED.);
#6033=COMPOSITE_CURVE_SEGMENT(.CONTINUOUS.,.T.,#6032);
#6038=CIRCLE('',#6037,7.E-1);
#6039=TRIMMED_CURVE('',#6038,(PARAMETER_VALUE(0.E0)),(PARAMETER_VALUE(1.8E2)),
.T.,.UNSPECIFIED.);
#6040=COMPOSITE_CURVE_SEGMENT(.CONTINUOUS.,.T.,#6039);
#6041=COMPOSITE_CURVE('',(#6033,#6040),.F.);
#6046=CIRCLE('',#6045,7.E-1);
#6047=TRIMMED_CURVE('',#6046,(PARAMETER_VALUE(0.E0)),(PARAMETER_VALUE(1.8E2)),
.T.,.UNSPECIFIED.);
#6048=COMPOSITE_CURVE_SEGMENT(.CONTINUOUS.,.T.,#6047);
#6053=CIRCLE('',#6052,7.E-1);
#6054=TRIMMED_CURVE('',#6053,(PARAMETER_VALUE(0.E0)),(PARAMETER_VALUE(1.8E2)),
.T.,.UNSPECIFIED.);
#6055=COMPOSITE_CURVE_SEGMENT(.CONTINUOUS.,.T.,#6054);
#6056=COMPOSITE_CURVE('',(#6048,#6055),.F.);
#6061=CIRCLE('',#6060,7.E-1);
#6062=TRIMMED_CURVE('',#6061,(PARAMETER_VALUE(0.E0)),(PARAMETER_VALUE(1.8E2)),
.T.,.UNSPECIFIED.);
#6063=COMPOSITE_CURVE_SEGMENT(.CONTINUOUS.,.T.,#6062);
#6068=CIRCLE('',#6067,7.E-1);
#6069=TRIMMED_CURVE('',#6068,(PARAMETER_VALUE(0.E0)),(PARAMETER_VALUE(1.8E2)),
.T.,.UNSPECIFIED.);
#6070=COMPOSITE_CURVE_SEGMENT(.CONTINUOUS.,.T.,#6069);
#6071=COMPOSITE_CURVE('',(#6063,#6070),.F.);
#6076=CIRCLE('',#6075,7.E-1);
#6077=TRIMMED_CURVE('',#6076,(PARAMETER_VALUE(0.E0)),(PARAMETER_VALUE(1.8E2)),
.T.,.UNSPECIFIED.);
#6078=COMPOSITE_CURVE_SEGMENT(.CONTINUOUS.,.T.,#6077);
#6083=CIRCLE('',#6082,7.E-1);
#6084=TRIMMED_CURVE('',#6083,(PARAMETER_VALUE(0.E0)),(PARAMETER_VALUE(1.8E2)),
.T.,.UNSPECIFIED.);
#6085=COMPOSITE_CURVE_SEGMENT(.CONTINUOUS.,.T.,#6084);
#6086=COMPOSITE_CURVE('',(#6078,#6085),.F.);
#6087=(LENGTH_UNIT()NAMED_UNIT(*)SI_UNIT(.MILLI.,.METRE.));
#6089=(NAMED_UNIT(*)PLANE_ANGLE_UNIT()SI_UNIT($,.RADIAN.));
#6092=(NAMED_UNIT(*)SI_UNIT($,.STERADIAN.)SOLID_ANGLE_UNIT());
#6095=ADVANCED_BREP_SHAPE_REPRESENTATION('',(#5991),#6094);
#6096=GEOMETRICALLY_BOUNDED_SURFACE_SHAPE_REPRESENTATION('',(#6011),#6094);
#6097=SHAPE_REPRESENTATION('',(#5995),#6094);
#6106=PRODUCT_DEFINITION('design','',#6105,#6102);
#6107=PRODUCT_DEFINITION_SHAPE('','SHAPE FOR 039310068.',#6106);
#6108=SHAPE_DEFINITION_REPRESENTATION(#6107,#6097);
ENDSEC;
END-ISO-10303-21;
