ISO-10303-21;
HEADER;
FILE_DESCRIPTION (( 'STEP AP214' ),
    '1' );
FILE_NAME ('BG125-05-A-1-1-0440-N-D.STEP',
    '2024-03-24T17:07:07',
    ( '' ),
    ( '' ),
    'SwSTEP 2.0',
    'SolidWorks 2021',
    '' );
FILE_SCHEMA (( 'AUTOMOTIVE_DESIGN' ));
ENDSEC;

DATA;
#1 = CARTESIAN_POINT ( 'NONE',  ( 4.705000000000000071, 0.2499999999999994726, 2.199999999999999734 ) ) ;
#2 = ORIENTED_EDGE ( 'NONE', *, *, #1020, .F. ) ;
#3 = CARTESIAN_POINT ( 'NONE',  ( 2.165000000000000036, 1.000000000000000000, -0.6499999999999998002 ) ) ;
#4 = VECTOR ( 'NONE', #4211, 1000.000000000000000 ) ;
#5 = CARTESIAN_POINT ( 'NONE',  ( 1.520000000000000906, -1.952273496316568657, -1.270000000000000240 ) ) ;
#6 = EDGE_CURVE ( 'NONE', #1714, #1733, #2117, .T. ) ;
#7 = ORIENTED_EDGE ( 'NONE', *, *, #2958, .T. ) ;
#8 = AXIS2_PLACEMENT_3D ( 'NONE', #4238, #2518, #2475 ) ;
#9 = DIRECTION ( 'NONE',  ( -0.000000000000000000, -0.000000000000000000, 1.000000000000000000 ) ) ;
#10 = ORIENTED_EDGE ( 'NONE', *, *, #3098, .T. ) ;
#11 = PLANE ( 'NONE',  #2108 ) ;
#12 = FACE_OUTER_BOUND ( 'NONE', #545, .T. ) ;
#13 = EDGE_CURVE ( 'NONE', #1013, #1224, #1772, .T. ) ;
#14 = VECTOR ( 'NONE', #1456, 1000.000000000000000 ) ;
#15 = EDGE_CURVE ( 'NONE', #4319, #761, #1454, .T. ) ;
#16 = AXIS2_PLACEMENT_3D ( 'NONE', #832, #4002, #2546 ) ;
#17 = VECTOR ( 'NONE', #3757, 1000.000000000000000 ) ;
#18 = MANIFOLD_SOLID_BREP ( 'Boss-Extrude4', #475 ) ;
#19 = ORIENTED_EDGE ( 'NONE', *, *, #1153, .F. ) ;
#20 = EDGE_CURVE ( 'NONE', #822, #1714, #1389, .T. ) ;
#21 = ORIENTED_EDGE ( 'NONE', *, *, #2788, .T. ) ;
#22 = LINE ( 'NONE', #1781, #2304 ) ;
#23 = EDGE_LOOP ( 'NONE', ( #2437, #213, #3292, #281 ) ) ;
#24 = CARTESIAN_POINT ( 'NONE',  ( 1.019999999999999796, 0.000000000000000000, -1.050000000000000044 ) ) ;
#25 = CARTESIAN_POINT ( 'NONE',  ( -12.32333076527839566, 0.5999999999999999778, -0.9000000000000000222 ) ) ;
#26 = ORIENTED_EDGE ( 'NONE', *, *, #1415, .T. ) ;
#27 = CARTESIAN_POINT ( 'NONE',  ( -6.720000000000000639, 4.599999999999999645, -0.8999999999999991340 ) ) ;
#28 = ORIENTED_EDGE ( 'NONE', *, *, #2528, .T. ) ;
#29 = CARTESIAN_POINT ( 'NONE',  ( -7.691428571428570393, 4.492756549211971873, 0.07142857142857200747 ) ) ;
#30 = PLANE ( 'NONE',  #695 ) ;
#31 = CARTESIAN_POINT ( 'NONE',  ( -4.180000000000001492, 0.5999999999999999778, 0.9000000000000000222 ) ) ;
#32 = VERTEX_POINT ( 'NONE', #1495 ) ;
#33 = ORIENTED_EDGE ( 'NONE', *, *, #2597, .F. ) ;
#34 = DIRECTION ( 'NONE',  ( 0.000000000000000000, -0.000000000000000000, 1.000000000000000000 ) ) ;
#35 = DIRECTION ( 'NONE',  ( 0.000000000000000000, 0.000000000000000000, -1.000000000000000000 ) ) ;
#36 = EDGE_CURVE ( 'NONE', #4317, #2446, #1172, .T. ) ;
#37 = ADVANCED_FACE ( 'NONE', ( #1913 ), #3651, .F. ) ;
#38 = CARTESIAN_POINT ( 'NONE',  ( 2.914999999999999591, 5.421010862427522170E-17, -0.9999999999999995559 ) ) ;
#39 = VERTEX_POINT ( 'NONE', #2226 ) ;
#40 = VERTEX_POINT ( 'NONE', #2915 ) ;
#41 = SHAPE_REPRESENTATION ( 'pin^BG125 Ass_1', ( #1607 ), #3654 ) ;
#42 = FACE_OUTER_BOUND ( 'NONE', #1590, .T. ) ;
#43 = DIRECTION ( 'NONE',  ( 0.000000000000000000, 0.000000000000000000, -1.000000000000000000 ) ) ;
#44 = VERTEX_POINT ( 'NONE', #539 ) ;
#45 = CARTESIAN_POINT ( 'NONE',  ( -5.980000000000000426, 0.5999999999999998668, -1.269999999999999352 ) ) ;
#46 = DIRECTION ( 'NONE',  ( 0.000000000000000000, -1.000000000000000000, -3.336006684570783101E-16 ) ) ;
#47 = LINE ( 'NONE', #4247, #2384 ) ;
#48 = ORIENTED_EDGE ( 'NONE', *, *, #4231, .F. ) ;
#49 = DIRECTION ( 'NONE',  ( -0.000000000000000000, -0.000000000000000000, 1.000000000000000000 ) ) ;
#50 = EDGE_LOOP ( 'NONE', ( #987, #3588, #301, #953 ) ) ;
#51 = FILL_AREA_STYLE_COLOUR ( '', #2618 ) ;
#52 = LINE ( 'NONE', #2107, #998 ) ;
#53 = VECTOR ( 'NONE', #2886, 1000.000000000000000 ) ;
#54 = ADVANCED_FACE ( 'NONE', ( #1834 ), #4255, .T. ) ;
#55 = LINE ( 'NONE', #727, #3947 ) ;
#56 = VECTOR ( 'NONE', #178, 1000.000000000000000 ) ;
#57 = EDGE_LOOP ( 'NONE', ( #3508, #2947, #3759, #728 ) ) ;
#58 = AXIS2_PLACEMENT_3D ( 'NONE', #1537, #3647, #2617 ) ;
#59 = ORIENTED_EDGE ( 'NONE', *, *, #1677, .T. ) ;
#60 = CARTESIAN_POINT ( 'NONE',  ( -10.66000000000000192, -0.001000000000000132727, -0.4999999999999981681 ) ) ;
#61 = CARTESIAN_POINT ( 'NONE',  ( -4.180000000000000604, 0.000000000000000000, -1.049999999999999378 ) ) ;
#62 = VECTOR ( 'NONE', #1991, 1000.000000000000000 ) ;
#63 = PLANE ( 'NONE',  #4212 ) ;
#64 = VECTOR ( 'NONE', #3345, 1000.000000000000000 ) ;
#65 = EDGE_LOOP ( 'NONE', ( #3601, #3557, #1314, #396 ) ) ;
#66 = CARTESIAN_POINT ( 'NONE',  ( -6.030000000000002913, 5.000000000000000000, 0.9500000000000043965 ) ) ;
#67 = ADVANCED_FACE ( 'NONE', ( #2205 ), #560, .F. ) ;
#68 = FACE_OUTER_BOUND ( 'NONE', #2171, .T. ) ;
#69 = PRODUCT ( 'pin^BG125 Ass_1', 'pin^BG125 Ass_1', '', ( #2708 ) ) ;
#70 = VERTEX_POINT ( 'NONE', #1935 ) ;
#71 = LINE ( 'NONE', #2813, #592 ) ;
#72 = CARTESIAN_POINT ( 'NONE',  ( 1.520000000000001350, -1.952273496316568657, 1.269999999999999796 ) ) ;
#73 = EDGE_CURVE ( 'NONE', #3537, #395, #4328, .T. ) ;
#74 = CARTESIAN_POINT ( 'NONE',  ( 5.455000000000000071, 0.3499999999999999778, 0.6499999999999995781 ) ) ;
#75 = DIRECTION ( 'NONE',  ( 0.000000000000000000, 0.000000000000000000, -1.000000000000000000 ) ) ;
#76 = ORIENTED_EDGE ( 'NONE', *, *, #3070, .T. ) ;
#77 = LINE ( 'NONE', #4202, #1861 ) ;
#78 = VECTOR ( 'NONE', #3182, 1000.000000000000000 ) ;
#79 = DIRECTION ( 'NONE',  ( 1.000000000000000000, 0.000000000000000000, -0.000000000000000000 ) ) ;
#80 = VECTOR ( 'NONE', #1504, 1000.000000000000000 ) ;
#81 = ORIENTED_EDGE ( 'NONE', *, *, #2423, .F. ) ;
#82 = VERTEX_POINT ( 'NONE', #1476 ) ;
#83 = FACE_OUTER_BOUND ( 'NONE', #833, .T. ) ;
#84 = DIRECTION ( 'NONE',  ( 0.000000000000000000, 0.000000000000000000, -1.000000000000000000 ) ) ;
#85 = EDGE_CURVE ( 'NONE', #3840, #2058, #1889, .T. ) ;
#86 = LINE ( 'NONE', #1840, #3273 ) ;
#87 = ORIENTED_EDGE ( 'NONE', *, *, #1206, .T. ) ;
#88 = VECTOR ( 'NONE', #1943, 1000.000000000000000 ) ;
#89 = DIRECTION ( 'NONE',  ( -1.000000000000000000, 0.000000000000000000, -0.000000000000000000 ) ) ;
#90 = ORIENTED_EDGE ( 'NONE', *, *, #2295, .T. ) ;
#91 = DIRECTION ( 'NONE',  ( -0.000000000000000000, -0.000000000000000000, 1.000000000000000000 ) ) ;
#92 = DIRECTION ( 'NONE',  ( 0.000000000000000000, 1.000000000000000000, 0.000000000000000000 ) ) ;
#93 = LINE ( 'NONE', #4454, #2409 ) ;
#94 = ORIENTED_EDGE ( 'NONE', *, *, #215, .T. ) ;
#95 = DIRECTION ( 'NONE',  ( -1.084202172485500736E-16, 0.8660254037844397068, -0.4999999999999982792 ) ) ;
#96 =( LENGTH_UNIT ( ) NAMED_UNIT ( * ) SI_UNIT ( .MILLI., .METRE. ) );
#97 = LINE ( 'NONE', #2485, #2400 ) ;
#99 = ORIENTED_EDGE ( 'NONE', *, *, #3609, .T. ) ;
#98 = EDGE_CURVE ( 'NONE', #344, #1931, #2623, .T. ) ;
#100 = DIRECTION ( 'NONE',  ( 0.000000000000000000, 0.000000000000000000, -1.000000000000000000 ) ) ;
#101 = CARTESIAN_POINT ( 'NONE',  ( 4.705000000000000071, 0.3499999999999999778, 0.8999999999999995781 ) ) ;
#102 = CARTESIAN_POINT ( 'NONE',  ( -0.9000000000000001332, 0.000000000000000000, -1.050000000000000044 ) ) ;
#103 = ORIENTED_EDGE ( 'NONE', *, *, #2079, .F. ) ;
#104 = ORIENTED_EDGE ( 'NONE', *, *, #2254, .T. ) ;
#105 = PLANE ( 'NONE',  #3276 ) ;
#106 = FACE_OUTER_BOUND ( 'NONE', #164, .T. ) ;
#107 = VECTOR ( 'NONE', #2665, 1000.000000000000000 ) ;
#108 = PRODUCT_DEFINITION_SHAPE ( 'NONE', 'NONE',  #2968 ) ;
#109 = LINE ( 'NONE', #2142, #2989 ) ;
#110 = ORIENTED_EDGE ( 'NONE', *, *, #4111, .F. ) ;
#111 = VECTOR ( 'NONE', #915, 1000.000000000000000 ) ;
#112 = EDGE_CURVE ( 'NONE', #2974, #3452, #841, .T. ) ;
#113 = PLANE ( 'NONE',  #1597 ) ;
#114 = ORIENTED_EDGE ( 'NONE', *, *, #4076, .T. ) ;
#115 = CARTESIAN_POINT ( 'NONE',  ( -6.349999999999999645, 3.895694160567695352, 1.050000000000001377 ) ) ;
#116 = ORIENTED_EDGE ( 'NONE', *, *, #1831, .T. ) ;
#117 = DIRECTION ( 'NONE',  ( 1.000000000000000000, 0.000000000000000000, -2.168404344971008868E-16 ) ) ;
#118 = DIRECTION ( 'NONE',  ( -1.000000000000000000, 0.000000000000000000, 0.000000000000000000 ) ) ;
#119 = SURFACE_SIDE_STYLE ('',( #3875 ) ) ;
#120 = DIRECTION ( 'NONE',  ( 1.000000000000000000, 0.000000000000000000, -1.084202172485504434E-16 ) ) ;
#121 = EDGE_CURVE ( 'NONE', #902, #2095, #3324, .T. ) ;
#122 = CARTESIAN_POINT ( 'NONE',  ( -12.32333076527839566, -0.5999999999999999778, 0.9000000000000000222 ) ) ;
#123 = PLANE ( 'NONE',  #1480 ) ;
#124 = VERTEX_POINT ( 'NONE', #1147 ) ;
#125 = CARTESIAN_POINT ( 'NONE',  ( -4.580000000000000071, 4.740192378864668044, -0.4999999999999991673 ) ) ;
#126 = FACE_OUTER_BOUND ( 'NONE', #1803, .T. ) ;
#127 = EDGE_CURVE ( 'NONE', #1799, #3988, #2532, .T. ) ;
#128 = VECTOR ( 'NONE', #428, 1000.000000000000000 ) ;
#129 = EDGE_LOOP ( 'NONE', ( #4446, #2582, #158, #3776 ) ) ;
#130 = VECTOR ( 'NONE', #4191, 1000.000000000000000 ) ;
#131 = CARTESIAN_POINT ( 'NONE',  ( -3.440000000000000391, 7.545584412271571395, 0.9000000000000003553 ) ) ;
#132 = DIRECTION ( 'NONE',  ( 0.000000000000000000, -1.000000000000000000, 0.000000000000000000 ) ) ;
#133 = DIRECTION ( 'NONE',  ( 0.000000000000000000, -0.000000000000000000, 1.000000000000000000 ) ) ;
#134 = VERTEX_POINT ( 'NONE', #3917 ) ;
#135 = FACE_OUTER_BOUND ( 'NONE', #1951, .T. ) ;
#136 = VECTOR ( 'NONE', #236, 1000.000000000000000 ) ;
#137 = FACE_OUTER_BOUND ( 'NONE', #747, .T. ) ;
#138 = ORIENTED_EDGE ( 'NONE', *, *, #4440, .F. ) ;
#139 = ORIENTED_EDGE ( 'NONE', *, *, #3609, .F. ) ;
#140 = CARTESIAN_POINT ( 'NONE',  ( -11.06000000000000050, 0.000000000000000000, -1.049999999999998490 ) ) ;
#141 = DIRECTION ( 'NONE',  ( 0.000000000000000000, -1.000000000000000000, 0.000000000000000000 ) ) ;
#142 = ADVANCED_FACE ( 'NONE', ( #3624 ), #123, .T. ) ;
#143 = ORIENTED_EDGE ( 'NONE', *, *, #3040, .T. ) ;
#144 = LINE ( 'NONE', #2909, #3166 ) ;
#145 =( NAMED_UNIT ( * ) SI_UNIT ( $, .STERADIAN. ) SOLID_ANGLE_UNIT ( ) );
#146 = CARTESIAN_POINT ( 'NONE',  ( 0.000000000000000000, 0.5999999999999999778, 0.000000000000000000 ) ) ;
#147 = VECTOR ( 'NONE', #3301, 1000.000000000000000 ) ;
#148 = DIRECTION ( 'NONE',  ( 6.023345402697245486E-17, 0.000000000000000000, 1.000000000000000000 ) ) ;
#149 = LINE ( 'NONE', #2988, #1400 ) ;
#150 = CARTESIAN_POINT ( 'NONE',  ( 5.455000000000000071, 0.3499999999999999778, 0.8999999999999995781 ) ) ;
#151 = CARTESIAN_POINT ( 'NONE',  ( -4.580000000000000071, -0.001000000000000132727, 0.5000000000000007772 ) ) ;
#152 = EDGE_CURVE ( 'NONE', #3137, #39, #1195, .T. ) ;
#153 = DIRECTION ( 'NONE',  ( 0.000000000000000000, 0.000000000000000000, 1.000000000000000000 ) ) ;
#154 = VECTOR ( 'NONE', #1580, 1000.000000000000000 ) ;
#155 = DIRECTION ( 'NONE',  ( -0.000000000000000000, 1.000000000000000000, -0.000000000000000000 ) ) ;
#156 = EDGE_CURVE ( 'NONE', #1751, #2705, #986, .T. ) ;
#157 = DIRECTION ( 'NONE',  ( 0.000000000000000000, -1.000000000000000000, -3.336006684570783101E-16 ) ) ;
#158 = ORIENTED_EDGE ( 'NONE', *, *, #3656, .F. ) ;
#159 = AXIS2_PLACEMENT_3D ( 'NONE', #4089, #3106, #1368 ) ;
#160 = VECTOR ( 'NONE', #629, 1000.000000000000000 ) ;
#161 = PLANE ( 'NONE',  #170 ) ;
#162 = VERTEX_POINT ( 'NONE', #2733 ) ;
#163 = EDGE_CURVE ( 'NONE', #3960, #514, #3696, .T. ) ;
#164 = EDGE_LOOP ( 'NONE', ( #2957, #3641, #3680, #3365 ) ) ;
#165 = PLANE ( 'NONE',  #4441 ) ;
#166 = CARTESIAN_POINT ( 'NONE',  ( -0.4999999999999998890, -0.001000000000000132727, 0.5000000000000001110 ) ) ;
#167 = LINE ( 'NONE', #3958, #2808 ) ;
#168 = PRESENTATION_STYLE_ASSIGNMENT (( #3272 ) ) ;
#169 = CARTESIAN_POINT ( 'NONE',  ( -1.640000000000000346, 0.5999999999999998668, -1.049999999999999822 ) ) ;
#170 = AXIS2_PLACEMENT_3D ( 'NONE', #4292, #2192, #502 ) ;
#171 = AXIS2_PLACEMENT_3D ( 'NONE', #2302, #579, #1240 ) ;
#172 = LINE ( 'NONE', #3006, #782 ) ;
#173 = CARTESIAN_POINT ( 'NONE',  ( -8.519999999999999574, 7.545584412271571395, 0.9000000000000012434 ) ) ;
#174 = DIRECTION ( 'NONE',  ( 0.000000000000000000, -4.517509052022934484E-16, 1.000000000000000000 ) ) ;
#175 = VERTEX_POINT ( 'NONE', #314 ) ;
#176 = PLANE ( 'NONE',  #2838 ) ;
#177 = CARTESIAN_POINT ( 'NONE',  ( -8.120000000000000995, 4.740192378864668044, -0.4999999999999986122 ) ) ;
#178 = DIRECTION ( 'NONE',  ( -0.000000000000000000, -0.000000000000000000, 1.000000000000000000 ) ) ;
#179 = FACE_OUTER_BOUND ( 'NONE', #1004, .T. ) ;
#180 = EDGE_LOOP ( 'NONE', ( #3615, #2414, #2734, #2 ) ) ;
#181 = EDGE_CURVE ( 'NONE', #3234, #1270, #1688, .T. ) ;
#182 = EDGE_CURVE ( 'NONE', #3311, #4027, #3054, .T. ) ;
#183 = CARTESIAN_POINT ( 'NONE',  ( -5.980000000000000426, 0.000000000000000000, 1.050000000000000933 ) ) ;
#184 = DIRECTION ( 'NONE',  ( 2.409338161078898687E-16, 0.000000000000000000, 1.000000000000000000 ) ) ;
#185 = ORIENTED_EDGE ( 'NONE', *, *, #4077, .F. ) ;
#186 = ORIENTED_EDGE ( 'NONE', *, *, #3933, .T. ) ;
#187 = CARTESIAN_POINT ( 'NONE',  ( 2.914999999999999591, 0.000000000000000000, -2.200000000000000622 ) ) ;
#188 = ORIENTED_EDGE ( 'NONE', *, *, #4396, .T. ) ;
#189 = CARTESIAN_POINT ( 'NONE',  ( -11.18000000000002281, 0.5999999999999130473, 1.050000000000001821 ) ) ;
#190 = DIRECTION ( 'NONE',  ( 0.000000000000000000, 0.000000000000000000, -1.000000000000000000 ) ) ;
#191 = ORIENTED_EDGE ( 'NONE', *, *, #4099, .F. ) ;
#192 = CARTESIAN_POINT ( 'NONE',  ( 5.455000000000000071, -1.593738312549088494E-16, 2.199999999999999734 ) ) ;
#193 = FACE_OUTER_BOUND ( 'NONE', #4376, .T. ) ;
#194 = CARTESIAN_POINT ( 'NONE',  ( -0.07142857142857070296, 4.492756549211971873, 0.07142857142857070296 ) ) ;
#195 = VERTEX_POINT ( 'NONE', #1008 ) ;
#196 = DIRECTION ( 'NONE',  ( 0.000000000000000000, 0.000000000000000000, -1.000000000000000000 ) ) ;
#197 = EDGE_CURVE ( 'NONE', #1446, #1853, #3748, .T. ) ;
#198 = PLANE ( 'NONE',  #3327 ) ;
#199 = CARTESIAN_POINT ( 'NONE',  ( -2.540000000000000036, 0.000000000000000000, 4.336808689942017736E-16 ) ) ;
#200 = ORIENTED_EDGE ( 'NONE', *, *, #3847, .T. ) ;
#201 = AXIS2_PLACEMENT_3D ( 'NONE', #551, #2953, #2241 ) ;
#202 = DIRECTION ( 'NONE',  ( 6.023345402697245486E-17, 0.000000000000000000, 1.000000000000000000 ) ) ;
#203 = CARTESIAN_POINT ( 'NONE',  ( -6.720000000000000639, 0.000000000000000000, -0.9000000000000000222 ) ) ;
#204 = ORIENTED_EDGE ( 'NONE', *, *, #3134, .F. ) ;
#205 = ORIENTED_EDGE ( 'NONE', *, *, #3349, .F. ) ;
#206 = PLANE ( 'NONE',  #1105 ) ;
#207 = ADVANCED_FACE ( 'NONE', ( #1345 ), #621, .F. ) ;
#208 = ORIENTED_EDGE ( 'NONE', *, *, #726, .F. ) ;
#209 = CARTESIAN_POINT ( 'NONE',  ( 4.705000000000000071, 0.2500000000000000000, 0.9999999999999995559 ) ) ;
#210 = ORIENTED_EDGE ( 'NONE', *, *, #2762, .F. ) ;
#211 = FACE_OUTER_BOUND ( 'NONE', #767, .T. ) ;
#212 =( NAMED_UNIT ( * ) PLANE_ANGLE_UNIT ( ) SI_UNIT ( $, .RADIAN. ) );
#213 = ORIENTED_EDGE ( 'NONE', *, *, #2462, .T. ) ;
#214 = CARTESIAN_POINT ( 'NONE',  ( -6.720000000000000639, 7.545584412271571395, 0.9000000000000012434 ) ) ;
#215 = EDGE_CURVE ( 'NONE', #1325, #1577, #1615, .T. ) ;
#216 = VECTOR ( 'NONE', #3277, 1000.000000000000000 ) ;
#217 = LINE ( 'NONE', #2644, #3547 ) ;
#218 = DIRECTION ( 'NONE',  ( -3.614007241618349264E-16, 1.000000000000000000, -0.000000000000000000 ) ) ;
#219 = CARTESIAN_POINT ( 'NONE',  ( -3.440000000000000391, 7.545584412271571395, -0.8999999999999995781 ) ) ;
#220 = DIRECTION ( 'NONE',  ( 0.000000000000000000, 0.000000000000000000, -1.000000000000000000 ) ) ;
#221 = ORIENTED_EDGE ( 'NONE', *, *, #3600, .T. ) ;
#222 = EDGE_CURVE ( 'NONE', #1626, #4133, #578, .T. ) ;
#223 = CARTESIAN_POINT ( 'NONE',  ( -11.06000000000000050, 7.545584412271571395, 0.9000000000000016875 ) ) ;
#224 = ORIENTED_EDGE ( 'NONE', *, *, #2460, .F. ) ;
#225 = LINE ( 'NONE', #5, #989 ) ;
#226 =( LENGTH_UNIT ( ) NAMED_UNIT ( * ) SI_UNIT ( .MILLI., .METRE. ) );
#227 = VECTOR ( 'NONE', #1971, 1000.000000000000000 ) ;
#228 = ORIENTED_EDGE ( 'NONE', *, *, #4429, .F. ) ;
#229 = VECTOR ( 'NONE', #2086, 1000.000000000000000 ) ;
#230 = VERTEX_POINT ( 'NONE', #2713 ) ;
#231 = AXIS2_PLACEMENT_3D ( 'NONE', #3081, #4437, #2395 ) ;
#232 = ORIENTED_EDGE ( 'NONE', *, *, #1777, .F. ) ;
#233 = VECTOR ( 'NONE', #1757, 1000.000000000000000 ) ;
#234 = ORIENTED_EDGE ( 'NONE', *, *, #1442, .T. ) ;
#235 = VECTOR ( 'NONE', #1093, 1000.000000000000000 ) ;
#236 = DIRECTION ( 'NONE',  ( 1.000000000000000000, 0.000000000000000000, 0.000000000000000000 ) ) ;
#237 = PRODUCT_CONTEXT ( 'NONE', #2965, 'mechanical' ) ;
#238 = CARTESIAN_POINT ( 'NONE',  ( 5.455000000000000071, -1.593738312549088494E-16, 2.199999999999999734 ) ) ;
#239 = ADVANCED_FACE ( 'NONE', ( #4125 ), #4062, .F. ) ;
#240 = VECTOR ( 'NONE', #2605, 1000.000000000000114 ) ;
#241 = EDGE_CURVE ( 'NONE', #3330, #2794, #940, .T. ) ;
#242 = CARTESIAN_POINT ( 'NONE',  ( -3.440000000000000391, 4.599999999999999645, -0.8999999999999995781 ) ) ;
#243 = LINE ( 'NONE', #2811, #107 ) ;
#244 = DIRECTION ( 'NONE',  ( 1.000000000000000000, -0.000000000000000000, -0.000000000000000000 ) ) ;
#245 = CARTESIAN_POINT ( 'NONE',  ( -3.440000000000000391, 7.545584412271571395, 0.9000000000000003553 ) ) ;
#246 = ORIENTED_EDGE ( 'NONE', *, *, #557, .T. ) ;
#247 = EDGE_CURVE ( 'NONE', #528, #162, #4459, .T. ) ;
#248 = CARTESIAN_POINT ( 'NONE',  ( -11.56000000000000050, 5.000000000000000000, 5.000000000000000000 ) ) ;
#249 = ORIENTED_EDGE ( 'NONE', *, *, #3218, .F. ) ;
#250 = FACE_OUTER_BOUND ( 'NONE', #741, .T. ) ;
#251 = ORIENTED_EDGE ( 'NONE', *, *, #1020, .T. ) ;
#252 = FACE_OUTER_BOUND ( 'NONE', #2558, .T. ) ;
#253 = CARTESIAN_POINT ( 'NONE',  ( -9.260000000000003340, 3.895694160567695352, -1.049999999999998490 ) ) ;
#254 = ORIENTED_EDGE ( 'NONE', *, *, #903, .F. ) ;
#255 = ORIENTED_EDGE ( 'NONE', *, *, #3462, .T. ) ;
#256 = ORIENTED_EDGE ( 'NONE', *, *, #1268, .T. ) ;
#257 = ADVANCED_FACE ( 'NONE', ( #2008, #2325 ), #665, .F. ) ;
#258 = ORIENTED_EDGE ( 'NONE', *, *, #757, .T. ) ;
#259 = PRESENTATION_STYLE_ASSIGNMENT (( #3113 ) ) ;
#260 = DIRECTION ( 'NONE',  ( 0.000000000000000000, 0.000000000000000000, 1.000000000000000000 ) ) ;
#261 = VECTOR ( 'NONE', #3793, 1000.000000000000000 ) ;
#262 = LINE ( 'NONE', #192, #3984 ) ;
#263 = PLANE ( 'NONE',  #447 ) ;
#264 = DIRECTION ( 'NONE',  ( -0.000000000000000000, 1.000000000000000000, 1.779866165659867177E-16 ) ) ;
#265 = DIRECTION ( 'NONE',  ( 1.000000000000000000, 0.000000000000000000, 0.000000000000000000 ) ) ;
#266 = EDGE_CURVE ( 'NONE', #3354, #997, #3723, .T. ) ;
#267 = LINE ( 'NONE', #3727, #2530 ) ;
#268 = UNCERTAINTY_MEASURE_WITH_UNIT (LENGTH_MEASURE( 1.000000000000000082E-05 ), #2552, 'distance_accuracy_value', 'NONE');
#269 = FACE_OUTER_BOUND ( 'NONE', #3224, .T. ) ;
#270 = VERTEX_POINT ( 'NONE', #2300 ) ;
#271 = CARTESIAN_POINT ( 'NONE',  ( 5.455000000000000071, 0.2499999999999994726, 2.199999999999999734 ) ) ;
#272 = ORIENTED_EDGE ( 'NONE', *, *, #1253, .T. ) ;
#273 = EDGE_CURVE ( 'NONE', #2418, #1714, #4104, .T. ) ;
#274 = CARTESIAN_POINT ( 'NONE',  ( 4.705000000000000071, 1.000000000000000000, 0.6499999999999998002 ) ) ;
#275 = DIRECTION ( 'NONE',  ( -1.000000000000000000, 0.000000000000000000, 1.084202172485504434E-16 ) ) ;
#276 = ORIENTED_EDGE ( 'NONE', *, *, #2826, .F. ) ;
#277 = ORIENTED_EDGE ( 'NONE', *, *, #273, .T. ) ;
#278 = VECTOR ( 'NONE', #1536, 1000.000000000000000 ) ;
#279 = CARTESIAN_POINT ( 'NONE',  ( 2.914999999999999591, 0.2500000000000000000, -0.9999999999999995559 ) ) ;
#280 = ADVANCED_FACE ( 'NONE', ( #1588 ), #1656, .F. ) ;
#281 = ORIENTED_EDGE ( 'NONE', *, *, #1472, .T. ) ;
#282 = DIRECTION ( 'NONE',  ( -1.000000000000000000, -0.000000000000000000, -0.000000000000000000 ) ) ;
#283 = VECTOR ( 'NONE', #3225, 1000.000000000000000 ) ;
#284 = PLANE ( 'NONE',  #2040 ) ;
#285 = FACE_OUTER_BOUND ( 'NONE', #403, .T. ) ;
#286 = EDGE_CURVE ( 'NONE', #3703, #638, #1261, .T. ) ;
#287 = VECTOR ( 'NONE', #2324, 1000.000000000000000 ) ;
#288 = DIRECTION ( 'NONE',  ( 0.000000000000000000, -1.000000000000000000, -0.000000000000000000 ) ) ;
#289 = LINE ( 'NONE', #939, #2202 ) ;
#290 = DIRECTION ( 'NONE',  ( 0.000000000000000000, -1.000000000000000000, 0.000000000000000000 ) ) ;
#291 = CARTESIAN_POINT ( 'NONE',  ( 0.9000000000000000222, 0.5999999999999998668, -0.9000000000000003553 ) ) ;
#292 = CARTESIAN_POINT ( 'NONE',  ( 0.8999999999999998002, 0.5999999999999998668, -1.270000000000000240 ) ) ;
#293 = CARTESIAN_POINT ( 'NONE',  ( 5.455000000000000071, 1.000000000000000000, 0.8999999999999998002 ) ) ;
#294 = ORIENTED_EDGE ( 'NONE', *, *, #703, .F. ) ;
#295 = LINE ( 'NONE', #3061, #3420 ) ;
#296 = CARTESIAN_POINT ( 'NONE',  ( 4.705000000000000071, 0.2500000000000000000, 0.9999999999999995559 ) ) ;
#297 = ORIENTED_EDGE ( 'NONE', *, *, #3289, .F. ) ;
#298 = AXIS2_PLACEMENT_3D ( 'NONE', #356, #2775, #4461 ) ;
#299 = ADVANCED_FACE ( 'NONE', ( #1635 ), #3030, .F. ) ;
#300 = FILL_AREA_STYLE_COLOUR ( '', #394 ) ;
#301 = ORIENTED_EDGE ( 'NONE', *, *, #2676, .F. ) ;
#302 = LINE ( 'NONE', #3109, #523 ) ;
#303 = VERTEX_POINT ( 'NONE', #66 ) ;
#304 = LINE ( 'NONE', #2339, #1033 ) ;
#305 = ORIENTED_EDGE ( 'NONE', *, *, #4015, .T. ) ;
#306 = PLANE ( 'NONE',  #765 ) ;
#307 = AXIS2_PLACEMENT_3D ( 'NONE', #2359, #3450, #3377 ) ;
#308 = EDGE_CURVE ( 'NONE', #40, #1224, #345, .T. ) ;
#309 = CARTESIAN_POINT ( 'NONE',  ( -3.440000000000000391, 0.000000000000000000, 1.050000000000000488 ) ) ;
#310 = VECTOR ( 'NONE', #2718, 1000.000000000000000 ) ;
#311 = DIRECTION ( 'NONE',  ( 0.000000000000000000, 0.000000000000000000, -1.000000000000000000 ) ) ;
#312 = CARTESIAN_POINT ( 'NONE',  ( 2.914999999999999591, 1.000000000000000000, -0.8999999999999998002 ) ) ;
#313 = AXIS2_PLACEMENT_3D ( 'NONE', #245, #3724, #196 ) ;
#314 = CARTESIAN_POINT ( 'NONE',  ( -10.66000000000000192, 4.599999999999999645, -0.4999999999999981681 ) ) ;
#315 = LINE ( 'NONE', #3, #1326 ) ;
#316 = VECTOR ( 'NONE', #1591, 1000.000000000000000 ) ;
#317 = VECTOR ( 'NONE', #3267, 1000.000000000000000 ) ;
#318 =( GEOMETRIC_REPRESENTATION_CONTEXT ( 3 ) GLOBAL_UNCERTAINTY_ASSIGNED_CONTEXT ( ( #3678 ) ) GLOBAL_UNIT_ASSIGNED_CONTEXT ( ( #4114, #4321, #4248 ) ) REPRESENTATION_CONTEXT ( 'NONE', 'WORKASPACE' ) );
#319 = EDGE_CURVE ( 'NONE', #2061, #375, #366, .T. ) ;
#320 = DIRECTION ( 'NONE',  ( -1.084202172485500736E-16, 0.8660254037844397068, -0.4999999999999982792 ) ) ;
#321 = ORIENTED_EDGE ( 'NONE', *, *, #1581, .T. ) ;
#322 = CARTESIAN_POINT ( 'NONE',  ( 5.455000000000000071, 0.2500000000000000000, 0.9999999999999995559 ) ) ;
#323 = DIRECTION ( 'NONE',  ( 1.000000000000000000, 0.000000000000000000, -1.084202172485504434E-16 ) ) ;
#324 = ORIENTED_EDGE ( 'NONE', *, *, #2344, .T. ) ;
#325 = DIRECTION ( 'NONE',  ( 1.000000000000000000, 0.000000000000000000, 0.000000000000000000 ) ) ;
#326 = EDGE_LOOP ( 'NONE', ( #3222, #1335, #305, #4200 ) ) ;
#327 = PLANE ( 'NONE',  #1602 ) ;
#328 = EDGE_LOOP ( 'NONE', ( #3287, #2799, #3143, #2123 ) ) ;
#329 = ADVANCED_FACE ( 'NONE', ( #4169 ), #2807, .F. ) ;
#330 = EDGE_CURVE ( 'NONE', #2741, #3328, #2145, .T. ) ;
#331 = CARTESIAN_POINT ( 'NONE',  ( -5.980000000000000426, 7.545584412271571395, 0.9000000000000007994 ) ) ;
#332 = EDGE_CURVE ( 'NONE', #2193, #270, #1462, .T. ) ;
#333 = DIRECTION ( 'NONE',  ( -0.000000000000000000, 0.000000000000000000, 1.000000000000000000 ) ) ;
#334 = DIRECTION ( 'NONE',  ( 0.6546536707079776418, 0.3779644730092257543, 0.6546536707079775308 ) ) ;
#335 = VERTEX_POINT ( 'NONE', #3634 ) ;
#336 = CARTESIAN_POINT ( 'NONE',  ( 2.914999999999999591, 0.3499999999999999778, -0.9999999999999995559 ) ) ;
#337 = APPLICATION_CONTEXT ( 'automotive_design' ) ;
#338 = DIRECTION ( 'NONE',  ( 0.4999999999999982792, 0.8660254037844397068, 0.000000000000000000 ) ) ;
#339 = ORIENTED_EDGE ( 'NONE', *, *, #2763, .F. ) ;
#340 = CARTESIAN_POINT ( 'NONE',  ( -3.440000000000000391, 0.5999999999999998668, -1.269999999999999796 ) ) ;
#341 = ORIENTED_EDGE ( 'NONE', *, *, #3237, .F. ) ;
#342 = CARTESIAN_POINT ( 'NONE',  ( -11.06000000000000050, 0.5999999999999998668, -1.269999999999998463 ) ) ;
#343 = ORIENTED_EDGE ( 'NONE', *, *, #3434, .T. ) ;
#344 = VERTEX_POINT ( 'NONE', #3995 ) ;
#345 = LINE ( 'NONE', #2454, #3826 ) ;
#346 = ORIENTED_EDGE ( 'NONE', *, *, #3284, .T. ) ;
#347 = CARTESIAN_POINT ( 'NONE',  ( -9.660000000000000142, -0.001000000000000132727, 0.5000000000000016653 ) ) ;
#348 = DIRECTION ( 'NONE',  ( 1.000000000000000000, 0.000000000000000000, -1.084202172485504434E-16 ) ) ;
#349 = EDGE_CURVE ( 'NONE', #1552, #1293, #4288, .T. ) ;
#350 = VERTEX_POINT ( 'NONE', #2191 ) ;
#351 = DIRECTION ( 'NONE',  ( 0.000000000000000000, 0.000000000000000000, -1.000000000000000000 ) ) ;
#352 = VECTOR ( 'NONE', #1450, 1000.000000000000000 ) ;
#353 = CARTESIAN_POINT ( 'NONE',  ( -3.810000000000000053, 0.5999999999999998668, 1.050000000000000933 ) ) ;
#355 = VERTEX_POINT ( 'NONE', #2588 ) ;
#354 = ADVANCED_FACE ( 'NONE', ( #780 ), #2971, .T. ) ;
#356 = CARTESIAN_POINT ( 'NONE',  ( 5.455000000000000071, 0.3499999999999999778, 0.9999999999999995559 ) ) ;
#357 = VECTOR ( 'NONE', #3864, 1000.000000000000000 ) ;
#358 = VECTOR ( 'NONE', #4271, 1000.000000000000000 ) ;
#359 = PLANE ( 'NONE',  #2663 ) ;
#360 = PLANE ( 'NONE',  #3123 ) ;
#362 = EDGE_CURVE ( 'NONE', #1799, #1181, #3019, .T. ) ;
#361 = VERTEX_POINT ( 'NONE', #851 ) ;
#363 = FACE_OUTER_BOUND ( 'NONE', #1665, .T. ) ;
#364 = DIRECTION ( 'NONE',  ( 0.000000000000000000, 0.000000000000000000, -1.000000000000000000 ) ) ;
#365 = ORIENTED_EDGE ( 'NONE', *, *, #710, .T. ) ;
#366 = LINE ( 'NONE', #2831, #2004 ) ;
#367 = ORIENTED_EDGE ( 'NONE', *, *, #2537, .T. ) ;
#368 = CARTESIAN_POINT ( 'NONE',  ( -4.580000000000000071, 4.740192378864668044, 0.5000000000000007772 ) ) ;
#369 = VECTOR ( 'NONE', #1405, 1000.000000000000000 ) ;
#370 = VERTEX_POINT ( 'NONE', #1485 ) ;
#371 = DIRECTION ( 'NONE',  ( 0.000000000000000000, 0.000000000000000000, -1.000000000000000000 ) ) ;
#372 = CARTESIAN_POINT ( 'NONE',  ( -2.040000000000000036, -0.001000000000000132727, 0.5000000000000003331 ) ) ;
#373 = AXIS2_PLACEMENT_3D ( 'NONE', #3619, #1882, #3122 ) ;
#374 = CARTESIAN_POINT ( 'NONE',  ( -0.9000000000000001332, 4.599999999999999645, 0.9000000000000000222 ) ) ;
#375 = VERTEX_POINT ( 'NONE', #1899 ) ;
#376 = CARTESIAN_POINT ( 'NONE',  ( -4.580000000000000071, 4.740192378864668044, 0.5000000000000007772 ) ) ;
#377 = EDGE_LOOP ( 'NONE', ( #251, #3800, #2000, #2173 ) ) ;
#378 = ORIENTED_EDGE ( 'NONE', *, *, #85, .F. ) ;
#379 =( LENGTH_UNIT ( ) NAMED_UNIT ( * ) SI_UNIT ( .MILLI., .METRE. ) );
#380 = VECTOR ( 'NONE', #3407, 1000.000000000000000 ) ;
#381 = VECTOR ( 'NONE', #4081, 1000.000000000000000 ) ;
#382 = LINE ( 'NONE', #1387, #1930 ) ;
#383 = EDGE_CURVE ( 'NONE', #2526, #1224, #4264, .T. ) ;
#384 = EDGE_CURVE ( 'NONE', #1293, #997, #3288, .T. ) ;
#385 = PLANE ( 'NONE',  #3483 ) ;
#386 = VERTEX_POINT ( 'NONE', #3220 ) ;
#387 = EDGE_LOOP ( 'NONE', ( #2463, #2970, #682, #3841, #3979, #1272, #210, #3767 ) ) ;
#388 = LINE ( 'NONE', #2097, #1448 ) ;
#389 = CARTESIAN_POINT ( 'NONE',  ( -6.720000000000000639, 4.599999999999999645, 0.9000000000000012434 ) ) ;
#390 = VERTEX_POINT ( 'NONE', #4335 ) ;
#391 = AXIS2_PLACEMENT_3D ( 'NONE', #409, #801, #3578 ) ;
#392 = VECTOR ( 'NONE', #955, 1000.000000000000000 ) ;
#393 = DIRECTION ( 'NONE',  ( 0.000000000000000000, -1.000000000000000000, 0.000000000000000000 ) ) ;
#394 = COLOUR_RGB ( '',0.2509803921568627416, 0.2509803921568627416, 0.2509803921568627416 ) ;
#395 = VERTEX_POINT ( 'NONE', #1225 ) ;
#396 = ORIENTED_EDGE ( 'NONE', *, *, #598, .F. ) ;
#397 = MECHANICAL_DESIGN_GEOMETRIC_PRESENTATION_REPRESENTATION (  '', ( #3285 ), #4156 ) ;
#398 = PLANE ( 'NONE',  #3394 ) ;
#399 = LINE ( 'NONE', #1762, #2549 ) ;
#400 = EDGE_CURVE ( 'NONE', #1446, #1139, #2878, .T. ) ;
#401 = DIRECTION ( 'NONE',  ( 0.000000000000000000, 1.000000000000000000, -0.000000000000000000 ) ) ;
#402 = FACE_OUTER_BOUND ( 'NONE', #1356, .T. ) ;
#403 = EDGE_LOOP ( 'NONE', ( #3643, #4422, #1053, #1360, #4025, #4256, #1043, #923 ) ) ;
#404 = SURFACE_STYLE_USAGE ( .BOTH. , #2818 ) ;
#405 = CARTESIAN_POINT ( 'NONE',  ( -2.040000000000000036, 4.599999999999999645, 0.5000000000000003331 ) ) ;
#406 = CARTESIAN_POINT ( 'NONE',  ( -4.129999999999996341, 5.000000000000000000, -0.9500000000000025091 ) ) ;
#407 = CARTESIAN_POINT ( 'NONE',  ( 4.705000000000000071, 0.2499999999999994726, 2.199999999999999734 ) ) ;
#408 = EDGE_LOOP ( 'NONE', ( #2130, #3525, #4294, #1309 ) ) ;
#409 = CARTESIAN_POINT ( 'NONE',  ( -6.349999999999999645, 3.895694160567695352, -1.049999999999998934 ) ) ;
#410 = ADVANCED_FACE ( 'NONE', ( #135 ), #2214, .T. ) ;
#411 = LINE ( 'NONE', #1198, #2411 ) ;
#412 = ORIENTED_EDGE ( 'NONE', *, *, #319, .F. ) ;
#413 = LINE ( 'NONE', #477, #1812 ) ;
#414 = EDGE_CURVE ( 'NONE', #1947, #3790, #2754, .T. ) ;
#415 = EDGE_LOOP ( 'NONE', ( #1533, #2871, #3939, #4466 ) ) ;
#416 = AXIS2_PLACEMENT_3D ( 'NONE', #2399, #1967, #3833 ) ;
#417 = LINE ( 'NONE', #3496, #4481 ) ;
#418 = DIRECTION ( 'NONE',  ( -1.000000000000000000, -0.000000000000000000, 2.409338161078898687E-16 ) ) ;
#419 = ADVANCED_FACE ( 'NONE', ( #586 ), #669, .F. ) ;
#420 = FACE_OUTER_BOUND ( 'NONE', #2314, .T. ) ;
#421 = DIRECTION ( 'NONE',  ( 0.000000000000000000, -4.517509052022931649E-17, -1.000000000000000000 ) ) ;
#422 = VECTOR ( 'NONE', #1928, 1000.000000000000000 ) ;
#423 = DIRECTION ( 'NONE',  ( 1.000000000000000000, -0.000000000000000000, -0.000000000000000000 ) ) ;
#424 = ORIENTED_EDGE ( 'NONE', *, *, #2224, .F. ) ;
#425 = EDGE_CURVE ( 'NONE', #1746, #3440, #225, .T. ) ;
#426 = ORIENTED_EDGE ( 'NONE', *, *, #4056, .F. ) ;
#427 = SURFACE_STYLE_USAGE ( .BOTH. , #119 ) ;
#428 = DIRECTION ( 'NONE',  ( -1.000000000000000000, 0.000000000000000000, 0.000000000000000000 ) ) ;
#429 = AXIS2_PLACEMENT_3D ( 'NONE', #1877, #2978, #1252 ) ;
#430 = DIRECTION ( 'NONE',  ( -1.084202172485504434E-16, 0.000000000000000000, -1.000000000000000000 ) ) ;
#431 = VECTOR ( 'NONE', #3629, 1000.000000000000000 ) ;
#432 = ORIENTED_EDGE ( 'NONE', *, *, #1154, .T. ) ;
#433 = ORIENTED_EDGE ( 'NONE', *, *, #112, .T. ) ;
#434 = CARTESIAN_POINT ( 'NONE',  ( -8.519999999999999574, 4.599999999999999645, 0.9000000000000012434 ) ) ;
#435 = PLANE ( 'NONE',  #2181 ) ;
#436 = LINE ( 'NONE', #1178, #3439 ) ;
#437 = ORIENTED_EDGE ( 'NONE', *, *, #6, .F. ) ;
#438 = CARTESIAN_POINT ( 'NONE',  ( 5.455000000000000071, 0.3499999999999999778, 0.6499999999999995781 ) ) ;
#439 = EDGE_CURVE ( 'NONE', #4106, #3440, #382, .T. ) ;
#440 = DIRECTION ( 'NONE',  ( 0.000000000000000000, -0.000000000000000000, 1.000000000000000000 ) ) ;
#441 = EDGE_LOOP ( 'NONE', ( #1426, #1717, #1455, #4215 ) ) ;
#442 = DIRECTION ( 'NONE',  ( -3.614007241618348771E-16, 1.000000000000000000, 0.000000000000000000 ) ) ;
#443 = VERTEX_POINT ( 'NONE', #2427 ) ;
#444 = DIRECTION ( 'NONE',  ( 0.000000000000000000, 0.000000000000000000, -1.000000000000000000 ) ) ;
#445 = VECTOR ( 'NONE', #3052, 1000.000000000000000 ) ;
#446 = DIRECTION ( 'NONE',  ( 1.000000000000000000, 0.000000000000000000, -1.084202172485504434E-16 ) ) ;
#447 = AXIS2_PLACEMENT_3D ( 'NONE', #640, #1090, #1634 ) ;
#448 = DIRECTION ( 'NONE',  ( 1.000000000000000000, 0.000000000000000000, 0.000000000000000000 ) ) ;
#449 = CARTESIAN_POINT ( 'NONE',  ( 1.270000000000000018, 0.000000000000000000, -1.050000000000000044 ) ) ;
#450 = PLANE ( 'NONE',  #4289 ) ;
#451 = VECTOR ( 'NONE', #3949, 1000.000000000000000 ) ;
#452 = ORIENTED_EDGE ( 'NONE', *, *, #456, .T. ) ;
#453 = PLANE ( 'NONE',  #3064 ) ;
#454 = FACE_OUTER_BOUND ( 'NONE', #2333, .T. ) ;
#455 = VECTOR ( 'NONE', #3513, 1000.000000000000000 ) ;
#456 = EDGE_CURVE ( 'NONE', #4319, #3213, #3331, .T. ) ;
#457 = UNCERTAINTY_MEASURE_WITH_UNIT (LENGTH_MEASURE( 1.000000000000000082E-05 ), #1255, 'distance_accuracy_value', 'NONE');
#458 = LINE ( 'NONE', #1798, #3490 ) ;
#459 = VERTEX_POINT ( 'NONE', #3815 ) ;
#460 = CARTESIAN_POINT ( 'NONE',  ( -0.9000000000000001332, 7.545584412271571395, -0.9000000000000000222 ) ) ;
#461 = ORIENTED_EDGE ( 'NONE', *, *, #2783, .T. ) ;
#462 = DIRECTION ( 'NONE',  ( 0.000000000000000000, 1.000000000000000000, 0.000000000000000000 ) ) ;
#463 = EDGE_CURVE ( 'NONE', #1606, #2193, #2309, .T. ) ;
#464 = ORIENTED_EDGE ( 'NONE', *, *, #2460, .T. ) ;
#465 = CARTESIAN_POINT ( 'NONE',  ( -9.209999999999997300, 5.000000000000000000, 0.5000000000000016653 ) ) ;
#466 = DIRECTION ( 'NONE',  ( 1.000000000000000000, 0.000000000000000000, -1.084202172485504434E-16 ) ) ;
#467 = CARTESIAN_POINT ( 'NONE',  ( -5.580000000000000071, 4.599999999999999645, 0.5000000000000009992 ) ) ;
#468 = ADVANCED_FACE ( 'NONE', ( #1708 ), #2776, .T. ) ;
#469 = LINE ( 'NONE', #3938, #352 ) ;
#470 = DIRECTION ( 'NONE',  ( -6.023345402697245486E-17, 0.000000000000000000, -1.000000000000000000 ) ) ;
#471 = DIRECTION ( 'NONE',  ( -1.000000000000000000, -0.000000000000000000, -0.000000000000000000 ) ) ;
#472 = DIRECTION ( 'NONE',  ( -1.000000000000000000, 0.000000000000000000, 0.000000000000000000 ) ) ;
#473 = VECTOR ( 'NONE', #820, 1000.000000000000114 ) ;
#474 = DIRECTION ( 'NONE',  ( 1.707404996040164265E-16, -0.000000000000000000, 1.000000000000000000 ) ) ;
#475 = CLOSED_SHELL ( 'NONE', ( #3945, #4348, #3689, #2651, #3400, #1684, #2476, #3379, #1236, #468, #3673, #410, #2858, #2964, #3358, #3481, #2056, #67, #2542, #54, #1869, #1527, #3374, #587, #1571, #3636, #3762, #1919, #2010, #2484, #4357, #1830, #2603, #2573, #1920, #4150, #4395, #2517, #4194, #517, #3725, #2438, #818, #1150, #2272, #329, #4344, #1212, #4367, #1903, #3105, #4343, #2851, #3512, #299, #1098, #3230, #354, #2902, #518, #4242, #2930, #2378, #1482, #1340, #3622, #142, #3446, #207, #2334, #1219, #1538, #2657, #1182, #3804, #257, #942, #1878, #1128, #4045, #933, #4005, #4477, #2626, #3878, #1449, #498, #3879, #1712, #3742, #1222, #3991, #1756, #666, #3837, #2255, #925, #1017, #4016, #3535, #4046, #3427, #2941, #2028, #1642, #2041, #3231, #1423, #4161, #37, #3039, #2412, #1759, #3458, #3087, #812, #2739, #1844, #3929, #1669, #956, #3789, #3209 ) ) ;
#476 = VECTOR ( 'NONE', #2052, 1000.000000000000000 ) ;
#477 = CARTESIAN_POINT ( 'NONE',  ( 5.455000000000000071, 0.3499999999999999778, 0.6499999999999995781 ) ) ;
#478 = EDGE_CURVE ( 'NONE', #2741, #1818, #3445, .T. ) ;
#479 = ORIENTED_EDGE ( 'NONE', *, *, #1914, .T. ) ;
#480 = CARTESIAN_POINT ( 'NONE',  ( 4.705000000000000071, 0.2500000000000000000, 0.9999999999999995559 ) ) ;
#481 = EDGE_LOOP ( 'NONE', ( #505, #426, #2290, #4381 ) ) ;
#482 = ORIENTED_EDGE ( 'NONE', *, *, #2079, .T. ) ;
#483 = LINE ( 'NONE', #3642, #3275 ) ;
#484 = CARTESIAN_POINT ( 'NONE',  ( -1.640000000000000124, 4.599999999999999645, -0.9000000000000000222 ) ) ;
#485 = FACE_OUTER_BOUND ( 'NONE', #759, .T. ) ;
#486 = EDGE_CURVE ( 'NONE', #3790, #2948, #2074, .T. ) ;
#487 = CARTESIAN_POINT ( 'NONE',  ( -11.18000000000002281, -8.693788533719412783E-14, 1.050000000000001821 ) ) ;
#488 = ORIENTED_EDGE ( 'NONE', *, *, #2149, .T. ) ;
#489 = DIRECTION ( 'NONE',  ( -1.000000000000000000, -0.000000000000000000, 2.409338161078898687E-16 ) ) ;
#490 = DIRECTION ( 'NONE',  ( -1.000000000000000000, 0.000000000000000000, -0.000000000000000000 ) ) ;
#491 = EDGE_CURVE ( 'NONE', #70, #943, #3704, .T. ) ;
#492 = CARTESIAN_POINT ( 'NONE',  ( 4.705000000000000071, 0.3499999999999999778, 0.8999999999999995781 ) ) ;
#493 = DIRECTION ( 'NONE',  ( 1.000000000000000000, -0.000000000000000000, 0.000000000000000000 ) ) ;
#494 = ORIENTED_EDGE ( 'NONE', *, *, #3955, .F. ) ;
#495 = CARTESIAN_POINT ( 'NONE',  ( -2.540000000000000036, 4.599999999999999645, 4.336808689942017736E-16 ) ) ;
#496 = CARTESIAN_POINT ( 'NONE',  ( -1.640000000000000346, 0.5999999999999998668, -1.269999999999999796 ) ) ;
#497 = VECTOR ( 'NONE', #626, 1000.000000000000000 ) ;
#498 = ADVANCED_FACE ( 'NONE', ( #252 ), #359, .F. ) ;
#499 = CARTESIAN_POINT ( 'NONE',  ( -5.580000000000000071, -0.001000000000000132727, -0.4999999999999990563 ) ) ;
#500 = ORIENTED_EDGE ( 'NONE', *, *, #3561, .T. ) ;
#501 = DIRECTION ( 'NONE',  ( 1.000000000000000000, -0.000000000000000000, -0.000000000000000000 ) ) ;
#502 = DIRECTION ( 'NONE',  ( -1.000000000000000000, 0.000000000000000000, 0.000000000000000000 ) ) ;
#503 = ORIENTED_EDGE ( 'NONE', *, *, #719, .F. ) ;
#504 = DIRECTION ( 'NONE',  ( -1.000000000000000000, 0.000000000000000000, 6.023345402697245486E-17 ) ) ;
#505 = ORIENTED_EDGE ( 'NONE', *, *, #3517, .T. ) ;
#506 = CARTESIAN_POINT ( 'NONE',  ( 5.455000000000000071, 0.2499999999999994726, 2.199999999999999734 ) ) ;
#507 = PLANE ( 'NONE',  #3616 ) ;
#508 =( NAMED_UNIT ( * ) PLANE_ANGLE_UNIT ( ) SI_UNIT ( $, .RADIAN. ) );
#509 = PLANE ( 'NONE',  #2982 ) ;
#510 = VECTOR ( 'NONE', #418, 1000.000000000000000 ) ;
#511 = LINE ( 'NONE', #558, #4067 ) ;
#512 = CARTESIAN_POINT ( 'NONE',  ( 5.455000000000000071, 0.3499999999999999778, 0.9999999999999995559 ) ) ;
#513 = DIRECTION ( 'NONE',  ( 0.000000000000000000, -1.000000000000000000, 0.000000000000000000 ) ) ;
#514 = VERTEX_POINT ( 'NONE', #1748 ) ;
#515 = LINE ( 'NONE', #3326, #240 ) ;
#516 = LINE ( 'NONE', #496, #4128 ) ;
#517 = ADVANCED_FACE ( 'NONE', ( #3139 ), #30, .T. ) ;
#518 = ADVANCED_FACE ( 'NONE', ( #2630, #4019 ), #899, .F. ) ;
#519 = AXIS2_PLACEMENT_3D ( 'NONE', #4024, #3932, #3687 ) ;
#520 = PLANE ( 'NONE',  #1221 ) ;
#521 = LINE ( 'NONE', #3702, #4146 ) ;
#522 = ORIENTED_EDGE ( 'NONE', *, *, #2782, .T. ) ;
#523 = VECTOR ( 'NONE', #1731, 1000.000000000000000 ) ;
#524 = CARTESIAN_POINT ( 'NONE',  ( -11.06000000000000050, 0.000000000000000000, 0.9000000000000016875 ) ) ;
#525 = CARTESIAN_POINT ( 'NONE',  ( 1.270000000000000018, 3.895694160567695352, -1.050000000000000044 ) ) ;
#526 = ORIENTED_EDGE ( 'NONE', *, *, #1815, .T. ) ;
#527 = DIRECTION ( 'NONE',  ( 6.023345402697245486E-17, 0.000000000000000000, 1.000000000000000000 ) ) ;
#528 = VERTEX_POINT ( 'NONE', #566 ) ;
#529 = LINE ( 'NONE', #484, #1068 ) ;
#530 = VECTOR ( 'NONE', #472, 1000.000000000000000 ) ;
#531 = VECTOR ( 'NONE', #3760, 1000.000000000000000 ) ;
#532 = ORIENTED_EDGE ( 'NONE', *, *, #2168, .T. ) ;
#533 = FACE_OUTER_BOUND ( 'NONE', #3906, .T. ) ;
#534 = LINE ( 'NONE', #2576, #2170 ) ;
#535 = MECHANICAL_DESIGN_GEOMETRIC_PRESENTATION_REPRESENTATION (  '', ( #2561 ), #318 ) ;
#536 = ADVANCED_FACE ( 'NONE', ( #1942 ), #4377, .F. ) ;
#537 = LINE ( 'NONE', #1985, #3405 ) ;
#538 = DIRECTION ( 'NONE',  ( 6.023345402697245486E-17, 0.000000000000000000, 1.000000000000000000 ) ) ;
#539 = CARTESIAN_POINT ( 'NONE',  ( 5.455000000000000071, -1.593738312549088494E-16, 2.199999999999999734 ) ) ;
#540 = ORIENTED_EDGE ( 'NONE', *, *, #400, .T. ) ;
#541 = DIRECTION ( 'NONE',  ( 1.000000000000000000, -0.000000000000000000, -0.000000000000000000 ) ) ;
#542 = CARTESIAN_POINT ( 'NONE',  ( -1.640000000000000790, 0.5999999999999999778, 0.9000000000000000222 ) ) ;
#543 = EDGE_CURVE ( 'NONE', #1216, #743, #4129, .T. ) ;
#544 = DIRECTION ( 'NONE',  ( 1.000000000000000000, 0.000000000000000000, -1.707404996040164265E-16 ) ) ;
#545 = EDGE_LOOP ( 'NONE', ( #3821, #993, #1487, #1997 ) ) ;
#546 = EDGE_CURVE ( 'NONE', #4486, #3130, #469, .T. ) ;
#547 = CARTESIAN_POINT ( 'NONE',  ( -1.639999999999999902, 4.599999999999999645, 0.9000000000000003553 ) ) ;
#548 = EDGE_LOOP ( 'NONE', ( #2046, #4364, #3314, #3690 ) ) ;
#549 = ORIENTED_EDGE ( 'NONE', *, *, #1617, .F. ) ;
#550 = FACE_BOUND ( 'NONE', #3586, .T. ) ;
#551 = CARTESIAN_POINT ( 'NONE',  ( 0.5000000000000001110, 4.740192378864668044, 0.4999999999999998890 ) ) ;
#552 = DIRECTION ( 'NONE',  ( 1.000000000000000000, 0.000000000000000000, -1.084202172485504434E-16 ) ) ;
#553 = PRODUCT_CONTEXT ( 'NONE', #337, 'mechanical' ) ;
#554 = EDGE_CURVE ( 'NONE', #459, #3541, #1427, .T. ) ;
#555 = LINE ( 'NONE', #3004, #154 ) ;
#556 = LINE ( 'NONE', #1932, #4080 ) ;
#557 = EDGE_CURVE ( 'NONE', #4093, #195, #3549, .T. ) ;
#558 = CARTESIAN_POINT ( 'NONE',  ( 2.914999999999999591, 5.421010862427522170E-17, -0.9999999999999995559 ) ) ;
#559 = CARTESIAN_POINT ( 'NONE',  ( 0.5000000000000001110, 4.740192378864668044, 0.4999999999999998890 ) ) ;
#560 = PLANE ( 'NONE',  #4032 ) ;
#561 = EDGE_LOOP ( 'NONE', ( #343, #2806, #341, #932 ) ) ;
#562 = LINE ( 'NONE', #2277, #1683 ) ;
#563 = VERTEX_POINT ( 'NONE', #2554 ) ;
#564 = CARTESIAN_POINT ( 'NONE',  ( -3.440000000000000391, 4.599999999999999645, 0.9000000000000003553 ) ) ;
#565 = ORIENTED_EDGE ( 'NONE', *, *, #1625, .T. ) ;
#566 = CARTESIAN_POINT ( 'NONE',  ( -11.56000000000000050, 0.5999999999999999778, 1.270000000000001350 ) ) ;
#567 = VECTOR ( 'NONE', #3217, 1000.000000000000000 ) ;
#568 = ORIENTED_EDGE ( 'NONE', *, *, #3203, .F. ) ;
#569 = ORIENTED_EDGE ( 'NONE', *, *, #2121, .F. ) ;
#570 = FACE_OUTER_BOUND ( 'NONE', #2852, .T. ) ;
#571 = EDGE_LOOP ( 'NONE', ( #3060, #2784, #917, #609 ) ) ;
#572 = EDGE_CURVE ( 'NONE', #1181, #1364, #2134, .T. ) ;
#573 = EDGE_LOOP ( 'NONE', ( #675, #3652, #2085, #655 ) ) ;
#574 = DIRECTION ( 'NONE',  ( 0.000000000000000000, 0.000000000000000000, -1.000000000000000000 ) ) ;
#575 = PLANE ( 'NONE',  #3796 ) ;
#576 = CARTESIAN_POINT ( 'NONE',  ( -8.519999999999999574, 0.000000000000000000, 0.9000000000000012434 ) ) ;
#577 = DIRECTION ( 'NONE',  ( -1.000000000000000000, -0.000000000000000000, -0.000000000000000000 ) ) ;
#578 = LINE ( 'NONE', #3417, #2649 ) ;
#579 = DIRECTION ( 'NONE',  ( 0.000000000000000000, -1.000000000000000000, 0.000000000000000000 ) ) ;
#580 = VERTEX_POINT ( 'NONE', #101 ) ;
#581 = DIRECTION ( 'NONE',  ( 0.000000000000000000, 0.000000000000000000, 1.000000000000000000 ) ) ;
#582 = PRODUCT_DEFINITION_CONTEXT ( 'detailed design', #781, 'design' ) ;
#583 = ORIENTED_EDGE ( 'NONE', *, *, #3434, .F. ) ;
#584 = CARTESIAN_POINT ( 'NONE',  ( -0.4999999999999998890, 4.740192378864668044, 0.5000000000000001110 ) ) ;
#585 = ORIENTED_EDGE ( 'NONE', *, *, #36, .F. ) ;
#586 = FACE_OUTER_BOUND ( 'NONE', #2389, .T. ) ;
#587 = ADVANCED_FACE ( 'NONE', ( #1814 ), #2489, .T. ) ;
#588 = VECTOR ( 'NONE', #3421, 1000.000000000000000 ) ;
#589 = LINE ( 'NONE', #4358, #736 ) ;
#590 = VECTOR ( 'NONE', #689, 1000.000000000000000 ) ;
#591 = ORIENTED_EDGE ( 'NONE', *, *, #756, .F. ) ;
#592 = VECTOR ( 'NONE', #462, 1000.000000000000000 ) ;
#593 = ORIENTED_EDGE ( 'NONE', *, *, #2756, .T. ) ;
#594 = DIRECTION ( 'NONE',  ( 0.000000000000000000, 0.000000000000000000, -1.000000000000000000 ) ) ;
#595 = ORIENTED_EDGE ( 'NONE', *, *, #3040, .F. ) ;
#596 = AXIS2_PLACEMENT_3D ( 'NONE', #1838, #824, #1893 ) ;
#597 = DIRECTION ( 'NONE',  ( 1.000000000000000000, 0.000000000000000000, 0.000000000000000000 ) ) ;
#598 = EDGE_CURVE ( 'NONE', #40, #3882, #2848, .T. ) ;
#599 = VECTOR ( 'NONE', #1174, 1000.000000000000000 ) ;
#600 = LINE ( 'NONE', #4010, #853 ) ;
#601 = PLANE ( 'NONE',  #1166 ) ;
#603 = EDGE_CURVE ( 'NONE', #2308, #375, #77, .T. ) ;
#602 = DIRECTION ( 'NONE',  ( 0.000000000000000000, -1.000000000000000000, 0.000000000000000000 ) ) ;
#604 = DIRECTION ( 'NONE',  ( 0.000000000000000000, 0.000000000000000000, -1.000000000000000000 ) ) ;
#605 = VERTEX_POINT ( 'NONE', #4275 ) ;
#606 = DIRECTION ( 'NONE',  ( -0.000000000000000000, 1.000000000000000000, -0.000000000000000000 ) ) ;
#607 = VERTEX_POINT ( 'NONE', #405 ) ;
#608 = LINE ( 'NONE', #2382, #2984 ) ;
#609 = ORIENTED_EDGE ( 'NONE', *, *, #2883, .F. ) ;
#610 = PRODUCT_RELATED_PRODUCT_CATEGORY ( 'part', '', ( #3406 ) ) ;
#611 = CARTESIAN_POINT ( 'NONE',  ( -3.440000000000000391, 7.545584412271571395, -0.9000000000000000222 ) ) ;
#612 = ORIENTED_EDGE ( 'NONE', *, *, #13, .F. ) ;
#613 = ORIENTED_EDGE ( 'NONE', *, *, #121, .F. ) ;
#614 = CARTESIAN_POINT ( 'NONE',  ( -9.260000000000001563, 0.000000000000000000, 0.9000000000000016875 ) ) ;
#615 = ORIENTED_EDGE ( 'NONE', *, *, #877, .T. ) ;
#616 = ORIENTED_EDGE ( 'NONE', *, *, #991, .F. ) ;
#617 = DIRECTION ( 'NONE',  ( 0.000000000000000000, 0.000000000000000000, 1.000000000000000000 ) ) ;
#618 = DIRECTION ( 'NONE',  ( -1.000000000000000000, 0.000000000000000000, 2.168404344971008868E-16 ) ) ;
#619 = CARTESIAN_POINT ( 'NONE',  ( -0.4999999999999998890, 4.599999999999999645, 0.5000000000000001110 ) ) ;
#620 = LINE ( 'NONE', #985, #2322 ) ;
#621 = PLANE ( 'NONE',  #3302 ) ;
#622 = LINE ( 'NONE', #1010, #3710 ) ;
#623 = VECTOR ( 'NONE', #3583, 1000.000000000000000 ) ;
#624 = EDGE_CURVE ( 'NONE', #3882, #355, #3596, .T. ) ;
#625 = ORIENTED_EDGE ( 'NONE', *, *, #2868, .T. ) ;
#626 = DIRECTION ( 'NONE',  ( 0.000000000000000000, 1.000000000000000000, 0.000000000000000000 ) ) ;
#627 = FACE_OUTER_BOUND ( 'NONE', #2456, .T. ) ;
#628 = ORIENTED_EDGE ( 'NONE', *, *, #2319, .T. ) ;
#629 = DIRECTION ( 'NONE',  ( -0.000000000000000000, 1.000000000000000000, 0.000000000000000000 ) ) ;
#630 = CARTESIAN_POINT ( 'NONE',  ( -11.18000000000002281, -8.693788533719412783E-14, -1.049999999999998490 ) ) ;
#631 = EDGE_LOOP ( 'NONE', ( #4176, #1794, #1015, #3449 ) ) ;
#632 = LINE ( 'NONE', #2020, #3430 ) ;
#633 = ORIENTED_EDGE ( 'NONE', *, *, #1331, .F. ) ;
#634 = ORIENTED_EDGE ( 'NONE', *, *, #425, .T. ) ;
#635 = FACE_OUTER_BOUND ( 'NONE', #3567, .T. ) ;
#636 = EDGE_LOOP ( 'NONE', ( #4398, #752, #1226, #2102 ) ) ;
#637 = ORIENTED_EDGE ( 'NONE', *, *, #2089, .F. ) ;
#638 = VERTEX_POINT ( 'NONE', #2796 ) ;
#639 = FACE_OUTER_BOUND ( 'NONE', #326, .T. ) ;
#640 = CARTESIAN_POINT ( 'NONE',  ( -0.4999999999999998890, -0.001000000000000132727, 0.5000000000000001110 ) ) ;
#641 = VECTOR ( 'NONE', #2298, 1000.000000000000000 ) ;
#642 = CARTESIAN_POINT ( 'NONE',  ( 5.455000000000000071, 0.3499999999999999778, 0.6499999999999995781 ) ) ;
#643 = CARTESIAN_POINT ( 'NONE',  ( 5.455000000000000071, 0.2499999999999994726, 2.199999999999999734 ) ) ;
#644 = PLANE ( 'NONE',  #1094 ) ;
#645 = ORIENTED_EDGE ( 'NONE', *, *, #3517, .F. ) ;
#646 = EDGE_CURVE ( 'NONE', #3774, #2746, #1471, .T. ) ;
#647 = EDGE_CURVE ( 'NONE', #3201, #3452, #2510, .T. ) ;
#648 = PLANE ( 'NONE',  #3927 ) ;
#649 = VECTOR ( 'NONE', #685, 1000.000000000000000 ) ;
#650 = ORIENTED_EDGE ( 'NONE', *, *, #3470, .T. ) ;
#651 = CARTESIAN_POINT ( 'NONE',  ( 5.455000000000000071, 0.2499999999999994726, 2.199999999999999734 ) ) ;
#652 = EDGE_CURVE ( 'NONE', #3893, #3530, #2158, .T. ) ;
#653 = EDGE_LOOP ( 'NONE', ( #1521, #2311, #1382, #2996 ) ) ;
#654 = CARTESIAN_POINT ( 'NONE',  ( 5.455000000000000071, 0.2499999999999994726, 2.199999999999999734 ) ) ;
#655 = ORIENTED_EDGE ( 'NONE', *, *, #3569, .T. ) ;
#656 = CARTESIAN_POINT ( 'NONE',  ( -8.519999999999999574, 0.000000000000000000, 0.9000000000000000222 ) ) ;
#657 = AXIS2_PLACEMENT_3D ( 'NONE', #828, #2307, #157 ) ;
#658 = LINE ( 'NONE', #4120, #3560 ) ;
#659 = VECTOR ( 'NONE', #1457, 1000.000000000000000 ) ;
#660 = AXIS2_PLACEMENT_3D ( 'NONE', #1319, #3026, #618 ) ;
#661 = AXIS2_PLACEMENT_3D ( 'NONE', #525, #3930, #1902 ) ;
#662 = CARTESIAN_POINT ( 'NONE',  ( 1.520000000000000906, 5.000000000000000000, -1.270000000000000240 ) ) ;
#663 = CARTESIAN_POINT ( 'NONE',  ( 2.165000000000000036, 0.3499999999999999778, -0.8999999999999995781 ) ) ;
#664 = AXIS2_PLACEMENT_3D ( 'NONE', #322, #1693, #1149 ) ;
#665 = PLANE ( 'NONE',  #3017 ) ;
#666 = ADVANCED_FACE ( 'NONE', ( #2866 ), #4251, .F. ) ;
#667 = VERTEX_POINT ( 'NONE', #749 ) ;
#668 = DIRECTION ( 'NONE',  ( -1.000000000000000000, 0.000000000000000000, 0.000000000000000000 ) ) ;
#669 = PLANE ( 'NONE',  #416 ) ;
#670 = ORIENTED_EDGE ( 'NONE', *, *, #3418, .F. ) ;
#671 = CARTESIAN_POINT ( 'NONE',  ( -12.32333076527839566, 0.5999999999999999778, -0.9000000000000000222 ) ) ;
#672 = ORIENTED_EDGE ( 'NONE', *, *, #2843, .F. ) ;
#673 = DIRECTION ( 'NONE',  ( -1.000000000000000000, -0.000000000000000000, -0.000000000000000000 ) ) ;
#674 = EDGE_CURVE ( 'NONE', #1013, #3247, #1104, .T. ) ;
#675 = ORIENTED_EDGE ( 'NONE', *, *, #3237, .T. ) ;
#676 = EDGE_LOOP ( 'NONE', ( #1375, #3659, #3244, #1995 ) ) ;
#677 = EDGE_CURVE ( 'NONE', #3432, #580, #794, .T. ) ;
#678 = CARTESIAN_POINT ( 'NONE',  ( -0.9000000000000001332, 7.545584412271571395, -0.9000000000000000222 ) ) ;
#679 = FACE_OUTER_BOUND ( 'NONE', #2081, .T. ) ;
#680 = CLOSED_SHELL ( 'NONE', ( #777, #1042, #768, #280, #4039, #2230, #1289, #4260, #1346, #536 ) ) ;
#681 = EDGE_CURVE ( 'NONE', #32, #1334, #1860, .T. ) ;
#682 = ORIENTED_EDGE ( 'NONE', *, *, #2393, .F. ) ;
#683 = CARTESIAN_POINT ( 'NONE',  ( -4.180000000000000604, 7.545584412271571395, 0.9000000000000007994 ) ) ;
#684 = ORIENTED_EDGE ( 'NONE', *, *, #3575, .T. ) ;
#685 = DIRECTION ( 'NONE',  ( 1.000000000000000000, 0.000000000000000000, -1.084202172485504434E-16 ) ) ;
#686 = DIRECTION ( 'NONE',  ( -1.000000000000000000, 0.000000000000000000, 6.023345402697245486E-17 ) ) ;
#687 = DIRECTION ( 'NONE',  ( 1.000000000000000000, 0.000000000000000000, -1.084202172485504434E-16 ) ) ;
#688 = ORIENTED_EDGE ( 'NONE', *, *, #3901, .T. ) ;
#689 = DIRECTION ( 'NONE',  ( -3.614007241618349264E-16, 1.000000000000000000, -0.000000000000000000 ) ) ;
#690 = ORIENTED_EDGE ( 'NONE', *, *, #2224, .T. ) ;
#691 = ORIENTED_EDGE ( 'NONE', *, *, #3342, .T. ) ;
#692 = ORIENTED_EDGE ( 'NONE', *, *, #2491, .F. ) ;
#693 = VECTOR ( 'NONE', #1357, 1000.000000000000000 ) ;
#694 = CARTESIAN_POINT ( 'NONE',  ( -11.18000000000002281, 3.895694160567695352, 1.050000000000001821 ) ) ;
#695 = AXIS2_PLACEMENT_3D ( 'NONE', #3016, #338, #3797 ) ;
#696 = ORIENTED_EDGE ( 'NONE', *, *, #734, .T. ) ;
#697 = EDGE_CURVE ( 'NONE', #2658, #1898, #1076, .T. ) ;
#698 = EDGE_CURVE ( 'NONE', #1577, #1293, #52, .T. ) ;
#699 = VECTOR ( 'NONE', #817, 1000.000000000000000 ) ;
#700 = AXIS2_PLACEMENT_3D ( 'NONE', #2560, #3603, #2584 ) ;
#701 = LINE ( 'NONE', #353, #2898 ) ;
#702 = ORIENTED_EDGE ( 'NONE', *, *, #2002, .F. ) ;
#703 = EDGE_CURVE ( 'NONE', #607, #4404, #3543, .T. ) ;
#704 = DIRECTION ( 'NONE',  ( 0.000000000000000000, 0.000000000000000000, 1.000000000000000000 ) ) ;
#705 = DIRECTION ( 'NONE',  ( 0.000000000000000000, 0.000000000000000000, -1.000000000000000000 ) ) ;
#706 = EDGE_LOOP ( 'NONE', ( #1266, #3256, #2292, #721 ) ) ;
#707 = ORIENTED_EDGE ( 'NONE', *, *, #3773, .F. ) ;
#708 = DIRECTION ( 'NONE',  ( 6.023345402697245486E-17, 0.000000000000000000, 1.000000000000000000 ) ) ;
#709 = DIRECTION ( 'NONE',  ( 1.000000000000000000, 0.000000000000000000, 0.000000000000000000 ) ) ;
#710 = EDGE_CURVE ( 'NONE', #880, #3988, #4269, .T. ) ;
#711 = VERTEX_POINT ( 'NONE', #742 ) ;
#712 = EDGE_LOOP ( 'NONE', ( #1292, #1246, #4023, #2656 ) ) ;
#713 = CARTESIAN_POINT ( 'NONE',  ( -5.980000000000000426, 0.5999999999999998668, 1.050000000000000933 ) ) ;
#714 = PLANE ( 'NONE',  #3269 ) ;
#715 = VECTOR ( 'NONE', #3768, 1000.000000000000000 ) ;
#716 =( GEOMETRIC_REPRESENTATION_CONTEXT ( 3 ) GLOBAL_UNCERTAINTY_ASSIGNED_CONTEXT ( ( #1304 ) ) GLOBAL_UNIT_ASSIGNED_CONTEXT ( ( #3207, #4180, #2846 ) ) REPRESENTATION_CONTEXT ( 'NONE', 'WORKASPACE' ) );
#717 = AXIS2_PLACEMENT_3D ( 'NONE', #1129, #3186, #705 ) ;
#718 = LINE ( 'NONE', #1466, #358 ) ;
#719 = EDGE_CURVE ( 'NONE', #162, #4106, #1763, .T. ) ;
#720 = DIRECTION ( 'NONE',  ( -1.000000000000000000, 0.000000000000000000, -0.000000000000000000 ) ) ;
#721 = ORIENTED_EDGE ( 'NONE', *, *, #384, .T. ) ;
#722 =( NAMED_UNIT ( * ) SI_UNIT ( $, .STERADIAN. ) SOLID_ANGLE_UNIT ( ) );
#723 = VECTOR ( 'NONE', #970, 1000.000000000000000 ) ;
#724 = AXIS2_PLACEMENT_3D ( 'NONE', #2172, #2442, #2106 ) ;
#725 = DIRECTION ( 'NONE',  ( 0.000000000000000000, -1.000000000000000000, 0.000000000000000000 ) ) ;
#726 = EDGE_CURVE ( 'NONE', #2022, #3432, #3498, .T. ) ;
#727 = CARTESIAN_POINT ( 'NONE',  ( -3.440000000000000391, 0.000000000000000000, 1.050000000000000488 ) ) ;
#728 = ORIENTED_EDGE ( 'NONE', *, *, #4171, .T. ) ;
#729 = ORIENTED_EDGE ( 'NONE', *, *, #2439, .T. ) ;
#730 = CARTESIAN_POINT ( 'NONE',  ( -1.639999999999999902, 7.545584412271571395, -0.9000000000000000222 ) ) ;
#731 = DIRECTION ( 'NONE',  ( -1.000000000000000000, 0.000000000000000000, 6.023345402697245486E-17 ) ) ;
#732 = VECTOR ( 'NONE', #3858, 1000.000000000000000 ) ;
#733 = VECTOR ( 'NONE', #3708, 1000.000000000000000 ) ;
#734 = EDGE_CURVE ( 'NONE', #3130, #2446, #1160, .T. ) ;
#735 = DIRECTION ( 'NONE',  ( 0.000000000000000000, 0.000000000000000000, -1.000000000000000000 ) ) ;
#736 = VECTOR ( 'NONE', #4021, 1000.000000000000000 ) ;
#737 = EDGE_LOOP ( 'NONE', ( #3965, #1249, #2387, #3761, #2679, #3114, #957, #1118, #4489, #139, #3752, #4040, #321, #1173, #2566, #3728, #2329, #2303, #2111, #221, #684, #4144, #1528, #2703, #1420, #81, #1532, #10, #1087, #954, #2459, #59, #2161, #3831, #4036, #3738, #2236, #3509, #1744, #1673, #1069, #2477, #2099, #3484 ) ) ;
#738 = EDGE_CURVE ( 'NONE', #1825, #3412, #2196, .T. ) ;
#739 = CARTESIAN_POINT ( 'NONE',  ( -12.32333076527839566, -0.5999999999999999778, 0.9000000000000000222 ) ) ;
#740 = DIRECTION ( 'NONE',  ( 1.000000000000000000, 0.000000000000000000, -1.084202172485504434E-16 ) ) ;
#741 = EDGE_LOOP ( 'NONE', ( #585, #1722, #272, #696 ) ) ;
#742 = CARTESIAN_POINT ( 'NONE',  ( -1.639999999999999902, 0.000000000000000000, 0.9000000000000003553 ) ) ;
#743 = VERTEX_POINT ( 'NONE', #1907 ) ;
#744 = CARTESIAN_POINT ( 'NONE',  ( -7.548571428571428932, 4.492756549211971873, -0.07142857142856973152 ) ) ;
#745 = CARTESIAN_POINT ( 'NONE',  ( 1.270000000000000018, 3.895694160567695352, 1.050000000000000044 ) ) ;
#746 = ORIENTED_EDGE ( 'NONE', *, *, #697, .F. ) ;
#747 = EDGE_LOOP ( 'NONE', ( #3338, #2647, #2468, #3170 ) ) ;
#748 = DIRECTION ( 'NONE',  ( 0.000000000000000000, -1.000000000000000000, 0.000000000000000000 ) ) ;
#749 = CARTESIAN_POINT ( 'NONE',  ( -6.720000000000000639, 0.000000000000000000, 1.050000000000001377 ) ) ;
#750 = VECTOR ( 'NONE', #2249, 1000.000000000000000 ) ;
#751 = CARTESIAN_POINT ( 'NONE',  ( -8.519999999999999574, 0.000000000000000000, 0.9000000000000012434 ) ) ;
#752 = ORIENTED_EDGE ( 'NONE', *, *, #1589, .T. ) ;
#753 = EDGE_LOOP ( 'NONE', ( #2575, #2860, #568, #1307 ) ) ;
#754 = DIRECTION ( 'NONE',  ( 0.000000000000000000, 1.000000000000000000, 0.000000000000000000 ) ) ;
#755 = CARTESIAN_POINT ( 'NONE',  ( -2.040000000000000036, 4.740192378864668044, -0.4999999999999995559 ) ) ;
#756 = EDGE_CURVE ( 'NONE', #3735, #1799, #3248, .T. ) ;
#757 = EDGE_CURVE ( 'NONE', #3234, #3354, #529, .T. ) ;
#758 = LINE ( 'NONE', #3536, #233 ) ;
#759 = EDGE_LOOP ( 'NONE', ( #2701, #3409, #612, #1807 ) ) ;
#760 = CARTESIAN_POINT ( 'NONE',  ( -7.119999999999999218, 4.599999999999999645, -0.4999999999999987232 ) ) ;
#761 = VERTEX_POINT ( 'NONE', #1230 ) ;
#762 = DIRECTION ( 'NONE',  ( 0.000000000000000000, 0.000000000000000000, -1.000000000000000000 ) ) ;
#763 = CARTESIAN_POINT ( 'NONE',  ( -1.640000000000000346, 0.5999999999999998668, 1.050000000000000488 ) ) ;
#764 =( NAMED_UNIT ( * ) SI_UNIT ( $, .STERADIAN. ) SOLID_ANGLE_UNIT ( ) );
#765 = AXIS2_PLACEMENT_3D ( 'NONE', #347, #3787, #3366 ) ;
#766 = CARTESIAN_POINT ( 'NONE',  ( -5.980000000000000426, 7.545584412271571395, -0.8999999999999991340 ) ) ;
#767 = EDGE_LOOP ( 'NONE', ( #4209, #254, #3802, #540 ) ) ;
#768 = ADVANCED_FACE ( 'NONE', ( #2616 ), #1578, .F. ) ;
#769 = CARTESIAN_POINT ( 'NONE',  ( -12.32333076527839566, 0.5999999999999999778, 0.9000000000000000222 ) ) ;
#770 = VECTOR ( 'NONE', #4003, 1000.000000000000000 ) ;
#771 = LINE ( 'NONE', #1475, #1310 ) ;
#772 = FILL_AREA_STYLE_COLOUR ( '', #3952 ) ;
#773 = ORIENTED_EDGE ( 'NONE', *, *, #3317, .F. ) ;
#774 = CARTESIAN_POINT ( 'NONE',  ( 5.455000000000000071, 0.2500000000000000000, 0.9999999999999995559 ) ) ;
#775 = CARTESIAN_POINT ( 'NONE',  ( 0.5000000000000001110, -0.001000000000000132727, 0.4999999999999998890 ) ) ;
#776 = EDGE_CURVE ( 'NONE', #1890, #2794, #3957, .T. ) ;
#777 = ADVANCED_FACE ( 'NONE', ( #2572 ), #1852, .F. ) ;
#778 = DIRECTION ( 'NONE',  ( -1.000000000000000000, -0.000000000000000000, -0.000000000000000000 ) ) ;
#779 = ORIENTED_EDGE ( 'NONE', *, *, #719, .T. ) ;
#780 = FACE_OUTER_BOUND ( 'NONE', #65, .T. ) ;
#781 = APPLICATION_CONTEXT ( 'automotive_design' ) ;
#782 = VECTOR ( 'NONE', #1613, 1000.000000000000000 ) ;
#783 = EDGE_CURVE ( 'NONE', #44, #1733, #1208, .T. ) ;
#784 = DIRECTION ( 'NONE',  ( 0.000000000000000000, -0.000000000000000000, 1.000000000000000000 ) ) ;
#785 = ORIENTED_EDGE ( 'NONE', *, *, #73, .F. ) ;
#786 = CARTESIAN_POINT ( 'NONE',  ( -8.519999999999999574, 4.599999999999999645, 0.9000000000000012434 ) ) ;
#787 = ORIENTED_EDGE ( 'NONE', *, *, #2002, .T. ) ;
#788 = ORIENTED_EDGE ( 'NONE', *, *, #4076, .F. ) ;
#789 = DIRECTION ( 'NONE',  ( 0.000000000000000000, 0.000000000000000000, 1.000000000000000000 ) ) ;
#790 = VECTOR ( 'NONE', #3872, 1000.000000000000000 ) ;
#791 = CARTESIAN_POINT ( 'NONE',  ( 0.000000000000000000, 0.000000000000000000, 0.000000000000000000 ) ) ;
#792 = VECTOR ( 'NONE', #2714, 1000.000000000000000 ) ;
#793 = CARTESIAN_POINT ( 'NONE',  ( -4.180000000000000604, 7.545584412271571395, 0.9000000000000007994 ) ) ;
#794 = LINE ( 'NONE', #1168, #699 ) ;
#795 = VECTOR ( 'NONE', #740, 1000.000000000000000 ) ;
#796 = EDGE_CURVE ( 'NONE', #1788, #3840, #3268, .T. ) ;
#797 = FACE_OUTER_BOUND ( 'NONE', #129, .T. ) ;
#798 = VECTOR ( 'NONE', #2019, 1000.000000000000000 ) ;
#799 = AXIS2_PLACEMENT_3D ( 'NONE', #4158, #371, #1120 ) ;
#800 = ORIENTED_EDGE ( 'NONE', *, *, #698, .T. ) ;
#801 = DIRECTION ( 'NONE',  ( 0.000000000000000000, -0.000000000000000000, 1.000000000000000000 ) ) ;
#802 = VECTOR ( 'NONE', #2348, 1000.000000000000000 ) ;
#803 = CARTESIAN_POINT ( 'NONE',  ( 1.520000000000000906, 0.5999999999999998668, -1.270000000000000240 ) ) ;
#804 = VECTOR ( 'NONE', #3125, 1000.000000000000114 ) ;
#805 = DIRECTION ( 'NONE',  ( 0.000000000000000000, 1.000000000000000000, -0.000000000000000000 ) ) ;
#806 = ORIENTED_EDGE ( 'NONE', *, *, #966, .F. ) ;
#807 = EDGE_CURVE ( 'NONE', #1583, #1947, #860, .T. ) ;
#808 = FACE_OUTER_BOUND ( 'NONE', #548, .T. ) ;
#809 = EDGE_LOOP ( 'NONE', ( #3544, #4072, #4479, #4049 ) ) ;
#810 = DIRECTION ( 'NONE',  ( 0.000000000000000000, -1.000000000000000000, 0.000000000000000000 ) ) ;
#811 = LINE ( 'NONE', #2122, #4474 ) ;
#812 = ADVANCED_FACE ( 'NONE', ( #2267 ), #3614, .F. ) ;
#813 = EDGE_CURVE ( 'NONE', #3067, #1681, #4340, .T. ) ;
#814 = DIRECTION ( 'NONE',  ( 0.000000000000000000, 0.000000000000000000, 1.000000000000000000 ) ) ;
#815 = PLANE ( 'NONE',  #3337 ) ;
#816 = LINE ( 'NONE', #1211, #2328 ) ;
#817 = DIRECTION ( 'NONE',  ( -1.000000000000000000, -0.000000000000000000, -0.000000000000000000 ) ) ;
#818 = ADVANCED_FACE ( 'NONE', ( #2905 ), #4026, .T. ) ;
#819 = AXIS2_PLACEMENT_3D ( 'NONE', #2914, #3278, #1863 ) ;
#820 = DIRECTION ( 'NONE',  ( -0.6546536707079775308, -0.3779644730092256988, 0.6546536707079775308 ) ) ;
#821 = DIRECTION ( 'NONE',  ( 1.000000000000000000, 0.000000000000000000, 0.000000000000000000 ) ) ;
#822 = VERTEX_POINT ( 'NONE', #209 ) ;
#823 = DIRECTION ( 'NONE',  ( -1.000000000000000000, -0.000000000000000000, -0.000000000000000000 ) ) ;
#824 = DIRECTION ( 'NONE',  ( -0.000000000000000000, 0.000000000000000000, -1.000000000000000000 ) ) ;
#825 = AXIS2_PLACEMENT_3D ( 'NONE', #827, #4213, #735 ) ;
#826 = CARTESIAN_POINT ( 'NONE',  ( 2.914999999999999591, 0.2500000000000000000, -2.200000000000000622 ) ) ;
#827 = CARTESIAN_POINT ( 'NONE',  ( 5.455000000000000071, 0.3499999999999999778, 0.9999999999999995559 ) ) ;
#828 = CARTESIAN_POINT ( 'NONE',  ( 5.455000000000000071, 0.3499999999999999778, 0.6499999999999995781 ) ) ;
#829 = EDGE_LOOP ( 'NONE', ( #3887, #2218, #2686, #99 ) ) ;
#830 = LINE ( 'NONE', #1203, #1809 ) ;
#831 = ORIENTED_EDGE ( 'NONE', *, *, #903, .T. ) ;
#832 = CARTESIAN_POINT ( 'NONE',  ( -1.639999999999999902, 7.545584412271571395, 0.9000000000000003553 ) ) ;
#833 = EDGE_LOOP ( 'NONE', ( #1631, #2050, #1674, #532 ) ) ;
#834 = CARTESIAN_POINT ( 'NONE',  ( -8.519999999999999574, 7.545584412271571395, -0.8999999999999986899 ) ) ;
#835 = VERTEX_POINT ( 'NONE', #189 ) ;
#836 = FACE_OUTER_BOUND ( 'NONE', #1047, .T. ) ;
#837 = ADVANCED_FACE ( 'NONE', ( #1554 ), #1926, .F. ) ;
#838 = EDGE_CURVE ( 'NONE', #3328, #3735, #811, .T. ) ;
#839 = DIRECTION ( 'NONE',  ( 0.000000000000000000, 1.000000000000000000, 0.000000000000000000 ) ) ;
#840 = CARTESIAN_POINT ( 'NONE',  ( -10.08857142857142897, 4.492756549211971873, -0.07142857142856928743 ) ) ;
#841 = LINE ( 'NONE', #2870, #1549 ) ;
#842 = ORIENTED_EDGE ( 'NONE', *, *, #3901, .F. ) ;
#843 = VECTOR ( 'NONE', #120, 1000.000000000000000 ) ;
#844 = PLANE ( 'NONE',  #4366 ) ;
#845 = PLANE ( 'NONE',  #3107 ) ;
#846 = AXIS2_PLACEMENT_3D ( 'NONE', #1556, #1608, #1254 ) ;
#847 = LINE ( 'NONE', #131, #4265 ) ;
#848 = SHAPE_DEFINITION_REPRESENTATION ( #1797, #2977 ) ;
#849 = DIRECTION ( 'NONE',  ( 1.000000000000000000, -0.000000000000000000, 0.000000000000000000 ) ) ;
#850 = ORIENTED_EDGE ( 'NONE', *, *, #163, .T. ) ;
#851 = CARTESIAN_POINT ( 'NONE',  ( -8.120000000000000995, 4.599999999999999645, -0.4999999999999986122 ) ) ;
#852 = VECTOR ( 'NONE', #1243, 1000.000000000000000 ) ;
#853 = VECTOR ( 'NONE', #3370, 1000.000000000000000 ) ;
#854 = EDGE_CURVE ( 'NONE', #3960, #2331, #1433, .T. ) ;
#855 = DIRECTION ( 'NONE',  ( -1.000000000000000000, 0.000000000000000000, 1.084202172485504434E-16 ) ) ;
#856 = DIRECTION ( 'NONE',  ( 1.000000000000000000, 0.000000000000000000, -1.707404996040164265E-16 ) ) ;
#857 = ORIENTED_EDGE ( 'NONE', *, *, #2115, .F. ) ;
#858 = DIRECTION ( 'NONE',  ( 1.000000000000000000, 0.000000000000000000, -0.000000000000000000 ) ) ;
#859 = ORIENTED_EDGE ( 'NONE', *, *, #4291, .T. ) ;
#860 = LINE ( 'NONE', #834, #2955 ) ;
#861 = CARTESIAN_POINT ( 'NONE',  ( 2.165000000000000036, 0.3499999999999999778, -0.9999999999999995559 ) ) ;
#862 = SURFACE_STYLE_FILL_AREA ( #3982 ) ;
#863 = LINE ( 'NONE', #1910, #3923 ) ;
#864 = EDGE_CURVE ( 'NONE', #3432, #3810, #1567, .T. ) ;
#865 = CARTESIAN_POINT ( 'NONE',  ( -5.980000000000000426, 7.545584412271571395, -0.9000000000000000222 ) ) ;
#866 = CARTESIAN_POINT ( 'NONE',  ( -9.260000000000001563, 0.5999999999999999778, 0.9000000000000000222 ) ) ;
#867 = ORIENTED_EDGE ( 'NONE', *, *, #2362, .F. ) ;
#868 = DIRECTION ( 'NONE',  ( 0.000000000000000000, -1.000000000000000000, 0.000000000000000000 ) ) ;
#869 = PLANE ( 'NONE',  #700 ) ;
#870 = VECTOR ( 'NONE', #748, 1000.000000000000000 ) ;
#871 = EDGE_CURVE ( 'NONE', #902, #1038, #436, .T. ) ;
#872 = VECTOR ( 'NONE', #1550, 1000.000000000000000 ) ;
#873 = CARTESIAN_POINT ( 'NONE',  ( 5.455000000000000071, 5.421010862427522170E-17, 0.9999999999999995559 ) ) ;
#874 = FACE_OUTER_BOUND ( 'NONE', #3436, .T. ) ;
#875 = ORIENTED_EDGE ( 'NONE', *, *, #2596, .T. ) ;
#876 = DIRECTION ( 'NONE',  ( 5.421010862427503681E-17, 0.8660254037844395958, 0.4999999999999982792 ) ) ;
#877 = EDGE_CURVE ( 'NONE', #638, #4090, #2210, .T. ) ;
#878 = AXIS2_PLACEMENT_3D ( 'NONE', #1795, #3189, #2207 ) ;
#879 = PLANE ( 'NONE',  #1900 ) ;
#880 = VERTEX_POINT ( 'NONE', #3148 ) ;
#881 = ORIENTED_EDGE ( 'NONE', *, *, #2610, .T. ) ;
#882 = LINE ( 'NONE', #1250, #317 ) ;
#883 = CARTESIAN_POINT ( 'NONE',  ( -2.540000000000000036, 0.000000000000000000, 0.9000000000000000222 ) ) ;
#884 = ADVANCED_FACE ( 'NONE', ( #1136 ), #1503, .F. ) ;
#885 = PLANE ( 'NONE',  #846 ) ;
#886 = SHAPE_DEFINITION_REPRESENTATION ( #2353, #3414 ) ;
#887 = ORIENTED_EDGE ( 'NONE', *, *, #1734, .T. ) ;
#888 = PRODUCT_DEFINITION_FORMATION_WITH_SPECIFIED_SOURCE ( 'ANY', '', #2503, .NOT_KNOWN. ) ;
#889 = FACE_OUTER_BOUND ( 'NONE', #3187, .T. ) ;
#890 = LINE ( 'NONE', #1614, #1624 ) ;
#891 = CARTESIAN_POINT ( 'NONE',  ( -12.32333076527839566, -0.5999999999999999778, -0.9000000000000000222 ) ) ;
#892 = ORIENTED_EDGE ( 'NONE', *, *, #247, .T. ) ;
#893 = CARTESIAN_POINT ( 'NONE',  ( -7.119999999999999218, 4.740192378864668044, 0.5000000000000012212 ) ) ;
#894 = DIRECTION ( 'NONE',  ( -1.000000000000000000, 0.000000000000000000, -0.000000000000000000 ) ) ;
#895 = UNCERTAINTY_MEASURE_WITH_UNIT (LENGTH_MEASURE( 1.000000000000000082E-05 ), #226, 'distance_accuracy_value', 'NONE');
#896 = EDGE_CURVE ( 'NONE', #1430, #32, #109, .T. ) ;
#897 = PLANE ( 'NONE',  #1806 ) ;
#898 = ORIENTED_EDGE ( 'NONE', *, *, #3593, .T. ) ;
#899 = PLANE ( 'NONE',  #1855 ) ;
#900 = CARTESIAN_POINT ( 'NONE',  ( -4.180000000000000604, 4.599999999999999645, 0.9000000000000007994 ) ) ;
#901 = VECTOR ( 'NONE', #914, 1000.000000000000000 ) ;
#902 = VERTEX_POINT ( 'NONE', #3169 ) ;
#903 = EDGE_CURVE ( 'NONE', #1853, #2011, #413, .T. ) ;
#904 = ORIENTED_EDGE ( 'NONE', *, *, #3561, .F. ) ;
#905 = CARTESIAN_POINT ( 'NONE',  ( -11.06000000000000050, 0.5999999999999998668, -1.269999999999998463 ) ) ;
#906 = ORIENTED_EDGE ( 'NONE', *, *, #414, .F. ) ;
#907 = DIRECTION ( 'NONE',  ( 0.000000000000000000, -1.000000000000000000, 0.000000000000000000 ) ) ;
#908 = ORIENTED_EDGE ( 'NONE', *, *, #2567, .T. ) ;
#909 = LINE ( 'NONE', #1191, #136 ) ;
#910 = APPLICATION_PROTOCOL_DEFINITION ( 'draft international standard', 'automotive_design', 1998, #2965 ) ;
#911 = ORIENTED_EDGE ( 'NONE', *, *, #966, .T. ) ;
#912 = CARTESIAN_POINT ( 'NONE',  ( -9.660000000000000142, 4.740192378864668044, 0.5000000000000016653 ) ) ;
#913 = PLANE ( 'NONE',  #2093 ) ;
#914 = DIRECTION ( 'NONE',  ( 0.000000000000000000, 0.000000000000000000, -1.000000000000000000 ) ) ;
#915 = DIRECTION ( 'NONE',  ( -6.023345402697245486E-17, 0.000000000000000000, -1.000000000000000000 ) ) ;
#916 = EDGE_CURVE ( 'NONE', #1325, #3960, #86, .T. ) ;
#917 = ORIENTED_EDGE ( 'NONE', *, *, #3967, .T. ) ;
#918 = LINE ( 'NONE', #2253, #3655 ) ;
#919 = ORIENTED_EDGE ( 'NONE', *, *, #546, .T. ) ;
#920 = VECTOR ( 'NONE', #3413, 1000.000000000000000 ) ;
#921 = ORIENTED_EDGE ( 'NONE', *, *, #3317, .T. ) ;
#922 = PLANE ( 'NONE',  #657 ) ;
#923 = ORIENTED_EDGE ( 'NONE', *, *, #726, .T. ) ;
#924 = DIRECTION ( 'NONE',  ( 0.000000000000000000, -1.000000000000000000, -0.000000000000000000 ) ) ;
#925 = ADVANCED_FACE ( 'NONE', ( #2894 ), #2829, .T. ) ;
#926 = DIRECTION ( 'NONE',  ( 0.000000000000000000, -1.000000000000000000, 0.000000000000000000 ) ) ;
#927 = VECTOR ( 'NONE', #4375, 1000.000000000000000 ) ;
#928 = ORIENTED_EDGE ( 'NONE', *, *, #1268, .F. ) ;
#929 = VECTOR ( 'NONE', #789, 1000.000000000000000 ) ;
#930 = ORIENTED_EDGE ( 'NONE', *, *, #2423, .T. ) ;
#931 = CARTESIAN_POINT ( 'NONE',  ( 2.914999999999999591, 0.3499999999999999778, -0.8999999999999995781 ) ) ;
#932 = ORIENTED_EDGE ( 'NONE', *, *, #896, .T. ) ;
#933 = ADVANCED_FACE ( 'NONE', ( #2564 ), #2876, .T. ) ;
#934 = CARTESIAN_POINT ( 'NONE',  ( -2.040000000000000036, 4.740192378864668044, 0.5000000000000003331 ) ) ;
#935 = APPLICATION_PROTOCOL_DEFINITION ( 'draft international standard', 'automotive_design', 1998, #4208 ) ;
#936 = DIRECTION ( 'NONE',  ( 0.000000000000000000, -1.000000000000000000, 0.000000000000000000 ) ) ;
#937 =( REPRESENTATION_RELATIONSHIP ('NONE','NONE', #4391, #41 ) REPRESENTATION_RELATIONSHIP_WITH_TRANSFORMATION ( #2672 )SHAPE_REPRESENTATION_RELATIONSHIP( ) );
#938 = CARTESIAN_POINT ( 'NONE',  ( -9.660000000000000142, -0.001000000000000132727, 0.5000000000000016653 ) ) ;
#939 = CARTESIAN_POINT ( 'NONE',  ( -7.119999999999999218, 4.740192378864668044, 0.5000000000000012212 ) ) ;
#940 = LINE ( 'NONE', #2349, #2001 ) ;
#941 = DIRECTION ( 'NONE',  ( 1.000000000000000000, 0.000000000000000000, -2.168404344971008868E-16 ) ) ;
#942 = ADVANCED_FACE ( 'NONE', ( #3581 ), #1152, .F. ) ;
#943 = VERTEX_POINT ( 'NONE', #3948 ) ;
#944 = VECTOR ( 'NONE', #1383, 1000.000000000000000 ) ;
#945 = EDGE_LOOP ( 'NONE', ( #3085, #2021, #3410, #3181 ) ) ;
#946 = CIRCLE ( 'NONE', #4280, 0.3500000000000000333 ) ;
#947 = DIRECTION ( 'NONE',  ( 0.000000000000000000, -0.000000000000000000, 1.000000000000000000 ) ) ;
#948 = ORIENTED_EDGE ( 'NONE', *, *, #3962, .F. ) ;
#949 = AXIS2_PLACEMENT_3D ( 'NONE', #4419, #3751, #1305 ) ;
#950 = DIRECTION ( 'NONE',  ( -1.000000000000000000, 0.000000000000000000, 1.707404996040164265E-16 ) ) ;
#951 = LINE ( 'NONE', #3734, #1036 ) ;
#952 = VECTOR ( 'NONE', #4068, 1000.000000000000000 ) ;
#953 = ORIENTED_EDGE ( 'NONE', *, *, #1116, .T. ) ;
#954 = ORIENTED_EDGE ( 'NONE', *, *, #3145, .F. ) ;
#955 = DIRECTION ( 'NONE',  ( 0.000000000000000000, -1.000000000000000000, 0.000000000000000000 ) ) ;
#956 = ADVANCED_FACE ( 'NONE', ( #2498 ), #63, .F. ) ;
#957 = ORIENTED_EDGE ( 'NONE', *, *, #3191, .T. ) ;
#958 = CARTESIAN_POINT ( 'NONE',  ( 5.455000000000000071, 1.000000000000000000, 0.8999999999999998002 ) ) ;
#959 = EDGE_CURVE ( 'NONE', #3140, #2830, #758, .T. ) ;
#960 = LINE ( 'NONE', #2727, #2908 ) ;
#961 = EDGE_CURVE ( 'NONE', #3925, #990, #458, .T. ) ;
#962 = FACE_OUTER_BOUND ( 'NONE', #180, .T. ) ;
#963 = DIRECTION ( 'NONE',  ( -0.000000000000000000, 0.000000000000000000, 1.000000000000000000 ) ) ;
#964 = DIRECTION ( 'NONE',  ( -1.000000000000000000, -0.000000000000000000, -0.000000000000000000 ) ) ;
#965 = DIRECTION ( 'NONE',  ( 0.000000000000000000, 1.000000000000000000, -3.336006684570783101E-16 ) ) ;
#966 = EDGE_CURVE ( 'NONE', #1077, #3790, #3193, .T. ) ;
#967 = CARTESIAN_POINT ( 'NONE',  ( 1.270000000000000018, 0.5999999999999998668, -1.050000000000000044 ) ) ;
#968 = FACE_OUTER_BOUND ( 'NONE', #2266, .T. ) ;
#969 = ORIENTED_EDGE ( 'NONE', *, *, #2064, .T. ) ;
#970 = DIRECTION ( 'NONE',  ( -6.023345402697245486E-17, 0.000000000000000000, -1.000000000000000000 ) ) ;
#971 = ORIENTED_EDGE ( 'NONE', *, *, #3227, .T. ) ;
#972 = DIRECTION ( 'NONE',  ( -0.000000000000000000, 1.000000000000000000, -0.000000000000000000 ) ) ;
#973 = ORIENTED_EDGE ( 'NONE', *, *, #3071, .F. ) ;
#974 = ORIENTED_EDGE ( 'NONE', *, *, #1601, .F. ) ;
#975 = LINE ( 'NONE', #2366, #531 ) ;
#976 = EDGE_LOOP ( 'NONE', ( #3185, #339, #3726, #2227 ) ) ;
#977 = VERTEX_POINT ( 'NONE', #1822 ) ;
#978 = FILL_AREA_STYLE_COLOUR ( '', #1065 ) ;
#979 = DIRECTION ( 'NONE',  ( 1.000000000000000000, 0.000000000000000000, 0.000000000000000000 ) ) ;
#980 = EDGE_LOOP ( 'NONE', ( #565, #1137, #616, #928 ) ) ;
#981 = LINE ( 'NONE', #1358, #1961 ) ;
#982 = EDGE_CURVE ( 'NONE', #1604, #3783, #2856, .T. ) ;
#983 = EDGE_CURVE ( 'NONE', #514, #3412, #1039, .T. ) ;
#984 = LINE ( 'NONE', #1006, #4492 ) ;
#985 = CARTESIAN_POINT ( 'NONE',  ( -6.030000000000002913, 5.000000000000000000, -0.4999999999999990563 ) ) ;
#986 = LINE ( 'NONE', #3008, #261 ) ;
#987 = ORIENTED_EDGE ( 'NONE', *, *, #2115, .T. ) ;
#988 = CARTESIAN_POINT ( 'NONE',  ( 0.9000000000000000222, 0.5999999999999998668, -0.9000000000000003553 ) ) ;
#989 = VECTOR ( 'NONE', #2055, 1000.000000000000000 ) ;
#990 = VERTEX_POINT ( 'NONE', #994 ) ;
#991 = EDGE_CURVE ( 'NONE', #3899, #1119, #4487, .T. ) ;
#992 = CARTESIAN_POINT ( 'NONE',  ( 5.455000000000000071, 0.2500000000000000000, 0.9999999999999995559 ) ) ;
#993 = ORIENTED_EDGE ( 'NONE', *, *, #3145, .T. ) ;
#994 = CARTESIAN_POINT ( 'NONE',  ( -5.980000000000000426, 0.5999999999999999778, 0.9000000000000000222 ) ) ;
#995 = DIRECTION ( 'NONE',  ( 0.000000000000000000, -1.000000000000000000, 0.000000000000000000 ) ) ;
#996 = EDGE_LOOP ( 'NONE', ( #3806, #4337, #412, #2494 ) ) ;
#997 = VERTEX_POINT ( 'NONE', #3777 ) ;
#998 = VECTOR ( 'NONE', #1422, 1000.000000000000000 ) ;
#999 = VERTEX_POINT ( 'NONE', #4134 ) ;
#1000 = EDGE_CURVE ( 'NONE', #230, #1947, #1728, .T. ) ;
#1001 = FACE_OUTER_BOUND ( 'NONE', #3497, .T. ) ;
#1002 = AXIS2_PLACEMENT_3D ( 'NONE', #2229, #3579, #3968 ) ;
#1003 = DIRECTION ( 'NONE',  ( -1.000000000000000000, -0.000000000000000000, -0.000000000000000000 ) ) ;
#1004 = EDGE_LOOP ( 'NONE', ( #479, #930, #688, #2545, #746, #4173, #1286, #2850 ) ) ;
#1005 = CARTESIAN_POINT ( 'NONE',  ( -9.260000000000001563, 7.545584412271571395, 0.9000000000000016875 ) ) ;
#1006 = CARTESIAN_POINT ( 'NONE',  ( 1.019999999999999796, 0.5999999999999999778, -1.270000000000000240 ) ) ;
#1007 = FACE_OUTER_BOUND ( 'NONE', #1403, .T. ) ;
#1008 = CARTESIAN_POINT ( 'NONE',  ( -8.120000000000000995, 4.740192378864668044, 0.5000000000000014433 ) ) ;
#1009 = ORIENTED_EDGE ( 'NONE', *, *, #1363, .F. ) ;
#1010 = CARTESIAN_POINT ( 'NONE',  ( 0.5000000000000001110, 4.599999999999999645, 0.4999999999999998890 ) ) ;
#1011 = CARTESIAN_POINT ( 'NONE',  ( -2.540000000000000036, 0.000000000000000000, -0.9000000000000000222 ) ) ;
#1012 = EDGE_CURVE ( 'NONE', #3280, #2504, #1060, .T. ) ;
#1013 = VERTEX_POINT ( 'NONE', #3401 ) ;
#1014 = CARTESIAN_POINT ( 'NONE',  ( -8.519999999999999574, 0.5999999999999999778, 0.9000000000000000222 ) ) ;
#1015 = ORIENTED_EDGE ( 'NONE', *, *, #2405, .T. ) ;
#1016 = CARTESIAN_POINT ( 'NONE',  ( -4.180000000000000604, 0.5999999999999998668, 1.050000000000000933 ) ) ;
#1017 = ADVANCED_FACE ( 'NONE', ( #363 ), #11, .T. ) ;
#1018 = AXIS2_PLACEMENT_3D ( 'NONE', #793, #3846, #3502 ) ;
#1019 = ORIENTED_EDGE ( 'NONE', *, *, #2597, .T. ) ;
#1020 = EDGE_CURVE ( 'NONE', #386, #1627, #295, .T. ) ;
#1021 = EDGE_LOOP ( 'NONE', ( #3000, #204, #2944, #4193 ) ) ;
#1022 = SURFACE_SIDE_STYLE ('',( #4138 ) ) ;
#1023 = AXIS2_PLACEMENT_3D ( 'NONE', #3801, #673, #4397 ) ;
#1024 = VECTOR ( 'NONE', #3133, 1000.000000000000000 ) ;
#1025 =( REPRESENTATION_RELATIONSHIP ('NONE','NONE', #4391, #41 ) REPRESENTATION_RELATIONSHIP_WITH_TRANSFORMATION ( #3630 )SHAPE_REPRESENTATION_RELATIONSHIP( ) );
#1026 = ORIENTED_EDGE ( 'NONE', *, *, #478, .F. ) ;
#1027 = DIRECTION ( 'NONE',  ( -0.000000000000000000, -0.000000000000000000, 1.000000000000000000 ) ) ;
#1028 = EDGE_CURVE ( 'NONE', #1898, #2432, #388, .T. ) ;
#1029 = VECTOR ( 'NONE', #3556, 1000.000000000000000 ) ;
#1030 = ORIENTED_EDGE ( 'NONE', *, *, #1012, .F. ) ;
#1031 = FACE_OUTER_BOUND ( 'NONE', #23, .T. ) ;
#1032 = ORIENTED_EDGE ( 'NONE', *, *, #1720, .T. ) ;
#1033 = VECTOR ( 'NONE', #594, 1000.000000000000000 ) ;
#1034 = DIRECTION ( 'NONE',  ( 1.000000000000000000, 0.000000000000000000, -2.168404344971008868E-16 ) ) ;
#1035 = DIRECTION ( 'NONE',  ( -1.707404996040164265E-16, -0.000000000000000000, -1.000000000000000000 ) ) ;
#1036 = VECTOR ( 'NONE', #1972, 1000.000000000000000 ) ;
#1037 = DIRECTION ( 'NONE',  ( 5.421010862427503681E-17, 0.8660254037844395958, 0.4999999999999982792 ) ) ;
#1038 = VERTEX_POINT ( 'NONE', #2700 ) ;
#1039 = LINE ( 'NONE', #2742, #310 ) ;
#1040 = LINE ( 'NONE', #1329, #723 ) ;
#1041 =( GEOMETRIC_REPRESENTATION_CONTEXT ( 3 ) GLOBAL_UNCERTAINTY_ASSIGNED_CONTEXT ( ( #268 ) ) GLOBAL_UNIT_ASSIGNED_CONTEXT ( ( #2552, #508, #145 ) ) REPRESENTATION_CONTEXT ( 'NONE', 'WORKASPACE' ) );
#1042 = ADVANCED_FACE ( 'NONE', ( #1663 ), #3423, .F. ) ;
#1043 = ORIENTED_EDGE ( 'NONE', *, *, #2676, .T. ) ;
#1044 = EDGE_LOOP ( 'NONE', ( #1767, #2812, #1435, #908 ) ) ;
#1045 = CARTESIAN_POINT ( 'NONE',  ( -6.720000000000000639, 4.599999999999999645, 0.9000000000000012434 ) ) ;
#1046 = EDGE_CURVE ( 'NONE', #2823, #2752, #2514, .T. ) ;
#1047 = EDGE_LOOP ( 'NONE', ( #76, #1125, #3335, #2673 ) ) ;
#1048 = ORIENTED_EDGE ( 'NONE', *, *, #215, .F. ) ;
#1049 = CARTESIAN_POINT ( 'NONE',  ( 5.455000000000000071, -1.593738312549088494E-16, 2.199999999999999734 ) ) ;
#1050 = AXIS2_PLACEMENT_3D ( 'NONE', #173, #1587, #3623 ) ;
#1051 = ORIENTED_EDGE ( 'NONE', *, *, #4435, .T. ) ;
#1052 = LINE ( 'NONE', #3812, #715 ) ;
#1053 = ORIENTED_EDGE ( 'NONE', *, *, #1960, .T. ) ;
#1054 = CARTESIAN_POINT ( 'NONE',  ( -4.180000000000000604, 0.5999999999999998668, -0.8999999999999995781 ) ) ;
#1055 = DIRECTION ( 'NONE',  ( -0.000000000000000000, 1.000000000000000000, -0.000000000000000000 ) ) ;
#1056 = AXIS2_PLACEMENT_3D ( 'NONE', #4371, #264, #3770 ) ;
#1057 = EDGE_CURVE ( 'NONE', #1270, #3611, #3883, .T. ) ;
#1058 = DIRECTION ( 'NONE',  ( 0.000000000000000000, -0.000000000000000000, 1.000000000000000000 ) ) ;
#1059 = CARTESIAN_POINT ( 'NONE',  ( -3.040000000000000036, -0.001000000000000132727, -0.4999999999999994449 ) ) ;
#1060 = LINE ( 'NONE', #3466, #1739 ) ;
#1061 = CARTESIAN_POINT ( 'NONE',  ( -8.519999999999999574, 7.545584412271571395, 0.9000000000000012434 ) ) ;
#1062 = VECTOR ( 'NONE', #2234, 1000.000000000000000 ) ;
#1063 = ORIENTED_EDGE ( 'NONE', *, *, #3359, .F. ) ;
#1064 = ORIENTED_EDGE ( 'NONE', *, *, #3284, .F. ) ;
#1065 = COLOUR_RGB ( '',0.7921568627450980005, 0.8196078431372548767, 0.9333333333333333481 ) ;
#1066 = EDGE_CURVE ( 'NONE', #3376, #4486, #4278, .T. ) ;
#1067 = LINE ( 'NONE', #3152, #4407 ) ;
#1068 = VECTOR ( 'NONE', #1512, 1000.000000000000000 ) ;
#1069 = ORIENTED_EDGE ( 'NONE', *, *, #2200, .T. ) ;
#1070 = EDGE_CURVE ( 'NONE', #3685, #1408, #2872, .T. ) ;
#1071 = AXIS2_PLACEMENT_3D ( 'NONE', #1267, #4399, #2737 ) ;
#1072 = CARTESIAN_POINT ( 'NONE',  ( 5.455000000000000071, 1.000000000000000000, 0.6499999999999998002 ) ) ;
#1073 = FACE_OUTER_BOUND ( 'NONE', #2101, .T. ) ;
#1074 = EDGE_LOOP ( 'NONE', ( #1284, #2473, #464, #3471 ) ) ;
#1075 =( NAMED_UNIT ( * ) PLANE_ANGLE_UNIT ( ) SI_UNIT ( $, .RADIAN. ) );
#1076 = LINE ( 'NONE', #2466, #2221 ) ;
#1077 = VERTEX_POINT ( 'NONE', #434 ) ;
#1078 = VECTOR ( 'NONE', #1633, 1000.000000000000000 ) ;
#1079 = PLANE ( 'NONE',  #2827 ) ;
#1080 = ORIENTED_EDGE ( 'NONE', *, *, #681, .T. ) ;
#1081 = ORIENTED_EDGE ( 'NONE', *, *, #543, .T. ) ;
#1082 = CARTESIAN_POINT ( 'NONE',  ( 5.455000000000000071, 0.2500000000000000000, 0.9999999999999995559 ) ) ;
#1083 = DIRECTION ( 'NONE',  ( 0.000000000000000000, 0.000000000000000000, -1.000000000000000000 ) ) ;
#1084 = AXIS2_PLACEMENT_3D ( 'NONE', #938, #1654, #311 ) ;
#1085 = EDGE_CURVE ( 'NONE', #2432, #3685, #4235, .T. ) ;
#1086 = DIRECTION ( 'NONE',  ( 0.000000000000000000, 1.000000000000000000, -4.517509052022931649E-17 ) ) ;
#1087 = ORIENTED_EDGE ( 'NONE', *, *, #98, .T. ) ;
#1088 = CARTESIAN_POINT ( 'NONE',  ( -2.040000000000000036, -0.001000000000000132727, 0.5000000000000003331 ) ) ;
#1089 = CARTESIAN_POINT ( 'NONE',  ( -0.9000000000000001332, 0.5999999999999998668, -1.270000000000000240 ) ) ;
#1090 = DIRECTION ( 'NONE',  ( -1.000000000000000000, 0.000000000000000000, -0.000000000000000000 ) ) ;
#1091 = AXIS2_PLACEMENT_3D ( 'NONE', #146, #1558, #4057 ) ;
#1092 = AXIS2_PLACEMENT_3D ( 'NONE', #1144, #3548, #2091 ) ;
#1093 = DIRECTION ( 'NONE',  ( 1.000000000000000000, -0.000000000000000000, 0.000000000000000000 ) ) ;
#1094 = AXIS2_PLACEMENT_3D ( 'NONE', #2034, #1058, #1691 ) ;
#1095 = LINE ( 'NONE', #744, #3032 ) ;
#1096 = ORIENTED_EDGE ( 'NONE', *, *, #4475, .T. ) ;
#1097 = DIRECTION ( 'NONE',  ( -0.000000000000000000, 1.000000000000000000, -0.000000000000000000 ) ) ;
#1098 = ADVANCED_FACE ( 'NONE', ( #2534 ), #4257, .T. ) ;
#1100 = ORIENTED_EDGE ( 'NONE', *, *, #557, .F. ) ;
#1099 = EDGE_CURVE ( 'NONE', #1181, #2342, #1496, .T. ) ;
#1101 = PLANE ( 'NONE',  #2321 ) ;
#1102 = AXIS2_PLACEMENT_3D ( 'NONE', #2431, #947, #3819 ) ;
#1103 = AXIS2_PLACEMENT_3D ( 'NONE', #2709, #4101, #1379 ) ;
#1104 = LINE ( 'NONE', #3161, #1937 ) ;
#1105 = AXIS2_PLACEMENT_3D ( 'NONE', #1576, #2194, #858 ) ;
#1106 = CARTESIAN_POINT ( 'NONE',  ( 1.269999999999999796, 13.59210244842766180, 1.269999999999999796 ) ) ;
#1107 = EDGE_LOOP ( 'NONE', ( #867, #1048, #138, #3730 ) ) ;
#1108 = VERTEX_POINT ( 'NONE', #3919 ) ;
#1109 = CARTESIAN_POINT ( 'NONE',  ( -1.640000000000000346, 0.5999999999999998668, 1.050000000000000488 ) ) ;
#1110 = CARTESIAN_POINT ( 'NONE',  ( -0.4999999999999997780, 5.000000000000000000, 0.9500000000000035083 ) ) ;
#1111 = VECTOR ( 'NONE', #2890, 1000.000000000000000 ) ;
#1112 = DIRECTION ( 'NONE',  ( -1.000000000000000000, 0.000000000000000000, 0.000000000000000000 ) ) ;
#1113 = ORIENTED_EDGE ( 'NONE', *, *, #439, .T. ) ;
#1114 = APPLICATION_CONTEXT ( 'automotive_design' ) ;
#1115 = AXIS2_PLACEMENT_3D ( 'NONE', #4406, #2641, #597 ) ;
#1116 = EDGE_CURVE ( 'NONE', #3976, #2118, #1819, .T. ) ;
#1117 = FACE_OUTER_BOUND ( 'NONE', #1846, .T. ) ;
#1118 = ORIENTED_EDGE ( 'NONE', *, *, #2631, .T. ) ;
#1119 = VERTEX_POINT ( 'NONE', #125 ) ;
#1120 = DIRECTION ( 'NONE',  ( -1.000000000000000000, 0.000000000000000000, -0.000000000000000000 ) ) ;
#1121 = ORIENTED_EDGE ( 'NONE', *, *, #982, .T. ) ;
#1122 = CARTESIAN_POINT ( 'NONE',  ( 0.8999999999999998002, 0.5999999999999998668, -1.050000000000000044 ) ) ;
#1123 = PRESENTATION_STYLE_ASSIGNMENT (( #2841 ) ) ;
#1124 = DIRECTION ( 'NONE',  ( -1.000000000000000000, -0.000000000000000000, 2.409338161078898687E-16 ) ) ;
#1125 = ORIENTED_EDGE ( 'NONE', *, *, #4056, .T. ) ;
#1126 = DIRECTION ( 'NONE',  ( 0.000000000000000000, -4.517509052022934484E-16, 1.000000000000000000 ) ) ;
#1127 = EDGE_CURVE ( 'NONE', #4096, #2499, #3235, .T. ) ;
#1128 = ADVANCED_FACE ( 'NONE', ( #83 ), #3602, .F. ) ;
#1129 = CARTESIAN_POINT ( 'NONE',  ( 2.914999999999999591, 0.3499999999999999778, -0.9999999999999995559 ) ) ;
#1130 = DIRECTION ( 'NONE',  ( -0.000000000000000000, 1.000000000000000000, -0.000000000000000000 ) ) ;
#1131 = ORIENTED_EDGE ( 'NONE', *, *, #4113, .T. ) ;
#1132 = FACE_OUTER_BOUND ( 'NONE', #1044, .T. ) ;
#1133 = PLANE ( 'NONE',  #1377 ) ;
#1134 = VECTOR ( 'NONE', #1864, 1000.000000000000000 ) ;
#1135 = ADVANCED_FACE ( 'NONE', ( #1132 ), #3900, .F. ) ;
#1136 = FACE_OUTER_BOUND ( 'NONE', #2659, .T. ) ;
#1137 = ORIENTED_EDGE ( 'NONE', *, *, #2064, .F. ) ;
#1138 = DIRECTION ( 'NONE',  ( 1.000000000000000000, 0.000000000000000000, -0.000000000000000000 ) ) ;
#1139 = VERTEX_POINT ( 'NONE', #2162 ) ;
#1140 = LINE ( 'NONE', #1161, #3173 ) ;
#1141 =( NAMED_UNIT ( * ) PLANE_ANGLE_UNIT ( ) SI_UNIT ( $, .RADIAN. ) );
#1142 = AXIS2_PLACEMENT_3D ( 'NONE', #3981, #4341, #3339 ) ;
#1143 = CARTESIAN_POINT ( 'NONE',  ( -9.660000000000000142, 4.599999999999999645, -0.4999999999999982792 ) ) ;
#1144 = CARTESIAN_POINT ( 'NONE',  ( -5.980000000000000426, 7.545584412271571395, 0.9000000000000007994 ) ) ;
#1145 = CARTESIAN_POINT ( 'NONE',  ( -8.890000000000000568, 3.895694160567695352, 1.050000000000001821 ) ) ;
#1146 = DIRECTION ( 'NONE',  ( -1.000000000000000000, 0.000000000000000000, 1.707404996040164265E-16 ) ) ;
#1147 = CARTESIAN_POINT ( 'NONE',  ( 0.5000000000000001110, 4.599999999999999645, 0.4999999999999998890 ) ) ;
#1148 = ORIENTED_EDGE ( 'NONE', *, *, #2868, .F. ) ;
#1149 = DIRECTION ( 'NONE',  ( 0.000000000000000000, 4.517509052022934484E-16, -1.000000000000000000 ) ) ;
#1150 = ADVANCED_FACE ( 'NONE', ( #2186, #1837 ), #453, .F. ) ;
#1151 = DIRECTION ( 'NONE',  ( -6.023345402697245486E-17, 0.000000000000000000, -1.000000000000000000 ) ) ;
#1152 = PLANE ( 'NONE',  #2481 ) ;
#1153 = EDGE_CURVE ( 'NONE', #990, #3960, #2801, .T. ) ;
#1154 = EDGE_CURVE ( 'NONE', #4149, #4122, #2138, .T. ) ;
#1155 = EDGE_LOOP ( 'NONE', ( #2383, #1765, #2822, #1009 ) ) ;
#1156 = PLANE ( 'NONE',  #661 ) ;
#1157 = EDGE_CURVE ( 'NONE', #175, #2746, #3165, .T. ) ;
#1158 = ORIENTED_EDGE ( 'NONE', *, *, #1582, .F. ) ;
#1159 = PLANE ( 'NONE',  #1745 ) ;
#1160 = LINE ( 'NONE', #4222, #3388 ) ;
#1161 = CARTESIAN_POINT ( 'NONE',  ( -11.56000000000000050, 0.5999999999999999778, 0.000000000000000000 ) ) ;
#1162 = AXIS2_PLACEMENT_3D ( 'NONE', #2006, #3136, #3415 ) ;
#1163 = FILL_AREA_STYLE_COLOUR ( '', #4301 ) ;
#1164 = VECTOR ( 'NONE', #3771, 1000.000000000000000 ) ;
#1165 = FACE_BOUND ( 'NONE', #737, .T. ) ;
#1166 = AXIS2_PLACEMENT_3D ( 'NONE', #3390, #3865, #963 ) ;
#1167 = CARTESIAN_POINT ( 'NONE',  ( -6.720000000000000639, 7.545584412271571395, -0.9000000000000000222 ) ) ;
#1168 = CARTESIAN_POINT ( 'NONE',  ( 5.455000000000000071, 0.3499999999999999778, 0.8999999999999995781 ) ) ;
#1169 = VECTOR ( 'NONE', #2511, 1000.000000000000000 ) ;
#1170 = DIRECTION ( 'NONE',  ( 1.000000000000000000, 0.000000000000000000, -0.000000000000000000 ) ) ;
#1171 = VECTOR ( 'NONE', #2163, 1000.000000000000000 ) ;
#1172 = LINE ( 'NONE', #3941, #2278 ) ;
#1173 = ORIENTED_EDGE ( 'NONE', *, *, #1734, .F. ) ;
#1174 = DIRECTION ( 'NONE',  ( -0.000000000000000000, -0.000000000000000000, 1.000000000000000000 ) ) ;
#1175 = FACE_OUTER_BOUND ( 'NONE', #1872, .T. ) ;
#1176 = EDGE_LOOP ( 'NONE', ( #3245, #48, #593, #433 ) ) ;
#1177 = LINE ( 'NONE', #2562, #357 ) ;
#1178 = CARTESIAN_POINT ( 'NONE',  ( 0.9000000000000001332, 7.545584412271571395, 0.9000000000000000222 ) ) ;
#1179 = CARTESIAN_POINT ( 'NONE',  ( 1.019999999999999796, 3.895694160567695352, 1.050000000000000044 ) ) ;
#1180 = AXIS2_PLACEMENT_3D ( 'NONE', #2217, #1924, #1534 ) ;
#1181 = VERTEX_POINT ( 'NONE', #1082 ) ;
#1182 = ADVANCED_FACE ( 'NONE', ( #3531 ), #105, .T. ) ;
#1183 = EDGE_CURVE ( 'NONE', #3611, #3530, #562, .T. ) ;
#1184 = DIRECTION ( 'NONE',  ( -0.000000000000000000, 0.000000000000000000, 1.000000000000000000 ) ) ;
#1185 = VERTEX_POINT ( 'NONE', #1218 ) ;
#1186 = CARTESIAN_POINT ( 'NONE',  ( -4.129999999999996341, 5.000000000000000000, 0.9500000000000040634 ) ) ;
#1187 = EDGE_LOOP ( 'NONE', ( #2523, #3514, #2026, #4110 ) ) ;
#1188 = DIRECTION ( 'NONE',  ( -1.000000000000000000, 0.000000000000000000, -0.000000000000000000 ) ) ;
#1189 = AXIS2_PLACEMENT_3D ( 'NONE', #791, #4098, #3341 ) ;
#1190 = ORIENTED_EDGE ( 'NONE', *, *, #2992, .F. ) ;
#1191 = CARTESIAN_POINT ( 'NONE',  ( 0.9000000000000001332, 4.599999999999999645, 0.9000000000000000222 ) ) ;
#1192 = ORIENTED_EDGE ( 'NONE', *, *, #1467, .T. ) ;
#1193 = CARTESIAN_POINT ( 'NONE',  ( 1.019999999999999796, 0.000000000000000000, -1.270000000000000240 ) ) ;
#1194 = LINE ( 'NONE', #840, #473 ) ;
#1195 = LINE ( 'NONE', #1541, #2284 ) ;
#1196 = ORIENTED_EDGE ( 'NONE', *, *, #1028, .F. ) ;
#1197 = DIRECTION ( 'NONE',  ( 0.000000000000000000, -1.000000000000000000, 0.000000000000000000 ) ) ;
#1198 = CARTESIAN_POINT ( 'NONE',  ( 2.914999999999999591, 1.000000000000000000, -0.8999999999999998002 ) ) ;
#1199 = EDGE_CURVE ( 'NONE', #2263, #2569, #1891, .T. ) ;
#1200 = LINE ( 'NONE', #967, #927 ) ;
#1201 = VERTEX_POINT ( 'NONE', #3010 ) ;
#1202 = VECTOR ( 'NONE', #3746, 1000.000000000000000 ) ;
#1203 = CARTESIAN_POINT ( 'NONE',  ( 2.914999999999999591, 0.3499999999999999778, -0.8999999999999995781 ) ) ;
#1204 = ORIENTED_EDGE ( 'NONE', *, *, #2350, .F. ) ;
#1205 = LINE ( 'NONE', #187, #4218 ) ;
#1206 = EDGE_CURVE ( 'NONE', #2435, #1229, #2669, .T. ) ;
#1207 = ORIENTED_EDGE ( 'NONE', *, *, #439, .F. ) ;
#1208 = LINE ( 'NONE', #3295, #770 ) ;
#1209 = CARTESIAN_POINT ( 'NONE',  ( 4.705000000000000071, -1.593738312549088494E-16, 2.199999999999999734 ) ) ;
#1210 = ORIENTED_EDGE ( 'NONE', *, *, #1831, .F. ) ;
#1211 = CARTESIAN_POINT ( 'NONE',  ( 2.914999999999999591, 0.000000000000000000, -2.200000000000000622 ) ) ;
#1212 = ADVANCED_FACE ( 'NONE', ( #3966 ), #2938, .T. ) ;
#1213 = PLANE ( 'NONE',  #4417 ) ;
#1214 = DIRECTION ( 'NONE',  ( -1.084202172485504434E-16, 0.000000000000000000, -1.000000000000000000 ) ) ;
#1215 =( NAMED_UNIT ( * ) PLANE_ANGLE_UNIT ( ) SI_UNIT ( $, .RADIAN. ) );
#1216 = VERTEX_POINT ( 'NONE', #2991 ) ;
#1217 = VECTOR ( 'NONE', #2882, 1000.000000000000000 ) ;
#1218 = CARTESIAN_POINT ( 'NONE',  ( -9.260000000000001563, 0.000000000000000000, -0.9000000000000000222 ) ) ;
#1219 = ADVANCED_FACE ( 'NONE', ( #1958 ), #176, .F. ) ;
#1220 = FACE_OUTER_BOUND ( 'NONE', #1559, .T. ) ;
#1221 = AXIS2_PLACEMENT_3D ( 'NONE', #3969, #3283, #2457 ) ;
#1222 = ADVANCED_FACE ( 'NONE', ( #1543 ), #844, .T. ) ;
#1223 = CARTESIAN_POINT ( 'NONE',  ( -9.660000000000000142, 4.740192378864668044, 0.5000000000000016653 ) ) ;
#1224 = VERTEX_POINT ( 'NONE', #3697 ) ;
#1225 = CARTESIAN_POINT ( 'NONE',  ( 4.705000000000000071, -1.593738312549088494E-16, 2.199999999999999734 ) ) ;
#1226 = ORIENTED_EDGE ( 'NONE', *, *, #3780, .F. ) ;
#1227 = EDGE_LOOP ( 'NONE', ( #1548, #1026, #2141, #1032 ) ) ;
#1228 = DIRECTION ( 'NONE',  ( 0.000000000000000000, -1.000000000000000000, -0.000000000000000000 ) ) ;
#1229 = VERTEX_POINT ( 'NONE', #4063 ) ;
#1230 = CARTESIAN_POINT ( 'NONE',  ( -7.119999999999999218, 4.740192378864668044, -0.4999999999999987232 ) ) ;
#1231 = DIRECTION ( 'NONE',  ( -0.000000000000000000, 1.000000000000000000, 0.000000000000000000 ) ) ;
#1232 = DIRECTION ( 'NONE',  ( 1.000000000000000000, 0.000000000000000000, 0.000000000000000000 ) ) ;
#1233 = ORIENTED_EDGE ( 'NONE', *, *, #3174, .F. ) ;
#1234 = AXIS2_PLACEMENT_3D ( 'NONE', #1721, #3441, #333 ) ;
#1235 = EDGE_CURVE ( 'NONE', #195, #2337, #1938, .T. ) ;
#1236 = ADVANCED_FACE ( 'NONE', ( #2228 ), #2917, .T. ) ;
#1237 = PLANE ( 'NONE',  #1948 ) ;
#1238 = CARTESIAN_POINT ( 'NONE',  ( -5.080000000000000071, 0.000000000000000000, 0.9000000000000000222 ) ) ;
#1239 = ORIENTED_EDGE ( 'NONE', *, *, #1404, .F. ) ;
#1240 = DIRECTION ( 'NONE',  ( 0.000000000000000000, -0.000000000000000000, -1.000000000000000000 ) ) ;
#1241 = VECTOR ( 'NONE', #849, 1000.000000000000000 ) ;
#1242 = STYLED_ITEM ( 'NONE', ( #3894 ), #1500 ) ;
#1243 = DIRECTION ( 'NONE',  ( -0.000000000000000000, 1.000000000000000000, -0.000000000000000000 ) ) ;
#1244 = VECTOR ( 'NONE', #2501, 1000.000000000000000 ) ;
#1245 = CARTESIAN_POINT ( 'NONE',  ( -4.580000000000000071, 4.599999999999999645, 0.5000000000000007772 ) ) ;
#1246 = ORIENTED_EDGE ( 'NONE', *, *, #2952, .F. ) ;
#1247 = CARTESIAN_POINT ( 'NONE',  ( -2.040000000000000036, 4.740192378864668044, 0.5000000000000003331 ) ) ;
#1248 = ORIENTED_EDGE ( 'NONE', *, *, #3476, .F. ) ;
#1249 = ORIENTED_EDGE ( 'NONE', *, *, #3495, .F. ) ;
#1250 = CARTESIAN_POINT ( 'NONE',  ( -9.260000000000001563, 0.5999999999999998668, 0.9000000000000016875 ) ) ;
#1251 = ORIENTED_EDGE ( 'NONE', *, *, #4231, .T. ) ;
#1252 = DIRECTION ( 'NONE',  ( 0.000000000000000000, 0.000000000000000000, 1.000000000000000000 ) ) ;
#1253 = EDGE_CURVE ( 'NONE', #4137, #3130, #4329, .T. ) ;
#1254 = DIRECTION ( 'NONE',  ( -1.000000000000000000, 0.000000000000000000, 1.084202172485504434E-16 ) ) ;
#1255 =( LENGTH_UNIT ( ) NAMED_UNIT ( * ) SI_UNIT ( .MILLI., .METRE. ) );
#1256 = FACE_OUTER_BOUND ( 'NONE', #4115, .T. ) ;
#1257 = PLANE ( 'NONE',  #1374 ) ;
#1258 = APPLICATION_CONTEXT ( 'automotive_design' ) ;
#1259 = PLANE ( 'NONE',  #1084 ) ;
#1260 = LINE ( 'NONE', #4011, #901 ) ;
#1261 = LINE ( 'NONE', #2646, #2940 ) ;
#1262 = ORIENTED_EDGE ( 'NONE', *, *, #1235, .T. ) ;
#1263 = CARTESIAN_POINT ( 'NONE',  ( -1.640000000000000124, 0.5999999999999998668, -0.9000000000000000222 ) ) ;
#1264 = EDGE_CURVE ( 'NONE', #3882, #2526, #515, .T. ) ;
#1265 = UNCERTAINTY_MEASURE_WITH_UNIT (LENGTH_MEASURE( 1.000000000000000082E-05 ), #4079, 'distance_accuracy_value', 'NONE');
#1266 = ORIENTED_EDGE ( 'NONE', *, *, #3628, .T. ) ;
#1267 = CARTESIAN_POINT ( 'NONE',  ( 4.705000000000000071, 0.3499999999999999778, 0.9999999999999995559 ) ) ;
#1268 = EDGE_CURVE ( 'NONE', #2519, #3899, #4037, .T. ) ;
#1269 = CARTESIAN_POINT ( 'NONE',  ( -7.119999999999999218, -0.001000000000000132727, 0.5000000000000012212 ) ) ;
#1270 = VERTEX_POINT ( 'NONE', #1263 ) ;
#1271 = ORIENTED_EDGE ( 'NONE', *, *, #1183, .T. ) ;
#1272 = ORIENTED_EDGE ( 'NONE', *, *, #2730, .F. ) ;
#1273 = FACE_OUTER_BOUND ( 'NONE', #3701, .T. ) ;
#1274 = APPLICATION_PROTOCOL_DEFINITION ( 'draft international standard', 'automotive_design', 1998, #1114 ) ;
#1275 = ORIENTED_EDGE ( 'NONE', *, *, #1394, .T. ) ;
#1276 = DIRECTION ( 'NONE',  ( 0.000000000000000000, 1.000000000000000000, 0.000000000000000000 ) ) ;
#1277 = EDGE_CURVE ( 'NONE', #82, #3893, #4306, .T. ) ;
#1278 = CARTESIAN_POINT ( 'NONE',  ( -1.639999999999999902, 0.5999999999999998668, 0.9000000000000003553 ) ) ;
#1279 = FACE_OUTER_BOUND ( 'NONE', #441, .T. ) ;
#1280 = CARTESIAN_POINT ( 'NONE',  ( -4.580000000000000071, -0.001000000000000132727, -0.4999999999999991673 ) ) ;
#1281 = DIRECTION ( 'NONE',  ( 1.000000000000000000, 0.000000000000000000, -2.168404344971008868E-16 ) ) ;
#1282 = LINE ( 'NONE', #292, #4270 ) ;
#1283 = ADVANCED_FACE ( 'NONE', ( #2583 ), #2625, .F. ) ;
#1284 = ORIENTED_EDGE ( 'NONE', *, *, #2923, .F. ) ;
#1285 = PLANE ( 'NONE',  #159 ) ;
#1286 = ORIENTED_EDGE ( 'NONE', *, *, #4468, .F. ) ;
#1287 = VECTOR ( 'NONE', #92, 1000.000000000000000 ) ;
#1288 = EDGE_CURVE ( 'NONE', #667, #4133, #918, .T. ) ;
#1289 = ADVANCED_FACE ( 'NONE', ( #3306 ), #2963, .F. ) ;
#1290 = DIRECTION ( 'NONE',  ( -0.000000000000000000, 1.000000000000000000, 0.000000000000000000 ) ) ;
#1291 = ORIENTED_EDGE ( 'NONE', *, *, #2195, .T. ) ;
#1292 = ORIENTED_EDGE ( 'NONE', *, *, #414, .T. ) ;
#1293 = VERTEX_POINT ( 'NONE', #1054 ) ;
#1294 = AXIS2_PLACEMENT_3D ( 'NONE', #4086, #1618, #581 ) ;
#1295 = DIRECTION ( 'NONE',  ( -3.614007241618348771E-16, 1.000000000000000000, 0.000000000000000000 ) ) ;
#1296 =( NAMED_UNIT ( * ) SI_UNIT ( $, .STERADIAN. ) SOLID_ANGLE_UNIT ( ) );
#1297 = EDGE_CURVE ( 'NONE', #2504, #3783, #315, .T. ) ;
#1298 = FACE_OUTER_BOUND ( 'NONE', #3582, .T. ) ;
#1299 = PLANE ( 'NONE',  #1523 ) ;
#1300 = DIRECTION ( 'NONE',  ( -0.000000000000000000, -0.000000000000000000, 1.000000000000000000 ) ) ;
#1301 = PLANE ( 'NONE',  #1730 ) ;
#1302 = ORIENTED_EDGE ( 'NONE', *, *, #1070, .F. ) ;
#1303 = FACE_OUTER_BOUND ( 'NONE', #976, .T. ) ;
#1304 = UNCERTAINTY_MEASURE_WITH_UNIT (LENGTH_MEASURE( 1.000000000000000082E-05 ), #3207, 'distance_accuracy_value', 'NONE');
#1305 = DIRECTION ( 'NONE',  ( 0.000000000000000000, 1.000000000000000000, 3.336006684570783101E-16 ) ) ;
#1306 = AXIS2_PLACEMENT_3D ( 'NONE', #3791, #2792, #2051 ) ;
#1307 = ORIENTED_EDGE ( 'NONE', *, *, #2211, .T. ) ;
#1308 = CARTESIAN_POINT ( 'NONE',  ( -4.180000000000000604, 4.599999999999999645, -0.8999999999999995781 ) ) ;
#1309 = ORIENTED_EDGE ( 'NONE', *, *, #1012, .T. ) ;
#1310 = VECTOR ( 'NONE', #4205, 1000.000000000000000 ) ;
#1311 = DIRECTION ( 'NONE',  ( -1.084202172485504434E-16, 0.000000000000000000, -1.000000000000000000 ) ) ;
#1312 = AXIS2_PLACEMENT_3D ( 'NONE', #199, #3658, #133 ) ;
#1313 = ORIENTED_EDGE ( 'NONE', *, *, #3011, .F. ) ;
#1314 = ORIENTED_EDGE ( 'NONE', *, *, #1264, .F. ) ;
#1315 = ORIENTED_EDGE ( 'NONE', *, *, #961, .T. ) ;
#1316 = ADVANCED_FACE ( 'NONE', ( #1347 ), #1386, .T. ) ;
#1317 = VECTOR ( 'NONE', #1228, 1000.000000000000000 ) ;
#1318 =( LENGTH_UNIT ( ) NAMED_UNIT ( * ) SI_UNIT ( .MILLI., .METRE. ) );
#1319 = CARTESIAN_POINT ( 'NONE',  ( -7.119999999999999218, 4.740192378864668044, 0.5000000000000012212 ) ) ;
#1320 = PLANE ( 'NONE',  #2472 ) ;
#1321 = CARTESIAN_POINT ( 'NONE',  ( -6.720000000000000639, 0.5999999999999998668, -0.8999999999999991340 ) ) ;
#1322 = AXIS2_PLACEMENT_3D ( 'NONE', #4425, #184, #2286 ) ;
#1323 = CARTESIAN_POINT ( 'NONE',  ( -1.640000000000000124, 7.545584412271571395, -0.9000000000000000222 ) ) ;
#1324 = PLANE ( 'NONE',  #298 ) ;
#1325 = VERTEX_POINT ( 'NONE', #3461 ) ;
#1326 = VECTOR ( 'NONE', #1723, 1000.000000000000000 ) ;
#1327 = PLANE ( 'NONE',  #2402 ) ;
#1328 = EDGE_LOOP ( 'NONE', ( #3711, #892, #779, #2834 ) ) ;
#1329 = CARTESIAN_POINT ( 'NONE',  ( -4.180000000000000604, 0.5999999999999998668, 0.9000000000000007994 ) ) ;
#1330 = ORIENTED_EDGE ( 'NONE', *, *, #4091, .F. ) ;
#1331 = EDGE_CURVE ( 'NONE', #2216, #3265, #2009, .T. ) ;
#1332 = LINE ( 'NONE', #4491, #1672 ) ;
#1333 = SURFACE_SIDE_STYLE ('',( #1671 ) ) ;
#1334 = VERTEX_POINT ( 'NONE', #3393 ) ;
#1335 = ORIENTED_EDGE ( 'NONE', *, *, #3890, .F. ) ;
#1336 = CARTESIAN_POINT ( 'NONE',  ( 2.914999999999999591, 0.3499999999999999778, -0.8999999999999995781 ) ) ;
#1337 = ORIENTED_EDGE ( 'NONE', *, *, #2797, .F. ) ;
#1338 = DIRECTION ( 'NONE',  ( -1.000000000000000000, 0.000000000000000000, 0.000000000000000000 ) ) ;
#1339 = CLOSED_SHELL ( 'NONE', ( #1283, #1391, #1316, #884, #1953, #837, #4196, #1517, #3332, #2820 ) ) ;
#1340 = ADVANCED_FACE ( 'NONE', ( #2073 ), #3083, .T. ) ;
#1341 = ORIENTED_EDGE ( 'NONE', *, *, #2756, .F. ) ;
#1342 = DIRECTION ( 'NONE',  ( -1.000000000000000000, 0.000000000000000000, 2.168404344971008868E-16 ) ) ;
#1343 = LINE ( 'NONE', #619, #4139 ) ;
#1344 = LINE ( 'NONE', #312, #1371 ) ;
#1346 = ADVANCED_FACE ( 'NONE', ( #1988 ), #1324, .T. ) ;
#1345 = FACE_OUTER_BOUND ( 'NONE', #4312, .T. ) ;
#1347 = FACE_OUTER_BOUND ( 'NONE', #1705, .T. ) ;
#1348 = CARTESIAN_POINT ( 'NONE',  ( -5.080000000000000071, 4.599999999999999645, 8.673617379884035472E-16 ) ) ;
#1349 = LINE ( 'NONE', #1365, #4431 ) ;
#1351 = EDGE_CURVE ( 'NONE', #4094, #3188, #4126, .T. ) ;
#1350 = ORIENTED_EDGE ( 'NONE', *, *, #3078, .F. ) ;
#1352 = CARTESIAN_POINT ( 'NONE',  ( -5.980000000000000426, 4.599999999999999645, 0.9000000000000007994 ) ) ;
#1353 = PRODUCT_DEFINITION ( 'UNKNOWN', '', #4223, #582 ) ;
#1354 = EDGE_LOOP ( 'NONE', ( #143, #2903, #2927, #831 ) ) ;
#1355 = AXIS2_PLACEMENT_3D ( 'NONE', #3315, #907, #2291 ) ;
#1356 = EDGE_LOOP ( 'NONE', ( #4160, #1685, #2240, #1330 ) ) ;
#1357 = DIRECTION ( 'NONE',  ( 0.000000000000000000, 0.000000000000000000, -1.000000000000000000 ) ) ;
#1358 = CARTESIAN_POINT ( 'NONE',  ( -6.720000000000000639, 7.545584412271571395, 0.9000000000000012434 ) ) ;
#1359 = CARTESIAN_POINT ( 'NONE',  ( -12.32333076527839566, 0.5999999999999999778, -0.9000000000000000222 ) ) ;
#1360 = ORIENTED_EDGE ( 'NONE', *, *, #3300, .T. ) ;
#1361 = DIRECTION ( 'NONE',  ( -0.000000000000000000, 0.000000000000000000, -1.000000000000000000 ) ) ;
#1362 = CARTESIAN_POINT ( 'NONE',  ( -11.06000000000000050, 4.599999999999999645, 0.9000000000000016875 ) ) ;
#1363 = EDGE_CURVE ( 'NONE', #2983, #999, #2377, .T. ) ;
#1364 = VERTEX_POINT ( 'NONE', #643 ) ;
#1365 = CARTESIAN_POINT ( 'NONE',  ( 1.270000000000000018, 0.000000000000000000, 1.050000000000000044 ) ) ;
#1366 = VERTEX_POINT ( 'NONE', #291 ) ;
#1367 = CARTESIAN_POINT ( 'NONE',  ( -5.008571428571428896, 4.492756549211971873, -0.07142857142857016173 ) ) ;
#1368 = DIRECTION ( 'NONE',  ( 0.000000000000000000, 0.000000000000000000, -1.000000000000000000 ) ) ;
#1369 = ORIENTED_EDGE ( 'NONE', *, *, #121, .T. ) ;
#1370 = VECTOR ( 'NONE', #118, 1000.000000000000000 ) ;
#1371 = VECTOR ( 'NONE', #1418, 1000.000000000000000 ) ;
#1372 = CARTESIAN_POINT ( 'NONE',  ( -10.66000000000000192, 4.740192378864668044, 0.5000000000000018874 ) ) ;
#1373 = ORIENTED_EDGE ( 'NONE', *, *, #2952, .T. ) ;
#1374 = AXIS2_PLACEMENT_3D ( 'NONE', #2643, #4030, #2246 ) ;
#1375 = ORIENTED_EDGE ( 'NONE', *, *, #1499, .T. ) ;
#1376 = LINE ( 'NONE', #2003, #4332 ) ;
#1377 = AXIS2_PLACEMENT_3D ( 'NONE', #1820, #1479, #2452 ) ;
#1378 = VECTOR ( 'NONE', #2392, 1000.000000000000000 ) ;
#1379 = DIRECTION ( 'NONE',  ( 0.000000000000000000, 0.000000000000000000, -1.000000000000000000 ) ) ;
#1380 = VECTOR ( 'NONE', #3944, 1000.000000000000000 ) ;
#1381 = EDGE_CURVE ( 'NONE', #3505, #2216, #3031, .T. ) ;
#1382 = ORIENTED_EDGE ( 'NONE', *, *, #674, .F. ) ;
#1383 = DIRECTION ( 'NONE',  ( -0.000000000000000000, 1.000000000000000000, -0.000000000000000000 ) ) ;
#1384 = VECTOR ( 'NONE', #4210, 1000.000000000000000 ) ;
#1385 = ORIENTED_EDGE ( 'NONE', *, *, #319, .T. ) ;
#1386 = CYLINDRICAL_SURFACE ( 'NONE', #3661, 0.3500000000000000333 ) ;
#1387 = CARTESIAN_POINT ( 'NONE',  ( 1.520000000000000906, 5.000000000000000000, -1.270000000000000240 ) ) ;
#1388 = CARTESIAN_POINT ( 'NONE',  ( 2.165000000000000036, 0.3500000000000000333, -0.6499999999999995781 ) ) ;
#1389 = LINE ( 'NONE', #2961, #2577 ) ;
#1390 = CARTESIAN_POINT ( 'NONE',  ( -9.260000000000001563, 7.545584412271571395, 0.9000000000000016875 ) ) ;
#1391 = ADVANCED_FACE ( 'NONE', ( #3055 ), #4145, .F. ) ;
#1392 = DIRECTION ( 'NONE',  ( -1.000000000000000000, -0.000000000000000000, -0.000000000000000000 ) ) ;
#1393 = PRODUCT_DEFINITION_FORMATION_WITH_SPECIFIED_SOURCE ( 'ANY', '', #3885, .NOT_KNOWN. ) ;
#1394 = EDGE_CURVE ( 'NONE', #607, #70, #4480, .T. ) ;
#1395 = EDGE_LOOP ( 'NONE', ( #1464, #2252, #1158, #3715 ) ) ;
#1396 = EDGE_LOOP ( 'NONE', ( #625, #4239, #1727, #4185 ) ) ;
#1397 = CARTESIAN_POINT ( 'NONE',  ( -12.32333076527839566, 0.5999999999999999778, -0.9000000000000000222 ) ) ;
#1398 = CARTESIAN_POINT ( 'NONE',  ( 5.455000000000000071, 0.3499999999999999778, 0.8999999999999995781 ) ) ;
#1399 = VECTOR ( 'NONE', #1130, 1000.000000000000000 ) ;
#1400 = VECTOR ( 'NONE', #4369, 1000.000000000000000 ) ;
#1401 = CARTESIAN_POINT ( 'NONE',  ( -10.66000000000000192, 4.740192378864668044, -0.4999999999999981681 ) ) ;
#1402 = CARTESIAN_POINT ( 'NONE',  ( -5.580000000000000071, 4.740192378864668044, -0.4999999999999990563 ) ) ;
#1403 = EDGE_LOOP ( 'NONE', ( #2090, #2429, #276, #26 ) ) ;
#1404 = EDGE_CURVE ( 'NONE', #1366, #1858, #4107, .T. ) ;
#1405 = DIRECTION ( 'NONE',  ( 0.000000000000000000, 0.000000000000000000, 1.000000000000000000 ) ) ;
#1406 = DIRECTION ( 'NONE',  ( 6.023345402697245486E-17, 0.000000000000000000, 1.000000000000000000 ) ) ;
#1407 = CARTESIAN_POINT ( 'NONE',  ( -8.890000000000000568, 3.895694160567695352, -1.049999999999998490 ) ) ;
#1408 = VERTEX_POINT ( 'NONE', #3373 ) ;
#1409 = ORIENTED_EDGE ( 'NONE', *, *, #3568, .F. ) ;
#1410 = DIRECTION ( 'NONE',  ( -3.614007241618349264E-16, 1.000000000000000000, -0.000000000000000000 ) ) ;
#1411 = DIRECTION ( 'NONE',  ( 1.000000000000000000, -0.000000000000000000, 0.000000000000000000 ) ) ;
#1412 = VERTEX_POINT ( 'NONE', #3794 ) ;
#1413 = DIRECTION ( 'NONE',  ( 0.000000000000000000, -1.000000000000000000, 0.000000000000000000 ) ) ;
#1414 = ORIENTED_EDGE ( 'NONE', *, *, #3289, .T. ) ;
#1415 = EDGE_CURVE ( 'NONE', #124, #1788, #622, .T. ) ;
#1416 = DIRECTION ( 'NONE',  ( 0.000000000000000000, 0.000000000000000000, 1.000000000000000000 ) ) ;
#1417 = CARTESIAN_POINT ( 'NONE',  ( -4.180000000000000604, 7.545584412271571395, 0.9000000000000007994 ) ) ;
#1418 = DIRECTION ( 'NONE',  ( -1.000000000000000000, -0.000000000000000000, -0.000000000000000000 ) ) ;
#1419 = AXIS2_PLACEMENT_3D ( 'NONE', #3183, #3210, #1406 ) ;
#1420 = ORIENTED_EDGE ( 'NONE', *, *, #1805, .T. ) ;
#1421 = CARTESIAN_POINT ( 'NONE',  ( -8.570000000000003837, 5.000000000000000000, -0.9500000000000019540 ) ) ;
#1422 = DIRECTION ( 'NONE',  ( 0.000000000000000000, -1.000000000000000000, 0.000000000000000000 ) ) ;
#1423 = ADVANCED_FACE ( 'NONE', ( #2447 ), #1301, .F. ) ;
#1424 = CARTESIAN_POINT ( 'NONE',  ( -9.660000000000000142, 4.740192378864668044, 0.5000000000000016653 ) ) ;
#1425 = LINE ( 'NONE', #1445, #3920 ) ;
#1426 = ORIENTED_EDGE ( 'NONE', *, *, #1507, .F. ) ;
#1427 = LINE ( 'NONE', #2182, #4261 ) ;
#1428 = CARTESIAN_POINT ( 'NONE',  ( -1.270000000000000018, 0.5999999999999998668, -1.049999999999999822 ) ) ;
#1429 = ORIENTED_EDGE ( 'NONE', *, *, #3569, .F. ) ;
#1430 = VERTEX_POINT ( 'NONE', #4085 ) ;
#1431 = DIRECTION ( 'NONE',  ( -0.000000000000000000, 1.000000000000000000, -0.000000000000000000 ) ) ;
#1432 = PLANE ( 'NONE',  #3488 ) ;
#1433 = LINE ( 'NONE', #3924, #567 ) ;
#1434 = LINE ( 'NONE', #2969, #80 ) ;
#1435 = ORIENTED_EDGE ( 'NONE', *, *, #4130, .F. ) ;
#1436 = DIRECTION ( 'NONE',  ( 0.6546536707079776418, -0.3779644730092257543, 0.6546536707079775308 ) ) ;
#1437 = FACE_OUTER_BOUND ( 'NONE', #2889, .T. ) ;
#1438 = AXIS2_PLACEMENT_3D ( 'NONE', #4162, #2032, #965 ) ;
#1439 = EDGE_LOOP ( 'NONE', ( #2724, #2907, #3521, #1373 ) ) ;
#1440 = EDGE_CURVE ( 'NONE', #943, #4404, #2351, .T. ) ;
#1441 = DIRECTION ( 'NONE',  ( -1.000000000000000000, -0.000000000000000000, -0.000000000000000000 ) ) ;
#1442 = EDGE_CURVE ( 'NONE', #1604, #2721, #946, .T. ) ;
#1443 = CARTESIAN_POINT ( 'NONE',  ( 5.455000000000000071, 1.000000000000000000, 0.8999999999999998002 ) ) ;
#1444 = ORIENTED_EDGE ( 'NONE', *, *, #112, .F. ) ;
#1445 = CARTESIAN_POINT ( 'NONE',  ( -8.890000000000000568, 0.5999999999999998668, -1.049999999999998490 ) ) ;
#1446 = VERTEX_POINT ( 'NONE', #4416 ) ;
#1447 = VECTOR ( 'NONE', #3126, 1000.000000000000000 ) ;
#1448 = VECTOR ( 'NONE', #1753, 1000.000000000000000 ) ;
#1449 = ADVANCED_FACE ( 'NONE', ( #3229 ), #1101, .F. ) ;
#1450 = DIRECTION ( 'NONE',  ( -6.023345402697245486E-17, 0.000000000000000000, -1.000000000000000000 ) ) ;
#1451 = AXIS2_PLACEMENT_3D ( 'NONE', #1508, #2589, #856 ) ;
#1452 = AXIS2_PLACEMENT_3D ( 'NONE', #2327, #4373, #220 ) ;
#1453 = DIRECTION ( 'NONE',  ( 0.000000000000000000, 0.000000000000000000, -1.000000000000000000 ) ) ;
#1454 = LINE ( 'NONE', #4233, #1399 ) ;
#1455 = ORIENTED_EDGE ( 'NONE', *, *, #332, .F. ) ;
#1456 = DIRECTION ( 'NONE',  ( -1.000000000000000000, -0.000000000000000000, -0.000000000000000000 ) ) ;
#1457 = DIRECTION ( 'NONE',  ( 0.000000000000000000, 0.000000000000000000, 1.000000000000000000 ) ) ;
#1458 =( GEOMETRIC_REPRESENTATION_CONTEXT ( 3 ) GLOBAL_UNCERTAINTY_ASSIGNED_CONTEXT ( ( #895 ) ) GLOBAL_UNIT_ASSIGNED_CONTEXT ( ( #226, #2946, #3381 ) ) REPRESENTATION_CONTEXT ( 'NONE', 'WORKASPACE' ) );
#1459 = CARTESIAN_POINT ( 'NONE',  ( -8.519999999999999574, 7.545584412271571395, 0.9000000000000012434 ) ) ;
#1460 = EDGE_CURVE ( 'NONE', #3899, #1847, #1789, .T. ) ;
#1461 = ORIENTED_EDGE ( 'NONE', *, *, #73, .T. ) ;
#1462 = LINE ( 'NONE', #4240, #2371 ) ;
#1463 = DIRECTION ( 'NONE',  ( -0.000000000000000000, -0.000000000000000000, 1.000000000000000000 ) ) ;
#1464 = ORIENTED_EDGE ( 'NONE', *, *, #1625, .F. ) ;
#1465 = CARTESIAN_POINT ( 'NONE',  ( -4.180000000000000604, 0.000000000000000000, 0.9000000000000007994 ) ) ;
#1466 = CARTESIAN_POINT ( 'NONE',  ( -4.580000000000000071, 4.740192378864668044, -0.4999999999999991673 ) ) ;
#1467 = EDGE_CURVE ( 'NONE', #3266, #2741, #2828, .T. ) ;
#1468 = CARTESIAN_POINT ( 'NONE',  ( -7.119999999999999218, 5.000000000000000000, -0.9500000000000020650 ) ) ;
#1469 = ORIENTED_EDGE ( 'NONE', *, *, #3011, .T. ) ;
#1470 = FILL_AREA_STYLE ('',( #4250 ) ) ;
#1471 = LINE ( 'NONE', #2819, #53 ) ;
#1472 = EDGE_CURVE ( 'NONE', #3779, #3067, #3138, .T. ) ;
#1473 = EDGE_CURVE ( 'NONE', #1858, #3452, #1747, .T. ) ;
#1474 =( GEOMETRIC_REPRESENTATION_CONTEXT ( 3 ) GLOBAL_UNCERTAINTY_ASSIGNED_CONTEXT ( ( #1895 ) ) GLOBAL_UNIT_ASSIGNED_CONTEXT ( ( #2557, #1215, #2602 ) ) REPRESENTATION_CONTEXT ( 'NONE', 'WORKASPACE' ) );
#1475 = CARTESIAN_POINT ( 'NONE',  ( -5.580000000000000071, -0.001000000000000132727, 0.5000000000000009992 ) ) ;
#1476 = CARTESIAN_POINT ( 'NONE',  ( -0.9000000000000001332, 0.5999999999999998668, -1.050000000000000044 ) ) ;
#1477 = ORIENTED_EDGE ( 'NONE', *, *, #4225, .F. ) ;
#1478 = DIRECTION ( 'NONE',  ( 5.421010862427503681E-17, 0.8660254037844395958, 0.4999999999999982792 ) ) ;
#1479 = DIRECTION ( 'NONE',  ( 1.000000000000000000, 0.000000000000000000, 0.000000000000000000 ) ) ;
#1480 = AXIS2_PLACEMENT_3D ( 'NONE', #4304, #2581, #2888 ) ;
#1481 = MANIFOLD_SOLID_BREP ( 'Boss-Extrude1[2]', #680 ) ;
#1482 = ADVANCED_FACE ( 'NONE', ( #2157 ), #1493, .T. ) ;
#1483 = DIRECTION ( 'NONE',  ( 0.000000000000000000, 4.517509052022931649E-17, 1.000000000000000000 ) ) ;
#1484 = ORIENTED_EDGE ( 'NONE', *, *, #4135, .T. ) ;
#1485 = CARTESIAN_POINT ( 'NONE',  ( 4.705000000000000071, 5.421010862427522170E-17, 0.9999999999999995559 ) ) ;
#1486 = CARTESIAN_POINT ( 'NONE',  ( -0.9500000000000032863, 5.000000000000000000, -0.9500000000000032863 ) ) ;
#1487 = ORIENTED_EDGE ( 'NONE', *, *, #1601, .T. ) ;
#1488 = CARTESIAN_POINT ( 'NONE',  ( -11.06000000000000050, 7.545584412271571395, 0.9000000000000016875 ) ) ;
#1489 = VECTOR ( 'NONE', #2343, 1000.000000000000000 ) ;
#1490 = ORIENTED_EDGE ( 'NONE', *, *, #3203, .T. ) ;
#1491 = CARTESIAN_POINT ( 'NONE',  ( -11.06000000000000050, 0.5999999999999998668, -1.049999999999998490 ) ) ;
#1492 = PLANE ( 'NONE',  #1592 ) ;
#1493 = PLANE ( 'NONE',  #1092 ) ;
#1494 = CARTESIAN_POINT ( 'NONE',  ( -11.06000000000000050, 0.000000000000000000, 1.050000000000001821 ) ) ;
#1495 = CARTESIAN_POINT ( 'NONE',  ( -9.660000000000000142, 4.599999999999999645, 0.5000000000000016653 ) ) ;
#1496 = LINE ( 'NONE', #3553, #14 ) ;
#1497 = FACE_OUTER_BOUND ( 'NONE', #3099, .T. ) ;
#1498 = EDGE_CURVE ( 'NONE', #2216, #4486, #4273, .T. ) ;
#1499 = EDGE_CURVE ( 'NONE', #195, #4090, #2527, .T. ) ;
#1500 = MANIFOLD_SOLID_BREP ( 'Boss-Extrude1[2]', #2062 ) ;
#1501 = ORIENTED_EDGE ( 'NONE', *, *, #3260, .F. ) ;
#1502 = LINE ( 'NONE', #1045, #4127 ) ;
#1503 = PLANE ( 'NONE',  #3198 ) ;
#1504 = DIRECTION ( 'NONE',  ( 1.000000000000000000, 0.000000000000000000, -1.084202172485504434E-16 ) ) ;
#1505 = EDGE_LOOP ( 'NONE', ( #3807, #634, #1207, #503 ) ) ;
#1506 = DIRECTION ( 'NONE',  ( -1.000000000000000000, -0.000000000000000000, -0.000000000000000000 ) ) ;
#1507 = EDGE_CURVE ( 'NONE', #2105, #1606, #2133, .T. ) ;
#1508 = CARTESIAN_POINT ( 'NONE',  ( 1.269999999999999796, 13.59210244842766180, -1.270000000000000240 ) ) ;
#1509 = EDGE_LOOP ( 'NONE', ( #2136, #1713, #2416, #1980 ) ) ;
#1510 = ORIENTED_EDGE ( 'NONE', *, *, #2139, .F. ) ;
#1511 = DIRECTION ( 'NONE',  ( 1.000000000000000000, 0.000000000000000000, 0.000000000000000000 ) ) ;
#1512 = DIRECTION ( 'NONE',  ( -1.000000000000000000, 0.000000000000000000, 2.409338161078898687E-16 ) ) ;
#1513 = CARTESIAN_POINT ( 'NONE',  ( -0.9000000000000001332, 0.000000000000000000, 1.050000000000000044 ) ) ;
#1514 = COLOUR_RGB ( '',0.7921568627450980005, 0.8196078431372548767, 0.9333333333333333481 ) ;
#1515 = DIRECTION ( 'NONE',  ( 0.6546536707079776418, -0.3779644730092257543, 0.6546536707079775308 ) ) ;
#1516 = CARTESIAN_POINT ( 'NONE',  ( -5.151428571428570358, 4.492756549211971873, 0.07142857142857156338 ) ) ;
#1517 = ADVANCED_FACE ( 'NONE', ( #2271 ), #3693, .F. ) ;
#1518 = VECTOR ( 'NONE', #1660, 1000.000000000000000 ) ;
#1519 = CARTESIAN_POINT ( 'NONE',  ( -6.720000000000000639, 0.5999999999999998668, 0.9000000000000012434 ) ) ;
#1520 = VECTOR ( 'NONE', #91, 1000.000000000000000 ) ;
#1521 = ORIENTED_EDGE ( 'NONE', *, *, #1394, .F. ) ;
#1522 = CARTESIAN_POINT ( 'NONE',  ( -4.580000000000000071, 5.000000000000000000, -0.9500000000000025091 ) ) ;
#1523 = AXIS2_PLACEMENT_3D ( 'NONE', #1655, #3176, #2690 ) ;
#1524 = LINE ( 'NONE', #803, #3562 ) ;
#1525 = VECTOR ( 'NONE', #3236, 1000.000000000000000 ) ;
#1526 = DIRECTION ( 'NONE',  ( -1.000000000000000000, 0.000000000000000000, 2.409338161078898687E-16 ) ) ;
#1527 = ADVANCED_FACE ( 'NONE', ( #4345 ), #575, .T. ) ;
#1528 = ORIENTED_EDGE ( 'NONE', *, *, #3656, .T. ) ;
#1529 = VECTOR ( 'NONE', #3020, 1000.000000000000000 ) ;
#1530 = EDGE_CURVE ( 'NONE', #3505, #1583, #556, .T. ) ;
#1531 = LINE ( 'NONE', #460, #2551 ) ;
#1532 = ORIENTED_EDGE ( 'NONE', *, *, #3822, .T. ) ;
#1533 = ORIENTED_EDGE ( 'NONE', *, *, #3575, .F. ) ;
#1534 = DIRECTION ( 'NONE',  ( 0.000000000000000000, -0.000000000000000000, 1.000000000000000000 ) ) ;
#1535 = ORIENTED_EDGE ( 'NONE', *, *, #796, .F. ) ;
#1536 = DIRECTION ( 'NONE',  ( 0.000000000000000000, -1.000000000000000000, -3.336006684570783101E-16 ) ) ;
#1537 = CARTESIAN_POINT ( 'NONE',  ( -5.080000000000000071, 0.000000000000000000, 8.673617379884035472E-16 ) ) ;
#1538 = ADVANCED_FACE ( 'NONE', ( #1560 ), #1257, .T. ) ;
#1539 = DIRECTION ( 'NONE',  ( 0.000000000000000000, 1.000000000000000000, 0.000000000000000000 ) ) ;
#1540 = FACE_OUTER_BOUND ( 'NONE', #573, .T. ) ;
#1541 = CARTESIAN_POINT ( 'NONE',  ( -6.349999999999999645, 0.000000000000000000, -1.049999999999998934 ) ) ;
#1542 = ORIENTED_EDGE ( 'NONE', *, *, #983, .T. ) ;
#1543 = FACE_OUTER_BOUND ( 'NONE', #3835, .T. ) ;
#1544 = FACE_BOUND ( 'NONE', #4221, .T. ) ;
#1545 = AXIS2_PLACEMENT_3D ( 'NONE', #2275, #821, #3672 ) ;
#1546 = DIRECTION ( 'NONE',  ( -6.023345402697245486E-17, 0.000000000000000000, -1.000000000000000000 ) ) ;
#1547 = CARTESIAN_POINT ( 'NONE',  ( -0.9000000000000001332, 0.5999999999999998668, -1.270000000000000240 ) ) ;
#1548 = ORIENTED_EDGE ( 'NONE', *, *, #3260, .T. ) ;
#1549 = VECTOR ( 'NONE', #4012, 1000.000000000000000 ) ;
#1550 = DIRECTION ( 'NONE',  ( -0.000000000000000000, -1.000000000000000000, -0.000000000000000000 ) ) ;
#1551 = VERTEX_POINT ( 'NONE', #912 ) ;
#1552 = VERTEX_POINT ( 'NONE', #2297 ) ;
#1553 = DIRECTION ( 'NONE',  ( -1.000000000000000000, -0.000000000000000000, -0.000000000000000000 ) ) ;
#1554 = FACE_OUTER_BOUND ( 'NONE', #3094, .T. ) ;
#1555 = EDGE_CURVE ( 'NONE', #2422, #3266, #1952, .T. ) ;
#1556 = CARTESIAN_POINT ( 'NONE',  ( -2.040000000000000036, -0.001000000000000132727, -0.4999999999999995559 ) ) ;
#1557 = SHAPE_DEFINITION_REPRESENTATION ( #108, #4391 ) ;
#1558 = DIRECTION ( 'NONE',  ( 0.000000000000000000, 1.000000000000000000, 0.000000000000000000 ) ) ;
#1559 = EDGE_LOOP ( 'NONE', ( #3142, #1697, #1100, #3972 ) ) ;
#1560 = FACE_OUTER_BOUND ( 'NONE', #1395, .T. ) ;
#1561 = EDGE_CURVE ( 'NONE', #4353, #3163, #816, .T. ) ;
#1562 = LINE ( 'NONE', #865, #641 ) ;
#1563 = PLANE ( 'NONE',  #819 ) ;
#1564 = CARTESIAN_POINT ( 'NONE',  ( -6.349999999999999645, 0.5999999999999998668, 1.050000000000001377 ) ) ;
#1565 = ORIENTED_EDGE ( 'NONE', *, *, #3698, .T. ) ;
#1566 = CARTESIAN_POINT ( 'NONE',  ( -6.349999999999999645, 0.000000000000000000, 1.050000000000001377 ) ) ;
#1567 = CIRCLE ( 'NONE', #825, 0.1000000000000000472 ) ;
#1568 = LINE ( 'NONE', #3396, #3839 ) ;
#1569 = CARTESIAN_POINT ( 'NONE',  ( -5.980000000000001315, 4.599999999999999645, -0.8999999999999991340 ) ) ;
#1570 = ORIENTED_EDGE ( 'NONE', *, *, #2986, .T. ) ;
#1571 = ADVANCED_FACE ( 'NONE', ( #4385 ), #509, .F. ) ;
#1572 = LINE ( 'NONE', #524, #3719 ) ;
#1573 = CARTESIAN_POINT ( 'NONE',  ( 0.000000000000000000, 0.000000000000000000, 0.000000000000000000 ) ) ;
#1574 = ORIENTED_EDGE ( 'NONE', *, *, #1199, .T. ) ;
#1575 = ORIENTED_EDGE ( 'NONE', *, *, #1498, .T. ) ;
#1576 = CARTESIAN_POINT ( 'NONE',  ( -12.32333076527839566, -0.5999999999999999778, 0.9000000000000000222 ) ) ;
#1577 = VERTEX_POINT ( 'NONE', #2199 ) ;
#1578 = PLANE ( 'NONE',  #2804 ) ;
#1579 = CARTESIAN_POINT ( 'NONE',  ( -3.440000000000000391, 0.000000000000000000, 0.9000000000000003553 ) ) ;
#1580 = DIRECTION ( 'NONE',  ( -0.000000000000000000, -0.000000000000000000, 1.000000000000000000 ) ) ;
#1581 = EDGE_CURVE ( 'NONE', #1293, #3265, #1883, .T. ) ;
#1583 = VERTEX_POINT ( 'NONE', #2912 ) ;
#1582 = EDGE_CURVE ( 'NONE', #3813, #303, #1859, .T. ) ;
#1584 = DIRECTION ( 'NONE',  ( -1.000000000000000000, 0.000000000000000000, 2.409338161078898687E-16 ) ) ;
#1585 = VECTOR ( 'NONE', #288, 1000.000000000000000 ) ;
#1586 = DIRECTION ( 'NONE',  ( -1.000000000000000000, 0.000000000000000000, 6.023345402697245486E-17 ) ) ;
#1587 = DIRECTION ( 'NONE',  ( 1.000000000000000000, 0.000000000000000000, 0.000000000000000000 ) ) ;
#1589 = EDGE_CURVE ( 'NONE', #1787, #1201, #4300, .T. ) ;
#1588 = FACE_OUTER_BOUND ( 'NONE', #2198, .T. ) ;
#1590 = EDGE_LOOP ( 'NONE', ( #2592, #2306, #258, #4267 ) ) ;
#1591 = DIRECTION ( 'NONE',  ( 1.000000000000000000, -0.000000000000000000, -0.000000000000000000 ) ) ;
#1592 = AXIS2_PLACEMENT_3D ( 'NONE', #3250, #3892, #3573 ) ;
#1593 = VECTOR ( 'NONE', #489, 1000.000000000000000 ) ;
#1594 = EDGE_LOOP ( 'NONE', ( #773, #2279, #494, #887 ) ) ;
#1595 = VECTOR ( 'NONE', #1711, 1000.000000000000000 ) ;
#1596 = DIRECTION ( 'NONE',  ( -0.000000000000000000, 0.000000000000000000, 1.000000000000000000 ) ) ;
#1597 = AXIS2_PLACEMENT_3D ( 'NONE', #2235, #89, #1184 ) ;
#1598 = DIRECTION ( 'NONE',  ( 0.000000000000000000, 0.000000000000000000, 1.000000000000000000 ) ) ;
#1599 = ORIENTED_EDGE ( 'NONE', *, *, #1331, .T. ) ;
#1600 = CARTESIAN_POINT ( 'NONE',  ( -7.119999999999999218, 4.599999999999999645, 0.5000000000000012212 ) ) ;
#1601 = EDGE_CURVE ( 'NONE', #1931, #1229, #534, .T. ) ;
#1602 = AXIS2_PLACEMENT_3D ( 'NONE', #2685, #2066, #3824 ) ;
#1603 = VERTEX_POINT ( 'NONE', #169 ) ;
#1604 = VERTEX_POINT ( 'NONE', #3648 ) ;
#1605 = LINE ( 'NONE', #931, #733 ) ;
#1606 = VERTEX_POINT ( 'NONE', #3961 ) ;
#1607 = AXIS2_PLACEMENT_3D ( 'NONE', #1573, #3310, #3408 ) ;
#1608 = DIRECTION ( 'NONE',  ( -1.084202172485504434E-16, 0.000000000000000000, -1.000000000000000000 ) ) ;
#1609 = APPLICATION_PROTOCOL_DEFINITION ( 'draft international standard', 'automotive_design', 1998, #2426 ) ;
#1610 = CARTESIAN_POINT ( 'NONE',  ( 0.000000000000000000, 0.000000000000000000, 0.000000000000000000 ) ) ;
#1611 =( GEOMETRIC_REPRESENTATION_CONTEXT ( 3 ) GLOBAL_UNCERTAINTY_ASSIGNED_CONTEXT ( ( #2994 ) ) GLOBAL_UNIT_ASSIGNED_CONTEXT ( ( #96, #1141, #764 ) ) REPRESENTATION_CONTEXT ( 'NONE', 'WORKASPACE' ) );
#1612 = EDGE_CURVE ( 'NONE', #2017, #4122, #863, .T. ) ;
#1613 = DIRECTION ( 'NONE',  ( -6.023345402697245486E-17, 0.000000000000000000, -1.000000000000000000 ) ) ;
#1614 = CARTESIAN_POINT ( 'NONE',  ( -1.640000000000000346, 0.5999999999999998668, -1.269999999999999796 ) ) ;
#1615 = LINE ( 'NONE', #2375, #111 ) ;
#1616 = CARTESIAN_POINT ( 'NONE',  ( 0.07142857142857096664, 4.492756549211971873, -0.07142857142857102215 ) ) ;
#1617 = EDGE_CURVE ( 'NONE', #1827, #3541, #981, .T. ) ;
#1618 = DIRECTION ( 'NONE',  ( -0.4999999999999982792, 0.8660254037844397068, 0.000000000000000000 ) ) ;
#1619 = CONTEXT_DEPENDENT_SHAPE_REPRESENTATION ( #937, #2632 ) ;
#1620 = ORIENTED_EDGE ( 'NONE', *, *, #4031, .F. ) ;
#1621 = PLANE ( 'NONE',  #2695 ) ;
#1622 = ORIENTED_EDGE ( 'NONE', *, *, #2439, .F. ) ;
#1623 = DIRECTION ( 'NONE',  ( 1.000000000000000000, 0.000000000000000000, -2.168404344971008868E-16 ) ) ;
#1624 = VECTOR ( 'NONE', #1956, 1000.000000000000000 ) ;
#1625 = EDGE_CURVE ( 'NONE', #2519, #3529, #2027, .T. ) ;
#1626 = VERTEX_POINT ( 'NONE', #3050 ) ;
#1627 = VERTEX_POINT ( 'NONE', #309 ) ;
#1628 = CARTESIAN_POINT ( 'NONE',  ( 4.705000000000000071, 0.3499999999999999778, 0.6499999999999995781 ) ) ;
#1629 = ORIENTED_EDGE ( 'NONE', *, *, #1442, .F. ) ;
#1630 = CARTESIAN_POINT ( 'NONE',  ( -6.669999999999996376, 5.000000000000000000, -0.9500000000000020650 ) ) ;
#1631 = ORIENTED_EDGE ( 'NONE', *, *, #3645, .F. ) ;
#1632 = LINE ( 'NONE', #1005, #2696 ) ;
#1633 = DIRECTION ( 'NONE',  ( 0.000000000000000000, 0.000000000000000000, -1.000000000000000000 ) ) ;
#1634 = DIRECTION ( 'NONE',  ( -0.000000000000000000, 0.000000000000000000, 1.000000000000000000 ) ) ;
#1635 = FACE_OUTER_BOUND ( 'NONE', #4298, .T. ) ;
#1636 = DIRECTION ( 'NONE',  ( 0.000000000000000000, 0.000000000000000000, 1.000000000000000000 ) ) ;
#1637 = VECTOR ( 'NONE', #1338, 1000.000000000000000 ) ;
#1638 = CARTESIAN_POINT ( 'NONE',  ( -4.580000000000000071, -0.001000000000000132727, -0.4999999999999991673 ) ) ;
#1639 = FACE_OUTER_BOUND ( 'NONE', #2539, .T. ) ;
#1640 = VECTOR ( 'NONE', #4309, 1000.000000000000000 ) ;
#1641 = ORIENTED_EDGE ( 'NONE', *, *, #2730, .T. ) ;
#1642 = ADVANCED_FACE ( 'NONE', ( #3717 ), #3788, .T. ) ;
#1643 = EDGE_CURVE ( 'NONE', #3280, #1604, #4058, .T. ) ;
#1644 = PLANE ( 'NONE',  #1102 ) ;
#1645 = ORIENTED_EDGE ( 'NONE', *, *, #2728, .F. ) ;
#1646 = VECTOR ( 'NONE', #1546, 1000.000000000000000 ) ;
#1647 = LINE ( 'NONE', #651, #3860 ) ;
#1648 = CARTESIAN_POINT ( 'NONE',  ( 0.9000000000000000222, 7.545584412271571395, -0.9000000000000003553 ) ) ;
#1649 = EDGE_LOOP ( 'NONE', ( #4449, #224, #3021, #4403 ) ) ;
#1650 = VERTEX_POINT ( 'NONE', #2372 ) ;
#1651 = ORIENTED_EDGE ( 'NONE', *, *, #4167, .F. ) ;
#1652 = LINE ( 'NONE', #4430, #1939 ) ;
#1653 = PLANE ( 'NONE',  #1103 ) ;
#1654 = DIRECTION ( 'NONE',  ( 1.000000000000000000, 0.000000000000000000, 0.000000000000000000 ) ) ;
#1655 = CARTESIAN_POINT ( 'NONE',  ( 0.5000000000000001110, -0.001000000000000132727, 0.4999999999999998890 ) ) ;
#1656 = PLANE ( 'NONE',  #1056 ) ;
#1657 = EDGE_CURVE ( 'NONE', #3213, #4093, #960, .T. ) ;
#1658 = CARTESIAN_POINT ( 'NONE',  ( 2.914999999999999591, 0.3499999999999999778, -0.9999999999999995559 ) ) ;
#1659 = DIRECTION ( 'NONE',  ( -0.000000000000000000, -0.000000000000000000, 1.000000000000000000 ) ) ;
#1660 = DIRECTION ( 'NONE',  ( 1.000000000000000000, -0.000000000000000000, -0.000000000000000000 ) ) ;
#1661 = VECTOR ( 'NONE', #1726, 1000.000000000000000 ) ;
#1662 = ORIENTED_EDGE ( 'NONE', *, *, #3402, .T. ) ;
#1663 = FACE_OUTER_BOUND ( 'NONE', #4277, .T. ) ;
#1664 = CARTESIAN_POINT ( 'NONE',  ( -9.260000000000001563, 0.000000000000000000, 1.050000000000001821 ) ) ;
#1665 = EDGE_LOOP ( 'NONE', ( #110, #3664, #2634, #3871 ) ) ;
#1666 = VECTOR ( 'NONE', #855, 1000.000000000000000 ) ;
#1667 = VECTOR ( 'NONE', #2598, 1000.000000000000000 ) ;
#1668 = AXIS2_PLACEMENT_3D ( 'NONE', #1874, #2859, #4243 ) ;
#1669 = ADVANCED_FACE ( 'NONE', ( #679 ), #3809, .F. ) ;
#1670 = DIRECTION ( 'NONE',  ( 0.000000000000000000, 0.000000000000000000, 1.000000000000000000 ) ) ;
#1671 = SURFACE_STYLE_FILL_AREA ( #3781 ) ;
#1672 = VECTOR ( 'NONE', #1670, 1000.000000000000000 ) ;
#1673 = ORIENTED_EDGE ( 'NONE', *, *, #4091, .T. ) ;
#1674 = ORIENTED_EDGE ( 'NONE', *, *, #152, .T. ) ;
#1675 = DIRECTION ( 'NONE',  ( 1.000000000000000000, 0.000000000000000000, 0.000000000000000000 ) ) ;
#1676 = ORIENTED_EDGE ( 'NONE', *, *, #4153, .F. ) ;
#1677 = EDGE_CURVE ( 'NONE', #3541, #390, #658, .T. ) ;
#1678 = EDGE_LOOP ( 'NONE', ( #4305, #702, #346, #2175 ) ) ;
#1679 = DIRECTION ( 'NONE',  ( 1.000000000000000000, 0.000000000000000000, 0.000000000000000000 ) ) ;
#1680 = CARTESIAN_POINT ( 'NONE',  ( -9.660000000000000142, 4.740192378864668044, -0.4999999999999982792 ) ) ;
#1681 = VERTEX_POINT ( 'NONE', #2067 ) ;
#1682 = DIRECTION ( 'NONE',  ( -1.084202172485500736E-16, 0.8660254037844397068, -0.4999999999999982792 ) ) ;
#1683 = VECTOR ( 'NONE', #1867, 1000.000000000000000 ) ;
#1684 = ADVANCED_FACE ( 'NONE', ( #3437 ), #3457, .T. ) ;
#1685 = ORIENTED_EDGE ( 'NONE', *, *, #2295, .F. ) ;
#1686 = PLANE ( 'NONE',  #4074 ) ;
#1687 = DIRECTION ( 'NONE',  ( 1.000000000000000000, -0.000000000000000000, -0.000000000000000000 ) ) ;
#1688 = LINE ( 'NONE', #1323, #2068 ) ;
#1689 = DIRECTION ( 'NONE',  ( 1.000000000000000000, -0.000000000000000000, -0.000000000000000000 ) ) ;
#1690 = EDGE_CURVE ( 'NONE', #270, #4027, #1632, .T. ) ;
#1691 = DIRECTION ( 'NONE',  ( 1.000000000000000000, 0.000000000000000000, -0.000000000000000000 ) ) ;
#1692 = ORIENTED_EDGE ( 'NONE', *, *, #2316, .F. ) ;
#1693 = DIRECTION ( 'NONE',  ( 0.000000000000000000, -1.000000000000000000, -4.517509052022934484E-16 ) ) ;
#1694 = FACE_OUTER_BOUND ( 'NONE', #753, .T. ) ;
#1695 = CARTESIAN_POINT ( 'NONE',  ( -2.040000000000000036, 4.740192378864668044, 0.5000000000000003331 ) ) ;
#1696 = ORIENTED_EDGE ( 'NONE', *, *, #4274, .F. ) ;
#1697 = ORIENTED_EDGE ( 'NONE', *, *, #2089, .T. ) ;
#1698 = LINE ( 'NONE', #4453, #1637 ) ;
#1699 = VECTOR ( 'NONE', #2622, 1000.000000000000000 ) ;
#1700 = CARTESIAN_POINT ( 'NONE',  ( -1.640000000000001679, 3.895694160567695352, -1.049999999999999822 ) ) ;
#1701 = EDGE_CURVE ( 'NONE', #3530, #1603, #1718, .T. ) ;
#1702 = ORIENTED_EDGE ( 'NONE', *, *, #959, .T. ) ;
#1703 = CARTESIAN_POINT ( 'NONE',  ( -9.660000000000000142, -0.001000000000000132727, 0.5000000000000016653 ) ) ;
#1704 = LINE ( 'NONE', #2007, #287 ) ;
#1705 = EDGE_LOOP ( 'NONE', ( #2839, #2533, #1629, #1121 ) ) ;
#1706 = CARTESIAN_POINT ( 'NONE',  ( -4.580000000000000071, -0.001000000000000132727, 0.5000000000000007772 ) ) ;
#1707 = EDGE_CURVE ( 'NONE', #3247, #2526, #2346, .T. ) ;
#1708 = FACE_OUTER_BOUND ( 'NONE', #3942, .T. ) ;
#1709 = DIRECTION ( 'NONE',  ( 1.000000000000000000, -0.000000000000000000, -0.000000000000000000 ) ) ;
#1710 = ORIENTED_EDGE ( 'NONE', *, *, #4214, .T. ) ;
#1711 = DIRECTION ( 'NONE',  ( -0.000000000000000000, -0.000000000000000000, 1.000000000000000000 ) ) ;
#1712 = ADVANCED_FACE ( 'NONE', ( #3115 ), #2318, .T. ) ;
#1713 = ORIENTED_EDGE ( 'NONE', *, *, #2143, .T. ) ;
#1714 = VERTEX_POINT ( 'NONE', #3368 ) ;
#1715 = DIRECTION ( 'NONE',  ( 0.000000000000000000, 0.000000000000000000, -1.000000000000000000 ) ) ;
#1716 = CARTESIAN_POINT ( 'NONE',  ( -11.56000000000000050, 0.5999999999999999778, -1.270000000000000240 ) ) ;
#1717 = ORIENTED_EDGE ( 'NONE', *, *, #2694, .F. ) ;
#1718 = LINE ( 'NONE', #1700, #1378 ) ;
#1719 = ADVANCED_BREP_SHAPE_REPRESENTATION ( '', ( #18, #1607 ), #1458 ) ;
#1720 = EDGE_CURVE ( 'NONE', #3266, #370, #2687, .T. ) ;
#1721 = CARTESIAN_POINT ( 'NONE',  ( -10.66000000000000192, -0.001000000000000132727, 0.5000000000000018874 ) ) ;
#1722 = ORIENTED_EDGE ( 'NONE', *, *, #3955, .T. ) ;
#1723 = DIRECTION ( 'NONE',  ( 0.000000000000000000, -1.000000000000000000, 3.336006684570783101E-16 ) ) ;
#1724 = CARTESIAN_POINT ( 'NONE',  ( -1.639999999999999902, 7.545584412271571395, 0.9000000000000003553 ) ) ;
#1725 = ADVANCED_FACE ( 'NONE', ( #285 ), #1653, .T. ) ;
#1726 = DIRECTION ( 'NONE',  ( 0.000000000000000000, 0.000000000000000000, -1.000000000000000000 ) ) ;
#1727 = ORIENTED_EDGE ( 'NONE', *, *, #2500, .T. ) ;
#1728 = LINE ( 'NONE', #2430, #160 ) ;
#1729 = LINE ( 'NONE', #2098, #3347 ) ;
#1730 = AXIS2_PLACEMENT_3D ( 'NONE', #2692, #2398, #2054 ) ;
#1731 = DIRECTION ( 'NONE',  ( -1.000000000000000000, 0.000000000000000000, 2.168404344971008868E-16 ) ) ;
#1732 = EDGE_LOOP ( 'NONE', ( #787, #2726, #1662, #3356 ) ) ;
#1733 = VERTEX_POINT ( 'NONE', #3867 ) ;
#1734 = EDGE_CURVE ( 'NONE', #4317, #3265, #3909, .T. ) ;
#1735 = LINE ( 'NONE', #3473, #56 ) ;
#1736 = AXIS2_PLACEMENT_3D ( 'NONE', #775, #3511, #84 ) ;
#1737 = ORIENTED_EDGE ( 'NONE', *, *, #681, .F. ) ;
#1738 = LINE ( 'NONE', #1784, #1024 ) ;
#1739 = VECTOR ( 'NONE', #2406, 1000.000000000000000 ) ;
#1740 = AXIS2_PLACEMENT_3D ( 'NONE', #3827, #1511, #2289 ) ;
#1741 = CARTESIAN_POINT ( 'NONE',  ( -9.260000000000001563, 4.599999999999999645, 0.9000000000000016875 ) ) ;
#1742 = ORIENTED_EDGE ( 'NONE', *, *, #677, .T. ) ;
#1743 = CARTESIAN_POINT ( 'NONE',  ( -1.270000000000000018, 0.000000000000000000, -1.049999999999999822 ) ) ;
#1744 = ORIENTED_EDGE ( 'NONE', *, *, #3369, .T. ) ;
#1745 = AXIS2_PLACEMENT_3D ( 'NONE', #2570, #504, #527 ) ;
#1746 = VERTEX_POINT ( 'NONE', #4174 ) ;
#1747 = LINE ( 'NONE', #3160, #3480 ) ;
#1748 = CARTESIAN_POINT ( 'NONE',  ( -3.440000000000000391, 0.5999999999999999778, 0.9000000000000000222 ) ) ;
#1749 = EDGE_CURVE ( 'NONE', #1583, #1077, #2789, .T. ) ;
#1750 = LINE ( 'NONE', #2887, #3853 ) ;
#1751 = VERTEX_POINT ( 'NONE', #4195 ) ;
#1752 = ORIENTED_EDGE ( 'NONE', *, *, #4402, .T. ) ;
#1753 = DIRECTION ( 'NONE',  ( -1.000000000000000000, 0.000000000000000000, 0.000000000000000000 ) ) ;
#1754 = LINE ( 'NONE', #2535, #2548 ) ;
#1755 = PRODUCT_DEFINITION_FORMATION_WITH_SPECIFIED_SOURCE ( 'ANY', '', #3406, .NOT_KNOWN. ) ;
#1756 = ADVANCED_FACE ( 'NONE', ( #2522 ), #2461, .F. ) ;
#1757 = DIRECTION ( 'NONE',  ( 0.000000000000000000, -1.000000000000000000, 0.000000000000000000 ) ) ;
#1758 = EDGE_LOOP ( 'NONE', ( #19, #4234, #2717, #4293 ) ) ;
#1759 = ADVANCED_FACE ( 'NONE', ( #420 ), #3566, .F. ) ;
#1760 = VERTEX_POINT ( 'NONE', #1421 ) ;
#1761 = LINE ( 'NONE', #2787, #130 ) ;
#1762 = CARTESIAN_POINT ( 'NONE',  ( -6.720000000000000639, 0.5999999999999998668, -1.269999999999998908 ) ) ;
#1763 = LINE ( 'NONE', #72, #1287 ) ;
#1764 = CARTESIAN_POINT ( 'NONE',  ( 2.165000000000000036, 1.000000000000000000, -0.8999999999999998002 ) ) ;
#1765 = ORIENTED_EDGE ( 'NONE', *, *, #646, .F. ) ;
#1766 = FACE_OUTER_BOUND ( 'NONE', #2513, .T. ) ;
#1767 = ORIENTED_EDGE ( 'NONE', *, *, #20, .T. ) ;
#1768 = ORIENTED_EDGE ( 'NONE', *, *, #2195, .F. ) ;
#1769 = DIRECTION ( 'NONE',  ( 1.000000000000000000, -0.000000000000000000, -0.000000000000000000 ) ) ;
#1770 = VECTOR ( 'NONE', #602, 1000.000000000000000 ) ;
#1771 = FACE_OUTER_BOUND ( 'NONE', #3159, .T. ) ;
#1772 = LINE ( 'NONE', #1059, #3009 ) ;
#1773 = ORIENTED_EDGE ( 'NONE', *, *, #2497, .F. ) ;
#1774 = CARTESIAN_POINT ( 'NONE',  ( -4.180000000000000604, 0.5999999999999998668, 0.9000000000000007994 ) ) ;
#1775 = CARTESIAN_POINT ( 'NONE',  ( -5.580000000000000071, 4.740192378864668044, 0.5000000000000009992 ) ) ;
#1776 = EDGE_CURVE ( 'NONE', #1139, #2011, #3058, .T. ) ;
#1777 = EDGE_CURVE ( 'NONE', #4096, #2569, #1738, .T. ) ;
#1778 = DIRECTION ( 'NONE',  ( 0.000000000000000000, 1.000000000000000000, 0.000000000000000000 ) ) ;
#1779 = ORIENTED_EDGE ( 'NONE', *, *, #247, .F. ) ;
#1780 = AXIS2_PLACEMENT_3D ( 'NONE', #4384, #3296, #190 ) ;
#1781 = CARTESIAN_POINT ( 'NONE',  ( 0.9000000000000000222, 4.599999999999999645, -0.9000000000000003553 ) ) ;
#1782 = CARTESIAN_POINT ( 'NONE',  ( -11.11000000000000298, 5.000000000000000000, -0.4999999999999981681 ) ) ;
#1783 = VECTOR ( 'NONE', #3980, 1000.000000000000000 ) ;
#1784 = CARTESIAN_POINT ( 'NONE',  ( 0.5000000000000001110, 4.740192378864668044, -0.5000000000000000000 ) ) ;
#1785 = DIRECTION ( 'NONE',  ( 0.000000000000000000, 1.000000000000000000, 3.336006684570783101E-16 ) ) ;
#1786 = DIRECTION ( 'NONE',  ( -0.000000000000000000, -0.000000000000000000, 1.000000000000000000 ) ) ;
#1787 = VERTEX_POINT ( 'NONE', #24 ) ;
#1788 = VERTEX_POINT ( 'NONE', #3844 ) ;
#1789 = LINE ( 'NONE', #3849, #369 ) ;
#1790 = DIRECTION ( 'NONE',  ( 0.000000000000000000, 0.000000000000000000, 1.000000000000000000 ) ) ;
#1791 = EDGE_CURVE ( 'NONE', #2446, #2216, #399, .T. ) ;
#1792 = CARTESIAN_POINT ( 'NONE',  ( -0.4999999999999998890, 4.740192378864668044, 0.5000000000000001110 ) ) ;
#1793 = ORIENTED_EDGE ( 'NONE', *, *, #3093, .T. ) ;
#1794 = ORIENTED_EDGE ( 'NONE', *, *, #384, .F. ) ;
#1795 = CARTESIAN_POINT ( 'NONE',  ( -3.040000000000000036, 4.740192378864668044, 0.5000000000000005551 ) ) ;
#1796 = CARTESIAN_POINT ( 'NONE',  ( -3.490000000000003322, 5.000000000000000000, -0.4999999999999994449 ) ) ;
#1797 = PRODUCT_DEFINITION_SHAPE ( 'NONE', 'NONE',  #3913 ) ;
#1798 = CARTESIAN_POINT ( 'NONE',  ( -5.980000000000000426, 7.545584412271571395, 0.9000000000000007994 ) ) ;
#1799 = VERTEX_POINT ( 'NONE', #1398 ) ;
#1800 = CARTESIAN_POINT ( 'NONE',  ( -1.270000000000000018, 3.895694160567695352, 1.050000000000000488 ) ) ;
#1801 = EDGE_CURVE ( 'NONE', #528, #134, #71, .T. ) ;
#1802 = CARTESIAN_POINT ( 'NONE',  ( -9.260000000000001563, 0.000000000000000000, 0.9000000000000016875 ) ) ;
#1803 = EDGE_LOOP ( 'NONE', ( #255, #1190, #104, #1113 ) ) ;
#1804 = LINE ( 'NONE', #2151, #235 ) ;
#1805 = EDGE_CURVE ( 'NONE', #835, #4157, #1804, .T. ) ;
#1806 = AXIS2_PLACEMENT_3D ( 'NONE', #2281, #3679, #1940 ) ;
#1807 = ORIENTED_EDGE ( 'NONE', *, *, #674, .T. ) ;
#1808 = LINE ( 'NONE', #465, #1865 ) ;
#1809 = VECTOR ( 'NONE', #3975, 1000.000000000000000 ) ;
#1810 = CARTESIAN_POINT ( 'NONE',  ( -12.32333076527839566, 0.5999999999999999778, 0.9000000000000000222 ) ) ;
#1811 = DIRECTION ( 'NONE',  ( 0.000000000000000000, 0.000000000000000000, -1.000000000000000000 ) ) ;
#1812 = VECTOR ( 'NONE', #778, 1000.000000000000000 ) ;
#1813 = AXIS2_PLACEMENT_3D ( 'NONE', #2769, #1826, #762 ) ;
#1814 = FACE_OUTER_BOUND ( 'NONE', #4308, .T. ) ;
#1815 = EDGE_CURVE ( 'NONE', #2422, #395, #2505, .T. ) ;
#1816 = DIRECTION ( 'NONE',  ( 0.000000000000000000, -0.000000000000000000, 1.000000000000000000 ) ) ;
#1817 = EDGE_LOOP ( 'NONE', ( #3383, #3897, #1409, #3066 ) ) ;
#1818 = VERTEX_POINT ( 'NONE', #2836 ) ;
#1819 = LINE ( 'NONE', #3144, #3351 ) ;
#1820 = CARTESIAN_POINT ( 'NONE',  ( -0.9000000000000001332, 7.545584412271571395, 0.9000000000000000222 ) ) ;
#1821 = PRODUCT_RELATED_PRODUCT_CATEGORY ( 'part', '', ( #3885 ) ) ;
#1822 = CARTESIAN_POINT ( 'NONE',  ( -11.18000000000002281, 0.5999999999999998668, -1.049999999999998490 ) ) ;
#1823 = ORIENTED_EDGE ( 'NONE', *, *, #1690, .F. ) ;
#1824 = DIRECTION ( 'NONE',  ( 0.000000000000000000, 1.000000000000000000, 0.000000000000000000 ) ) ;
#1825 = VERTEX_POINT ( 'NONE', #1465 ) ;
#1826 = DIRECTION ( 'NONE',  ( 1.000000000000000000, 0.000000000000000000, 0.000000000000000000 ) ) ;
#1827 = VERTEX_POINT ( 'NONE', #3542 ) ;
#1828 = CARTESIAN_POINT ( 'NONE',  ( -0.9000000000000002442, 4.599999999999999645, -0.9000000000000000222 ) ) ;
#1829 = FACE_OUTER_BOUND ( 'NONE', #4000, .T. ) ;
#1830 = ADVANCED_FACE ( 'NONE', ( #2861 ), #4245, .T. ) ;
#1832 = ORIENTED_EDGE ( 'NONE', *, *, #1582, .T. ) ;
#1831 = EDGE_CURVE ( 'NONE', #1818, #1412, #483, .T. ) ;
#1833 = FACE_OUTER_BOUND ( 'NONE', #3378, .T. ) ;
#1835 = EDGE_CURVE ( 'NONE', #3452, #3330, #2904, .T. ) ;
#1834 = FACE_OUTER_BOUND ( 'NONE', #2258, .T. ) ;
#1836 = EDGE_LOOP ( 'NONE', ( #114, #191, #2613, #2547 ) ) ;
#1837 = FACE_BOUND ( 'NONE', #653, .T. ) ;
#1838 = CARTESIAN_POINT ( 'NONE',  ( 0.9000000000000001332, 7.545584412271571395, 0.9000000000000000222 ) ) ;
#1839 = ORIENTED_EDGE ( 'NONE', *, *, #3027, .F. ) ;
#1840 = CARTESIAN_POINT ( 'NONE',  ( -4.180000000000000604, 7.545584412271571395, 0.9000000000000007994 ) ) ;
#1841 = AXIS2_PLACEMENT_3D ( 'NONE', #1800, #4216, #3515 ) ;
#1842 = ORIENTED_EDGE ( 'NONE', *, *, #2358, .F. ) ;
#1843 = AXIS2_PLACEMENT_3D ( 'NONE', #2092, #4147, #3479 ) ;
#1844 = ADVANCED_FACE ( 'NONE', ( #3665 ), #206, .F. ) ;
#1845 = LINE ( 'NONE', #2215, #2410 ) ;
#1846 = EDGE_LOOP ( 'NONE', ( #2453, #690, #3001, #1291 ) ) ;
#1847 = VERTEX_POINT ( 'NONE', #1186 ) ;
#1848 = VECTOR ( 'NONE', #704, 1000.000000000000000 ) ;
#1849 = CARTESIAN_POINT ( 'NONE',  ( -0.9000000000000001332, 0.000000000000000000, -0.9000000000000000222 ) ) ;
#1850 = PRESENTATION_LAYER_ASSIGNMENT (  '', '', ( #4177 ) ) ;
#1851 = ORIENTED_EDGE ( 'NONE', *, *, #241, .T. ) ;
#1852 = CYLINDRICAL_SURFACE ( 'NONE', #429, 0.1000000000000000472 ) ;
#1853 = VERTEX_POINT ( 'NONE', #2976 ) ;
#1854 = DIRECTION ( 'NONE',  ( 0.000000000000000000, 0.000000000000000000, 1.000000000000000000 ) ) ;
#1855 = AXIS2_PLACEMENT_3D ( 'NONE', #1348, #2283, #3681 ) ;
#1856 =( NAMED_UNIT ( * ) PLANE_ANGLE_UNIT ( ) SI_UNIT ( $, .RADIAN. ) );
#1857 = DIRECTION ( 'NONE',  ( -1.000000000000000000, 0.000000000000000000, 0.000000000000000000 ) ) ;
#1858 = VERTEX_POINT ( 'NONE', #3612 ) ;
#1859 = LINE ( 'NONE', #1516, #1667 ) ;
#1860 = LINE ( 'NONE', #3253, #3242 ) ;
#1861 = VECTOR ( 'NONE', #4230, 1000.000000000000000 ) ;
#1862 = EDGE_CURVE ( 'NONE', #4027, #3037, #882, .T. ) ;
#1863 = DIRECTION ( 'NONE',  ( 0.000000000000000000, -0.000000000000000000, 1.000000000000000000 ) ) ;
#1864 = DIRECTION ( 'NONE',  ( -6.023345402697245486E-17, 0.000000000000000000, -1.000000000000000000 ) ) ;
#1865 = VECTOR ( 'NONE', #3135, 1000.000000000000000 ) ;
#1866 = ORIENTED_EDGE ( 'NONE', *, *, #2688, .T. ) ;
#1867 = DIRECTION ( 'NONE',  ( -6.023345402697245486E-17, 0.000000000000000000, -1.000000000000000000 ) ) ;
#1868 = CARTESIAN_POINT ( 'NONE',  ( 2.914999999999999591, 1.000000000000000000, -0.8999999999999998002 ) ) ;
#1869 = ADVANCED_FACE ( 'NONE', ( #3223 ), #1159, .T. ) ;
#1870 = DIRECTION ( 'NONE',  ( 1.000000000000000000, 0.000000000000000000, 0.000000000000000000 ) ) ;
#1871 = CARTESIAN_POINT ( 'NONE',  ( 1.270000000000000018, 0.5999999999999998668, 1.050000000000000044 ) ) ;
#1872 = EDGE_LOOP ( 'NONE', ( #3552, #1444, #2338, #2624 ) ) ;
#1873 = LINE ( 'NONE', #3974, #1666 ) ;
#1874 = CARTESIAN_POINT ( 'NONE',  ( 5.455000000000000071, 1.000000000000000000, 0.8999999999999998002 ) ) ;
#1875 = ORIENTED_EDGE ( 'NONE', *, *, #330, .T. ) ;
#1876 = CARTESIAN_POINT ( 'NONE',  ( -0.9000000000000001332, 0.5999999999999998668, 1.050000000000000044 ) ) ;
#1877 = CARTESIAN_POINT ( 'NONE',  ( 5.455000000000000071, 0.3499999999999999778, 0.9999999999999995559 ) ) ;
#1878 = ADVANCED_FACE ( 'NONE', ( #4362 ), #165, .F. ) ;
#1879 = VERTEX_POINT ( 'NONE', #2591 ) ;
#1880 = LINE ( 'NONE', #2270, #2296 ) ;
#1881 = SURFACE_SIDE_STYLE ('',( #3618 ) ) ;
#1882 = DIRECTION ( 'NONE',  ( -1.000000000000000000, -0.000000000000000000, -0.000000000000000000 ) ) ;
#1883 = LINE ( 'NONE', #3595, #1593 ) ;
#1884 = APPLICATION_CONTEXT ( 'automotive_design' ) ;
#1885 = AXIS2_PLACEMENT_3D ( 'NONE', #3241, #1824, #440 ) ;
#1886 = CARTESIAN_POINT ( 'NONE',  ( -9.260000000000001563, 7.545584412271571395, 0.9000000000000016875 ) ) ;
#1887 = CARTESIAN_POINT ( 'NONE',  ( -7.620000000000000107, 0.000000000000000000, 0.9000000000000000222 ) ) ;
#1888 = VECTOR ( 'NONE', #950, 1000.000000000000000 ) ;
#1889 = LINE ( 'NONE', #194, #2203 ) ;
#1890 = VERTEX_POINT ( 'NONE', #1876 ) ;
#1891 = LINE ( 'NONE', #1616, #4217 ) ;
#1892 = VECTOR ( 'NONE', #3792, 1000.000000000000000 ) ;
#1893 = DIRECTION ( 'NONE',  ( -1.000000000000000000, 0.000000000000000000, 0.000000000000000000 ) ) ;
#1894 = DIRECTION ( 'NONE',  ( 0.000000000000000000, -0.000000000000000000, 1.000000000000000000 ) ) ;
#1895 = UNCERTAINTY_MEASURE_WITH_UNIT (LENGTH_MEASURE( 1.000000000000000082E-05 ), #2557, 'distance_accuracy_value', 'NONE');
#1896 = EDGE_CURVE ( 'NONE', #2658, #4361, #3954, .T. ) ;
#1897 = DIRECTION ( 'NONE',  ( -1.000000000000000000, 0.000000000000000000, 1.084202172485504434E-16 ) ) ;
#1898 = VERTEX_POINT ( 'NONE', #140 ) ;
#1899 = CARTESIAN_POINT ( 'NONE',  ( -11.11000000000000298, 5.000000000000000000, 0.9500000000000052847 ) ) ;
#1900 = AXIS2_PLACEMENT_3D ( 'NONE', #2677, #4071, #3684 ) ;
#1901 = DIRECTION ( 'NONE',  ( -0.000000000000000000, -0.000000000000000000, 1.000000000000000000 ) ) ;
#1902 = DIRECTION ( 'NONE',  ( 1.000000000000000000, 0.000000000000000000, -0.000000000000000000 ) ) ;
#1903 = ADVANCED_FACE ( 'NONE', ( #3978 ), #4268, .T. ) ;
#1904 = EDGE_LOOP ( 'NONE', ( #645, #3447, #482, #2326 ) ) ;
#1905 = LINE ( 'NONE', #3293, #2335 ) ;
#1906 = ORIENTED_EDGE ( 'NONE', *, *, #4284, .T. ) ;
#1907 = CARTESIAN_POINT ( 'NONE',  ( -4.180000000000000604, 0.000000000000000000, -0.9000000000000000222 ) ) ;
#1908 = ORIENTED_EDGE ( 'NONE', *, *, #2127, .F. ) ;
#1909 = PLANE ( 'NONE',  #1780 ) ;
#1910 = CARTESIAN_POINT ( 'NONE',  ( 2.914999999999999591, 0.2500000000000000000, -0.9999999999999995559 ) ) ;
#1911 = LINE ( 'NONE', #1278, #216 ) ;
#1912 = FACE_OUTER_BOUND ( 'NONE', #1227, .T. ) ;
#1913 = FACE_OUTER_BOUND ( 'NONE', #4168, .T. ) ;
#1914 = EDGE_CURVE ( 'NONE', #2193, #1108, #2238, .T. ) ;
#1915 = DIRECTION ( 'NONE',  ( 1.000000000000000000, 0.000000000000000000, -1.084202172485504434E-16 ) ) ;
#1916 = FACE_OUTER_BOUND ( 'NONE', #1836, .T. ) ;
#1917 = DIRECTION ( 'NONE',  ( 1.000000000000000000, 0.000000000000000000, 0.000000000000000000 ) ) ;
#1918 = ORIENTED_EDGE ( 'NONE', *, *, #1000, .T. ) ;
#1919 = ADVANCED_FACE ( 'NONE', ( #2265, #550 ), #2636, .F. ) ;
#1920 = ADVANCED_FACE ( 'NONE', ( #570 ), #2928, .T. ) ;
#1921 = LINE ( 'NONE', #1269, #3072 ) ;
#1922 = ORIENTED_EDGE ( 'NONE', *, *, #2315, .T. ) ;
#1923 = ORIENTED_EDGE ( 'NONE', *, *, #3683, .F. ) ;
#1924 = DIRECTION ( 'NONE',  ( 0.000000000000000000, 1.000000000000000000, 0.000000000000000000 ) ) ;
#1925 = ORIENTED_EDGE ( 'NONE', *, *, #2667, .F. ) ;
#1926 = PLANE ( 'NONE',  #1355 ) ;
#1927 = EDGE_CURVE ( 'NONE', #1364, #2422, #1905, .T. ) ;
#1928 = DIRECTION ( 'NONE',  ( 0.000000000000000000, 1.779866165659867177E-16, -1.000000000000000000 ) ) ;
#1929 = APPLICATION_PROTOCOL_DEFINITION ( 'draft international standard', 'automotive_design', 1998, #3898 ) ;
#1930 = VECTOR ( 'NONE', #1035, 1000.000000000000000 ) ;
#1931 = VERTEX_POINT ( 'NONE', #4316 ) ;
#1932 = CARTESIAN_POINT ( 'NONE',  ( -6.720000000000000639, 4.599999999999999645, -0.8999999999999991340 ) ) ;
#1933 = LINE ( 'NONE', #3322, #2682 ) ;
#1934 = LINE ( 'NONE', #1238, #1699 ) ;
#1935 = CARTESIAN_POINT ( 'NONE',  ( -3.040000000000000036, 4.599999999999999645, 0.5000000000000005551 ) ) ;
#1936 = ORIENTED_EDGE ( 'NONE', *, *, #1960, .F. ) ;
#1937 = VECTOR ( 'NONE', #3915, 1000.000000000000000 ) ;
#1938 = LINE ( 'NONE', #3626, #3426 ) ;
#1939 = VECTOR ( 'NONE', #2707, 1000.000000000000000 ) ;
#1940 = DIRECTION ( 'NONE',  ( 0.000000000000000000, -0.000000000000000000, -1.000000000000000000 ) ) ;
#1941 = ORIENTED_EDGE ( 'NONE', *, *, #2143, .F. ) ;
#1942 = FACE_OUTER_BOUND ( 'NONE', #3686, .T. ) ;
#1943 = DIRECTION ( 'NONE',  ( 1.000000000000000000, 0.000000000000000000, 0.000000000000000000 ) ) ;
#1944 = VERTEX_POINT ( 'NONE', #3587 ) ;
#1945 = VERTEX_POINT ( 'NONE', #1849 ) ;
#1946 = EDGE_CURVE ( 'NONE', #4353, #1650, #1205, .T. ) ;
#1947 = VERTEX_POINT ( 'NONE', #2950 ) ;
#1948 = AXIS2_PLACEMENT_3D ( 'NONE', #1886, #1586, #2689 ) ;
#1949 = PLANE ( 'NONE',  #58 ) ;
#1950 = SHAPE_DEFINITION_REPRESENTATION ( #3184, #41 ) ;
#1951 = EDGE_LOOP ( 'NONE', ( #228, #672, #1973, #4426 ) ) ;
#1952 = LINE ( 'NONE', #238, #2404 ) ;
#1953 = ADVANCED_FACE ( 'NONE', ( #4050 ), #4451, .F. ) ;
#1954 = PRODUCT_DEFINITION_SHAPE ( 'NONE', 'NONE',  #4493 ) ;
#1955 = FACE_OUTER_BOUND ( 'NONE', #561, .T. ) ;
#1956 = DIRECTION ( 'NONE',  ( -0.000000000000000000, -0.000000000000000000, 1.000000000000000000 ) ) ;
#1957 = CARTESIAN_POINT ( 'NONE',  ( 5.455000000000000071, 0.2499999999999994726, 2.199999999999999734 ) ) ;
#1958 = FACE_OUTER_BOUND ( 'NONE', #1509, .T. ) ;
#1959 = VECTOR ( 'NONE', #3916, 1000.000000000000000 ) ;
#1960 = EDGE_CURVE ( 'NONE', #2418, #44, #3045, .T. ) ;
#1961 = VECTOR ( 'NONE', #1276, 1000.000000000000000 ) ;
#1962 = ORIENTED_EDGE ( 'NONE', *, *, #1085, .F. ) ;
#1963 = CIRCLE ( 'NONE', #3638, 0.1000000000000000472 ) ;
#1964 = ORIENTED_EDGE ( 'NONE', *, *, #838, .F. ) ;
#1965 = LINE ( 'NONE', #1223, #3646 ) ;
#1966 = ORIENTED_EDGE ( 'NONE', *, *, #156, .F. ) ;
#1967 = DIRECTION ( 'NONE',  ( -0.000000000000000000, 1.000000000000000000, 1.779866165659867177E-16 ) ) ;
#1968 = AXIS2_PLACEMENT_3D ( 'NONE', #4285, #4189, #1112 ) ;
#1969 = VECTOR ( 'NONE', #1441, 1000.000000000000000 ) ;
#1970 = AXIS2_PLACEMENT_3D ( 'NONE', #774, #2119, #3510 ) ;
#1971 = DIRECTION ( 'NONE',  ( 0.6546536707079776418, 0.3779644730092257543, 0.6546536707079775308 ) ) ;
#1972 = DIRECTION ( 'NONE',  ( 0.000000000000000000, -1.000000000000000000, 0.000000000000000000 ) ) ;
#1973 = ORIENTED_EDGE ( 'NONE', *, *, #4456, .T. ) ;
#1974 = ORIENTED_EDGE ( 'NONE', *, *, #2018, .T. ) ;
#1975 = LINE ( 'NONE', #614, #2487 ) ;
#1976 = ORIENTED_EDGE ( 'NONE', *, *, #1657, .T. ) ;
#1977 = CIRCLE ( 'NONE', #3499, 0.1000000000000000472 ) ;
#1978 =( NAMED_UNIT ( * ) SI_UNIT ( $, .STERADIAN. ) SOLID_ANGLE_UNIT ( ) );
#1979 =( NAMED_UNIT ( * ) SI_UNIT ( $, .STERADIAN. ) SOLID_ANGLE_UNIT ( ) );
#1980 = ORIENTED_EDGE ( 'NONE', *, *, #2188, .T. ) ;
#1981 = CARTESIAN_POINT ( 'NONE',  ( -0.9000000000000001332, 7.545584412271571395, 0.9000000000000000222 ) ) ;
#1982 = AXIS2_PLACEMENT_3D ( 'NONE', #3297, #3714, #979 ) ;
#1983 = EDGE_CURVE ( 'NONE', #2024, #4394, #1605, .T. ) ;
#1984 = EDGE_CURVE ( 'NONE', #4093, #361, #304, .T. ) ;
#1985 = CARTESIAN_POINT ( 'NONE',  ( -5.580000000000000071, 5.000000000000000000, 0.9500000000000042855 ) ) ;
#1986 = LINE ( 'NONE', #4412, #795 ) ;
#1987 = CARTESIAN_POINT ( 'NONE',  ( -9.260000000000001563, 7.545584412271571395, 0.9000000000000016875 ) ) ;
#1988 = FACE_OUTER_BOUND ( 'NONE', #3075, .T. ) ;
#1989 = ORIENTED_EDGE ( 'NONE', *, *, #2567, .F. ) ;
#1990 = EDGE_CURVE ( 'NONE', #3452, #1038, #3737, .T. ) ;
#1991 = DIRECTION ( 'NONE',  ( 0.000000000000000000, 0.000000000000000000, 1.000000000000000000 ) ) ;
#1992 = CARTESIAN_POINT ( 'NONE',  ( -0.9500000000000032863, 5.000000000000000000, -0.4999999999999998890 ) ) ;
#1993 = VERTEX_POINT ( 'NONE', #3784 ) ;
#1994 = DIRECTION ( 'NONE',  ( -1.000000000000000000, 0.000000000000000000, 2.409338161078898687E-16 ) ) ;
#1995 = ORIENTED_EDGE ( 'NONE', *, *, #1235, .F. ) ;
#1996 = VECTOR ( 'NONE', #244, 1000.000000000000000 ) ;
#1997 = ORIENTED_EDGE ( 'NONE', *, *, #3402, .F. ) ;
#1998 = ORIENTED_EDGE ( 'NONE', *, *, #598, .T. ) ;
#1999 = DIRECTION ( 'NONE',  ( -6.023345402697245486E-17, 0.000000000000000000, -1.000000000000000000 ) ) ;
#2000 = ORIENTED_EDGE ( 'NONE', *, *, #3049, .F. ) ;
#2001 = VECTOR ( 'NONE', #1300, 1000.000000000000000 ) ;
#2002 = EDGE_CURVE ( 'NONE', #2435, #3311, #1975, .T. ) ;
#2003 = CARTESIAN_POINT ( 'NONE',  ( -4.180000000000001492, 3.895694160567695352, -1.049999999999999378 ) ) ;
#2004 = VECTOR ( 'NONE', #3111, 1000.000000000000000 ) ;
#2005 = DIRECTION ( 'NONE',  ( 1.000000000000000000, 0.000000000000000000, 0.000000000000000000 ) ) ;
#2006 = CARTESIAN_POINT ( 'NONE',  ( -2.040000000000000036, -0.001000000000000132727, 0.5000000000000003331 ) ) ;
#2007 = CARTESIAN_POINT ( 'NONE',  ( 5.455000000000000071, 0.2500000000000000000, 0.9999999999999995559 ) ) ;
#2008 = FACE_OUTER_BOUND ( 'NONE', #1649, .T. ) ;
#2009 = LINE ( 'NONE', #2735, #3877 ) ;
#2010 = ADVANCED_FACE ( 'NONE', ( #635 ), #2023, .F. ) ;
#2011 = VERTEX_POINT ( 'NONE', #1628 ) ;
#2012 = FACE_OUTER_BOUND ( 'NONE', #2880, .T. ) ;
#2013 = VECTOR ( 'NONE', #2929, 1000.000000000000000 ) ;
#2014 = CARTESIAN_POINT ( 'NONE',  ( -9.260000000000001563, 0.5999999999999998668, 0.9000000000000016875 ) ) ;
#2015 = ORIENTED_EDGE ( 'NONE', *, *, #2986, .F. ) ;
#2016 = LINE ( 'NONE', #2719, #3344 ) ;
#2017 = VERTEX_POINT ( 'NONE', #279 ) ;
#2018 = EDGE_CURVE ( 'NONE', #3328, #1412, #975, .T. ) ;
#2019 = DIRECTION ( 'NONE',  ( -0.000000000000000000, 1.000000000000000000, -0.000000000000000000 ) ) ;
#2020 = CARTESIAN_POINT ( 'NONE',  ( -0.4999999999999998890, -0.001000000000000132727, -0.4999999999999998890 ) ) ;
#2021 = ORIENTED_EDGE ( 'NONE', *, *, #3539, .F. ) ;
#2022 = VERTEX_POINT ( 'NONE', #3411 ) ;
#2023 = PLANE ( 'NONE',  #3570 ) ;
#2024 = VERTEX_POINT ( 'NONE', #1336 ) ;
#2025 = DIRECTION ( 'NONE',  ( 0.000000000000000000, 0.000000000000000000, -1.000000000000000000 ) ) ;
#2026 = ORIENTED_EDGE ( 'NONE', *, *, #1530, .T. ) ;
#2027 = LINE ( 'NONE', #2662, #2544 ) ;
#2028 = ADVANCED_FACE ( 'NONE', ( #2045 ), #327, .T. ) ;
#2029 = DIRECTION ( 'NONE',  ( -1.000000000000000000, 0.000000000000000000, 1.707404996040164265E-16 ) ) ;
#2030 = FACE_OUTER_BOUND ( 'NONE', #809, .T. ) ;
#2031 = DIRECTION ( 'NONE',  ( -1.084202172485504434E-16, 0.000000000000000000, -1.000000000000000000 ) ) ;
#2032 = DIRECTION ( 'NONE',  ( 0.000000000000000000, -3.336006684570783101E-16, -1.000000000000000000 ) ) ;
#2033 = VECTOR ( 'NONE', #3100, 1000.000000000000000 ) ;
#2034 = CARTESIAN_POINT ( 'NONE',  ( 1.270000000000000018, 3.895694160567695352, -1.050000000000000044 ) ) ;
#2035 = ORIENTED_EDGE ( 'NONE', *, *, #2280, .T. ) ;
#2036 = VECTOR ( 'NONE', #1811, 1000.000000000000000 ) ;
#2037 = DIRECTION ( 'NONE',  ( 1.000000000000000000, -0.000000000000000000, -0.000000000000000000 ) ) ;
#2038 = CARTESIAN_POINT ( 'NONE',  ( 0.5000000000000001110, 4.740192378864668044, -0.5000000000000000000 ) ) ;
#2039 = VERTEX_POINT ( 'NONE', #1716 ) ;
#2040 = AXIS2_PLACEMENT_3D ( 'NONE', #1680, #3074, #348 ) ;
#2041 = ADVANCED_FACE ( 'NONE', ( #3455 ), #284, .T. ) ;
#2042 = CARTESIAN_POINT ( 'NONE',  ( -8.120000000000000995, -0.001000000000000132727, -0.4999999999999986122 ) ) ;
#2043 = AXIS2_PLACEMENT_3D ( 'NONE', #2419, #4140, #3095 ) ;
#2044 = ORIENTED_EDGE ( 'NONE', *, *, #2069, .T. ) ;
#2045 = FACE_OUTER_BOUND ( 'NONE', #996, .T. ) ;
#2046 = ORIENTED_EDGE ( 'NONE', *, *, #3369, .F. ) ;
#2047 = CARTESIAN_POINT ( 'NONE',  ( -3.810000000000000053, 3.895694160567695352, 1.050000000000000933 ) ) ;
#2048 = EDGE_CURVE ( 'NONE', #2022, #2962, #93, .T. ) ;
#2049 = DIRECTION ( 'NONE',  ( 0.6546536707079776418, -0.3779644730092257543, 0.6546536707079775308 ) ) ;
#2050 = ORIENTED_EDGE ( 'NONE', *, *, #3027, .T. ) ;
#2051 = DIRECTION ( 'NONE',  ( -0.000000000000000000, 0.000000000000000000, 1.000000000000000000 ) ) ;
#2052 = DIRECTION ( 'NONE',  ( 0.000000000000000000, -1.000000000000000000, 0.000000000000000000 ) ) ;
#2053 = DIRECTION ( 'NONE',  ( 0.000000000000000000, -0.000000000000000000, 1.000000000000000000 ) ) ;
#2054 = DIRECTION ( 'NONE',  ( 0.000000000000000000, 0.000000000000000000, -1.000000000000000000 ) ) ;
#2055 = DIRECTION ( 'NONE',  ( 0.000000000000000000, 1.000000000000000000, 0.000000000000000000 ) ) ;
#2056 = ADVANCED_FACE ( 'NONE', ( #3563 ), #714, .T. ) ;
#2057 = DIRECTION ( 'NONE',  ( -0.4999999999999982792, 0.8660254037844397068, 0.000000000000000000 ) ) ;
#2058 = VERTEX_POINT ( 'NONE', #3333 ) ;
#2059 = FACE_OUTER_BOUND ( 'NONE', #4170, .T. ) ;
#2060 = AXIS2_PLACEMENT_3D ( 'NONE', #2225, #2935, #2274 ) ;
#2061 = VERTEX_POINT ( 'NONE', #4379 ) ;
#2062 = CLOSED_SHELL ( 'NONE', ( #3709, #1135, #2407, #419, #2891, #239, #2285, #3816, #1725, #2895 ) ) ;
#2063 = ORIENTED_EDGE ( 'NONE', *, *, #491, .T. ) ;
#2064 = EDGE_CURVE ( 'NONE', #1119, #3529, #1873, .T. ) ;
#2065 = LINE ( 'NONE', #3454, #4044 ) ;
#2066 = DIRECTION ( 'NONE',  ( 0.4999999999999982792, 0.8660254037844397068, 0.000000000000000000 ) ) ;
#2067 = CARTESIAN_POINT ( 'NONE',  ( -4.580000000000000071, 4.599999999999999645, -0.4999999999999991673 ) ) ;
#2068 = VECTOR ( 'NONE', #290, 1000.000000000000000 ) ;
#2069 = EDGE_CURVE ( 'NONE', #1898, #1408, #1572, .T. ) ;
#2070 = EDGE_LOOP ( 'NONE', ( #3384, #2897, #1839, #1565 ) ) ;
#2071 = DIRECTION ( 'NONE',  ( -1.000000000000000000, 0.000000000000000000, 6.023345402697245486E-17 ) ) ;
#2072 = EDGE_LOOP ( 'NONE', ( #3977, #4179, #919, #2357 ) ) ;
#2073 = FACE_OUTER_BOUND ( 'NONE', #1758, .T. ) ;
#2074 = LINE ( 'NONE', #4163, #4472 ) ;
#2075 = CARTESIAN_POINT ( 'NONE',  ( -3.040000000000000036, 4.599999999999999645, 0.5000000000000005551 ) ) ;
#2076 = CARTESIAN_POINT ( 'NONE',  ( 1.520000000000000906, -1.952273496316568657, -1.270000000000000240 ) ) ;
#2077 = PRESENTATION_STYLE_ASSIGNMENT (( #3551 ) ) ;
#2078 = DIRECTION ( 'NONE',  ( 0.000000000000000000, 0.000000000000000000, -1.000000000000000000 ) ) ;
#2079 = EDGE_CURVE ( 'NONE', #3150, #4133, #3997, .T. ) ;
#2080 = ORIENTED_EDGE ( 'NONE', *, *, #2631, .F. ) ;
#2081 = EDGE_LOOP ( 'NONE', ( #2999, #3953, #3362, #2282 ) ) ;
#2082 = DIRECTION ( 'NONE',  ( 0.000000000000000000, -1.000000000000000000, 0.000000000000000000 ) ) ;
#2083 = CIRCLE ( 'NONE', #2153, 0.3500000000000000333 ) ;
#2084 = EDGE_CURVE ( 'NONE', #1746, #2039, #2972, .T. ) ;
#2085 = ORIENTED_EDGE ( 'NONE', *, *, #1157, .F. ) ;
#2086 = DIRECTION ( 'NONE',  ( 0.000000000000000000, 0.000000000000000000, 1.000000000000000000 ) ) ;
#2087 = ORIENTED_EDGE ( 'NONE', *, *, #156, .T. ) ;
#2088 = CARTESIAN_POINT ( 'NONE',  ( 2.914999999999999591, 0.2500000000000000000, -2.200000000000000622 ) ) ;
#2090 = ORIENTED_EDGE ( 'NONE', *, *, #796, .T. ) ;
#2089 = EDGE_CURVE ( 'NONE', #3613, #195, #1332, .T. ) ;
#2091 = DIRECTION ( 'NONE',  ( 0.000000000000000000, 0.000000000000000000, -1.000000000000000000 ) ) ;
#2092 = CARTESIAN_POINT ( 'NONE',  ( -3.440000000000000391, 7.545584412271571395, 0.9000000000000003553 ) ) ;
#2093 = AXIS2_PLACEMENT_3D ( 'NONE', #3694, #2987, #2934 ) ;
#2094 = CARTESIAN_POINT ( 'NONE',  ( -7.119999999999999218, -0.001000000000000132727, -0.4999999999999987232 ) ) ;
#2095 = VERTEX_POINT ( 'NONE', #3380 ) ;
#2096 = ORIENTED_EDGE ( 'NONE', *, *, #3218, .T. ) ;
#2097 = CARTESIAN_POINT ( 'NONE',  ( -8.890000000000000568, 0.000000000000000000, -1.049999999999998490 ) ) ;
#2098 = CARTESIAN_POINT ( 'NONE',  ( 5.455000000000000071, 0.2500000000000000000, 0.9999999999999995559 ) ) ;
#2099 = ORIENTED_EDGE ( 'NONE', *, *, #1990, .T. ) ;
#2100 = MECHANICAL_DESIGN_GEOMETRIC_PRESENTATION_REPRESENTATION (  '', ( #4204 ), #716 ) ;
#2101 = EDGE_LOOP ( 'NONE', ( #3493, #4100, #4069, #1599 ) ) ;
#2102 = ORIENTED_EDGE ( 'NONE', *, *, #3349, .T. ) ;
#2103 = LINE ( 'NONE', #1089, #2455 ) ;
#2104 = VECTOR ( 'NONE', #325, 1000.000000000000000 ) ;
#2105 = VERTEX_POINT ( 'NONE', #4447 ) ;
#2106 = DIRECTION ( 'NONE',  ( 0.000000000000000000, -0.000000000000000000, 1.000000000000000000 ) ) ;
#2107 = CARTESIAN_POINT ( 'NONE',  ( -4.180000000000000604, 7.545584412271571395, -0.8999999999999995781 ) ) ;
#2108 = AXIS2_PLACEMENT_3D ( 'NONE', #1390, #2451, #708 ) ;
#2109 = LINE ( 'NONE', #1072, #4253 ) ;
#2110 = LINE ( 'NONE', #3591, #2901 ) ;
#2111 = ORIENTED_EDGE ( 'NONE', *, *, #3645, .T. ) ;
#2112 = ORIENTED_EDGE ( 'NONE', *, *, #3149, .F. ) ;
#2113 = DIRECTION ( 'NONE',  ( 0.000000000000000000, -1.000000000000000000, 0.000000000000000000 ) ) ;
#2114 = EDGE_CURVE ( 'NONE', #2746, #2061, #4070, .T. ) ;
#2115 = EDGE_CURVE ( 'NONE', #2118, #2962, #3756, .T. ) ;
#2116 = DIRECTION ( 'NONE',  ( -0.000000000000000000, -1.000000000000000000, -0.000000000000000000 ) ) ;
#2117 = LINE ( 'NONE', #407, #4241 ) ;
#2118 = VERTEX_POINT ( 'NONE', #2720 ) ;
#2119 = DIRECTION ( 'NONE',  ( 0.000000000000000000, -1.000000000000000000, -4.517509052022934484E-16 ) ) ;
#2120 = DIRECTION ( 'NONE',  ( 6.023345402697245486E-17, 0.000000000000000000, 1.000000000000000000 ) ) ;
#2121 = EDGE_CURVE ( 'NONE', #443, #3219, #2765, .T. ) ;
#2122 = CARTESIAN_POINT ( 'NONE',  ( 5.455000000000000071, 1.000000000000000000, 0.6499999999999998002 ) ) ;
#2123 = ORIENTED_EDGE ( 'NONE', *, *, #3683, .T. ) ;
#2124 = CARTESIAN_POINT ( 'NONE',  ( -5.580000000000000071, 4.599999999999999645, -0.4999999999999990563 ) ) ;
#2125 = LINE ( 'NONE', #663, #2436 ) ;
#2126 = ORIENTED_EDGE ( 'NONE', *, *, #2084, .F. ) ;
#2127 = EDGE_CURVE ( 'NONE', #1364, #3537, #1647, .T. ) ;
#2128 = AXIS2_PLACEMENT_3D ( 'NONE', #4327, #1214, #2580 ) ;
#2129 = DIRECTION ( 'NONE',  ( -6.023345402697245486E-17, 0.000000000000000000, -1.000000000000000000 ) ) ;
#2130 = ORIENTED_EDGE ( 'NONE', *, *, #1297, .T. ) ;
#2131 = CARTESIAN_POINT ( 'NONE',  ( -3.440000000000000391, 0.5999999999999998668, -1.269999999999999796 ) ) ;
#2132 = VERTEX_POINT ( 'NONE', #4152 ) ;
#2133 = LINE ( 'NONE', #2222, #2832 ) ;
#2134 = LINE ( 'NONE', #3527, #3464 ) ;
#2135 = PLANE ( 'NONE',  #3713 ) ;
#2136 = ORIENTED_EDGE ( 'NONE', *, *, #3905, .T. ) ;
#2137 = EDGE_LOOP ( 'NONE', ( #4470, #1350, #898, #3620 ) ) ;
#2138 = LINE ( 'NONE', #3214, #1384 ) ;
#2139 = EDGE_CURVE ( 'NONE', #361, #3613, #3041, .T. ) ;
#2140 = CARTESIAN_POINT ( 'NONE',  ( 4.705000000000000071, -1.593738312549088494E-16, 2.199999999999999734 ) ) ;
#2141 = ORIENTED_EDGE ( 'NONE', *, *, #1467, .F. ) ;
#2142 = CARTESIAN_POINT ( 'NONE',  ( -9.660000000000000142, 4.599999999999999645, 0.5000000000000016653 ) ) ;
#2143 = EDGE_CURVE ( 'NONE', #3813, #3188, #3733, .T. ) ;
#2144 = ORIENTED_EDGE ( 'NONE', *, *, #1085, .T. ) ;
#2145 = LINE ( 'NONE', #438, #2793 ) ;
#2146 = MECHANICAL_DESIGN_GEOMETRIC_PRESENTATION_REPRESENTATION (  '', ( #4177 ), #3765 ) ;
#2147 = LINE ( 'NONE', #3540, #3129 ) ;
#2148 = VECTOR ( 'NONE', #2593, 1000.000000000000000 ) ;
#2149 = EDGE_CURVE ( 'NONE', #4404, #355, #2434, .T. ) ;
#2150 = ORIENTED_EDGE ( 'NONE', *, *, #776, .T. ) ;
#2151 = CARTESIAN_POINT ( 'NONE',  ( -8.890000000000000568, 0.5999999999999998668, 1.050000000000001821 ) ) ;
#2152 = ORIENTED_EDGE ( 'NONE', *, *, #871, .F. ) ;
#2153 = AXIS2_PLACEMENT_3D ( 'NONE', #3154, #3934, #444 ) ;
#2154 = LINE ( 'NONE', #374, #283 ) ;
#2155 = LINE ( 'NONE', #1810, #2755 ) ;
#2156 = PRODUCT_DEFINITION ( 'UNKNOWN', '', #2268, #2305 ) ;
#2157 = FACE_OUTER_BOUND ( 'NONE', #1594, .T. ) ;
#2158 = LINE ( 'NONE', #449, #3319 ) ;
#2159 = DIRECTION ( 'NONE',  ( 0.000000000000000000, 0.000000000000000000, -1.000000000000000000 ) ) ;
#2160 = SURFACE_SIDE_STYLE ('',( #2450 ) ) ;
#2161 = ORIENTED_EDGE ( 'NONE', *, *, #3534, .T. ) ;
#2162 = CARTESIAN_POINT ( 'NONE',  ( 4.705000000000000071, 5.421010862427522170E-17, 0.9999999999999995559 ) ) ;
#2163 = DIRECTION ( 'NONE',  ( -1.000000000000000000, 0.000000000000000000, 2.168404344971008868E-16 ) ) ;
#2164 = UNCERTAINTY_MEASURE_WITH_UNIT (LENGTH_MEASURE( 1.000000000000000082E-05 ), #3226, 'distance_accuracy_value', 'NONE');
#2165 = DIRECTION ( 'NONE',  ( 0.000000000000000000, -0.000000000000000000, 1.000000000000000000 ) ) ;
#2166 = ORIENTED_EDGE ( 'NONE', *, *, #813, .F. ) ;
#2167 = VECTOR ( 'NONE', #2464, 1000.000000000000000 ) ;
#2168 = EDGE_CURVE ( 'NONE', #39, #1993, #3360, .T. ) ;
#2169 = LINE ( 'NONE', #1802, #1244 ) ;
#2170 = VECTOR ( 'NONE', #3983, 1000.000000000000000 ) ;
#2171 = EDGE_LOOP ( 'NONE', ( #1096, #2035, #1535, #650 ) ) ;
#2172 = CARTESIAN_POINT ( 'NONE',  ( -10.16000000000000014, 0.000000000000000000, 1.734723475976807094E-15 ) ) ;
#2173 = ORIENTED_EDGE ( 'NONE', *, *, #4015, .F. ) ;
#2174 = VECTOR ( 'NONE', #1151, 1000.000000000000000 ) ;
#2175 = ORIENTED_EDGE ( 'NONE', *, *, #3098, .F. ) ;
#2176 = AXIS2_PLACEMENT_3D ( 'NONE', #1981, #2005, #351 ) ;
#2177 = CARTESIAN_POINT ( 'NONE',  ( -3.040000000000000036, 4.740192378864668044, 0.5000000000000005551 ) ) ;
#2178 = FILL_AREA_STYLE_COLOUR ( '', #2773 ) ;
#2179 = LINE ( 'NONE', #2197, #1370 ) ;
#2180 = CARTESIAN_POINT ( 'NONE',  ( -7.119999999999999218, -0.001000000000000132727, 0.5000000000000012212 ) ) ;
#2181 = AXIS2_PLACEMENT_3D ( 'NONE', #1061, #709, #1083 ) ;
#2182 = CARTESIAN_POINT ( 'NONE',  ( -6.720000000000000639, 7.545584412271571395, 0.9000000000000012434 ) ) ;
#2183 = LINE ( 'NONE', #1428, #1959 ) ;
#2184 = DIRECTION ( 'NONE',  ( -1.000000000000000000, 0.000000000000000000, -0.000000000000000000 ) ) ;
#2185 = EDGE_LOOP ( 'NONE', ( #1752, #3263, #4073, #452 ) ) ;
#2186 = FACE_OUTER_BOUND ( 'NONE', #2747, .T. ) ;
#2187 = LINE ( 'NONE', #2892, #3722 ) ;
#2188 = EDGE_CURVE ( 'NONE', #4094, #3779, #302, .T. ) ;
#2189 = CARTESIAN_POINT ( 'NONE',  ( 2.914999999999999591, 0.3500000000000000333, -0.6499999999999995781 ) ) ;
#2190 = ORIENTED_EDGE ( 'NONE', *, *, #734, .F. ) ;
#2191 = CARTESIAN_POINT ( 'NONE',  ( -3.490000000000003322, 5.000000000000000000, 0.9500000000000040634 ) ) ;
#2192 = DIRECTION ( 'NONE',  ( -0.000000000000000000, 0.000000000000000000, -1.000000000000000000 ) ) ;
#2193 = VERTEX_POINT ( 'NONE', #2766 ) ;
#2194 = DIRECTION ( 'NONE',  ( 0.000000000000000000, -0.000000000000000000, 1.000000000000000000 ) ) ;
#2195 = EDGE_CURVE ( 'NONE', #605, #3585, #1434, .T. ) ;
#2196 = LINE ( 'NONE', #883, #4405 ) ;
#2197 = CARTESIAN_POINT ( 'NONE',  ( -6.349999999999999645, 0.5999999999999998668, -1.049999999999998934 ) ) ;
#2198 = EDGE_LOOP ( 'NONE', ( #4013, #3124, #4088, #526 ) ) ;
#2199 = CARTESIAN_POINT ( 'NONE',  ( -4.180000000000000604, 4.599999999999999645, -0.8999999999999995781 ) ) ;
#2200 = EDGE_CURVE ( 'NONE', #2752, #1890, #4352, .T. ) ;
#2201 = CARTESIAN_POINT ( 'NONE',  ( -2.040000000000000036, 5.000000000000000000, -0.9500000000000029532 ) ) ;
#2202 = VECTOR ( 'NONE', #334, 1000.000000000000000 ) ;
#2203 = VECTOR ( 'NONE', #3599, 1000.000000000000000 ) ;
#2204 = DIRECTION ( 'NONE',  ( 0.000000000000000000, 0.000000000000000000, 1.000000000000000000 ) ) ;
#2205 = FACE_OUTER_BOUND ( 'NONE', #1732, .T. ) ;
#2206 = ORIENTED_EDGE ( 'NONE', *, *, #2188, .F. ) ;
#2207 = DIRECTION ( 'NONE',  ( 0.000000000000000000, 0.000000000000000000, -1.000000000000000000 ) ) ;
#2208 = LINE ( 'NONE', #177, #1525 ) ;
#2209 = LINE ( 'NONE', #499, #2599 ) ;
#2210 = LINE ( 'NONE', #2805, #455 ) ;
#2211 = EDGE_CURVE ( 'NONE', #1681, #4094, #2232, .T. ) ;
#2212 = DIRECTION ( 'NONE',  ( 0.000000000000000000, 0.000000000000000000, 1.000000000000000000 ) ) ;
#2213 = ORIENTED_EDGE ( 'NONE', *, *, #3847, .F. ) ;
#2214 = PLANE ( 'NONE',  #3156 ) ;
#2215 = CARTESIAN_POINT ( 'NONE',  ( -5.980000000000000426, 0.5999999999999998668, -1.269999999999999352 ) ) ;
#2216 = VERTEX_POINT ( 'NONE', #3632 ) ;
#2217 = CARTESIAN_POINT ( 'NONE',  ( 0.000000000000000000, 4.599999999999999645, 0.000000000000000000 ) ) ;
#2218 = ORIENTED_EDGE ( 'NONE', *, *, #2867, .F. ) ;
#2219 = CARTESIAN_POINT ( 'NONE',  ( -12.32333076527839566, -0.5999999999999999778, -0.9000000000000000222 ) ) ;
#2220 = CARTESIAN_POINT ( 'NONE',  ( 0.5000000000000001110, 5.000000000000000000, -0.9500000000000033973 ) ) ;
#2221 = VECTOR ( 'NONE', #725, 1000.000000000000000 ) ;
#2222 = CARTESIAN_POINT ( 'NONE',  ( -9.260000000000001563, 4.599999999999999645, -0.8999999999999986899 ) ) ;
#2223 = EDGE_CURVE ( 'NONE', #3452, #1890, #2652, .T. ) ;
#2224 = EDGE_CURVE ( 'NONE', #2569, #1879, #521, .T. ) ;
#2225 = CARTESIAN_POINT ( 'NONE',  ( -9.260000000000001563, 7.545584412271571395, -0.8999999999999986899 ) ) ;
#2226 = CARTESIAN_POINT ( 'NONE',  ( -9.260000000000001563, 0.000000000000000000, -1.049999999999998490 ) ) ;
#2227 = ORIENTED_EDGE ( 'NONE', *, *, #3928, .F. ) ;
#2228 = FACE_OUTER_BOUND ( 'NONE', #571, .T. ) ;
#2229 = CARTESIAN_POINT ( 'NONE',  ( 0.000000000000000000, 5.000000000000000000, 0.000000000000000000 ) ) ;
#2230 = ADVANCED_FACE ( 'NONE', ( #2943 ), #922, .F. ) ;
#2231 = FACE_OUTER_BOUND ( 'NONE', #712, .T. ) ;
#2232 = LINE ( 'NONE', #1245, #4206 ) ;
#2233 = ORIENTED_EDGE ( 'NONE', *, *, #1749, .T. ) ;
#2234 = DIRECTION ( 'NONE',  ( -1.000000000000000000, 0.000000000000000000, 1.084202172485504434E-16 ) ) ;
#2235 = CARTESIAN_POINT ( 'NONE',  ( -3.040000000000000036, -0.001000000000000132727, 0.5000000000000005551 ) ) ;
#2236 = ORIENTED_EDGE ( 'NONE', *, *, #3049, .T. ) ;
#2237 = ORIENTED_EDGE ( 'NONE', *, *, #1701, .F. ) ;
#2238 = LINE ( 'NONE', #1488, #3805 ) ;
#2239 = VECTOR ( 'NONE', #1786, 1000.000000000000000 ) ;
#2240 = ORIENTED_EDGE ( 'NONE', *, *, #1046, .T. ) ;
#2241 = DIRECTION ( 'NONE',  ( 0.000000000000000000, 0.000000000000000000, 1.000000000000000000 ) ) ;
#2242 = LINE ( 'NONE', #3003, #2670 ) ;
#2243 = VECTOR ( 'NONE', #470, 1000.000000000000000 ) ;
#2244 = SURFACE_SIDE_STYLE ('',( #862 ) ) ;
#2245 = ORIENTED_EDGE ( 'NONE', *, *, #546, .F. ) ;
#2246 = DIRECTION ( 'NONE',  ( 0.000000000000000000, 0.000000000000000000, -1.000000000000000000 ) ) ;
#2247 = VECTOR ( 'NONE', #1994, 1000.000000000000000 ) ;
#2248 = CARTESIAN_POINT ( 'NONE',  ( -9.260000000000001563, 0.000000000000000000, 0.9000000000000016875 ) ) ;
#2249 = DIRECTION ( 'NONE',  ( 1.000000000000000000, 0.000000000000000000, 0.000000000000000000 ) ) ;
#2250 = VECTOR ( 'NONE', #3238, 1000.000000000000000 ) ;
#2251 = DIRECTION ( 'NONE',  ( -1.000000000000000000, 0.000000000000000000, 0.000000000000000000 ) ) ;
#2252 = ORIENTED_EDGE ( 'NONE', *, *, #4135, .F. ) ;
#2253 = CARTESIAN_POINT ( 'NONE',  ( -3.810000000000000053, 0.000000000000000000, 1.050000000000000933 ) ) ;
#2254 = EDGE_CURVE ( 'NONE', #134, #4106, #3286, .T. ) ;
#2255 = ADVANCED_FACE ( 'NONE', ( #179 ), #4333, .T. ) ;
#2256 = LINE ( 'NONE', #2075, #1078 ) ;
#2257 = PLANE ( 'NONE',  #1312 ) ;
#2258 = EDGE_LOOP ( 'NONE', ( #906, #4427, #2233, #911 ) ) ;
#2259 = DIRECTION ( 'NONE',  ( 1.000000000000000000, 0.000000000000000000, -1.084202172485504434E-16 ) ) ;
#2260 = STYLED_ITEM ( 'NONE', ( #1123 ), #4490 ) ;
#2261 = EDGE_CURVE ( 'NONE', #1551, #2308, #1965, .T. ) ;
#2262 = LINE ( 'NONE', #2363, #3208 ) ;
#2263 = VERTEX_POINT ( 'NONE', #3993 ) ;
#2264 = ORIENTED_EDGE ( 'NONE', *, *, #1099, .T. ) ;
#2265 = FACE_OUTER_BOUND ( 'NONE', #4455, .T. ) ;
#2266 = EDGE_LOOP ( 'NONE', ( #628, #3431, #3808, #3468 ) ) ;
#2267 = FACE_OUTER_BOUND ( 'NONE', #631, .T. ) ;
#2268 = PRODUCT_DEFINITION_FORMATION_WITH_SPECIFIED_SOURCE ( 'ANY', '', #69, .NOT_KNOWN. ) ;
#2269 = EDGE_LOOP ( 'NONE', ( #2420, #4048, #788, #4383 ) ) ;
#2270 = CARTESIAN_POINT ( 'NONE',  ( 0.5000000000000001110, -0.001000000000000132727, 0.4999999999999998890 ) ) ;
#2271 = FACE_OUTER_BOUND ( 'NONE', #3707, .T. ) ;
#2272 = ADVANCED_FACE ( 'NONE', ( #874 ), #2257, .F. ) ;
#2273 = DIRECTION ( 'NONE',  ( 1.000000000000000000, 0.000000000000000000, 0.000000000000000000 ) ) ;
#2274 = DIRECTION ( 'NONE',  ( 1.000000000000000000, 0.000000000000000000, -2.409338161078898687E-16 ) ) ;
#2275 = CARTESIAN_POINT ( 'NONE',  ( -8.519999999999999574, 7.545584412271571395, 0.9000000000000012434 ) ) ;
#2276 = VERTEX_POINT ( 'NONE', #1569 ) ;
#2277 = CARTESIAN_POINT ( 'NONE',  ( -1.639999999999999902, 0.000000000000000000, 0.9000000000000003553 ) ) ;
#2278 = VECTOR ( 'NONE', #2251, 1000.000000000000000 ) ;
#2279 = ORIENTED_EDGE ( 'NONE', *, *, #4237, .F. ) ;
#2280 = EDGE_CURVE ( 'NONE', #1879, #3840, #2628, .T. ) ;
#2281 = CARTESIAN_POINT ( 'NONE',  ( 5.455000000000000071, 1.000000000000000000, 0.6499999999999998002 ) ) ;
#2282 = ORIENTED_EDGE ( 'NONE', *, *, #2683, .F. ) ;
#2283 = DIRECTION ( 'NONE',  ( 0.000000000000000000, 1.000000000000000000, 0.000000000000000000 ) ) ;
#2284 = VECTOR ( 'NONE', #2936, 1000.000000000000000 ) ;
#2285 = ADVANCED_FACE ( 'NONE', ( #4017 ), #897, .F. ) ;
#2286 = DIRECTION ( 'NONE',  ( 1.000000000000000000, 0.000000000000000000, -2.409338161078898687E-16 ) ) ;
#2287 = ORIENTED_EDGE ( 'NONE', *, *, #3121, .T. ) ;
#2288 = ORIENTED_EDGE ( 'NONE', *, *, #738, .F. ) ;
#2289 = DIRECTION ( 'NONE',  ( 0.000000000000000000, 0.000000000000000000, -1.000000000000000000 ) ) ;
#2290 = ORIENTED_EDGE ( 'NONE', *, *, #1617, .T. ) ;
#2291 = DIRECTION ( 'NONE',  ( 0.000000000000000000, -0.000000000000000000, -1.000000000000000000 ) ) ;
#2292 = ORIENTED_EDGE ( 'NONE', *, *, #2358, .T. ) ;
#2293 = LINE ( 'NONE', #4365, #2458 ) ;
#2294 = DIRECTION ( 'NONE',  ( 1.000000000000000000, 0.000000000000000000, 0.000000000000000000 ) ) ;
#2295 = EDGE_CURVE ( 'NONE', #2823, #711, #3329, .T. ) ;
#2296 = VECTOR ( 'NONE', #3270, 1000.000000000000000 ) ;
#2297 = CARTESIAN_POINT ( 'NONE',  ( -4.180000000000000604, 0.5999999999999998668, -1.049999999999999378 ) ) ;
#2298 = DIRECTION ( 'NONE',  ( -0.000000000000000000, 1.000000000000000000, 0.000000000000000000 ) ) ;
#2299 = LINE ( 'NONE', #3323, #2352 ) ;
#2300 = CARTESIAN_POINT ( 'NONE',  ( -9.260000000000001563, 4.599999999999999645, 0.9000000000000016875 ) ) ;
#2301 = VECTOR ( 'NONE', #46, 1000.000000000000000 ) ;
#2302 = CARTESIAN_POINT ( 'NONE',  ( 5.455000000000000071, 1.000000000000000000, 0.6499999999999998002 ) ) ;
#2303 = ORIENTED_EDGE ( 'NONE', *, *, #3698, .F. ) ;
#2304 = VECTOR ( 'NONE', #1526, 1000.000000000000000 ) ;
#2305 = PRODUCT_DEFINITION_CONTEXT ( 'detailed design', #3518, 'design' ) ;
#2306 = ORIENTED_EDGE ( 'NONE', *, *, #181, .F. ) ;
#2307 = DIRECTION ( 'NONE',  ( 0.000000000000000000, -3.336006684570783101E-16, 1.000000000000000000 ) ) ;
#2308 = VERTEX_POINT ( 'NONE', #2896 ) ;
#2309 = LINE ( 'NONE', #1362, #1848 ) ;
#2310 = LINE ( 'NONE', #547, #17 ) ;
#2311 = ORIENTED_EDGE ( 'NONE', *, *, #3227, .F. ) ;
#2312 = ORIENTED_EDGE ( 'NONE', *, *, #15, .T. ) ;
#2313 = DIRECTION ( 'NONE',  ( 1.000000000000000000, 0.000000000000000000, -0.000000000000000000 ) ) ;
#2314 = EDGE_LOOP ( 'NONE', ( #921, #633, #1575, #2750 ) ) ;
#2315 = EDGE_CURVE ( 'NONE', #1201, #2512, #4286, .T. ) ;
#2316 = EDGE_CURVE ( 'NONE', #3163, #2017, #4488, .T. ) ;
#2317 =( NAMED_UNIT ( * ) PLANE_ANGLE_UNIT ( ) SI_UNIT ( $, .RADIAN. ) );
#2318 = PLANE ( 'NONE',  #660 ) ;
#2319 = EDGE_CURVE ( 'NONE', #1760, #3613, #608, .T. ) ;
#2320 = VECTOR ( 'NONE', #2029, 1000.000000000000000 ) ;
#2321 = AXIS2_PLACEMENT_3D ( 'NONE', #2180, #448, #100 ) ;
#2322 = VECTOR ( 'NONE', #43, 1000.000000000000000 ) ;
#2323 = DIRECTION ( 'NONE',  ( -1.000000000000000000, -0.000000000000000000, -0.000000000000000000 ) ) ;
#2324 = DIRECTION ( 'NONE',  ( 0.000000000000000000, -4.517509052022934484E-16, 1.000000000000000000 ) ) ;
#2325 = FACE_BOUND ( 'NONE', #2360, .T. ) ;
#2326 = ORIENTED_EDGE ( 'NONE', *, *, #222, .F. ) ;
#2327 = CARTESIAN_POINT ( 'NONE',  ( -3.440000000000000391, 7.545584412271571395, 0.9000000000000003553 ) ) ;
#2328 = VECTOR ( 'NONE', #839, 1000.000000000000000 ) ;
#2329 = ORIENTED_EDGE ( 'NONE', *, *, #4141, .T. ) ;
#2330 = LINE ( 'NONE', #1638, #852 ) ;
#2331 = VERTEX_POINT ( 'NONE', #1016 ) ;
#2332 = CARTESIAN_POINT ( 'NONE',  ( -4.180000000000000604, 7.545584412271571395, -0.9000000000000000222 ) ) ;
#2333 = EDGE_LOOP ( 'NONE', ( #2587, #3117, #948, #461 ) ) ;
#2334 = ADVANCED_FACE ( 'NONE', ( #1694 ), #1285, .F. ) ;
#2335 = VECTOR ( 'NONE', #2881, 1000.000000000000000 ) ;
#2336 = DIRECTION ( 'NONE',  ( -1.000000000000000000, -0.000000000000000000, -0.000000000000000000 ) ) ;
#2337 = VERTEX_POINT ( 'NONE', #3062 ) ;
#2338 = ORIENTED_EDGE ( 'NONE', *, *, #2797, .T. ) ;
#2339 = CARTESIAN_POINT ( 'NONE',  ( -8.120000000000000995, 4.599999999999999645, 0.5000000000000014433 ) ) ;
#2340 = ORIENTED_EDGE ( 'NONE', *, *, #332, .T. ) ;
#2341 = VECTOR ( 'NONE', #2900, 1000.000000000000000 ) ;
#2342 = VERTEX_POINT ( 'NONE', #296 ) ;
#2343 = DIRECTION ( 'NONE',  ( 1.000000000000000000, -0.000000000000000000, -0.000000000000000000 ) ) ;
#2344 = EDGE_CURVE ( 'NONE', #2276, #3925, #3014, .T. ) ;
#2345 = ORIENTED_EDGE ( 'NONE', *, *, #4456, .F. ) ;
#2346 = LINE ( 'NONE', #4473, #3489 ) ;
#2347 = DIRECTION ( 'NONE',  ( 0.000000000000000000, -0.000000000000000000, 1.000000000000000000 ) ) ;
#2348 = DIRECTION ( 'NONE',  ( 0.000000000000000000, 1.000000000000000000, 0.000000000000000000 ) ) ;
#2350 = EDGE_CURVE ( 'NONE', #3565, #4464, #4421, .T. ) ;
#2349 = CARTESIAN_POINT ( 'NONE',  ( -0.9000000000000001332, 0.000000000000000000, 0.9000000000000000222 ) ) ;
#2351 = LINE ( 'NONE', #3444, #3996 ) ;
#2352 = VECTOR ( 'NONE', #218, 1000.000000000000000 ) ;
#2353 = PRODUCT_DEFINITION_SHAPE ( 'NONE', 'NONE',  #1353 ) ;
#2354 = CARTESIAN_POINT ( 'NONE',  ( -7.119999999999999218, 4.599999999999999645, 0.5000000000000012212 ) ) ;
#2355 = UNCERTAINTY_MEASURE_WITH_UNIT (LENGTH_MEASURE( 1.000000000000000082E-05 ), #379, 'distance_accuracy_value', 'NONE');
#2356 = CARTESIAN_POINT ( 'NONE',  ( -9.660000000000000142, 4.740192378864668044, -0.4999999999999982792 ) ) ;
#2358 = EDGE_CURVE ( 'NONE', #3960, #1293, #1040, .T. ) ;
#2357 = ORIENTED_EDGE ( 'NONE', *, *, #1253, .F. ) ;
#2359 = CARTESIAN_POINT ( 'NONE',  ( 5.455000000000000071, 0.2499999999999994726, 2.199999999999999734 ) ) ;
#2360 = EDGE_LOOP ( 'NONE', ( #3475, #4001, #1651, #4006 ) ) ;
#2361 = PRESENTATION_LAYER_ASSIGNMENT (  '', '', ( #4460 ) ) ;
#2362 = EDGE_CURVE ( 'NONE', #1577, #2276, #3086, .T. ) ;
#2363 = CARTESIAN_POINT ( 'NONE',  ( -1.640000000000000124, 0.5999999999999998668, -0.9000000000000000222 ) ) ;
#2364 = EDGE_LOOP ( 'NONE', ( #3881, #1702, #500, #3022 ) ) ;
#2365 = ORIENTED_EDGE ( 'NONE', *, *, #4396, .F. ) ;
#2366 = CARTESIAN_POINT ( 'NONE',  ( 5.455000000000000071, 1.000000000000000000, 0.6499999999999998002 ) ) ;
#2367 = ORIENTED_EDGE ( 'NONE', *, *, #1264, .T. ) ;
#2368 = DIRECTION ( 'NONE',  ( 0.000000000000000000, 0.000000000000000000, -1.000000000000000000 ) ) ;
#2369 = ORIENTED_EDGE ( 'NONE', *, *, #2694, .T. ) ;
#2370 = ORIENTED_EDGE ( 'NONE', *, *, #2316, .T. ) ;
#2371 = VECTOR ( 'NONE', #2922, 1000.000000000000000 ) ;
#2372 = CARTESIAN_POINT ( 'NONE',  ( 2.165000000000000036, 0.000000000000000000, -2.200000000000000622 ) ) ;
#2373 = PLANE ( 'NONE',  #1162 ) ;
#2374 = DIRECTION ( 'NONE',  ( 0.000000000000000000, 0.000000000000000000, -1.000000000000000000 ) ) ;
#2375 = CARTESIAN_POINT ( 'NONE',  ( -4.180000000000000604, 4.599999999999999645, 0.9000000000000007994 ) ) ;
#2376 = ORIENTED_EDGE ( 'NONE', *, *, #4415, .T. ) ;
#2377 = LINE ( 'NONE', #4439, #649 ) ;
#2378 = ADVANCED_FACE ( 'NONE', ( #250 ), #1621, .F. ) ;
#2379 = ORIENTED_EDGE ( 'NONE', *, *, #2280, .F. ) ;
#2380 = LINE ( 'NONE', #3398, #1169 ) ;
#2381 = ORIENTED_EDGE ( 'NONE', *, *, #3018, .F. ) ;
#2382 = CARTESIAN_POINT ( 'NONE',  ( -7.691428571428571281, 4.492756549211971873, -0.07142857142856950947 ) ) ;
#2383 = ORIENTED_EDGE ( 'NONE', *, *, #3657, .T. ) ;
#2384 = VECTOR ( 'NONE', #3545, 1000.000000000000000 ) ;
#2385 = CARTESIAN_POINT ( 'NONE',  ( -1.639999999999999902, 4.599999999999999645, 0.9000000000000003553 ) ) ;
#2386 = ORIENTED_EDGE ( 'NONE', *, *, #864, .F. ) ;
#2387 = ORIENTED_EDGE ( 'NONE', *, *, #3316, .T. ) ;
#2388 = CARTESIAN_POINT ( 'NONE',  ( 0.9000000000000001332, 0.5999999999999998668, 0.9000000000000000222 ) ) ;
#2389 = EDGE_LOOP ( 'NONE', ( #28, #3474, #4064, #2921 ) ) ;
#2390 = PLANE ( 'NONE',  #4258 ) ;
#2391 = ORIENTED_EDGE ( 'NONE', *, *, #3274, .T. ) ;
#2392 = DIRECTION ( 'NONE',  ( -3.614007241618348771E-16, 1.000000000000000000, 0.000000000000000000 ) ) ;
#2393 = EDGE_CURVE ( 'NONE', #4122, #4394, #3057, .T. ) ;
#2394 = PLANE ( 'NONE',  #1306 ) ;
#2395 = DIRECTION ( 'NONE',  ( 0.000000000000000000, 0.000000000000000000, 1.000000000000000000 ) ) ;
#2396 = DIRECTION ( 'NONE',  ( 1.000000000000000000, -0.000000000000000000, -1.707404996040164265E-16 ) ) ;
#2397 = ORIENTED_EDGE ( 'NONE', *, *, #677, .F. ) ;
#2398 = DIRECTION ( 'NONE',  ( 1.000000000000000000, 0.000000000000000000, 0.000000000000000000 ) ) ;
#2399 = CARTESIAN_POINT ( 'NONE',  ( 5.455000000000000071, -1.593738312549088494E-16, 2.199999999999999734 ) ) ;
#2400 = VECTOR ( 'NONE', #49, 1000.000000000000000 ) ;
#2401 = LINE ( 'NONE', #340, #3051 ) ;
#2402 = AXIS2_PLACEMENT_3D ( 'NONE', #3375, #2057, #2777 ) ;
#2403 = ORIENTED_EDGE ( 'NONE', *, *, #2350, .T. ) ;
#2404 = VECTOR ( 'NONE', #2933, 1000.000000000000000 ) ;
#2405 = EDGE_CURVE ( 'NONE', #1293, #743, #2674, .T. ) ;
#2406 = DIRECTION ( 'NONE',  ( -1.000000000000000000, -0.000000000000000000, -0.000000000000000000 ) ) ;
#2407 = ADVANCED_FACE ( 'NONE', ( #2059 ), #4151, .F. ) ;
#2408 = DIRECTION ( 'NONE',  ( 0.6546536707079776418, -0.3779644730092257543, 0.6546536707079775308 ) ) ;
#2409 = VECTOR ( 'NONE', #1003, 1000.000000000000000 ) ;
#2410 = VECTOR ( 'NONE', #3200, 1000.000000000000000 ) ;
#2411 = VECTOR ( 'NONE', #153, 1000.000000000000000 ) ;
#2412 = ADVANCED_FACE ( 'NONE', ( #3355 ), #1644, .F. ) ;
#2413 = DIRECTION ( 'NONE',  ( -3.614007241618348771E-16, 1.000000000000000000, 0.000000000000000000 ) ) ;
#2414 = ORIENTED_EDGE ( 'NONE', *, *, #738, .T. ) ;
#2415 = DIRECTION ( 'NONE',  ( 0.000000000000000000, 0.000000000000000000, 1.000000000000000000 ) ) ;
#2416 = ORIENTED_EDGE ( 'NONE', *, *, #1351, .F. ) ;
#2417 = PLANE ( 'NONE',  #2951 ) ;
#2418 = VERTEX_POINT ( 'NONE', #271 ) ;
#2419 = CARTESIAN_POINT ( 'NONE',  ( -12.32333076527839566, -0.5999999999999999778, -0.9000000000000000222 ) ) ;
#2420 = ORIENTED_EDGE ( 'NONE', *, *, #308, .F. ) ;
#2421 = CARTESIAN_POINT ( 'NONE',  ( 1.269999999999999796, 5.000000000000000888, -1.270000000000000240 ) ) ;
#2422 = VERTEX_POINT ( 'NONE', #3036 ) ;
#2423 = EDGE_CURVE ( 'NONE', #1108, #4157, #3753, .T. ) ;
#2424 = ORIENTED_EDGE ( 'NONE', *, *, #2809, .F. ) ;
#2425 = CARTESIAN_POINT ( 'NONE',  ( -2.040000000000000036, 4.599999999999999645, 0.5000000000000003331 ) ) ;
#2426 = APPLICATION_CONTEXT ( 'automotive_design' ) ;
#2427 = CARTESIAN_POINT ( 'NONE',  ( -3.440000000000000391, 4.599999999999999645, 0.9000000000000003553 ) ) ;
#2428 = LINE ( 'NONE', #671, #1518 ) ;
#2429 = ORIENTED_EDGE ( 'NONE', *, *, #4274, .T. ) ;
#2430 = CARTESIAN_POINT ( 'NONE',  ( -8.519999999999999574, 7.545584412271571395, -0.9000000000000000222 ) ) ;
#2431 = CARTESIAN_POINT ( 'NONE',  ( -12.32333076527839566, -0.5999999999999999778, 0.9000000000000000222 ) ) ;
#2432 = VERTEX_POINT ( 'NONE', #630 ) ;
#2433 = EDGE_CURVE ( 'NONE', #1334, #175, #2016, .T. ) ;
#2434 = LINE ( 'NONE', #1695, #227 ) ;
#2435 = VERTEX_POINT ( 'NONE', #1664 ) ;
#2436 = VECTOR ( 'NONE', #4192, 1000.000000000000000 ) ;
#2437 = ORIENTED_EDGE ( 'NONE', *, *, #3174, .T. ) ;
#2438 = ADVANCED_FACE ( 'NONE', ( #3778 ), #648, .T. ) ;
#2439 = EDGE_CURVE ( 'NONE', #3988, #2342, #1963, .T. ) ;
#2440 = CARTESIAN_POINT ( 'NONE',  ( -3.440000000000000391, 0.5999999999999998668, -1.049999999999999822 ) ) ;
#2441 = EDGE_LOOP ( 'NONE', ( #4408, #1922, #1773, #1204 ) ) ;
#2442 = DIRECTION ( 'NONE',  ( 0.000000000000000000, 1.000000000000000000, 0.000000000000000000 ) ) ;
#2443 = ORIENTED_EDGE ( 'NONE', *, *, #1801, .T. ) ;
#2444 = LINE ( 'NONE', #2088, #445 ) ;
#2445 = VECTOR ( 'NONE', #4313, 1000.000000000000000 ) ;
#2446 = VERTEX_POINT ( 'NONE', #2873 ) ;
#2447 = FACE_OUTER_BOUND ( 'NONE', #3699, .T. ) ;
#2448 = CARTESIAN_POINT ( 'NONE',  ( -7.119999999999999218, -0.001000000000000132727, 0.5000000000000012212 ) ) ;
#2449 = LINE ( 'NONE', #3465, #4203 ) ;
#2450 = SURFACE_STYLE_FILL_AREA ( #2778 ) ;
#2451 = DIRECTION ( 'NONE',  ( -1.000000000000000000, 0.000000000000000000, 6.023345402697245486E-17 ) ) ;
#2452 = DIRECTION ( 'NONE',  ( 0.000000000000000000, 0.000000000000000000, -1.000000000000000000 ) ) ;
#2453 = ORIENTED_EDGE ( 'NONE', *, *, #3962, .T. ) ;
#2454 = CARTESIAN_POINT ( 'NONE',  ( -2.611428571428570766, 4.492756549211971873, -0.07142857142857036989 ) ) ;
#2455 = VECTOR ( 'NONE', #3842, 1000.000000000000000 ) ;
#2456 = EDGE_LOOP ( 'NONE', ( #3716, #2590, #3131, #1925 ) ) ;
#2457 = DIRECTION ( 'NONE',  ( 1.000000000000000000, 0.000000000000000000, -2.409338161078898687E-16 ) ) ;
#2458 = VECTOR ( 'NONE', #1231, 1000.000000000000000 ) ;
#2459 = ORIENTED_EDGE ( 'NONE', *, *, #4031, .T. ) ;
#2460 = EDGE_CURVE ( 'NONE', #459, #3505, #2854, .T. ) ;
#2461 = PLANE ( 'NONE',  #724 ) ;
#2462 = EDGE_CURVE ( 'NONE', #3529, #3813, #3215, .T. ) ;
#2463 = ORIENTED_EDGE ( 'NONE', *, *, #2555, .F. ) ;
#2464 = DIRECTION ( 'NONE',  ( 0.000000000000000000, 1.000000000000000000, 0.000000000000000000 ) ) ;
#2465 = VERTEX_POINT ( 'NONE', #61 ) ;
#2466 = CARTESIAN_POINT ( 'NONE',  ( -11.06000000000000050, 3.895694160567695352, -1.049999999999998490 ) ) ;
#2467 = CARTESIAN_POINT ( 'NONE',  ( -5.980000000000000426, 4.599999999999999645, 0.9000000000000007994 ) ) ;
#2468 = ORIENTED_EDGE ( 'NONE', *, *, #425, .F. ) ;
#2469 = EDGE_LOOP ( 'NONE', ( #522, #1313, #1964, #1974 ) ) ;
#2470 = CARTESIAN_POINT ( 'NONE',  ( -4.580000000000000071, 4.740192378864668044, -0.4999999999999991673 ) ) ;
#2471 = PLANE ( 'NONE',  #3798 ) ;
#2473 = ORIENTED_EDGE ( 'NONE', *, *, #554, .F. ) ;
#2472 = AXIS2_PLACEMENT_3D ( 'NONE', #1359, #3830, #2711 ) ;
#2474 = PRESENTATION_LAYER_ASSIGNMENT (  '', '', ( #4204 ) ) ;
#2475 = DIRECTION ( 'NONE',  ( -1.000000000000000000, 0.000000000000000000, 0.000000000000000000 ) ) ;
#2476 = ADVANCED_FACE ( 'NONE', ( #3146 ), #1133, .T. ) ;
#2477 = ORIENTED_EDGE ( 'NONE', *, *, #2223, .F. ) ;
#2478 = CARTESIAN_POINT ( 'NONE',  ( -6.720000000000000639, 0.000000000000000000, -1.049999999999998934 ) ) ;
#2479 = VECTOR ( 'NONE', #2744, 1000.000000000000000 ) ;
#2480 = CARTESIAN_POINT ( 'NONE',  ( -11.06000000000000050, 0.5999999999999998668, 1.050000000000001821 ) ) ;
#2481 = AXIS2_PLACEMENT_3D ( 'NONE', #2538, #1778, #2165 ) ;
#2482 = LINE ( 'NONE', #4175, #4059 ) ;
#2483 = ORIENTED_EDGE ( 'NONE', *, *, #2048, .T. ) ;
#2484 = ADVANCED_FACE ( 'NONE', ( #106 ), #1432, .F. ) ;
#2485 = CARTESIAN_POINT ( 'NONE',  ( -9.260000000000001563, 0.5999999999999998668, -1.269999999999998463 ) ) ;
#2486 = ORIENTED_EDGE ( 'NONE', *, *, #4291, .F. ) ;
#2487 = VECTOR ( 'NONE', #1999, 1000.000000000000000 ) ;
#2488 = DIRECTION ( 'NONE',  ( -0.000000000000000000, 0.000000000000000000, 1.000000000000000000 ) ) ;
#2489 = PLANE ( 'NONE',  #1419 ) ;
#2490 = PRESENTATION_LAYER_ASSIGNMENT (  '', '', ( #2561 ) ) ;
#2491 = EDGE_CURVE ( 'NONE', #4404, #2526, #4166, .T. ) ;
#2492 = LINE ( 'NONE', #751, #3580 ) ;
#2493 = EDGE_LOOP ( 'NONE', ( #1542, #2288, #3820, #850 ) ) ;
#2494 = ORIENTED_EDGE ( 'NONE', *, *, #2114, .F. ) ;
#2495 = DIRECTION ( 'NONE',  ( 1.000000000000000000, -0.000000000000000000, -0.000000000000000000 ) ) ;
#2496 = CARTESIAN_POINT ( 'NONE',  ( 4.705000000000000071, 0.3499999999999999778, 0.9999999999999995559 ) ) ;
#2497 = EDGE_CURVE ( 'NONE', #4464, #2512, #1754, .T. ) ;
#2498 = FACE_OUTER_BOUND ( 'NONE', #3151, .T. ) ;
#2499 = VERTEX_POINT ( 'NONE', #3467 ) ;
#2500 = EDGE_CURVE ( 'NONE', #2499, #2058, #2802, .T. ) ;
#2501 = DIRECTION ( 'NONE',  ( -6.023345402697245486E-17, 0.000000000000000000, -1.000000000000000000 ) ) ;
#2502 = ORIENTED_EDGE ( 'NONE', *, *, #4167, .T. ) ;
#2503 = PRODUCT ( 'BG125-x_05', 'BG125-x_05', '', ( #2661 ) ) ;
#2504 = VERTEX_POINT ( 'NONE', #3921 ) ;
#2505 = LINE ( 'NONE', #1049, #1969 ) ;
#2506 = LINE ( 'NONE', #2863, #3469 ) ;
#2507 = DIRECTION ( 'NONE',  ( -1.000000000000000000, 0.000000000000000000, 0.000000000000000000 ) ) ;
#2508 = ORIENTED_EDGE ( 'NONE', *, *, #4153, .T. ) ;
#2509 = CARTESIAN_POINT ( 'NONE',  ( 5.455000000000000071, 0.3499999999999999778, 0.9999999999999995559 ) ) ;
#2510 = LINE ( 'NONE', #769, #4182 ) ;
#2511 = DIRECTION ( 'NONE',  ( 0.000000000000000000, -1.000000000000000000, 0.000000000000000000 ) ) ;
#2512 = VERTEX_POINT ( 'NONE', #3554 ) ;
#2513 = EDGE_LOOP ( 'NONE', ( #4154, #3043, #3786, #3874 ) ) ;
#2514 = LINE ( 'NONE', #1109, #3494 ) ;
#2515 = CARTESIAN_POINT ( 'NONE',  ( -2.040000000000000036, 4.740192378864668044, -0.4999999999999995559 ) ) ;
#2516 = AXIS2_PLACEMENT_3D ( 'NONE', #3660, #876, #2259 ) ;
#2517 = ADVANCED_FACE ( 'NONE', ( #454 ), #3884, .F. ) ;
#2518 = DIRECTION ( 'NONE',  ( -0.000000000000000000, 0.000000000000000000, -1.000000000000000000 ) ) ;
#2519 = VERTEX_POINT ( 'NONE', #3836 ) ;
#2520 = PLANE ( 'NONE',  #3492 ) ;
#2521 = ORIENTED_EDGE ( 'NONE', *, *, #1199, .F. ) ;
#2522 = FACE_OUTER_BOUND ( 'NONE', #2768, .T. ) ;
#2523 = ORIENTED_EDGE ( 'NONE', *, *, #4141, .F. ) ;
#2524 = CARTESIAN_POINT ( 'NONE',  ( 2.914999999999999591, 5.421010862427522170E-17, -0.9999999999999995559 ) ) ;
#2525 = LINE ( 'NONE', #1468, #3192 ) ;
#2526 = VERTEX_POINT ( 'NONE', #755 ) ;
#2527 = LINE ( 'NONE', #29, #78 ) ;
#2528 = EDGE_CURVE ( 'NONE', #1733, #1139, #4187, .T. ) ;
#2529 = DIRECTION ( 'NONE',  ( 0.000000000000000000, 0.000000000000000000, -1.000000000000000000 ) ) ;
#2530 = VECTOR ( 'NONE', #2650, 1000.000000000000000 ) ;
#2531 = DIRECTION ( 'NONE',  ( -1.000000000000000000, 0.000000000000000000, 0.000000000000000000 ) ) ;
#2532 = LINE ( 'NONE', #150, #2865 ) ;
#2533 = ORIENTED_EDGE ( 'NONE', *, *, #3342, .F. ) ;
#2534 = FACE_OUTER_BOUND ( 'NONE', #2269, .T. ) ;
#2535 = CARTESIAN_POINT ( 'NONE',  ( 1.270000000000000018, 0.5999999999999998668, 1.050000000000000044 ) ) ;
#2536 = AXIS2_PLACEMENT_3D ( 'NONE', #3649, #1539, #2347 ) ;
#2537 = EDGE_CURVE ( 'NONE', #350, #40, #3532, .T. ) ;
#2538 = CARTESIAN_POINT ( 'NONE',  ( -7.620000000000000107, 0.000000000000000000, 1.301042606982605124E-15 ) ) ;
#2539 = EDGE_LOOP ( 'NONE', ( #1019, #2397, #208, #2483 ) ) ;
#2540 = CARTESIAN_POINT ( 'NONE',  ( 5.455000000000000071, 5.421010862427522170E-17, 0.9999999999999995559 ) ) ;
#2541 = VECTOR ( 'NONE', #1857, 1000.000000000000000 ) ;
#2542 = ADVANCED_FACE ( 'NONE', ( #12 ), #435, .T. ) ;
#2543 = CARTESIAN_POINT ( 'NONE',  ( 0.5000000000000001110, 4.740192378864668044, 0.4999999999999998890 ) ) ;
#2544 = VECTOR ( 'NONE', #2049, 1000.000000000000000 ) ;
#2545 = ORIENTED_EDGE ( 'NONE', *, *, #2069, .F. ) ;
#2546 = DIRECTION ( 'NONE',  ( 6.023345402697245486E-17, 0.000000000000000000, 1.000000000000000000 ) ) ;
#2547 = ORIENTED_EDGE ( 'NONE', *, *, #1440, .F. ) ;
#2548 = VECTOR ( 'NONE', #1411, 1000.000000000000000 ) ;
#2549 = VECTOR ( 'NONE', #3178, 1000.000000000000000 ) ;
#2550 = CARTESIAN_POINT ( 'NONE',  ( 4.705000000000000071, 1.000000000000000000, 0.6499999999999998002 ) ) ;
#2551 = VECTOR ( 'NONE', #4314, 1000.000000000000000 ) ;
#2552 =( LENGTH_UNIT ( ) NAMED_UNIT ( * ) SI_UNIT ( .MILLI., .METRE. ) );
#2553 = CARTESIAN_POINT ( 'NONE',  ( 0.9000000000000000222, 0.000000000000000000, 1.050000000000000044 ) ) ;
#2554 = CARTESIAN_POINT ( 'NONE',  ( -8.519999999999999574, 0.5999999999999998668, -1.049999999999998934 ) ) ;
#2555 = EDGE_CURVE ( 'NONE', #2759, #2504, #3190, .T. ) ;
#2556 = LINE ( 'NONE', #3482, #3811 ) ;
#2557 =( LENGTH_UNIT ( ) NAMED_UNIT ( * ) SI_UNIT ( .MILLI., .METRE. ) );
#2558 = EDGE_LOOP ( 'NONE', ( #246, #1262, #4452, #1976 ) ) ;
#2559 = CARTESIAN_POINT ( 'NONE',  ( -8.890000000000000568, 0.000000000000000000, 1.050000000000001821 ) ) ;
#2560 = CARTESIAN_POINT ( 'NONE',  ( -8.120000000000000995, -0.001000000000000132727, 0.5000000000000014433 ) ) ;
#2561 = STYLED_ITEM ( 'NONE', ( #3065 ), #1719 ) ;
#2562 = CARTESIAN_POINT ( 'NONE',  ( -8.519999999999999574, 0.5999999999999998668, -1.269999999999998908 ) ) ;
#2563 = VECTOR ( 'NONE', #1197, 1000.000000000000000 ) ;
#2564 = FACE_OUTER_BOUND ( 'NONE', #3706, .T. ) ;
#2565 = DIRECTION ( 'NONE',  ( 0.6546536707079776418, 0.3779644730092257543, 0.6546536707079775308 ) ) ;
#2566 = ORIENTED_EDGE ( 'NONE', *, *, #36, .T. ) ;
#2567 = EDGE_CURVE ( 'NONE', #3810, #822, #1729, .T. ) ;
#2568 = PLANE ( 'NONE',  #1668 ) ;
#2569 = VERTEX_POINT ( 'NONE', #2780 ) ;
#2570 = CARTESIAN_POINT ( 'NONE',  ( -6.720000000000000639, 7.545584412271571395, 0.9000000000000012434 ) ) ;
#2571 = ORIENTED_EDGE ( 'NONE', *, *, #3316, .F. ) ;
#2572 = FACE_OUTER_BOUND ( 'NONE', #3594, .T. ) ;
#2573 = ADVANCED_FACE ( 'NONE', ( #3487 ), #2471, .T. ) ;
#2574 = CARTESIAN_POINT ( 'NONE',  ( -1.640000000000000124, 0.000000000000000000, 1.050000000000000488 ) ) ;
#2575 = ORIENTED_EDGE ( 'NONE', *, *, #1351, .T. ) ;
#2576 = CARTESIAN_POINT ( 'NONE',  ( -8.519999999999999574, 0.000000000000000000, 1.050000000000001377 ) ) ;
#2577 = VECTOR ( 'NONE', #174, 1000.000000000000000 ) ;
#2578 = AXIS2_PLACEMENT_3D ( 'NONE', #512, #577, #2204 ) ;
#2579 = EDGE_CURVE ( 'NONE', #2637, #3280, #411, .T. ) ;
#2580 = DIRECTION ( 'NONE',  ( -1.000000000000000000, 0.000000000000000000, 1.084202172485504434E-16 ) ) ;
#2581 = DIRECTION ( 'NONE',  ( 2.409338161078898687E-16, 0.000000000000000000, 1.000000000000000000 ) ) ;
#2582 = ORIENTED_EDGE ( 'NONE', *, *, #2814, .T. ) ;
#2583 = FACE_OUTER_BOUND ( 'NONE', #3866, .T. ) ;
#2584 = DIRECTION ( 'NONE',  ( -0.000000000000000000, 0.000000000000000000, 1.000000000000000000 ) ) ;
#2585 = DIRECTION ( 'NONE',  ( 0.000000000000000000, -1.000000000000000000, 0.000000000000000000 ) ) ;
#2586 = AXIS2_PLACEMENT_3D ( 'NONE', #3926, #1506, #2945 ) ;
#2587 = ORIENTED_EDGE ( 'NONE', *, *, #2826, .T. ) ;
#2588 = CARTESIAN_POINT ( 'NONE',  ( -1.589999999999996749, 5.000000000000000000, 0.9500000000000036193 ) ) ;
#2589 = DIRECTION ( 'NONE',  ( 1.707404996040164265E-16, -0.000000000000000000, 1.000000000000000000 ) ) ;
#2590 = ORIENTED_EDGE ( 'NONE', *, *, #1460, .F. ) ;
#2591 = CARTESIAN_POINT ( 'NONE',  ( -0.4999999999999998890, 4.740192378864668044, -0.4999999999999998890 ) ) ;
#2592 = ORIENTED_EDGE ( 'NONE', *, *, #4423, .F. ) ;
#2593 = DIRECTION ( 'NONE',  ( 1.000000000000000000, 0.000000000000000000, -1.084202172485504434E-16 ) ) ;
#2594 = LINE ( 'NONE', #4028, #3970 ) ;
#2595 =( NAMED_UNIT ( * ) SI_UNIT ( $, .STERADIAN. ) SOLID_ANGLE_UNIT ( ) );
#2596 = EDGE_CURVE ( 'NONE', #1746, #162, #1524, .T. ) ;
#2597 = EDGE_CURVE ( 'NONE', #2962, #580, #3627, .T. ) ;
#2598 = DIRECTION ( 'NONE',  ( -0.6546536707079775308, 0.3779644730092256433, 0.6546536707079776418 ) ) ;
#2599 = VECTOR ( 'NONE', #155, 1000.000000000000000 ) ;
#2600 = CARTESIAN_POINT ( 'NONE',  ( 5.455000000000000071, 1.000000000000000000, 0.6499999999999998002 ) ) ;
#2601 = PLANE ( 'NONE',  #4310 ) ;
#2603 = ADVANCED_FACE ( 'NONE', ( #1175 ), #4307, .T. ) ;
#2602 =( NAMED_UNIT ( * ) SI_UNIT ( $, .STERADIAN. ) SOLID_ANGLE_UNIT ( ) );
#2604 = ORIENTED_EDGE ( 'NONE', *, *, #554, .T. ) ;
#2605 = DIRECTION ( 'NONE',  ( -0.6546536707079775308, -0.3779644730092256988, 0.6546536707079775308 ) ) ;
#2606 = DIRECTION ( 'NONE',  ( -0.000000000000000000, -0.000000000000000000, 1.000000000000000000 ) ) ;
#2607 = CARTESIAN_POINT ( 'NONE',  ( 4.705000000000000071, 0.3499999999999999778, 0.9999999999999995559 ) ) ;
#2608 = DIRECTION ( 'NONE',  ( 0.000000000000000000, 0.000000000000000000, -1.000000000000000000 ) ) ;
#2609 = ORIENTED_EDGE ( 'NONE', *, *, #4111, .T. ) ;
#2610 = EDGE_CURVE ( 'NONE', #2132, #2039, #2187, .T. ) ;
#2611 = CARTESIAN_POINT ( 'NONE',  ( -9.260000000000001563, 7.545584412271571395, -0.8999999999999986899 ) ) ;
#2612 = EDGE_LOOP ( 'NONE', ( #3848, #4282, #3639, #842 ) ) ;
#2613 = ORIENTED_EDGE ( 'NONE', *, *, #2149, .F. ) ;
#2614 = DIRECTION ( 'NONE',  ( -1.000000000000000000, 0.000000000000000000, -0.000000000000000000 ) ) ;
#2615 = ORIENTED_EDGE ( 'NONE', *, *, #1498, .F. ) ;
#2616 = FACE_OUTER_BOUND ( 'NONE', #3035, .T. ) ;
#2617 = DIRECTION ( 'NONE',  ( 0.000000000000000000, -0.000000000000000000, 1.000000000000000000 ) ) ;
#2618 = COLOUR_RGB ( '',0.7921568627450980005, 0.8196078431372548767, 0.9333333333333333481 ) ;
#2619 = VECTOR ( 'NONE', #3221, 1000.000000000000000 ) ;
#2620 = EDGE_CURVE ( 'NONE', #761, #3613, #2208, .T. ) ;
#2621 = CARTESIAN_POINT ( 'NONE',  ( -3.440000000000000391, 0.000000000000000000, 0.9000000000000000222 ) ) ;
#2622 = DIRECTION ( 'NONE',  ( 1.000000000000000000, 0.000000000000000000, -0.000000000000000000 ) ) ;
#2623 = LINE ( 'NONE', #1564, #4108 ) ;
#2624 = ORIENTED_EDGE ( 'NONE', *, *, #871, .T. ) ;
#2625 = PLANE ( 'NONE',  #3501 ) ;
#2626 = ADVANCED_FACE ( 'NONE', ( #1220 ), #869, .F. ) ;
#2627 = UNCERTAINTY_MEASURE_WITH_UNIT (LENGTH_MEASURE( 1.000000000000000082E-05 ), #1318, 'distance_accuracy_value', 'NONE');
#2628 = LINE ( 'NONE', #584, #3795 ) ;
#2629 = ORIENTED_EDGE ( 'NONE', *, *, #2500, .F. ) ;
#2630 = FACE_OUTER_BOUND ( 'NONE', #1107, .T. ) ;
#2631 = EDGE_CURVE ( 'NONE', #1603, #1270, #516, .T. ) ;
#2632 = PRODUCT_DEFINITION_SHAPE ( 'NONE', 'NONE',  #4495 ) ;
#2633 = DIRECTION ( 'NONE',  ( -1.000000000000000000, -0.000000000000000000, -0.000000000000000000 ) ) ;
#2634 = ORIENTED_EDGE ( 'NONE', *, *, #2168, .F. ) ;
#2635 = ORIENTED_EDGE ( 'NONE', *, *, #4225, .T. ) ;
#2636 = PLANE ( 'NONE',  #1180 ) ;
#2637 = VERTEX_POINT ( 'NONE', #1868 ) ;
#2638 = CARTESIAN_POINT ( 'NONE',  ( -4.580000000000000071, 4.599999999999999645, -0.4999999999999991673 ) ) ;
#2639 = PRODUCT_DEFINITION ( 'UNKNOWN', '', #1393, #3397 ) ;
#2640 = LINE ( 'NONE', #2220, #3102 ) ;
#2641 = DIRECTION ( 'NONE',  ( 0.000000000000000000, 0.000000000000000000, 1.000000000000000000 ) ) ;
#2642 = ORIENTED_EDGE ( 'NONE', *, *, #362, .F. ) ;
#2643 = CARTESIAN_POINT ( 'NONE',  ( -5.580000000000000071, 4.740192378864668044, 0.5000000000000009992 ) ) ;
#2644 = CARTESIAN_POINT ( 'NONE',  ( 2.914999999999999591, 5.421010862427522170E-17, -0.9999999999999995559 ) ) ;
#2645 = CARTESIAN_POINT ( 'NONE',  ( -8.570000000000003837, 5.000000000000000000, 0.9500000000000048406 ) ) ;
#2646 = CARTESIAN_POINT ( 'NONE',  ( -6.669999999999996376, 5.000000000000000000, 0.5000000000000012212 ) ) ;
#2647 = ORIENTED_EDGE ( 'NONE', *, *, #3462, .F. ) ;
#2648 = DIRECTION ( 'NONE',  ( 0.000000000000000000, -0.000000000000000000, -1.000000000000000000 ) ) ;
#2649 = VECTOR ( 'NONE', #2691, 1000.000000000000000 ) ;
#2650 = DIRECTION ( 'NONE',  ( 0.000000000000000000, 0.000000000000000000, 1.000000000000000000 ) ) ;
#2651 = ADVANCED_FACE ( 'NONE', ( #1544, #2939, #3258, #2918, #4330, #126 ), #3990, .T. ) ;
#2652 = LINE ( 'NONE', #1547, #2906 ) ;
#2653 = ORIENTED_EDGE ( 'NONE', *, *, #2127, .T. ) ;
#2654 = DIRECTION ( 'NONE',  ( 0.000000000000000000, 0.000000000000000000, 1.000000000000000000 ) ) ;
#2655 = LINE ( 'NONE', #2611, #1529 ) ;
#2656 = ORIENTED_EDGE ( 'NONE', *, *, #3803, .T. ) ;
#2657 = ADVANCED_FACE ( 'NONE', ( #1497 ), #845, .T. ) ;
#2658 = VERTEX_POINT ( 'NONE', #1491 ) ;
#2659 = EDGE_LOOP ( 'NONE', ( #1641, #4131, #1063, #691 ) ) ;
#2660 = DIRECTION ( 'NONE',  ( -0.000000000000000000, 0.000000000000000000, 1.000000000000000000 ) ) ;
#2661 = PRODUCT_CONTEXT ( 'NONE', #1114, 'mechanical' ) ;
#2662 = CARTESIAN_POINT ( 'NONE',  ( -5.151428571428570358, 4.492756549211971873, -0.07142857142856993968 ) ) ;
#2663 = AXIS2_PLACEMENT_3D ( 'NONE', #2448, #4482, #1623 ) ;
#2664 = CARTESIAN_POINT ( 'NONE',  ( -0.9000000000000001332, 0.000000000000000000, 0.9000000000000000222 ) ) ;
#2665 = DIRECTION ( 'NONE',  ( -1.000000000000000000, 0.000000000000000000, 2.168404344971008868E-16 ) ) ;
#2666 = DIRECTION ( 'NONE',  ( 0.000000000000000000, -3.336006684570783101E-16, 1.000000000000000000 ) ) ;
#2667 = EDGE_CURVE ( 'NONE', #3188, #1119, #718, .T. ) ;
#2668 = VECTOR ( 'NONE', #1790, 1000.000000000000000 ) ;
#2669 = LINE ( 'NONE', #1566, #316 ) ;
#2670 = VECTOR ( 'NONE', #2660, 1000.000000000000000 ) ;
#2671 = DIRECTION ( 'NONE',  ( 0.000000000000000000, 0.000000000000000000, -1.000000000000000000 ) ) ;
#2672 = ITEM_DEFINED_TRANSFORMATION ( 'NONE', 'NONE', #1982,  #1607 ) ;
#2673 = ORIENTED_EDGE ( 'NONE', *, *, #1288, .F. ) ;
#2674 = LINE ( 'NONE', #2332, #3559 ) ;
#2675 = ORIENTED_EDGE ( 'NONE', *, *, #2491, .T. ) ;
#2676 = EDGE_CURVE ( 'NONE', #3976, #2022, #2109, .T. ) ;
#2677 = CARTESIAN_POINT ( 'NONE',  ( -5.980000000000000426, 7.545584412271571395, 0.9000000000000007994 ) ) ;
#2678 = VERTEX_POINT ( 'NONE', #1828 ) ;
#2679 = ORIENTED_EDGE ( 'NONE', *, *, #1404, .T. ) ;
#2680 = CARTESIAN_POINT ( 'NONE',  ( 2.914999999999999591, 0.000000000000000000, -2.200000000000000622 ) ) ;
#2681 = ORIENTED_EDGE ( 'NONE', *, *, #2261, .F. ) ;
#2682 = VECTOR ( 'NONE', #4060, 1000.000000000000000 ) ;
#2683 = EDGE_CURVE ( 'NONE', #1945, #3611, #47, .T. ) ;
#2684 = LINE ( 'NONE', #958, #3903 ) ;
#2685 = CARTESIAN_POINT ( 'NONE',  ( -10.66000000000000192, 4.740192378864668044, 0.5000000000000018874 ) ) ;
#2686 = ORIENTED_EDGE ( 'NONE', *, *, #959, .F. ) ;
#2687 = LINE ( 'NONE', #4409, #3199 ) ;
#2688 = EDGE_CURVE ( 'NONE', #1224, #943, #3911, .T. ) ;
#2689 = DIRECTION ( 'NONE',  ( 6.023345402697245486E-17, 0.000000000000000000, 1.000000000000000000 ) ) ;
#2690 = DIRECTION ( 'NONE',  ( 1.000000000000000000, 0.000000000000000000, -2.168404344971008868E-16 ) ) ;
#2691 = DIRECTION ( 'NONE',  ( -0.000000000000000000, -0.000000000000000000, 1.000000000000000000 ) ) ;
#2692 = CARTESIAN_POINT ( 'NONE',  ( -11.18000000000002281, 0.5999999999999130473, -1.270000000000000240 ) ) ;
#2693 = VECTOR ( 'NONE', #4087, 1000.000000000000000 ) ;
#2694 = EDGE_CURVE ( 'NONE', #270, #2105, #3500, .T. ) ;
#2695 = AXIS2_PLACEMENT_3D ( 'NONE', #4445, #2761, #2743 ) ;
#2696 = VECTOR ( 'NONE', #936, 1000.000000000000000 ) ;
#2697 = PLANE ( 'NONE',  #1294 ) ;
#2698 = LINE ( 'NONE', #2014, #2693 ) ;
#2699 = ORIENTED_EDGE ( 'NONE', *, *, #3470, .F. ) ;
#2700 = CARTESIAN_POINT ( 'NONE',  ( 0.8999999999999998002, 0.5999999999999998668, 0.8999999999999998002 ) ) ;
#2701 = ORIENTED_EDGE ( 'NONE', *, *, #1707, .T. ) ;
#2702 = CARTESIAN_POINT ( 'NONE',  ( 0.5000000000000001110, -0.001000000000000132727, -0.5000000000000000000 ) ) ;
#2703 = ORIENTED_EDGE ( 'NONE', *, *, #3476, .T. ) ;
#2704 = ORIENTED_EDGE ( 'NONE', *, *, #1473, .T. ) ;
#2705 = VERTEX_POINT ( 'NONE', #1122 ) ;
#2706 = ADVANCED_BREP_SHAPE_REPRESENTATION ( '', ( #1481, #1607 ), #1611 ) ;
#2707 = DIRECTION ( 'NONE',  ( 0.000000000000000000, 0.000000000000000000, 1.000000000000000000 ) ) ;
#2708 = PRODUCT_CONTEXT ( 'NONE', #1884, 'mechanical' ) ;
#2709 = CARTESIAN_POINT ( 'NONE',  ( 5.455000000000000071, 0.3499999999999999778, 0.9999999999999995559 ) ) ;
#2710 = EDGE_CURVE ( 'NONE', #1853, #3976, #2506, .T. ) ;
#2711 = DIRECTION ( 'NONE',  ( 0.000000000000000000, 0.000000000000000000, 1.000000000000000000 ) ) ;
#2712 = FACE_OUTER_BOUND ( 'NONE', #3212, .T. ) ;
#2713 = CARTESIAN_POINT ( 'NONE',  ( -8.519999999999999574, 0.000000000000000000, -0.9000000000000000222 ) ) ;
#2714 = DIRECTION ( 'NONE',  ( -1.000000000000000000, 0.000000000000000000, 2.168404344971008868E-16 ) ) ;
#2715 = EDGE_CURVE ( 'NONE', #2061, #1551, #3522, .T. ) ;
#2716 = CARTESIAN_POINT ( 'NONE',  ( -5.580000000000000959, 4.599999999999999645, 0.5000000000000009992 ) ) ;
#2717 = ORIENTED_EDGE ( 'NONE', *, *, #4440, .T. ) ;
#2718 = DIRECTION ( 'NONE',  ( 0.000000000000000000, -1.000000000000000000, -0.000000000000000000 ) ) ;
#2719 = CARTESIAN_POINT ( 'NONE',  ( -10.66000000000000192, 4.599999999999999645, 0.5000000000000018874 ) ) ;
#2720 = CARTESIAN_POINT ( 'NONE',  ( 4.705000000000000071, 1.000000000000000000, 0.6499999999999998002 ) ) ;
#2721 = VERTEX_POINT ( 'NONE', #2524 ) ;
#2722 = EDGE_LOOP ( 'NONE', ( #3164, #1570, #1906, #3177 ) ) ;
#2723 = DIRECTION ( 'NONE',  ( 0.000000000000000000, -0.000000000000000000, 1.000000000000000000 ) ) ;
#2724 = ORIENTED_EDGE ( 'NONE', *, *, #486, .T. ) ;
#2725 = DIRECTION ( 'NONE',  ( -6.023345402697245486E-17, 0.000000000000000000, -1.000000000000000000 ) ) ;
#2726 = ORIENTED_EDGE ( 'NONE', *, *, #3985, .T. ) ;
#2727 = CARTESIAN_POINT ( 'NONE',  ( -7.119999999999999218, 4.599999999999999645, 0.5000000000000012212 ) ) ;
#2728 = EDGE_CURVE ( 'NONE', #2039, #528, #1140, .T. ) ;
#2729 = ORIENTED_EDGE ( 'NONE', *, *, #4374, .F. ) ;
#2730 = EDGE_CURVE ( 'NONE', #1944, #1650, #2790, .T. ) ;
#2731 = PLANE ( 'NONE',  #1234 ) ;
#2732 = LINE ( 'NONE', #4124, #1892 ) ;
#2733 = CARTESIAN_POINT ( 'NONE',  ( 1.520000000000001350, 0.5999999999999998668, 1.269999999999999796 ) ) ;
#2734 = ORIENTED_EDGE ( 'NONE', *, *, #2883, .T. ) ;
#2735 = CARTESIAN_POINT ( 'NONE',  ( -12.32333076527839566, 0.5999999999999999778, -0.9000000000000000222 ) ) ;
#2736 =( REPRESENTATION_RELATIONSHIP ('NONE','NONE', #4391, #2977 ) REPRESENTATION_RELATIONSHIP_WITH_TRANSFORMATION ( #4311 )SHAPE_REPRESENTATION_RELATIONSHIP( ) );
#2737 = DIRECTION ( 'NONE',  ( 0.000000000000000000, 0.000000000000000000, -1.000000000000000000 ) ) ;
#2738 = EDGE_LOOP ( 'NONE', ( #2424, #1923, #324, #1315 ) ) ;
#2739 = ADVANCED_FACE ( 'NONE', ( #3891 ), #2884, .F. ) ;
#2740 = LINE ( 'NONE', #4132, #4355 ) ;
#2741 = VERTEX_POINT ( 'NONE', #74 ) ;
#2742 = CARTESIAN_POINT ( 'NONE',  ( -3.440000000000000391, 7.545584412271571395, 0.9000000000000003553 ) ) ;
#2743 = DIRECTION ( 'NONE',  ( 1.000000000000000000, 0.000000000000000000, -0.000000000000000000 ) ) ;
#2744 = DIRECTION ( 'NONE',  ( 0.000000000000000000, 0.000000000000000000, 1.000000000000000000 ) ) ;
#2745 = AXIS2_PLACEMENT_3D ( 'NONE', #248, #894, #1596 ) ;
#2746 = VERTEX_POINT ( 'NONE', #1401 ) ;
#2747 = EDGE_LOOP ( 'NONE', ( #3504, #2345, #569, #249 ) ) ;
#2748 = LINE ( 'NONE', #3435, #1489 ) ;
#2749 = DIRECTION ( 'NONE',  ( -1.000000000000000000, 0.000000000000000000, 2.168404344971008868E-16 ) ) ;
#2750 = ORIENTED_EDGE ( 'NONE', *, *, #1066, .F. ) ;
#2751 = FACE_OUTER_BOUND ( 'NONE', #3090, .T. ) ;
#2752 = VERTEX_POINT ( 'NONE', #763 ) ;
#2753 = DIRECTION ( 'NONE',  ( 0.000000000000000000, -1.000000000000000000, 0.000000000000000000 ) ) ;
#2754 = LINE ( 'NONE', #4043, #3755 ) ;
#2755 = VECTOR ( 'NONE', #423, 1000.000000000000000 ) ;
#2756 = EDGE_CURVE ( 'NONE', #2678, #2974, #2154, .T. ) ;
#2757 = VECTOR ( 'NONE', #2753, 1000.000000000000000 ) ;
#2758 = FACE_OUTER_BOUND ( 'NONE', #1505, .T. ) ;
#2759 = VERTEX_POINT ( 'NONE', #1764 ) ;
#2760 = AXIS2_PLACEMENT_3D ( 'NONE', #3321, #3669, #3937 ) ;
#2761 = DIRECTION ( 'NONE',  ( 0.000000000000000000, -0.000000000000000000, 1.000000000000000000 ) ) ;
#2762 = EDGE_CURVE ( 'NONE', #3783, #1944, #2083, .T. ) ;
#2763 = EDGE_CURVE ( 'NONE', #999, #2308, #1808, .T. ) ;
#2764 = VECTOR ( 'NONE', #3902, 1000.000000000000000 ) ;
#2765 = LINE ( 'NONE', #2385, #2104 ) ;
#2766 = CARTESIAN_POINT ( 'NONE',  ( -11.06000000000000050, 4.599999999999999645, 0.9000000000000016875 ) ) ;
#2767 = ORIENTED_EDGE ( 'NONE', *, *, #3628, .F. ) ;
#2768 = EDGE_LOOP ( 'NONE', ( #1302, #1962, #1196, #2044 ) ) ;
#2769 = CARTESIAN_POINT ( 'NONE',  ( 4.705000000000000071, 0.3499999999999999778, 0.9999999999999995559 ) ) ;
#2770 = PRESENTATION_LAYER_ASSIGNMENT (  '', '', ( #2260 ) ) ;
#2771 = ORIENTED_EDGE ( 'NONE', *, *, #3134, .T. ) ;
#2772 = DIRECTION ( 'NONE',  ( 0.000000000000000000, 0.000000000000000000, -1.000000000000000000 ) ) ;
#2773 = COLOUR_RGB ( '',0.7921568627450980005, 0.8196078431372548767, 0.9333333333333333481 ) ;
#2774 = ORIENTED_EDGE ( 'NONE', *, *, #1057, .F. ) ;
#2775 = DIRECTION ( 'NONE',  ( 1.000000000000000000, 0.000000000000000000, 0.000000000000000000 ) ) ;
#2776 = PLANE ( 'NONE',  #1843 ) ;
#2777 = DIRECTION ( 'NONE',  ( 0.000000000000000000, 0.000000000000000000, 1.000000000000000000 ) ) ;
#2778 = FILL_AREA_STYLE ('',( #772 ) ) ;
#2779 = VECTOR ( 'NONE', #4347, 1000.000000000000000 ) ;
#2780 = CARTESIAN_POINT ( 'NONE',  ( 0.5000000000000001110, 4.740192378864668044, -0.5000000000000000000 ) ) ;
#2781 = PRODUCT ( 'pin^BG125 Ass_1', 'pin^BG125 Ass_1', '', ( #4008 ) ) ;
#2782 = EDGE_CURVE ( 'NONE', #1412, #880, #3205, .T. ) ;
#2783 = EDGE_CURVE ( 'NONE', #3585, #124, #2482, .T. ) ;
#2784 = ORIENTED_EDGE ( 'NONE', *, *, #3743, .T. ) ;
#2785 = DIRECTION ( 'NONE',  ( 2.168404344971008868E-16, 0.000000000000000000, 1.000000000000000000 ) ) ;
#2786 = ORIENTED_EDGE ( 'NONE', *, *, #3359, .T. ) ;
#2787 = CARTESIAN_POINT ( 'NONE',  ( 0.000000000000000000, 0.000000000000000000, 0.9000000000000000222 ) ) ;
#2788 = EDGE_CURVE ( 'NONE', #3703, #761, #1095, .T. ) ;
#2789 = LINE ( 'NONE', #786, #229 ) ;
#2790 = LINE ( 'NONE', #4197, #3772 ) ;
#2791 = ORIENTED_EDGE ( 'NONE', *, *, #813, .T. ) ;
#2792 = DIRECTION ( 'NONE',  ( -1.000000000000000000, 0.000000000000000000, -0.000000000000000000 ) ) ;
#2793 = VECTOR ( 'NONE', #3195, 1000.000000000000000 ) ;
#2794 = VERTEX_POINT ( 'NONE', #1513 ) ;
#2795 = PRESENTATION_STYLE_ASSIGNMENT (( #427 ) ) ;
#2796 = CARTESIAN_POINT ( 'NONE',  ( -6.669999999999996376, 5.000000000000000000, 0.9500000000000043965 ) ) ;
#2797 = EDGE_CURVE ( 'NONE', #2974, #902, #909, .T. ) ;
#2798 = DIRECTION ( 'NONE',  ( -0.000000000000000000, -1.000000000000000000, -0.000000000000000000 ) ) ;
#2799 = ORIENTED_EDGE ( 'NONE', *, *, #698, .F. ) ;
#2800 = ORIENTED_EDGE ( 'NONE', *, *, #3749, .F. ) ;
#2801 = LINE ( 'NONE', #1774, #732 ) ;
#2802 = LINE ( 'NONE', #1110, #1171 ) ;
#2803 = ORIENTED_EDGE ( 'NONE', *, *, #4099, .T. ) ;
#2804 = AXIS2_PLACEMENT_3D ( 'NONE', #506, #3666, #1188 ) ;
#2805 = CARTESIAN_POINT ( 'NONE',  ( -8.120000000000000995, 5.000000000000000000, 0.9500000000000047296 ) ) ;
#2806 = ORIENTED_EDGE ( 'NONE', *, *, #3928, .T. ) ;
#2807 = PLANE ( 'NONE',  #1841 ) ;
#2808 = VECTOR ( 'NONE', #4007, 1000.000000000000000 ) ;
#2809 = EDGE_CURVE ( 'NONE', #3265, #990, #2242, .T. ) ;
#2810 = LINE ( 'NONE', #2942, #1646 ) ;
#2811 = CARTESIAN_POINT ( 'NONE',  ( -3.040000000000000036, 5.000000000000000000, 0.9500000000000039524 ) ) ;
#2812 = ORIENTED_EDGE ( 'NONE', *, *, #273, .F. ) ;
#2813 = CARTESIAN_POINT ( 'NONE',  ( -11.56000000000000050, 13.59210244842766180, 1.270000000000002016 ) ) ;
#2814 = EDGE_CURVE ( 'NONE', #2432, #977, #2293, .T. ) ;
#2815 = DIRECTION ( 'NONE',  ( 0.000000000000000000, 0.000000000000000000, 1.000000000000000000 ) ) ;
#2816 = LINE ( 'NONE', #4226, #3631 ) ;
#2817 = ORIENTED_EDGE ( 'NONE', *, *, #2620, .T. ) ;
#2818 = SURFACE_SIDE_STYLE ('',( #3914 ) ) ;
#2819 = CARTESIAN_POINT ( 'NONE',  ( -10.66000000000000192, 4.740192378864668044, -0.4999999999999981681 ) ) ;
#2820 = ADVANCED_FACE ( 'NONE', ( #3691 ), #507, .F. ) ;
#2821 = PLANE ( 'NONE',  #2980 ) ;
#2822 = ORIENTED_EDGE ( 'NONE', *, *, #4020, .F. ) ;
#2823 = VERTEX_POINT ( 'NONE', #2574 ) ;
#2824 = CARTESIAN_POINT ( 'NONE',  ( 0.5000000000000001110, 4.740192378864668044, 0.4999999999999998890 ) ) ;
#2825 = CARTESIAN_POINT ( 'NONE',  ( 1.270000000000000018, 3.895694160567695352, 1.050000000000000044 ) ) ;
#2826 = EDGE_CURVE ( 'NONE', #124, #4096, #1880, .T. ) ;
#2827 = AXIS2_PLACEMENT_3D ( 'NONE', #122, #4276, #1170 ) ;
#2828 = CIRCLE ( 'NONE', #2899, 0.3500000000000000333 ) ;
#2829 = PLANE ( 'NONE',  #1968 ) ;
#2830 = VERTEX_POINT ( 'NONE', #3667 ) ;
#2831 = CARTESIAN_POINT ( 'NONE',  ( -10.23142857142857132, 4.492756549211971873, 0.07142857142857243768 ) ) ;
#2832 = VECTOR ( 'NONE', #3621, 1000.000000000000000 ) ;
#2833 = CARTESIAN_POINT ( 'NONE',  ( -11.06000000000000050, 0.5999999999999998668, -0.8999999999999984679 ) ) ;
#2834 = ORIENTED_EDGE ( 'NONE', *, *, #2254, .F. ) ;
#2835 = ORIENTED_EDGE ( 'NONE', *, *, #756, .T. ) ;
#2836 = CARTESIAN_POINT ( 'NONE',  ( 4.705000000000000071, 0.3499999999999999778, 0.6499999999999995781 ) ) ;
#2837 = DIRECTION ( 'NONE',  ( 0.000000000000000000, -1.000000000000000000, -3.336006684570783101E-16 ) ) ;
#2838 = AXIS2_PLACEMENT_3D ( 'NONE', #151, #3350, #1281 ) ;
#2839 = ORIENTED_EDGE ( 'NONE', *, *, #2762, .T. ) ;
#2840 = DIRECTION ( 'NONE',  ( -1.000000000000000000, 0.000000000000000000, 2.168404344971008868E-16 ) ) ;
#2841 = SURFACE_STYLE_USAGE ( .BOTH. , #2244 ) ;
#2842 = CARTESIAN_POINT ( 'NONE',  ( -10.66000000000000192, -0.001000000000000132727, 0.5000000000000018874 ) ) ;
#2844 = ORIENTED_EDGE ( 'NONE', *, *, #3438, .F. ) ;
#2843 = EDGE_CURVE ( 'NONE', #3219, #3201, #167, .T. ) ;
#2845 = VECTOR ( 'NONE', #3246, 1000.000000000000000 ) ;
#2846 =( NAMED_UNIT ( * ) SI_UNIT ( $, .STERADIAN. ) SOLID_ANGLE_UNIT ( ) );
#2847 = MECHANICAL_DESIGN_GEOMETRIC_PRESENTATION_REPRESENTATION (  '', ( #2260 ), #1041 ) ;
#2848 = LINE ( 'NONE', #2201, #843 ) ;
#2849 = CARTESIAN_POINT ( 'NONE',  ( -1.589999999999996749, 5.000000000000000000, -0.9500000000000029532 ) ) ;
#2851 = ADVANCED_FACE ( 'NONE', ( #485 ), #885, .F. ) ;
#2850 = ORIENTED_EDGE ( 'NONE', *, *, #463, .T. ) ;
#2852 = EDGE_LOOP ( 'NONE', ( #1239, #4066, #3091, #1251 ) ) ;
#2853 = CARTESIAN_POINT ( 'NONE',  ( -5.080000000000000071, 0.000000000000000000, -0.9000000000000000222 ) ) ;
#2854 = LINE ( 'NONE', #389, #2174 ) ;
#2855 = AXIS2_PLACEMENT_3D ( 'NONE', #3118, #1361, #668 ) ;
#2856 = LINE ( 'NONE', #2189, #2250 ) ;
#2857 = VERTEX_POINT ( 'NONE', #4297 ) ;
#2858 = ADVANCED_FACE ( 'NONE', ( #836 ), #1949, .F. ) ;
#2859 = DIRECTION ( 'NONE',  ( 0.000000000000000000, 3.336006684570783101E-16, -1.000000000000000000 ) ) ;
#2860 = ORIENTED_EDGE ( 'NONE', *, *, #2667, .T. ) ;
#2861 = FACE_OUTER_BOUND ( 'NONE', #1021, .T. ) ;
#2862 = ORIENTED_EDGE ( 'NONE', *, *, #2728, .T. ) ;
#2863 = CARTESIAN_POINT ( 'NONE',  ( 5.455000000000000071, 0.3499999999999999778, 0.6499999999999995781 ) ) ;
#2864 = LINE ( 'NONE', #4299, #2167 ) ;
#2865 = VECTOR ( 'NONE', #471, 1000.000000000000000 ) ;
#2866 = FACE_OUTER_BOUND ( 'NONE', #2612, .T. ) ;
#2867 = EDGE_CURVE ( 'NONE', #2830, #1216, #3249, .T. ) ;
#2868 = EDGE_CURVE ( 'NONE', #4349, #2263, #2640, .T. ) ;
#2869 = FACE_OUTER_BOUND ( 'NONE', #2137, .T. ) ;
#2870 = CARTESIAN_POINT ( 'NONE',  ( -0.9000000000000001332, 7.545584412271571395, 0.9000000000000000222 ) ) ;
#2871 = ORIENTED_EDGE ( 'NONE', *, *, #4435, .F. ) ;
#2872 = LINE ( 'NONE', #2559, #3204 ) ;
#2873 = CARTESIAN_POINT ( 'NONE',  ( -6.720000000000000639, 0.5999999999999998668, -1.049999999999998934 ) ) ;
#2874 = EDGE_CURVE ( 'NONE', #395, #370, #4320, .T. ) ;
#2875 = AXIS2_PLACEMENT_3D ( 'NONE', #934, #3590, #1854 ) ;
#2876 = PLANE ( 'NONE',  #8 ) ;
#2877 = ORIENTED_EDGE ( 'NONE', *, *, #1415, .F. ) ;
#2878 = LINE ( 'NONE', #2540, #623 ) ;
#2879 = FACE_OUTER_BOUND ( 'NONE', #3910, .T. ) ;
#2880 = EDGE_LOOP ( 'NONE', ( #2443, #3857, #881, #2862 ) ) ;
#2881 = DIRECTION ( 'NONE',  ( 0.000000000000000000, -1.000000000000000000, 0.000000000000000000 ) ) ;
#2882 = DIRECTION ( 'NONE',  ( -0.000000000000000000, 1.000000000000000000, -0.000000000000000000 ) ) ;
#2883 = EDGE_CURVE ( 'NONE', #3412, #1627, #2594, .T. ) ;
#2884 = PLANE ( 'NONE',  #3538 ) ;
#2885 = LINE ( 'NONE', #3179, #790 ) ;
#2886 = DIRECTION ( 'NONE',  ( -1.000000000000000000, 0.000000000000000000, 1.084202172485504434E-16 ) ) ;
#2887 = CARTESIAN_POINT ( 'NONE',  ( -9.660000000000000142, 4.740192378864668044, -0.4999999999999982792 ) ) ;
#2888 = DIRECTION ( 'NONE',  ( 1.000000000000000000, 0.000000000000000000, -2.409338161078898687E-16 ) ) ;
#2889 = EDGE_LOOP ( 'NONE', ( #3832, #1866, #3079, #2391 ) ) ;
#2890 = DIRECTION ( 'NONE',  ( 0.6546536707079776418, 0.3779644730092257543, 0.6546536707079775308 ) ) ;
#2891 = ADVANCED_FACE ( 'NONE', ( #211 ), #3318, .T. ) ;
#2892 = CARTESIAN_POINT ( 'NONE',  ( -11.56000000000000050, 13.59210244842766180, -1.269999999999998019 ) ) ;
#2893 = DIRECTION ( 'NONE',  ( 0.000000000000000000, 1.000000000000000000, -0.000000000000000000 ) ) ;
#2894 = FACE_OUTER_BOUND ( 'NONE', #3069, .T. ) ;
#2895 = ADVANCED_FACE ( 'NONE', ( #533 ), #1909, .F. ) ;
#2896 = CARTESIAN_POINT ( 'NONE',  ( -9.209999999999997300, 5.000000000000000000, 0.9500000000000048406 ) ) ;
#2897 = ORIENTED_EDGE ( 'NONE', *, *, #3971, .F. ) ;
#2898 = VECTOR ( 'NONE', #3477, 1000.000000000000000 ) ;
#2899 = AXIS2_PLACEMENT_3D ( 'NONE', #2509, #3574, #3526 ) ;
#2900 = DIRECTION ( 'NONE',  ( 0.000000000000000000, -4.517509052022934484E-16, 1.000000000000000000 ) ) ;
#2901 = VECTOR ( 'NONE', #1515, 1000.000000000000000 ) ;
#2902 = ADVANCED_FACE ( 'NONE', ( #1273 ), #4053, .T. ) ;
#2903 = ORIENTED_EDGE ( 'NONE', *, *, #1116, .F. ) ;
#2904 = LINE ( 'NONE', #4295, #1317 ) ;
#2905 = FACE_OUTER_BOUND ( 'NONE', #4042, .T. ) ;
#2906 = VECTOR ( 'NONE', #3262, 1000.000000000000000 ) ;
#2907 = ORIENTED_EDGE ( 'NONE', *, *, #3985, .F. ) ;
#2908 = VECTOR ( 'NONE', #2749, 1000.000000000000000 ) ;
#2909 = CARTESIAN_POINT ( 'NONE',  ( -6.720000000000000639, 0.5999999999999998668, 0.9000000000000012434 ) ) ;
#2910 = CARTESIAN_POINT ( 'NONE',  ( -1.639999999999999902, 0.000000000000000000, -0.9000000000000000222 ) ) ;
#2911 = ORIENTED_EDGE ( 'NONE', *, *, #4429, .T. ) ;
#2912 = CARTESIAN_POINT ( 'NONE',  ( -8.519999999999999574, 4.599999999999999645, -0.8999999999999986899 ) ) ;
#2913 = VECTOR ( 'NONE', #1431, 1000.000000000000000 ) ;
#2914 = CARTESIAN_POINT ( 'NONE',  ( -10.16000000000000014, 4.599999999999999645, 1.734723475976807094E-15 ) ) ;
#2915 = CARTESIAN_POINT ( 'NONE',  ( -3.490000000000003322, 5.000000000000000000, -0.9500000000000028422 ) ) ;
#2916 = EDGE_LOOP ( 'NONE', ( #256, #4018, #1414, #1484 ) ) ;
#2917 = PLANE ( 'NONE',  #1452 ) ;
#2918 = FACE_BOUND ( 'NONE', #3843, .T. ) ;
#2919 = VECTOR ( 'NONE', #1915, 1000.000000000000000 ) ;
#2920 = LINE ( 'NONE', #3132, #431 ) ;
#2921 = ORIENTED_EDGE ( 'NONE', *, *, #783, .T. ) ;
#2922 = DIRECTION ( 'NONE',  ( 1.000000000000000000, 0.000000000000000000, 0.000000000000000000 ) ) ;
#2923 = EDGE_CURVE ( 'NONE', #3541, #2216, #144, .T. ) ;
#2924 = EDGE_CURVE ( 'NONE', #1945, #1858, #3073, .T. ) ;
#2925 = DIRECTION ( 'NONE',  ( -1.000000000000000000, 0.000000000000000000, 6.023345402697245486E-17 ) ) ;
#2926 = FACE_OUTER_BOUND ( 'NONE', #2072, .T. ) ;
#2927 = ORIENTED_EDGE ( 'NONE', *, *, #2710, .F. ) ;
#2928 = PLANE ( 'NONE',  #519 ) ;
#2929 = DIRECTION ( 'NONE',  ( -0.000000000000000000, 1.000000000000000000, -0.000000000000000000 ) ) ;
#2930 = ADVANCED_FACE ( 'NONE', ( #1001 ), #2390, .F. ) ;
#2931 = DIRECTION ( 'NONE',  ( 1.000000000000000000, 0.000000000000000000, 0.000000000000000000 ) ) ;
#2932 = ORIENTED_EDGE ( 'NONE', *, *, #1183, .F. ) ;
#2933 = DIRECTION ( 'NONE',  ( 0.000000000000000000, 1.779866165659867177E-16, -1.000000000000000000 ) ) ;
#2934 = DIRECTION ( 'NONE',  ( 0.000000000000000000, -0.000000000000000000, 1.000000000000000000 ) ) ;
#2935 = DIRECTION ( 'NONE',  ( 2.409338161078898687E-16, 0.000000000000000000, 1.000000000000000000 ) ) ;
#2936 = DIRECTION ( 'NONE',  ( -1.000000000000000000, 0.000000000000000000, 0.000000000000000000 ) ) ;
#2937 = ORIENTED_EDGE ( 'NONE', *, *, #2433, .F. ) ;
#2938 = PLANE ( 'NONE',  #313 ) ;
#2939 = FACE_BOUND ( 'NONE', #1396, .T. ) ;
#2940 = VECTOR ( 'NONE', #4035, 1000.000000000000000 ) ;
#2941 = ADVANCED_FACE ( 'NONE', ( #4118 ), #306, .F. ) ;
#2942 = CARTESIAN_POINT ( 'NONE',  ( -6.720000000000000639, 0.000000000000000000, 0.9000000000000012434 ) ) ;
#2943 = FACE_OUTER_BOUND ( 'NONE', #4052, .T. ) ;
#2944 = ORIENTED_EDGE ( 'NONE', *, *, #1277, .F. ) ;
#2945 = DIRECTION ( 'NONE',  ( 0.000000000000000000, 0.000000000000000000, -1.000000000000000000 ) ) ;
#2946 =( NAMED_UNIT ( * ) PLANE_ANGLE_UNIT ( ) SI_UNIT ( $, .RADIAN. ) );
#2947 = ORIENTED_EDGE ( 'NONE', *, *, #2763, .T. ) ;
#2948 = VERTEX_POINT ( 'NONE', #656 ) ;
#2949 = VECTOR ( 'NONE', #2997, 1000.000000000000000 ) ;
#2950 = CARTESIAN_POINT ( 'NONE',  ( -8.519999999999999574, 0.5999999999999999778, -0.9000000000000000222 ) ) ;
#2951 = AXIS2_PLACEMENT_3D ( 'NONE', #331, #1679, #1715 ) ;
#2952 = EDGE_CURVE ( 'NONE', #4027, #3790, #2748, .T. ) ;
#2953 = DIRECTION ( 'NONE',  ( -0.4999999999999982792, 0.8660254037844397068, 0.000000000000000000 ) ) ;
#2954 = DIRECTION ( 'NONE',  ( -0.000000000000000000, -0.000000000000000000, 1.000000000000000000 ) ) ;
#2955 = VECTOR ( 'NONE', #141, 1000.000000000000000 ) ;
#2956 = APPLICATION_PROTOCOL_DEFINITION ( 'draft international standard', 'automotive_design', 1998, #1884 ) ;
#2957 = ORIENTED_EDGE ( 'NONE', *, *, #3749, .T. ) ;
#2958 = EDGE_CURVE ( 'NONE', #4090, #1760, #2065, .T. ) ;
#2959 = LINE ( 'NONE', #4411, #64 ) ;
#2960 = PLANE ( 'NONE',  #2060 ) ;
#2961 = CARTESIAN_POINT ( 'NONE',  ( 4.705000000000000071, 0.2500000000000000000, 0.9999999999999995559 ) ) ;
#2962 = VERTEX_POINT ( 'NONE', #4078 ) ;
#2963 = PLANE ( 'NONE',  #171 ) ;
#2964 = ADVANCED_FACE ( 'NONE', ( #3047 ), #2417, .T. ) ;
#2965 = APPLICATION_CONTEXT ( 'automotive_design' ) ;
#2966 = DIRECTION ( 'NONE',  ( -1.084202172485500736E-16, 0.8660254037844397068, -0.4999999999999982792 ) ) ;
#2967 = CONTEXT_DEPENDENT_SHAPE_REPRESENTATION ( #1025, #3973 ) ;
#2968 = PRODUCT_DEFINITION ( 'UNKNOWN', '', #1755, #4038 ) ;
#2969 = CARTESIAN_POINT ( 'NONE',  ( 0.5000000000000001110, 4.599999999999999645, -0.5000000000000000000 ) ) ;
#2970 = ORIENTED_EDGE ( 'NONE', *, *, #4105, .F. ) ;
#2971 = PLANE ( 'NONE',  #2516 ) ;
#2972 = LINE ( 'NONE', #3089, #1888 ) ;
#2973 = CARTESIAN_POINT ( 'NONE',  ( 0.8999999999999998002, 0.5999999999999998668, 1.050000000000000044 ) ) ;
#2974 = VERTEX_POINT ( 'NONE', #3024 ) ;
#2975 = ORIENTED_EDGE ( 'NONE', *, *, #127, .F. ) ;
#2976 = CARTESIAN_POINT ( 'NONE',  ( 5.455000000000000071, 0.3499999999999999778, 0.6499999999999995781 ) ) ;
#2977 = SHAPE_REPRESENTATION ( 'BG125-x_05', ( #1607 ), #1458 ) ;
#2978 = DIRECTION ( 'NONE',  ( -1.000000000000000000, -0.000000000000000000, -0.000000000000000000 ) ) ;
#2979 = DIRECTION ( 'NONE',  ( -0.000000000000000000, -0.000000000000000000, 1.000000000000000000 ) ) ;
#2980 = AXIS2_PLACEMENT_3D ( 'NONE', #2094, #430, #3232 ) ;
#2981 = APPLICATION_PROTOCOL_DEFINITION ( 'draft international standard', 'automotive_design', 1998, #781 ) ;
#2982 = AXIS2_PLACEMENT_3D ( 'NONE', #1610, #3252, #3005 ) ;
#2983 = VERTEX_POINT ( 'NONE', #3739 ) ;
#2984 = VECTOR ( 'NONE', #2408, 1000.000000000000000 ) ;
#2985 = VECTOR ( 'NONE', #2374, 1000.000000000000000 ) ;
#2986 = EDGE_CURVE ( 'NONE', #230, #1185, #1698, .T. ) ;
#2987 = DIRECTION ( 'NONE',  ( 0.000000000000000000, 1.000000000000000000, 0.000000000000000000 ) ) ;
#2988 = CARTESIAN_POINT ( 'NONE',  ( -2.611428571428570766, 4.492756549211971873, 0.07142857142857113317 ) ) ;
#2989 = VECTOR ( 'NONE', #3904, 1000.000000000000000 ) ;
#2990 = DIRECTION ( 'NONE',  ( 1.000000000000000000, 0.000000000000000000, 0.000000000000000000 ) ) ;
#2991 = CARTESIAN_POINT ( 'NONE',  ( -3.440000000000000391, 0.000000000000000000, -0.9000000000000000222 ) ) ;
#2992 = EDGE_CURVE ( 'NONE', #134, #2132, #3712, .T. ) ;
#2993 = CARTESIAN_POINT ( 'NONE',  ( 2.165000000000000036, 0.000000000000000000, -2.200000000000000622 ) ) ;
#2994 = UNCERTAINTY_MEASURE_WITH_UNIT (LENGTH_MEASURE( 1.000000000000000082E-05 ), #96, 'distance_accuracy_value', 'NONE');
#2995 = CARTESIAN_POINT ( 'NONE',  ( -1.639999999999999902, 0.000000000000000000, 0.9000000000000003553 ) ) ;
#2996 = ORIENTED_EDGE ( 'NONE', *, *, #3274, .F. ) ;
#2997 = DIRECTION ( 'NONE',  ( -1.000000000000000000, -0.000000000000000000, -0.000000000000000000 ) ) ;
#2998 = MANIFOLD_SOLID_BREP ( 'LPattern1[1]', #1339 ) ;
#2999 = ORIENTED_EDGE ( 'NONE', *, *, #2924, .T. ) ;
#3000 = ORIENTED_EDGE ( 'NONE', *, *, #2924, .F. ) ;
#3001 = ORIENTED_EDGE ( 'NONE', *, *, #4475, .F. ) ;
#3002 = EDGE_CURVE ( 'NONE', #2465, #1552, #1376, .T. ) ;
#3003 = CARTESIAN_POINT ( 'NONE',  ( -5.980000000000000426, 0.5999999999999998668, 0.9000000000000007994 ) ) ;
#3004 = CARTESIAN_POINT ( 'NONE',  ( -8.519999999999999574, 0.5999999999999998668, -1.269999999999998908 ) ) ;
#3005 = DIRECTION ( 'NONE',  ( 0.000000000000000000, -0.000000000000000000, 1.000000000000000000 ) ) ;
#3006 = CARTESIAN_POINT ( 'NONE',  ( 0.9000000000000001332, 0.000000000000000000, 0.9000000000000000222 ) ) ;
#3007 = CARTESIAN_POINT ( 'NONE',  ( -6.720000000000000639, 7.545584412271571395, 0.9000000000000012434 ) ) ;
#3008 = CARTESIAN_POINT ( 'NONE',  ( 0.8999999999999985789, 3.895694160567695352, -1.050000000000000044 ) ) ;
#3009 = VECTOR ( 'NONE', #4207, 1000.000000000000000 ) ;
#3010 = CARTESIAN_POINT ( 'NONE',  ( 1.019999999999999796, 0.000000000000000000, 1.050000000000000044 ) ) ;
#3011 = EDGE_CURVE ( 'NONE', #3735, #880, #2684, .T. ) ;
#3012 = CARTESIAN_POINT ( 'NONE',  ( -1.640000000000000124, 4.599999999999999645, -0.9000000000000000222 ) ) ;
#3013 = ORIENTED_EDGE ( 'NONE', *, *, #896, .F. ) ;
#3014 = LINE ( 'NONE', #1352, #3128 ) ;
#3015 = ORIENTED_EDGE ( 'NONE', *, *, #266, .F. ) ;
#3016 = CARTESIAN_POINT ( 'NONE',  ( -0.4999999999999998890, 4.740192378864668044, 0.5000000000000001110 ) ) ;
#3017 = AXIS2_PLACEMENT_3D ( 'NONE', #3391, #4084, #2053 ) ;
#3018 = EDGE_CURVE ( 'NONE', #2263, #2499, #1652, .T. ) ;
#3019 = CIRCLE ( 'NONE', #2586, 0.1000000000000000472 ) ;
#3020 = DIRECTION ( 'NONE',  ( 0.000000000000000000, -1.000000000000000000, 0.000000000000000000 ) ) ;
#3021 = ORIENTED_EDGE ( 'NONE', *, *, #3121, .F. ) ;
#3022 = ORIENTED_EDGE ( 'NONE', *, *, #3002, .T. ) ;
#3023 = ORIENTED_EDGE ( 'NONE', *, *, #20, .F. ) ;
#3024 = CARTESIAN_POINT ( 'NONE',  ( -0.9000000000000001332, 4.599999999999999645, 0.9000000000000000222 ) ) ;
#3025 = CARTESIAN_POINT ( 'NONE',  ( -10.16000000000000014, 0.000000000000000000, 1.356587939957232889E-15 ) ) ;
#3026 = DIRECTION ( 'NONE',  ( -1.084202172485500736E-16, 0.8660254037844397068, -0.4999999999999982792 ) ) ;
#3027 = EDGE_CURVE ( 'NONE', #563, #3137, #4097, .T. ) ;
#3028 = DIRECTION ( 'NONE',  ( 0.000000000000000000, 1.779866165659867177E-16, -1.000000000000000000 ) ) ;
#3029 = LINE ( 'NONE', #1782, #2985 ) ;
#3030 = PLANE ( 'NONE',  #4467 ) ;
#3031 = LINE ( 'NONE', #3747, #2757 ) ;
#3032 = VECTOR ( 'NONE', #3617, 1000.000000000000114 ) ;
#3033 = CARTESIAN_POINT ( 'NONE',  ( -2.040000000000000036, 4.740192378864668044, 0.5000000000000003331 ) ) ;
#3034 = DIRECTION ( 'NONE',  ( 1.000000000000000000, 0.000000000000000000, -1.707404996040164265E-16 ) ) ;
#3035 = EDGE_LOOP ( 'NONE', ( #1461, #3758, #3674, #2653 ) ) ;
#3036 = CARTESIAN_POINT ( 'NONE',  ( 5.455000000000000071, -1.593738312549088494E-16, 2.199999999999999734 ) ) ;
#3037 = VERTEX_POINT ( 'NONE', #3519 ) ;
#3038 = AXIS2_PLACEMENT_3D ( 'NONE', #2607, #3992, #2671 ) ;
#3039 = ADVANCED_FACE ( 'NONE', ( #2231 ), #398, .F. ) ;
#3040 = EDGE_CURVE ( 'NONE', #2011, #2118, #2920, .T. ) ;
#3041 = LINE ( 'NONE', #2042, #798 ) ;
#3042 = DIRECTION ( 'NONE',  ( -1.000000000000000000, -0.000000000000000000, 2.409338161078898687E-16 ) ) ;
#3043 = ORIENTED_EDGE ( 'NONE', *, *, #349, .F. ) ;
#3044 = ORIENTED_EDGE ( 'NONE', *, *, #1983, .T. ) ;
#3045 = LINE ( 'NONE', #654, #392 ) ;
#3046 = EDGE_LOOP ( 'NONE', ( #87, #974, #4360, #1064 ) ) ;
#3047 = FACE_OUTER_BOUND ( 'NONE', #1904, .T. ) ;
#3048 = SHAPE_REPRESENTATION_RELATIONSHIP ( 'NONE' , 'NONE' ,  #3414, #2706 ) ;
#3049 = EDGE_CURVE ( 'NONE', #2331, #335, #417, .T. ) ;
#3050 = CARTESIAN_POINT ( 'NONE',  ( -5.980000000000000426, 0.000000000000000000, 0.9000000000000000222 ) ) ;
#3051 = VECTOR ( 'NONE', #9, 1000.000000000000000 ) ;
#3052 = DIRECTION ( 'NONE',  ( -1.000000000000000000, -0.000000000000000000, -0.000000000000000000 ) ) ;
#3053 = CARTESIAN_POINT ( 'NONE',  ( -9.260000000000001563, 7.545584412271571395, -0.9000000000000000222 ) ) ;
#3054 = LINE ( 'NONE', #1987, #1202 ) ;
#3055 = FACE_OUTER_BOUND ( 'NONE', #408, .T. ) ;
#3056 = VECTOR ( 'NONE', #1675, 1000.000000000000000 ) ;
#3057 = CIRCLE ( 'NONE', #1023, 0.1000000000000000472 ) ;
#3058 = CIRCLE ( 'NONE', #1813, 0.3500000000000000333 ) ;
#3059 = PLANE ( 'NONE',  #3340 ) ;
#3060 = ORIENTED_EDGE ( 'NONE', *, *, #983, .F. ) ;
#3061 = CARTESIAN_POINT ( 'NONE',  ( -1.270000000000000018, 0.000000000000000000, 1.050000000000000488 ) ) ;
#3062 = CARTESIAN_POINT ( 'NONE',  ( -7.119999999999999218, 4.740192378864668044, 0.5000000000000012212 ) ) ;
#3063 = ORIENTED_EDGE ( 'NONE', *, *, #3682, .T. ) ;
#3064 = AXIS2_PLACEMENT_3D ( 'NONE', #495, #754, #34 ) ;
#3065 = PRESENTATION_STYLE_ASSIGNMENT (( #4448 ) ) ;
#3066 = ORIENTED_EDGE ( 'NONE', *, *, #2433, .T. ) ;
#3067 = VERTEX_POINT ( 'NONE', #2124 ) ;
#3068 = CARTESIAN_POINT ( 'NONE',  ( 0.000000000000000000, 0.000000000000000000, 0.000000000000000000 ) ) ;
#3069 = EDGE_LOOP ( 'NONE', ( #3950, #4469, #2340, #3908 ) ) ;
#3070 = EDGE_CURVE ( 'NONE', #667, #1827, #2810, .T. ) ;
#3071 = EDGE_CURVE ( 'NONE', #2095, #2678, #22, .T. ) ;
#3072 = VECTOR ( 'NONE', #972, 1000.000000000000000 ) ;
#3073 = LINE ( 'NONE', #678, #920 ) ;
#3074 = DIRECTION ( 'NONE',  ( 5.421010862427503681E-17, 0.8660254037844395958, 0.4999999999999982792 ) ) ;
#3075 = EDGE_LOOP ( 'NONE', ( #4244, #3443, #4450, #4029, #1192, #1875, #3994, #2835 ) ) ;
#3076 = CARTESIAN_POINT ( 'NONE',  ( -9.660000000000000142, 4.740192378864668044, 0.5000000000000016653 ) ) ;
#3077 = PRESENTATION_LAYER_ASSIGNMENT (  '', '', ( #3285 ) ) ;
#3078 = EDGE_CURVE ( 'NONE', #711, #3330, #1761, .T. ) ;
#3079 = ORIENTED_EDGE ( 'NONE', *, *, #491, .F. ) ;
#3080 = CARTESIAN_POINT ( 'NONE',  ( -1.640000000000000124, 0.000000000000000000, -1.049999999999999822 ) ) ;
#3081 = CARTESIAN_POINT ( 'NONE',  ( 2.914999999999999591, 0.3499999999999999778, -0.9999999999999995559 ) ) ;
#3082 = DIRECTION ( 'NONE',  ( 0.000000000000000000, 0.000000000000000000, -1.000000000000000000 ) ) ;
#3083 = PLANE ( 'NONE',  #2855 ) ;
#3084 = LINE ( 'NONE', #1992, #1661 ) ;
#3085 = ORIENTED_EDGE ( 'NONE', *, *, #3202, .T. ) ;
#3086 = LINE ( 'NONE', #1308, #2247 ) ;
#3087 = ADVANCED_FACE ( 'NONE', ( #3175 ), #4283, .F. ) ;
#3088 = MECHANICAL_DESIGN_GEOMETRIC_PRESENTATION_REPRESENTATION (  '', ( #4460 ), #1474 ) ;
#3089 = CARTESIAN_POINT ( 'NONE',  ( 1.269999999999999796, 0.5999999999999999778, -1.270000000000000240 ) ) ;
#3090 = EDGE_LOOP ( 'NONE', ( #3194, #2675, #4116, #971 ) ) ;
#3091 = ORIENTED_EDGE ( 'NONE', *, *, #3071, .T. ) ;
#3092 = DIRECTION ( 'NONE',  ( -1.000000000000000000, 0.000000000000000000, -0.000000000000000000 ) ) ;
#3093 = EDGE_CURVE ( 'NONE', #443, #514, #847, .T. ) ;
#3094 = EDGE_LOOP ( 'NONE', ( #432, #4022, #1692, #4401 ) ) ;
#3095 = DIRECTION ( 'NONE',  ( -1.000000000000000000, 0.000000000000000000, -0.000000000000000000 ) ) ;
#3096 = ORIENTED_EDGE ( 'NONE', *, *, #2579, .T. ) ;
#3097 = LINE ( 'NONE', #376, #4198 ) ;
#3099 = EDGE_LOOP ( 'NONE', ( #1832, #297, #2844, #1941 ) ) ;
#3098 = EDGE_CURVE ( 'NONE', #4027, #344, #1067, .T. ) ;
#3100 = DIRECTION ( 'NONE',  ( -0.000000000000000000, 1.000000000000000000, -0.000000000000000000 ) ) ;
#3101 = CARTESIAN_POINT ( 'NONE',  ( 5.455000000000000071, 0.3499999999999999778, 0.6499999999999995781 ) ) ;
#3102 = VECTOR ( 'NONE', #552, 1000.000000000000000 ) ;
#3103 = DIRECTION ( 'NONE',  ( -1.707404996040164265E-16, 0.000000000000000000, -1.000000000000000000 ) ) ;
#3105 = ADVANCED_FACE ( 'NONE', ( #42 ), #520, .T. ) ;
#3104 = ORIENTED_EDGE ( 'NONE', *, *, #572, .F. ) ;
#3106 = DIRECTION ( 'NONE',  ( 1.000000000000000000, 0.000000000000000000, 0.000000000000000000 ) ) ;
#3107 = AXIS2_PLACEMENT_3D ( 'NONE', #3845, #95, #2840 ) ;
#3108 = PRODUCT_RELATED_PRODUCT_CATEGORY ( 'part', '', ( #2503 ) ) ;
#3109 = CARTESIAN_POINT ( 'NONE',  ( -4.580000000000000071, 4.599999999999999645, 0.5000000000000007772 ) ) ;
#3110 = ORIENTED_EDGE ( 'NONE', *, *, #916, .F. ) ;
#3111 = DIRECTION ( 'NONE',  ( -0.6546536707079775308, 0.3779644730092256433, 0.6546536707079776418 ) ) ;
#3112 = EDGE_LOOP ( 'NONE', ( #1842, #3110, #94, #800 ) ) ;
#3113 = SURFACE_STYLE_USAGE ( .BOTH. , #1022 ) ;
#3114 = ORIENTED_EDGE ( 'NONE', *, *, #3120, .F. ) ;
#3115 = FACE_OUTER_BOUND ( 'NONE', #676, .T. ) ;
#3116 = FACE_OUTER_BOUND ( 'NONE', #1817, .T. ) ;
#3117 = ORIENTED_EDGE ( 'NONE', *, *, #1777, .T. ) ;
#3118 = CARTESIAN_POINT ( 'NONE',  ( -4.180000000000000604, 7.545584412271571395, 0.9000000000000007994 ) ) ;
#3119 = DIRECTION ( 'NONE',  ( 6.023345402697245486E-17, 0.000000000000000000, 1.000000000000000000 ) ) ;
#3120 = EDGE_CURVE ( 'NONE', #82, #1858, #2103, .T. ) ;
#3121 = EDGE_CURVE ( 'NONE', #1077, #459, #1502, .T. ) ;
#3122 = DIRECTION ( 'NONE',  ( 0.000000000000000000, 0.000000000000000000, 1.000000000000000000 ) ) ;
#3123 = AXIS2_PLACEMENT_3D ( 'NONE', #3834, #320, #3775 ) ;
#3124 = ORIENTED_EDGE ( 'NONE', *, *, #1720, .F. ) ;
#3125 = DIRECTION ( 'NONE',  ( -0.6546536707079775308, -0.3779644730092256988, 0.6546536707079775308 ) ) ;
#3126 = DIRECTION ( 'NONE',  ( 0.000000000000000000, 1.779866165659867177E-16, -1.000000000000000000 ) ) ;
#3127 = VECTOR ( 'NONE', #2531, 1000.000000000000000 ) ;
#3128 = VECTOR ( 'NONE', #4465, 1000.000000000000000 ) ;
#3129 = VECTOR ( 'NONE', #1463, 1000.000000000000000 ) ;
#3130 = VERTEX_POINT ( 'NONE', #2478 ) ;
#3131 = ORIENTED_EDGE ( 'NONE', *, *, #991, .T. ) ;
#3132 = CARTESIAN_POINT ( 'NONE',  ( 4.705000000000000071, 0.3499999999999999778, 0.6499999999999995781 ) ) ;
#3133 = DIRECTION ( 'NONE',  ( 0.000000000000000000, 0.000000000000000000, -1.000000000000000000 ) ) ;
#3134 = EDGE_CURVE ( 'NONE', #3893, #1945, #1735, .T. ) ;
#3135 = DIRECTION ( 'NONE',  ( 0.000000000000000000, 0.000000000000000000, 1.000000000000000000 ) ) ;
#3136 = DIRECTION ( 'NONE',  ( 1.000000000000000000, 0.000000000000000000, 0.000000000000000000 ) ) ;
#3137 = VERTEX_POINT ( 'NONE', #3604 ) ;
#3138 = LINE ( 'NONE', #467, #2036 ) ;
#3139 = FACE_OUTER_BOUND ( 'NONE', #3766, .T. ) ;
#3140 = VERTEX_POINT ( 'NONE', #2440 ) ;
#3141 = DIRECTION ( 'NONE',  ( 0.000000000000000000, -1.000000000000000000, 0.000000000000000000 ) ) ;
#3142 = ORIENTED_EDGE ( 'NONE', *, *, #2139, .T. ) ;
#3143 = ORIENTED_EDGE ( 'NONE', *, *, #2362, .T. ) ;
#3144 = CARTESIAN_POINT ( 'NONE',  ( 5.455000000000000071, 1.000000000000000000, 0.6499999999999998002 ) ) ;
#3145 = EDGE_CURVE ( 'NONE', #3790, #1931, #1177, .T. ) ;
#3146 = FACE_OUTER_BOUND ( 'NONE', #1176, .T. ) ;
#3147 = PRODUCT_DEFINITION_SHAPE ( 'NONE', 'NONE',  #2156 ) ;
#3148 = CARTESIAN_POINT ( 'NONE',  ( 4.705000000000000071, 1.000000000000000000, 0.8999999999999998002 ) ) ;
#3149 = EDGE_CURVE ( 'NONE', #835, #3685, #3946, .T. ) ;
#3150 = VERTEX_POINT ( 'NONE', #713 ) ;
#3151 = EDGE_LOOP ( 'NONE', ( #2704, #4075, #2911, #1710 ) ) ;
#3152 = CARTESIAN_POINT ( 'NONE',  ( -9.260000000000001563, 0.5999999999999998668, -1.269999999999998463 ) ) ;
#3153 = CARTESIAN_POINT ( 'NONE',  ( -5.980000000000000426, 0.000000000000000000, 1.050000000000000933 ) ) ;
#3154 = CARTESIAN_POINT ( 'NONE',  ( 2.165000000000000036, 0.3499999999999999778, -0.9999999999999995559 ) ) ;
#3155 = DIRECTION ( 'NONE',  ( 0.000000000000000000, -1.000000000000000000, 0.000000000000000000 ) ) ;
#3156 = AXIS2_PLACEMENT_3D ( 'NONE', #1724, #686, #3119 ) ;
#3157 = ORIENTED_EDGE ( 'NONE', *, *, #3568, .T. ) ;
#3158 = PRODUCT_RELATED_PRODUCT_CATEGORY ( 'part', '', ( #2781 ) ) ;
#3159 = EDGE_LOOP ( 'NONE', ( #2312, #2817, #1510, #2502 ) ) ;
#3160 = CARTESIAN_POINT ( 'NONE',  ( -0.9000000000000001332, 0.5999999999999998668, 0.9000000000000000222 ) ) ;
#3161 = CARTESIAN_POINT ( 'NONE',  ( -2.040000000000000036, 4.599999999999999645, -0.4999999999999995559 ) ) ;
#3162 = CARTESIAN_POINT ( 'NONE',  ( 0.5000000000000001110, -0.001000000000000132727, -0.5000000000000000000 ) ) ;
#3163 = VERTEX_POINT ( 'NONE', #826 ) ;
#3164 = ORIENTED_EDGE ( 'NONE', *, *, #3971, .T. ) ;
#3165 = LINE ( 'NONE', #60, #2913 ) ;
#3166 = VECTOR ( 'NONE', #2725, 1000.000000000000000 ) ;
#3167 = DIRECTION ( 'NONE',  ( -1.000000000000000000, -0.000000000000000000, -0.000000000000000000 ) ) ;
#3168 = AXIS2_PLACEMENT_3D ( 'NONE', #1145, #2529, #490 ) ;
#3169 = CARTESIAN_POINT ( 'NONE',  ( 0.9000000000000001332, 4.599999999999999645, 0.9000000000000000222 ) ) ;
#3170 = ORIENTED_EDGE ( 'NONE', *, *, #2084, .T. ) ;
#3171 = DIRECTION ( 'NONE',  ( 1.000000000000000000, 0.000000000000000000, -2.168404344971008868E-16 ) ) ;
#3172 = VECTOR ( 'NONE', #2082, 1000.000000000000000 ) ;
#3173 = VECTOR ( 'NONE', #2815, 1000.000000000000000 ) ;
#3174 = EDGE_CURVE ( 'NONE', #3067, #3529, #2209, .T. ) ;
#3175 = FACE_OUTER_BOUND ( 'NONE', #481, .T. ) ;
#3176 = DIRECTION ( 'NONE',  ( 2.168404344971008868E-16, 0.000000000000000000, 1.000000000000000000 ) ) ;
#3177 = ORIENTED_EDGE ( 'NONE', *, *, #152, .F. ) ;
#3178 = DIRECTION ( 'NONE',  ( -0.000000000000000000, -0.000000000000000000, 1.000000000000000000 ) ) ;
#3179 = CARTESIAN_POINT ( 'NONE',  ( -3.440000000000000391, 0.5999999999999998668, 0.9000000000000003553 ) ) ;
#3180 = ORIENTED_EDGE ( 'NONE', *, *, #4105, .T. ) ;
#3181 = ORIENTED_EDGE ( 'NONE', *, *, #1946, .T. ) ;
#3182 = DIRECTION ( 'NONE',  ( -0.6546536707079775308, 0.3779644730092256433, 0.6546536707079776418 ) ) ;
#3183 = CARTESIAN_POINT ( 'NONE',  ( -9.260000000000001563, 7.545584412271571395, 0.9000000000000016875 ) ) ;
#3184 = PRODUCT_DEFINITION_SHAPE ( 'NONE', 'NONE',  #2639 ) ;
#3185 = ORIENTED_EDGE ( 'NONE', *, *, #2261, .T. ) ;
#3186 = DIRECTION ( 'NONE',  ( -1.000000000000000000, -0.000000000000000000, -0.000000000000000000 ) ) ;
#3187 = EDGE_LOOP ( 'NONE', ( #90, #4476, #1851, #2800 ) ) ;
#3188 = VERTEX_POINT ( 'NONE', #368 ) ;
#3189 = DIRECTION ( 'NONE',  ( 0.4999999999999982792, 0.8660254037844397068, 0.000000000000000000 ) ) ;
#3190 = LINE ( 'NONE', #4236, #659 ) ;
#3191 = EDGE_CURVE ( 'NONE', #82, #1603, #1200, .T. ) ;
#3192 = VECTOR ( 'NONE', #466, 1000.000000000000000 ) ;
#3193 = LINE ( 'NONE', #1459, #1029 ) ;
#3194 = ORIENTED_EDGE ( 'NONE', *, *, #703, .T. ) ;
#3195 = DIRECTION ( 'NONE',  ( 0.000000000000000000, 1.000000000000000000, 3.336006684570783101E-16 ) ) ;
#3196 = VECTOR ( 'NONE', #544, 1000.000000000000000 ) ;
#3197 =( REPRESENTATION_RELATIONSHIP ('NONE','NONE', #4391, #3414 ) REPRESENTATION_RELATIONSHIP_WITH_TRANSFORMATION ( #4393 )SHAPE_REPRESENTATION_RELATIONSHIP( ) );
#3198 = AXIS2_PLACEMENT_3D ( 'NONE', #38, #1086, #1483 ) ;
#3199 = VECTOR ( 'NONE', #3387, 1000.000000000000000 ) ;
#3200 = DIRECTION ( 'NONE',  ( -0.000000000000000000, -0.000000000000000000, 1.000000000000000000 ) ) ;
#3201 = VERTEX_POINT ( 'NONE', #542 ) ;
#3202 = EDGE_CURVE ( 'NONE', #1650, #4149, #3750, .T. ) ;
#3203 = EDGE_CURVE ( 'NONE', #1681, #1119, #2330, .T. ) ;
#3204 = VECTOR ( 'NONE', #2495, 1000.000000000000000 ) ;
#3205 = LINE ( 'NONE', #2550, #4410 ) ;
#3206 = CARTESIAN_POINT ( 'NONE',  ( 0.5000000000000001110, 4.599999999999999645, -0.5000000000000000000 ) ) ;
#3207 =( LENGTH_UNIT ( ) NAMED_UNIT ( * ) SI_UNIT ( .MILLI., .METRE. ) );
#3208 = VECTOR ( 'NONE', #3042, 1000.000000000000000 ) ;
#3209 = ADVANCED_FACE ( 'NONE', ( #2012 ), #3307, .T. ) ;
#3210 = DIRECTION ( 'NONE',  ( -1.000000000000000000, 0.000000000000000000, 6.023345402697245486E-17 ) ) ;
#3211 = CARTESIAN_POINT ( 'NONE',  ( -8.120000000000000995, 4.740192378864668044, 0.5000000000000014433 ) ) ;
#3212 = EDGE_LOOP ( 'NONE', ( #4382, #4246, #2213, #4420 ) ) ;
#3213 = VERTEX_POINT ( 'NONE', #2354 ) ;
#3214 = CARTESIAN_POINT ( 'NONE',  ( 2.165000000000000036, 0.2500000000000000000, -2.200000000000000622 ) ) ;
#3215 = LINE ( 'NONE', #1775, #2764 ) ;
#3216 = ORIENTED_EDGE ( 'NONE', *, *, #1472, .F. ) ;
#3217 = DIRECTION ( 'NONE',  ( -0.000000000000000000, -0.000000000000000000, 1.000000000000000000 ) ) ;
#3218 = EDGE_CURVE ( 'NONE', #3354, #443, #3677, .T. ) ;
#3219 = VERTEX_POINT ( 'NONE', #4418 ) ;
#3220 = CARTESIAN_POINT ( 'NONE',  ( -4.180000000000000604, 0.000000000000000000, 1.050000000000000933 ) ) ;
#3221 = DIRECTION ( 'NONE',  ( 1.000000000000000000, 0.000000000000000000, -2.168404344971008868E-16 ) ) ;
#3222 = ORIENTED_EDGE ( 'NONE', *, *, #4201, .F. ) ;
#3223 = FACE_OUTER_BOUND ( 'NONE', #4184, .T. ) ;
#3224 = EDGE_LOOP ( 'NONE', ( #4136, #2629, #4051, #1696 ) ) ;
#3225 = DIRECTION ( 'NONE',  ( 0.000000000000000000, 0.000000000000000000, 1.000000000000000000 ) ) ;
#3226 =( LENGTH_UNIT ( ) NAMED_UNIT ( * ) SI_UNIT ( .MILLI., .METRE. ) );
#3227 = EDGE_CURVE ( 'NONE', #3247, #607, #267, .T. ) ;
#3228 = PLANE ( 'NONE',  #1018 ) ;
#3229 = FACE_OUTER_BOUND ( 'NONE', #2185, .T. ) ;
#3230 = ADVANCED_FACE ( 'NONE', ( #1916 ), #198, .T. ) ;
#3231 = ADVANCED_FACE ( 'NONE', ( #1303 ), #2697, .T. ) ;
#3232 = DIRECTION ( 'NONE',  ( -1.000000000000000000, 0.000000000000000000, 1.084202172485504434E-16 ) ) ;
#3233 = CARTESIAN_POINT ( 'NONE',  ( -7.620000000000000107, 0.000000000000000000, 1.301042606982605124E-15 ) ) ;
#3234 = VERTEX_POINT ( 'NONE', #3012 ) ;
#3235 = LINE ( 'NONE', #2824, #1111 ) ;
#3236 = DIRECTION ( 'NONE',  ( -1.000000000000000000, 0.000000000000000000, 1.084202172485504434E-16 ) ) ;
#3237 = EDGE_CURVE ( 'NONE', #1430, #3774, #1568, .T. ) ;
#3238 = DIRECTION ( 'NONE',  ( -1.000000000000000000, -0.000000000000000000, -0.000000000000000000 ) ) ;
#3239 = ORIENTED_EDGE ( 'NONE', *, *, #624, .F. ) ;
#3240 = CARTESIAN_POINT ( 'NONE',  ( -4.180000000000000604, 0.5999999999999998668, -1.269999999999999352 ) ) ;
#3241 = CARTESIAN_POINT ( 'NONE',  ( -5.080000000000000071, 0.000000000000000000, 8.673617379884035472E-16 ) ) ;
#3242 = VECTOR ( 'NONE', #3850, 1000.000000000000000 ) ;
#3243 = AXIS2_PLACEMENT_3D ( 'NONE', #739, #1894, #4172 ) ;
#3244 = ORIENTED_EDGE ( 'NONE', *, *, #4113, .F. ) ;
#3245 = ORIENTED_EDGE ( 'NONE', *, *, #1473, .F. ) ;
#3246 = DIRECTION ( 'NONE',  ( -0.000000000000000000, -0.000000000000000000, 1.000000000000000000 ) ) ;
#3247 = VERTEX_POINT ( 'NONE', #4392 ) ;
#3248 = LINE ( 'NONE', #3589, #278 ) ;
#3249 = LINE ( 'NONE', #1579, #3606 ) ;
#3250 = CARTESIAN_POINT ( 'NONE',  ( -1.639999999999999902, 7.545584412271571395, 0.9000000000000003553 ) ) ;
#3251 = ORIENTED_EDGE ( 'NONE', *, *, #3191, .F. ) ;
#3252 = DIRECTION ( 'NONE',  ( 0.000000000000000000, 1.000000000000000000, 0.000000000000000000 ) ) ;
#3253 = CARTESIAN_POINT ( 'NONE',  ( -9.660000000000000142, 4.599999999999999645, 0.5000000000000016653 ) ) ;
#3254 = PLANE ( 'NONE',  #1050 ) ;
#3255 = CARTESIAN_POINT ( 'NONE',  ( 4.705000000000000071, 0.2499999999999994726, 2.199999999999999734 ) ) ;
#3256 = ORIENTED_EDGE ( 'NONE', *, *, #163, .F. ) ;
#3257 = DIRECTION ( 'NONE',  ( -1.000000000000000000, 0.000000000000000000, 0.000000000000000000 ) ) ;
#3258 = FACE_BOUND ( 'NONE', #2916, .T. ) ;
#3259 = EDGE_CURVE ( 'NONE', #2705, #1366, #1282, .T. ) ;
#3260 = EDGE_CURVE ( 'NONE', #370, #1818, #4413, .T. ) ;
#3261 = DIRECTION ( 'NONE',  ( -0.000000000000000000, -0.000000000000000000, 1.000000000000000000 ) ) ;
#3262 = DIRECTION ( 'NONE',  ( -0.000000000000000000, -0.000000000000000000, 1.000000000000000000 ) ) ;
#3263 = ORIENTED_EDGE ( 'NONE', *, *, #4077, .T. ) ;
#3264 = PLANE ( 'NONE',  #1885 ) ;
#3265 = VERTEX_POINT ( 'NONE', #4065 ) ;
#3266 = VERTEX_POINT ( 'NONE', #873 ) ;
#3267 = DIRECTION ( 'NONE',  ( -6.023345402697245486E-17, 0.000000000000000000, -1.000000000000000000 ) ) ;
#3268 = LINE ( 'NONE', #166, #2013 ) ;
#3269 = AXIS2_PLACEMENT_3D ( 'NONE', #1417, #2925, #202 ) ;
#3270 = DIRECTION ( 'NONE',  ( -0.000000000000000000, 1.000000000000000000, -0.000000000000000000 ) ) ;
#3271 = VECTOR ( 'NONE', #1687, 1000.000000000000000 ) ;
#3272 = SURFACE_STYLE_USAGE ( .BOTH. , #1881 ) ;
#3273 = VECTOR ( 'NONE', #393, 1000.000000000000000 ) ;
#3274 = EDGE_CURVE ( 'NONE', #70, #1013, #2256, .T. ) ;
#3275 = VECTOR ( 'NONE', #3313, 1000.000000000000000 ) ;
#3276 = AXIS2_PLACEMENT_3D ( 'NONE', #2470, #1478, #4390 ) ;
#3277 = DIRECTION ( 'NONE',  ( 1.000000000000000000, 0.000000000000000000, 0.000000000000000000 ) ) ;
#3278 = DIRECTION ( 'NONE',  ( 0.000000000000000000, 1.000000000000000000, 0.000000000000000000 ) ) ;
#3279 = DIRECTION ( 'NONE',  ( 0.000000000000000000, -0.000000000000000000, 1.000000000000000000 ) ) ;
#3280 = VERTEX_POINT ( 'NONE', #3720 ) ;
#3281 = DIRECTION ( 'NONE',  ( -0.4999999999999982792, 0.8660254037844397068, 0.000000000000000000 ) ) ;
#3282 = DIRECTION ( 'NONE',  ( 0.000000000000000000, -1.000000000000000000, 0.000000000000000000 ) ) ;
#3283 = DIRECTION ( 'NONE',  ( 2.409338161078898687E-16, 0.000000000000000000, 1.000000000000000000 ) ) ;
#3284 = EDGE_CURVE ( 'NONE', #2435, #344, #600, .T. ) ;
#3285 = STYLED_ITEM ( 'NONE', ( #168 ), #2706 ) ;
#3286 = LINE ( 'NONE', #3607, #3196 ) ;
#3287 = ORIENTED_EDGE ( 'NONE', *, *, #1581, .F. ) ;
#3288 = LINE ( 'NONE', #4354, #3597 ) ;
#3289 = EDGE_CURVE ( 'NONE', #1847, #303, #537, .T. ) ;
#3290 = LINE ( 'NONE', #2543, #2619 ) ;
#3291 = ORIENTED_EDGE ( 'NONE', *, *, #6, .T. ) ;
#3292 = ORIENTED_EDGE ( 'NONE', *, *, #3905, .F. ) ;
#3293 = CARTESIAN_POINT ( 'NONE',  ( 5.455000000000000071, 0.2499999999999994726, 2.199999999999999734 ) ) ;
#3294 = ORIENTED_EDGE ( 'NONE', *, *, #2814, .F. ) ;
#3295 = CARTESIAN_POINT ( 'NONE',  ( 5.455000000000000071, -1.593738312549088494E-16, 2.199999999999999734 ) ) ;
#3296 = DIRECTION ( 'NONE',  ( 1.000000000000000000, 0.000000000000000000, 0.000000000000000000 ) ) ;
#3297 = CARTESIAN_POINT ( 'NONE',  ( -5.080000000000000071, 0.000000000000000000, 6.782939699786164446E-16 ) ) ;
#3298 = DIRECTION ( 'NONE',  ( -1.000000000000000000, -0.000000000000000000, -0.000000000000000000 ) ) ;
#3299 = VECTOR ( 'NONE', #513, 1000.000000000000000 ) ;
#3300 = EDGE_CURVE ( 'NONE', #44, #1446, #262, .T. ) ;
#3301 = DIRECTION ( 'NONE',  ( -0.000000000000000000, -0.000000000000000000, 1.000000000000000000 ) ) ;
#3302 = AXIS2_PLACEMENT_3D ( 'NONE', #1280, #2031, #4438 ) ;
#3303 = FACE_OUTER_BOUND ( 'NONE', #2070, .T. ) ;
#3304 = DIRECTION ( 'NONE',  ( 0.000000000000000000, 1.000000000000000000, 0.000000000000000000 ) ) ;
#3305 = ORIENTED_EDGE ( 'NONE', *, *, #1677, .F. ) ;
#3306 = FACE_OUTER_BOUND ( 'NONE', #2469, .T. ) ;
#3307 = PLANE ( 'NONE',  #2745 ) ;
#3308 = CONTEXT_DEPENDENT_SHAPE_REPRESENTATION ( #3197, #4219 ) ;
#3309 = ORIENTED_EDGE ( 'NONE', *, *, #2555, .T. ) ;
#3310 = DIRECTION ( 'NONE',  ( 0.000000000000000000, 0.000000000000000000, 1.000000000000000000 ) ) ;
#3311 = VERTEX_POINT ( 'NONE', #2248 ) ;
#3312 = EDGE_LOOP ( 'NONE', ( #3251, #4432, #3404, #3456 ) ) ;
#3313 = DIRECTION ( 'NONE',  ( 0.000000000000000000, 1.000000000000000000, 3.336006684570783101E-16 ) ) ;
#3314 = ORIENTED_EDGE ( 'NONE', *, *, #2121, .T. ) ;
#3315 = CARTESIAN_POINT ( 'NONE',  ( 2.914999999999999591, 0.2500000000000000000, -2.200000000000000622 ) ) ;
#3316 = EDGE_CURVE ( 'NONE', #2857, #2705, #2959, .T. ) ;
#3317 = EDGE_CURVE ( 'NONE', #3376, #3265, #1562, .T. ) ;
#3318 = CYLINDRICAL_SURFACE ( 'NONE', #1142, 0.3500000000000000333 ) ;
#3319 = VECTOR ( 'NONE', #3876, 1000.000000000000000 ) ;
#3320 = DIRECTION ( 'NONE',  ( 1.000000000000000000, 0.000000000000000000, 0.000000000000000000 ) ) ;
#3321 = CARTESIAN_POINT ( 'NONE',  ( 2.914999999999999591, 0.3499999999999999778, -0.8999999999999995781 ) ) ;
#3322 = CARTESIAN_POINT ( 'NONE',  ( 0.8999999999999998002, 0.5999999999999998668, -1.270000000000000240 ) ) ;
#3323 = CARTESIAN_POINT ( 'NONE',  ( -4.180000000000000604, 0.5999999999999998668, 1.050000000000000933 ) ) ;
#3324 = LINE ( 'NONE', #3577, #1134 ) ;
#3325 = EDGE_LOOP ( 'NONE', ( #1737, #3013, #1429, #2937 ) ) ;
#3326 = CARTESIAN_POINT ( 'NONE',  ( -2.468571428571429305, 4.492756549211971873, -0.07142857142857059194 ) ) ;
#3327 = AXIS2_PLACEMENT_3D ( 'NONE', #3033, #2966, #3700 ) ;
#3328 = VERTEX_POINT ( 'NONE', #2600 ) ;
#3329 = LINE ( 'NONE', #2995, #4434 ) ;
#3330 = VERTEX_POINT ( 'NONE', #2664 ) ;
#3331 = LINE ( 'NONE', #1600, #4252 ) ;
#3332 = ADVANCED_FACE ( 'NONE', ( #1298 ), #1213, .T. ) ;
#3333 = CARTESIAN_POINT ( 'NONE',  ( -0.9500000000000032863, 5.000000000000000000, 0.9500000000000036193 ) ) ;
#3334 = FACE_OUTER_BOUND ( 'NONE', #2738, .T. ) ;
#3335 = ORIENTED_EDGE ( 'NONE', *, *, #222, .T. ) ;
#3336 = ORIENTED_EDGE ( 'NONE', *, *, #4374, .T. ) ;
#3337 = AXIS2_PLACEMENT_3D ( 'NONE', #745, #75, #720 ) ;
#3338 = ORIENTED_EDGE ( 'NONE', *, *, #2610, .F. ) ;
#3339 = DIRECTION ( 'NONE',  ( 0.000000000000000000, 0.000000000000000000, 1.000000000000000000 ) ) ;
#3340 = AXIS2_PLACEMENT_3D ( 'NONE', #2076, #3034, #3103 ) ;
#3341 = DIRECTION ( 'NONE',  ( 1.000000000000000000, 0.000000000000000000, 0.000000000000000000 ) ) ;
#3342 = EDGE_CURVE ( 'NONE', #2721, #1944, #217, .T. ) ;
#3343 = DIRECTION ( 'NONE',  ( -1.000000000000000000, 0.000000000000000000, 6.023345402697245486E-17 ) ) ;
#3344 = VECTOR ( 'NONE', #3403, 1000.000000000000000 ) ;
#3345 = DIRECTION ( 'NONE',  ( -1.000000000000000000, 0.000000000000000000, 0.000000000000000000 ) ) ;
#3346 = CARTESIAN_POINT ( 'NONE',  ( -4.580000000000000071, 4.599999999999999645, 0.5000000000000007772 ) ) ;
#3347 = VECTOR ( 'NONE', #1392, 1000.000000000000000 ) ;
#3349 = EDGE_CURVE ( 'NONE', #3565, #1751, #172, .T. ) ;
#3348 = CARTESIAN_POINT ( 'NONE',  ( -12.32333076527839566, 0.5999999999999999778, 0.9000000000000000222 ) ) ;
#3350 = DIRECTION ( 'NONE',  ( 2.168404344971008868E-16, 0.000000000000000000, 1.000000000000000000 ) ) ;
#3351 = VECTOR ( 'NONE', #823, 1000.000000000000000 ) ;
#3352 = ORIENTED_EDGE ( 'NONE', *, *, #624, .T. ) ;
#3353 = PRODUCT_DEFINITION_CONTEXT ( 'detailed design', #4208, 'design' ) ;
#3354 = VERTEX_POINT ( 'NONE', #242 ) ;
#3355 = FACE_OUTER_BOUND ( 'NONE', #1439, .T. ) ;
#3356 = ORIENTED_EDGE ( 'NONE', *, *, #1206, .F. ) ;
#3357 = CARTESIAN_POINT ( 'NONE',  ( -3.040000000000000036, -0.001000000000000132727, 0.5000000000000005551 ) ) ;
#3358 = ADVANCED_FACE ( 'NONE', ( #3334 ), #879, .T. ) ;
#3359 = EDGE_CURVE ( 'NONE', #2721, #4353, #511, .T. ) ;
#3360 = LINE ( 'NONE', #253, #4290 ) ;
#3361 = PLANE ( 'NONE',  #1322 ) ;
#3362 = ORIENTED_EDGE ( 'NONE', *, *, #1057, .T. ) ;
#3363 = ORIENTED_EDGE ( 'NONE', *, *, #3534, .F. ) ;
#3364 = EDGE_LOOP ( 'NONE', ( #2376, #4483, #1966, #205, #2403, #670, #2152, #1369 ) ) ;
#3365 = ORIENTED_EDGE ( 'NONE', *, *, #1046, .F. ) ;
#3366 = DIRECTION ( 'NONE',  ( 1.000000000000000000, 0.000000000000000000, -2.168404344971008868E-16 ) ) ;
#3367 = DIRECTION ( 'NONE',  ( 0.000000000000000000, 0.000000000000000000, 1.000000000000000000 ) ) ;
#3368 = CARTESIAN_POINT ( 'NONE',  ( 4.705000000000000071, 0.2499999999999994726, 2.199999999999999734 ) ) ;
#3369 = EDGE_CURVE ( 'NONE', #514, #3201, #1911, .T. ) ;
#3370 = DIRECTION ( 'NONE',  ( -3.614007241618349264E-16, 1.000000000000000000, -0.000000000000000000 ) ) ;
#3371 = CARTESIAN_POINT ( 'NONE',  ( -5.980000000000000426, 0.000000000000000000, -1.049999999999999378 ) ) ;
#3372 = DIRECTION ( 'NONE',  ( 0.000000000000000000, -1.000000000000000000, -3.336006684570783101E-16 ) ) ;
#3373 = CARTESIAN_POINT ( 'NONE',  ( -11.06000000000000050, 0.000000000000000000, 1.050000000000001821 ) ) ;
#3374 = ADVANCED_FACE ( 'NONE', ( #4346 ), #1237, .T. ) ;
#3375 = CARTESIAN_POINT ( 'NONE',  ( -4.580000000000000071, 4.740192378864668044, 0.5000000000000007772 ) ) ;
#3376 = VERTEX_POINT ( 'NONE', #4082 ) ;
#3377 = DIRECTION ( 'NONE',  ( -1.000000000000000000, 0.000000000000000000, -0.000000000000000000 ) ) ;
#3378 = EDGE_LOOP ( 'NONE', ( #4428, #3782, #3889, #637 ) ) ;
#3379 = ADVANCED_FACE ( 'NONE', ( #962 ), #4368, .F. ) ;
#3380 = CARTESIAN_POINT ( 'NONE',  ( 0.9000000000000000222, 4.599999999999999645, -0.9000000000000003553 ) ) ;
#3381 =( NAMED_UNIT ( * ) SI_UNIT ( $, .STERADIAN. ) SOLID_ANGLE_UNIT ( ) );
#3382 = ORIENTED_EDGE ( 'NONE', *, *, #1099, .F. ) ;
#3383 = ORIENTED_EDGE ( 'NONE', *, *, #1157, .T. ) ;
#3384 = ORIENTED_EDGE ( 'NONE', *, *, #1000, .F. ) ;
#3385 = FILL_AREA_STYLE ('',( #978 ) ) ;
#3386 = CARTESIAN_POINT ( 'NONE',  ( 0.000000000000000000, 0.000000000000000000, 0.000000000000000000 ) ) ;
#3387 = DIRECTION ( 'NONE',  ( -1.000000000000000000, -0.000000000000000000, -0.000000000000000000 ) ) ;
#3388 = VECTOR ( 'NONE', #442, 1000.000000000000000 ) ;
#3389 = CARTESIAN_POINT ( 'NONE',  ( -5.980000000000000426, 7.545584412271571395, 0.9000000000000007994 ) ) ;
#3390 = CARTESIAN_POINT ( 'NONE',  ( 1.019999999999999796, 0.5999999999999999778, -1.270000000000000240 ) ) ;
#3391 = CARTESIAN_POINT ( 'NONE',  ( -7.620000000000000107, 4.599999999999999645, 1.301042606982605124E-15 ) ) ;
#3392 = ORIENTED_EDGE ( 'NONE', *, *, #3803, .F. ) ;
#3393 = CARTESIAN_POINT ( 'NONE',  ( -10.66000000000000192, 4.599999999999999645, 0.5000000000000018874 ) ) ;
#3394 = AXIS2_PLACEMENT_3D ( 'NONE', #1397, #2893, #1416 ) ;
#3395 = VECTOR ( 'NONE', #2129, 1000.000000000000000 ) ;
#3396 = CARTESIAN_POINT ( 'NONE',  ( -9.660000000000000142, -0.001000000000000132727, -0.4999999999999982792 ) ) ;
#3397 = PRODUCT_DEFINITION_CONTEXT ( 'detailed design', #3898, 'design' ) ;
#3398 = CARTESIAN_POINT ( 'NONE',  ( 1.019999999999999796, 3.895694160567695352, -1.050000000000000044 ) ) ;
#3399 = ORIENTED_EDGE ( 'NONE', *, *, #2528, .F. ) ;
#3400 = ADVANCED_FACE ( 'NONE', ( #889 ), #913, .F. ) ;
#3401 = CARTESIAN_POINT ( 'NONE',  ( -3.040000000000000036, 4.599999999999999645, -0.4999999999999994449 ) ) ;
#3402 = EDGE_CURVE ( 'NONE', #2948, #1229, #4326, .T. ) ;
#3403 = DIRECTION ( 'NONE',  ( 0.000000000000000000, 0.000000000000000000, -1.000000000000000000 ) ) ;
#3404 = ORIENTED_EDGE ( 'NONE', *, *, #652, .T. ) ;
#3405 = VECTOR ( 'NONE', #4033, 1000.000000000000000 ) ;
#3406 = PRODUCT ( 'BG125-05-A-1-1-0440-N-D', 'BG125-05-A-1-1-0440-N-D', '', ( #237 ) ) ;
#3407 = DIRECTION ( 'NONE',  ( 1.000000000000000000, 0.000000000000000000, -2.168404344971008868E-16 ) ) ;
#3408 = DIRECTION ( 'NONE',  ( 1.000000000000000000, 0.000000000000000000, 0.000000000000000000 ) ) ;
#3409 = ORIENTED_EDGE ( 'NONE', *, *, #383, .T. ) ;
#3410 = ORIENTED_EDGE ( 'NONE', *, *, #1561, .F. ) ;
#3411 = CARTESIAN_POINT ( 'NONE',  ( 5.455000000000000071, 1.000000000000000000, 0.8999999999999998002 ) ) ;
#3412 = VERTEX_POINT ( 'NONE', #2621 ) ;
#3413 = DIRECTION ( 'NONE',  ( -0.000000000000000000, 1.000000000000000000, 0.000000000000000000 ) ) ;
#3414 = SHAPE_REPRESENTATION ( 'pin^BG125 Ass_1', ( #1607 ), #1611 ) ;
#3415 = DIRECTION ( 'NONE',  ( 0.000000000000000000, 0.000000000000000000, -1.000000000000000000 ) ) ;
#3416 = CARTESIAN_POINT ( 'NONE',  ( -12.32333076527839566, 0.5999999999999999778, -0.9000000000000000222 ) ) ;
#3417 = CARTESIAN_POINT ( 'NONE',  ( -5.980000000000000426, 0.000000000000000000, 0.9000000000000007994 ) ) ;
#3418 = EDGE_CURVE ( 'NONE', #1038, #4464, #1933, .T. ) ;
#3419 = DIRECTION ( 'NONE',  ( -1.000000000000000000, 0.000000000000000000, 2.168404344971008868E-16 ) ) ;
#3420 = VECTOR ( 'NONE', #2037, 1000.000000000000000 ) ;
#3421 = DIRECTION ( 'NONE',  ( -3.614007241618349264E-16, 1.000000000000000000, -0.000000000000000000 ) ) ;
#3422 = ORIENTED_EDGE ( 'NONE', *, *, #603, .F. ) ;
#3423 = PLANE ( 'NONE',  #664 ) ;
#3424 = DIRECTION ( 'NONE',  ( 5.421010862427503681E-17, 0.8660254037844395958, 0.4999999999999982792 ) ) ;
#3425 = EDGE_LOOP ( 'NONE', ( #2206, #4165, #2166, #3216 ) ) ;
#3426 = VECTOR ( 'NONE', #941, 1000.000000000000000 ) ;
#3427 = ADVANCED_FACE ( 'NONE', ( #1955 ), #1259, .F. ) ;
#3428 = AXIS2_PLACEMENT_3D ( 'NONE', #2680, #2415, #2313 ) ;
#3429 = CARTESIAN_POINT ( 'NONE',  ( -4.580000000000000071, 4.740192378864668044, 0.5000000000000007772 ) ) ;
#3430 = VECTOR ( 'NONE', #3662, 1000.000000000000000 ) ;
#3431 = ORIENTED_EDGE ( 'NONE', *, *, #2620, .F. ) ;
#3432 = VERTEX_POINT ( 'NONE', #4457 ) ;
#3433 = AXIS2_PLACEMENT_3D ( 'NONE', #3740, #260, #1232 ) ;
#3434 = EDGE_CURVE ( 'NONE', #32, #1551, #4478, .T. ) ;
#3435 = CARTESIAN_POINT ( 'NONE',  ( -12.32333076527839566, 0.5999999999999999778, 0.9000000000000000222 ) ) ;
#3436 = EDGE_LOOP ( 'NONE', ( #4119, #1081, #4315, #904 ) ) ;
#3437 = FACE_OUTER_BOUND ( 'NONE', #4263, .T. ) ;
#3438 = EDGE_CURVE ( 'NONE', #3188, #1847, #3097, .T. ) ;
#3440 = VERTEX_POINT ( 'NONE', #662 ) ;
#3439 = VECTOR ( 'NONE', #132, 1000.000000000000000 ) ;
#3441 = DIRECTION ( 'NONE',  ( -1.000000000000000000, 0.000000000000000000, -0.000000000000000000 ) ) ;
#3442 = CARTESIAN_POINT ( 'NONE',  ( 2.165000000000000036, 0.2500000000000000000, -0.9999999999999995559 ) ) ;
#3443 = ORIENTED_EDGE ( 'NONE', *, *, #572, .T. ) ;
#3444 = CARTESIAN_POINT ( 'NONE',  ( -2.040000000000000036, 4.740192378864668044, 0.5000000000000003331 ) ) ;
#3445 = LINE ( 'NONE', #3101, #2949 ) ;
#3446 = ADVANCED_FACE ( 'NONE', ( #1031 ), #2394, .F. ) ;
#3447 = ORIENTED_EDGE ( 'NONE', *, *, #4325, .T. ) ;
#3448 = PLANE ( 'NONE',  #949 ) ;
#3449 = ORIENTED_EDGE ( 'NONE', *, *, #543, .F. ) ;
#3450 = DIRECTION ( 'NONE',  ( 0.000000000000000000, 0.000000000000000000, -1.000000000000000000 ) ) ;
#3451 = ORIENTED_EDGE ( 'NONE', *, *, #1776, .F. ) ;
#3452 = VERTEX_POINT ( 'NONE', #4143 ) ;
#3453 = ORIENTED_EDGE ( 'NONE', *, *, #330, .F. ) ;
#3454 = CARTESIAN_POINT ( 'NONE',  ( -8.570000000000003837, 5.000000000000000000, -0.4999999999999986122 ) ) ;
#3455 = FACE_OUTER_BOUND ( 'NONE', #1155, .T. ) ;
#3456 = ORIENTED_EDGE ( 'NONE', *, *, #1701, .T. ) ;
#3457 = PLANE ( 'NONE',  #2176 ) ;
#3458 = ADVANCED_FACE ( 'NONE', ( #1073 ), #1320, .F. ) ;
#3459 = LINE ( 'NONE', #3389, #1585 ) ;
#3460 = EDGE_LOOP ( 'NONE', ( #2571, #4339, #186, #2087 ) ) ;
#3461 = CARTESIAN_POINT ( 'NONE',  ( -4.180000000000000604, 4.599999999999999645, 0.9000000000000007994 ) ) ;
#3462 = EDGE_CURVE ( 'NONE', #3440, #2132, #4102, .T. ) ;
#3463 = DIRECTION ( 'NONE',  ( -0.000000000000000000, 0.000000000000000000, 1.000000000000000000 ) ) ;
#3464 = VECTOR ( 'NONE', #1126, 1000.000000000000000 ) ;
#3465 = CARTESIAN_POINT ( 'NONE',  ( 1.270000000000000018, 0.000000000000000000, 1.050000000000000044 ) ) ;
#3466 = CARTESIAN_POINT ( 'NONE',  ( 2.914999999999999591, 1.000000000000000000, -0.6499999999999998002 ) ) ;
#3467 = CARTESIAN_POINT ( 'NONE',  ( 0.9500000000000035083, 5.000000000000000000, 0.9500000000000031752 ) ) ;
#3468 = ORIENTED_EDGE ( 'NONE', *, *, #3682, .F. ) ;
#3469 = VECTOR ( 'NONE', #1785, 1000.000000000000000 ) ;
#3470 = EDGE_CURVE ( 'NONE', #1788, #605, #1343, .T. ) ;
#3471 = ORIENTED_EDGE ( 'NONE', *, *, #1381, .T. ) ;
#3472 = EDGE_LOOP ( 'NONE', ( #1385, #3422, #2681, #3524 ) ) ;
#3473 = CARTESIAN_POINT ( 'NONE',  ( -0.9000000000000001332, 0.000000000000000000, 0.9000000000000000222 ) ) ;
#3474 = ORIENTED_EDGE ( 'NONE', *, *, #400, .F. ) ;
#3475 = ORIENTED_EDGE ( 'NONE', *, *, #1657, .F. ) ;
#3476 = EDGE_CURVE ( 'NONE', #977, #835, #1052, .T. ) ;
#3477 = DIRECTION ( 'NONE',  ( 1.000000000000000000, -0.000000000000000000, 0.000000000000000000 ) ) ;
#3478 = EDGE_LOOP ( 'NONE', ( #3157, #4228, #583, #1080 ) ) ;
#3479 = DIRECTION ( 'NONE',  ( 0.000000000000000000, 0.000000000000000000, -1.000000000000000000 ) ) ;
#3480 = VECTOR ( 'NONE', #2488, 1000.000000000000000 ) ;
#3481 = ADVANCED_FACE ( 'NONE', ( #639 ), #1686, .T. ) ;
#3482 = CARTESIAN_POINT ( 'NONE',  ( -5.980000000000000426, 3.895694160567695352, -1.049999999999999378 ) ) ;
#3483 = AXIS2_PLACEMENT_3D ( 'NONE', #1407, #1816, #79 ) ;
#3484 = ORIENTED_EDGE ( 'NONE', *, *, #3418, .T. ) ;
#3485 = AXIS2_PLACEMENT_3D ( 'NONE', #3076, #1682, #1342 ) ;
#3486 = ORIENTED_EDGE ( 'NONE', *, *, #241, .F. ) ;
#3487 = FACE_OUTER_BOUND ( 'NONE', #3364, .T. ) ;
#3488 = AXIS2_PLACEMENT_3D ( 'NONE', #2825, #35, #4259 ) ;
#3489 = VECTOR ( 'NONE', #3741, 1000.000000000000000 ) ;
#3490 = VECTOR ( 'NONE', #1413, 1000.000000000000000 ) ;
#3491 = ORIENTED_EDGE ( 'NONE', *, *, #1288, .T. ) ;
#3492 = AXIS2_PLACEMENT_3D ( 'NONE', #3907, #784, #1138 ) ;
#3493 = ORIENTED_EDGE ( 'NONE', *, *, #2809, .T. ) ;
#3494 = VECTOR ( 'NONE', #1410, 1000.000000000000000 ) ;
#3495 = EDGE_CURVE ( 'NONE', #2857, #2512, #984, .T. ) ;
#3496 = CARTESIAN_POINT ( 'NONE',  ( -1.270000000000000018, 0.5999999999999998668, 1.050000000000000488 ) ) ;
#3497 = EDGE_LOOP ( 'NONE', ( #3491, #103, #3363, #3825 ) ) ;
#3498 = LINE ( 'NONE', #1443, #3533 ) ;
#3499 = AXIS2_PLACEMENT_3D ( 'NONE', #4380, #2633, #4092 ) ;
#3500 = LINE ( 'NONE', #1741, #3395 ) ;
#3501 = AXIS2_PLACEMENT_3D ( 'NONE', #4350, #868, #2648 ) ;
#3502 = DIRECTION ( 'NONE',  ( 6.023345402697245486E-17, 0.000000000000000000, 1.000000000000000000 ) ) ;
#3503 = ORIENTED_EDGE ( 'NONE', *, *, #127, .T. ) ;
#3504 = ORIENTED_EDGE ( 'NONE', *, *, #757, .F. ) ;
#3505 = VERTEX_POINT ( 'NONE', #27 ) ;
#3506 = DIRECTION ( 'NONE',  ( -0.000000000000000000, 1.000000000000000000, -0.000000000000000000 ) ) ;
#3507 = LINE ( 'NONE', #1494, #4281 ) ;
#3508 = ORIENTED_EDGE ( 'NONE', *, *, #1363, .T. ) ;
#3509 = ORIENTED_EDGE ( 'NONE', *, *, #3743, .F. ) ;
#3510 = DIRECTION ( 'NONE',  ( 0.000000000000000000, 4.517509052022934484E-16, -1.000000000000000000 ) ) ;
#3511 = DIRECTION ( 'NONE',  ( 1.000000000000000000, 0.000000000000000000, 0.000000000000000000 ) ) ;
#3512 = ADVANCED_FACE ( 'NONE', ( #2751 ), #2373, .F. ) ;
#3513 = DIRECTION ( 'NONE',  ( -1.000000000000000000, 0.000000000000000000, 2.168404344971008868E-16 ) ) ;
#3514 = ORIENTED_EDGE ( 'NONE', *, *, #1381, .F. ) ;
#3515 = DIRECTION ( 'NONE',  ( -1.000000000000000000, 0.000000000000000000, -0.000000000000000000 ) ) ;
#3516 = AXIS2_PLACEMENT_3D ( 'NONE', #891, #3964, #2184 ) ;
#3517 = EDGE_CURVE ( 'NONE', #990, #1626, #3459, .T. ) ;
#3518 = APPLICATION_CONTEXT ( 'automotive_design' ) ;
#3519 = CARTESIAN_POINT ( 'NONE',  ( -9.260000000000001563, 0.5999999999999998668, -0.8999999999999986899 ) ) ;
#3520 = LINE ( 'NONE', #1321, #510 ) ;
#3521 = ORIENTED_EDGE ( 'NONE', *, *, #182, .T. ) ;
#3522 = LINE ( 'NONE', #1424, #3838 ) ;
#3523 = LINE ( 'NONE', #2842, #4351 ) ;
#3524 = ORIENTED_EDGE ( 'NONE', *, *, #2715, .F. ) ;
#3525 = ORIENTED_EDGE ( 'NONE', *, *, #982, .F. ) ;
#3526 = DIRECTION ( 'NONE',  ( 0.000000000000000000, 0.000000000000000000, -1.000000000000000000 ) ) ;
#3527 = CARTESIAN_POINT ( 'NONE',  ( 5.455000000000000071, 0.2500000000000000000, 0.9999999999999995559 ) ) ;
#3528 = CARTESIAN_POINT ( 'NONE',  ( 1.270000000000000018, 0.000000000000000000, -1.050000000000000044 ) ) ;
#3529 = VERTEX_POINT ( 'NONE', #1402 ) ;
#3530 = VERTEX_POINT ( 'NONE', #3080 ) ;
#3531 = FACE_OUTER_BOUND ( 'NONE', #980, .T. ) ;
#3532 = LINE ( 'NONE', #1796, #4004 ) ;
#3533 = VECTOR ( 'NONE', #2837, 1000.000000000000000 ) ;
#3534 = EDGE_CURVE ( 'NONE', #390, #3150, #701, .T. ) ;
#3535 = ADVANCED_FACE ( 'NONE', ( #3116 ), #2731, .F. ) ;
#3536 = CARTESIAN_POINT ( 'NONE',  ( -3.440000000000000391, 3.895694160567695352, -1.049999999999999822 ) ) ;
#3537 = VERTEX_POINT ( 'NONE', #1 ) ;
#3538 = AXIS2_PLACEMENT_3D ( 'NONE', #25, #401, #3571 ) ;
#3539 = EDGE_CURVE ( 'NONE', #3163, #4149, #2444, .T. ) ;
#3540 = CARTESIAN_POINT ( 'NONE',  ( -5.980000000000000426, 0.000000000000000000, 0.9000000000000007994 ) ) ;
#3541 = VERTEX_POINT ( 'NONE', #4178 ) ;
#3542 = CARTESIAN_POINT ( 'NONE',  ( -6.720000000000000639, 0.000000000000000000, 0.9000000000000012434 ) ) ;
#3543 = LINE ( 'NONE', #372, #1217 ) ;
#3544 = ORIENTED_EDGE ( 'NONE', *, *, #1589, .F. ) ;
#3545 = DIRECTION ( 'NONE',  ( -1.000000000000000000, 0.000000000000000000, 0.000000000000000000 ) ) ;
#3546 = CARTESIAN_POINT ( 'NONE',  ( -8.120000000000000995, 4.740192378864668044, -0.4999999999999986122 ) ) ;
#3547 = VECTOR ( 'NONE', #2323, 1000.000000000000000 ) ;
#3548 = DIRECTION ( 'NONE',  ( 1.000000000000000000, 0.000000000000000000, 0.000000000000000000 ) ) ;
#3549 = LINE ( 'NONE', #4181, #4054 ) ;
#3550 = FACE_OUTER_BOUND ( 'NONE', #1328, .T. ) ;
#3551 = SURFACE_STYLE_USAGE ( .BOTH. , #2160 ) ;
#3552 = ORIENTED_EDGE ( 'NONE', *, *, #1990, .F. ) ;
#3553 = CARTESIAN_POINT ( 'NONE',  ( 5.455000000000000071, 0.2500000000000000000, 0.9999999999999995559 ) ) ;
#3554 = CARTESIAN_POINT ( 'NONE',  ( 1.019999999999999796, 0.5999999999999999778, 1.050000000000000044 ) ) ;
#3555 = VECTOR ( 'NONE', #3155, 1000.000000000000000 ) ;
#3556 = DIRECTION ( 'NONE',  ( 0.000000000000000000, -1.000000000000000000, 0.000000000000000000 ) ) ;
#3557 = ORIENTED_EDGE ( 'NONE', *, *, #383, .F. ) ;
#3558 = CARTESIAN_POINT ( 'NONE',  ( -3.040000000000000036, 4.740192378864668044, -0.4999999999999994449 ) ) ;
#3559 = VECTOR ( 'NONE', #995, 1000.000000000000000 ) ;
#3560 = VECTOR ( 'NONE', #1027, 1000.000000000000000 ) ;
#3561 = EDGE_CURVE ( 'NONE', #2830, #2465, #4436, .T. ) ;
#3562 = VECTOR ( 'NONE', #474, 1000.000000000000000 ) ;
#3563 = FACE_OUTER_BOUND ( 'NONE', #3112, .T. ) ;
#3564 = CARTESIAN_POINT ( 'NONE',  ( 2.914999999999999591, 0.000000000000000000, -2.200000000000000622 ) ) ;
#3565 = VERTEX_POINT ( 'NONE', #2553 ) ;
#3566 = PLANE ( 'NONE',  #799 ) ;
#3567 = EDGE_LOOP ( 'NONE', ( #2771, #3663, #1271, #4155 ) ) ;
#3568 = EDGE_CURVE ( 'NONE', #1334, #2061, #3523, .T. ) ;
#3569 = EDGE_CURVE ( 'NONE', #175, #1430, #3936, .T. ) ;
#3570 = AXIS2_PLACEMENT_3D ( 'NONE', #3068, #4095, #2723 ) ;
#3571 = DIRECTION ( 'NONE',  ( 0.000000000000000000, 0.000000000000000000, 1.000000000000000000 ) ) ;
#3572 = FILL_AREA_STYLE ('',( #2178 ) ) ;
#3573 = DIRECTION ( 'NONE',  ( 6.023345402697245486E-17, 0.000000000000000000, 1.000000000000000000 ) ) ;
#3574 = DIRECTION ( 'NONE',  ( 1.000000000000000000, 0.000000000000000000, 0.000000000000000000 ) ) ;
#3575 = EDGE_CURVE ( 'NONE', #3037, #4361, #2816, .T. ) ;
#3576 = CARTESIAN_POINT ( 'NONE',  ( -4.180000000000000604, 0.000000000000000000, 0.9000000000000007994 ) ) ;
#3577 = CARTESIAN_POINT ( 'NONE',  ( 0.9000000000000001332, 4.599999999999999645, 0.9000000000000000222 ) ) ;
#3578 = DIRECTION ( 'NONE',  ( 1.000000000000000000, 0.000000000000000000, -0.000000000000000000 ) ) ;
#3579 = DIRECTION ( 'NONE',  ( 0.000000000000000000, 1.000000000000000000, 0.000000000000000000 ) ) ;
#3580 = VECTOR ( 'NONE', #3695, 1000.000000000000000 ) ;
#3581 = FACE_OUTER_BOUND ( 'NONE', #2722, .T. ) ;
#3582 = EDGE_LOOP ( 'NONE', ( #3096, #3736, #234, #2786, #3956, #2370, #200, #859 ) ) ;
#3583 = DIRECTION ( 'NONE',  ( -1.000000000000000000, -0.000000000000000000, -0.000000000000000000 ) ) ;
#3584 = LINE ( 'NONE', #480, #2341 ) ;
#3585 = VERTEX_POINT ( 'NONE', #3206 ) ;
#3586 = EDGE_LOOP ( 'NONE', ( #2877, #3625, #1768, #2699 ) ) ;
#3587 = CARTESIAN_POINT ( 'NONE',  ( 2.165000000000000036, 5.421010862427522170E-17, -0.9999999999999995559 ) ) ;
#3588 = ORIENTED_EDGE ( 'NONE', *, *, #2048, .F. ) ;
#3589 = CARTESIAN_POINT ( 'NONE',  ( 5.455000000000000071, 1.000000000000000000, 0.8999999999999998002 ) ) ;
#3590 = DIRECTION ( 'NONE',  ( -0.4999999999999982792, 0.8660254037844397068, 0.000000000000000000 ) ) ;
#3591 = CARTESIAN_POINT ( 'NONE',  ( -10.23142857142857132, 4.492756549211971873, -0.07142857142856907926 ) ) ;
#3592 = EDGE_CURVE ( 'NONE', #3541, #990, #2155, .T. ) ;
#3594 = EDGE_LOOP ( 'NONE', ( #729, #3382, #2642, #3503 ) ) ;
#3593 = EDGE_CURVE ( 'NONE', #711, #3201, #2864, .T. ) ;
#3595 = CARTESIAN_POINT ( 'NONE',  ( -4.180000000000000604, 0.5999999999999998668, -0.8999999999999995781 ) ) ;
#3596 = LINE ( 'NONE', #3895, #2668 ) ;
#3597 = VECTOR ( 'NONE', #501, 1000.000000000000000 ) ;
#3598 = PLANE ( 'NONE',  #2128 ) ;
#3600 = EDGE_CURVE ( 'NONE', #1993, #3037, #97, .T. ) ;
#3599 = DIRECTION ( 'NONE',  ( -0.6546536707079775308, 0.3779644730092256433, 0.6546536707079776418 ) ) ;
#3601 = ORIENTED_EDGE ( 'NONE', *, *, #308, .T. ) ;
#3602 = PLANE ( 'NONE',  #391 ) ;
#3603 = DIRECTION ( 'NONE',  ( -1.000000000000000000, 0.000000000000000000, -0.000000000000000000 ) ) ;
#3604 = CARTESIAN_POINT ( 'NONE',  ( -8.519999999999999574, 0.000000000000000000, -1.049999999999998934 ) ) ;
#3605 = VECTOR ( 'NONE', #1055, 1000.000000000000000 ) ;
#3606 = VECTOR ( 'NONE', #2979, 1000.000000000000000 ) ;
#3607 = CARTESIAN_POINT ( 'NONE',  ( 1.269999999999999796, 5.000000000000000888, 1.269999999999999796 ) ) ;
#3608 = ORIENTED_EDGE ( 'NONE', *, *, #783, .F. ) ;
#3609 = EDGE_CURVE ( 'NONE', #3140, #997, #4249, .T. ) ;
#3610 = PLANE ( 'NONE',  #1451 ) ;
#3611 = VERTEX_POINT ( 'NONE', #2910 ) ;
#3612 = CARTESIAN_POINT ( 'NONE',  ( -0.8999999999999998002, 0.5999999999999999778, -0.9000000000000000222 ) ) ;
#3613 = VERTEX_POINT ( 'NONE', #3546 ) ;
#3614 = PLANE ( 'NONE',  #4121 ) ;
#3615 = ORIENTED_EDGE ( 'NONE', *, *, #3890, .T. ) ;
#3616 = AXIS2_PLACEMENT_3D ( 'NONE', #861, #2931, #574 ) ;
#3617 = DIRECTION ( 'NONE',  ( -0.6546536707079775308, -0.3779644730092256988, 0.6546536707079775308 ) ) ;
#3618 = SURFACE_STYLE_FILL_AREA ( #3572 ) ;
#3619 = CARTESIAN_POINT ( 'NONE',  ( 5.455000000000000071, 0.3499999999999999778, 0.9999999999999995559 ) ) ;
#3620 = ORIENTED_EDGE ( 'NONE', *, *, #647, .T. ) ;
#3621 = DIRECTION ( 'NONE',  ( -1.000000000000000000, 0.000000000000000000, 2.409338161078898687E-16 ) ) ;
#3622 = ADVANCED_FACE ( 'NONE', ( #1766 ), #3228, .T. ) ;
#3623 = DIRECTION ( 'NONE',  ( 0.000000000000000000, 0.000000000000000000, -1.000000000000000000 ) ) ;
#3624 = FACE_OUTER_BOUND ( 'NONE', #328, .T. ) ;
#3625 = ORIENTED_EDGE ( 'NONE', *, *, #2783, .F. ) ;
#3626 = CARTESIAN_POINT ( 'NONE',  ( -7.119999999999999218, 4.740192378864668044, 0.5000000000000012212 ) ) ;
#3627 = LINE ( 'NONE', #4279, #1380 ) ;
#3628 = EDGE_CURVE ( 'NONE', #997, #514, #2885, .T. ) ;
#3629 = DIRECTION ( 'NONE',  ( 0.000000000000000000, 1.000000000000000000, 3.336006684570783101E-16 ) ) ;
#3630 = ITEM_DEFINED_TRANSFORMATION ( 'NONE', 'NONE', #1115,  #1607 ) ;
#3631 = VECTOR ( 'NONE', #1124, 1000.000000000000000 ) ;
#3632 = CARTESIAN_POINT ( 'NONE',  ( -6.720000000000000639, 0.5999999999999998668, -0.8999999999999991340 ) ) ;
#3633 = ORIENTED_EDGE ( 'NONE', *, *, #478, .T. ) ;
#3634 = CARTESIAN_POINT ( 'NONE',  ( -3.440000000000000391, 0.5999999999999998668, 1.050000000000000488 ) ) ;
#3635 = AXIS2_PLACEMENT_3D ( 'NONE', #4148, #1037, #687 ) ;
#3636 = ADVANCED_FACE ( 'NONE', ( #4199 ), #815, .F. ) ;
#3637 = FACE_OUTER_BOUND ( 'NONE', #2364, .T. ) ;
#3638 = AXIS2_PLACEMENT_3D ( 'NONE', #2496, #3167, #2078 ) ;
#3639 = ORIENTED_EDGE ( 'NONE', *, *, #1070, .T. ) ;
#3640 =( GEOMETRIC_REPRESENTATION_CONTEXT ( 3 ) GLOBAL_UNCERTAINTY_ASSIGNED_CONTEXT ( ( #2355 ) ) GLOBAL_UNIT_ASSIGNED_CONTEXT ( ( #379, #1075, #722 ) ) REPRESENTATION_CONTEXT ( 'NONE', 'WORKASPACE' ) );
#3641 = ORIENTED_EDGE ( 'NONE', *, *, #776, .F. ) ;
#3642 = CARTESIAN_POINT ( 'NONE',  ( 4.705000000000000071, 0.3499999999999999778, 0.6499999999999995781 ) ) ;
#3643 = ORIENTED_EDGE ( 'NONE', *, *, #864, .T. ) ;
#3644 = CARTESIAN_POINT ( 'NONE',  ( -0.9000000000000001332, 0.000000000000000000, 1.050000000000000044 ) ) ;
#3645 = EDGE_CURVE ( 'NONE', #563, #1993, #2179, .T. ) ;
#3646 = VECTOR ( 'NONE', #2565, 1000.000000000000000 ) ;
#3647 = DIRECTION ( 'NONE',  ( 0.000000000000000000, 1.000000000000000000, 0.000000000000000000 ) ) ;
#3648 = CARTESIAN_POINT ( 'NONE',  ( 2.914999999999999591, 0.3500000000000000333, -0.6499999999999995781 ) ) ;
#3649 = CARTESIAN_POINT ( 'NONE',  ( -2.540000000000000036, 0.000000000000000000, 4.336808689942017736E-16 ) ) ;
#3650 = LINE ( 'NONE', #1519, #750 ) ;
#3651 = PLANE ( 'NONE',  #3516 ) ;
#3652 = ORIENTED_EDGE ( 'NONE', *, *, #646, .T. ) ;
#3653 = CARTESIAN_POINT ( 'NONE',  ( -0.9000000000000000222, 3.895694160567695352, -1.050000000000000044 ) ) ;
#3654 =( GEOMETRIC_REPRESENTATION_CONTEXT ( 3 ) GLOBAL_UNCERTAINTY_ASSIGNED_CONTEXT ( ( #2164 ) ) GLOBAL_UNIT_ASSIGNED_CONTEXT ( ( #3226, #1856, #2595 ) ) REPRESENTATION_CONTEXT ( 'NONE', 'WORKASPACE' ) );
#3655 = VECTOR ( 'NONE', #541, 1000.000000000000000 ) ;
#3656 = EDGE_CURVE ( 'NONE', #2658, #977, #1425, .T. ) ;
#3657 = EDGE_CURVE ( 'NONE', #2983, #2746, #2110, .T. ) ;
#3658 = DIRECTION ( 'NONE',  ( 0.000000000000000000, 1.000000000000000000, 0.000000000000000000 ) ) ;
#3659 = ORIENTED_EDGE ( 'NONE', *, *, #877, .F. ) ;
#3660 = CARTESIAN_POINT ( 'NONE',  ( -2.040000000000000036, 4.740192378864668044, -0.4999999999999995559 ) ) ;
#3661 = AXIS2_PLACEMENT_3D ( 'NONE', #1658, #3814, #1636 ) ;
#3662 = DIRECTION ( 'NONE',  ( -0.000000000000000000, 1.000000000000000000, -0.000000000000000000 ) ) ;
#3663 = ORIENTED_EDGE ( 'NONE', *, *, #2683, .T. ) ;
#3664 = ORIENTED_EDGE ( 'NONE', *, *, #3600, .F. ) ;
#3665 = FACE_OUTER_BOUND ( 'NONE', #2493, .T. ) ;
#3666 = DIRECTION ( 'NONE',  ( 0.000000000000000000, 0.000000000000000000, -1.000000000000000000 ) ) ;
#3667 = CARTESIAN_POINT ( 'NONE',  ( -3.440000000000000391, 0.000000000000000000, -1.049999999999999822 ) ) ;
#3668 = APPLICATION_PROTOCOL_DEFINITION ( 'draft international standard', 'automotive_design', 1998, #337 ) ;
#3669 = DIRECTION ( 'NONE',  ( -0.000000000000000000, 3.336006684570783101E-16, 1.000000000000000000 ) ) ;
#3670 = DIRECTION ( 'NONE',  ( 0.000000000000000000, 0.000000000000000000, -1.000000000000000000 ) ) ;
#3671 = CARTESIAN_POINT ( 'NONE',  ( -8.120000000000000995, 4.599999999999999645, 0.5000000000000014433 ) ) ;
#3672 = DIRECTION ( 'NONE',  ( 0.000000000000000000, 0.000000000000000000, -1.000000000000000000 ) ) ;
#3673 = ADVANCED_FACE ( 'NONE', ( #402 ), #1492, .T. ) ;
#3674 = ORIENTED_EDGE ( 'NONE', *, *, #1927, .F. ) ;
#3675 = CARTESIAN_POINT ( 'NONE',  ( -3.810000000000000053, 0.000000000000000000, -1.049999999999999378 ) ) ;
#3676 = VECTOR ( 'NONE', #2396, 1000.000000000000000 ) ;
#3677 = LINE ( 'NONE', #564, #62 ) ;
#3678 = UNCERTAINTY_MEASURE_WITH_UNIT (LENGTH_MEASURE( 1.000000000000000082E-05 ), #4114, 'distance_accuracy_value', 'NONE');
#3679 = DIRECTION ( 'NONE',  ( 0.000000000000000000, -1.000000000000000000, 0.000000000000000000 ) ) ;
#3680 = ORIENTED_EDGE ( 'NONE', *, *, #2200, .F. ) ;
#3681 = DIRECTION ( 'NONE',  ( 0.000000000000000000, -0.000000000000000000, 1.000000000000000000 ) ) ;
#3682 = EDGE_CURVE ( 'NONE', #1760, #3703, #2525, .T. ) ;
#3683 = EDGE_CURVE ( 'NONE', #2276, #3265, #3912, .T. ) ;
#3684 = DIRECTION ( 'NONE',  ( 0.000000000000000000, 0.000000000000000000, -1.000000000000000000 ) ) ;
#3685 = VERTEX_POINT ( 'NONE', #487 ) ;
#3686 = EDGE_LOOP ( 'NONE', ( #1622, #4287, #3688, #1210, #1501, #4372, #785, #2729 ) ) ;
#3687 = DIRECTION ( 'NONE',  ( 1.000000000000000000, 0.000000000000000000, -2.409338161078898687E-16 ) ) ;
#3688 = ORIENTED_EDGE ( 'NONE', *, *, #2782, .F. ) ;
#3689 = ADVANCED_FACE ( 'NONE', ( #1165, #1829 ), #4272, .F. ) ;
#3690 = ORIENTED_EDGE ( 'NONE', *, *, #2843, .T. ) ;
#3691 = FACE_OUTER_BOUND ( 'NONE', #387, .T. ) ;
#3692 = CYLINDRICAL_SURFACE ( 'NONE', #373, 0.1000000000000000472 ) ;
#3693 = PLANE ( 'NONE',  #2760 ) ;
#3694 = CARTESIAN_POINT ( 'NONE',  ( 0.000000000000000000, 0.000000000000000000, 0.000000000000000000 ) ) ;
#3695 = DIRECTION ( 'NONE',  ( -0.000000000000000000, -0.000000000000000000, 1.000000000000000000 ) ) ;
#3696 = LINE ( 'NONE', #3348, #1996 ) ;
#3697 = CARTESIAN_POINT ( 'NONE',  ( -3.040000000000000036, 4.740192378864668044, -0.4999999999999994449 ) ) ;
#3698 = EDGE_CURVE ( 'NONE', #563, #1947, #555, .T. ) ;
#3699 = EDGE_LOOP ( 'NONE', ( #1248, #3294, #2144, #2112 ) ) ;
#3700 = DIRECTION ( 'NONE',  ( -1.000000000000000000, 0.000000000000000000, 2.168404344971008868E-16 ) ) ;
#3701 = EDGE_LOOP ( 'NONE', ( #488, #3239, #2367, #692 ) ) ;
#3702 = CARTESIAN_POINT ( 'NONE',  ( -0.4999999999999998890, 4.740192378864668044, -0.4999999999999998890 ) ) ;
#3703 = VERTEX_POINT ( 'NONE', #1630 ) ;
#3704 = LINE ( 'NONE', #3357, #3605 ) ;
#3705 = LINE ( 'NONE', #1648, #4370 ) ;
#3706 = EDGE_LOOP ( 'NONE', ( #1620, #806, #2287, #2604 ) ) ;
#3707 = EDGE_LOOP ( 'NONE', ( #3180, #1676, #2486, #3044 ) ) ;
#3708 = DIRECTION ( 'NONE',  ( -1.000000000000000000, -0.000000000000000000, -0.000000000000000000 ) ) ;
#3709 = ADVANCED_FACE ( 'NONE', ( #1256 ), #3692, .F. ) ;
#3710 = VECTOR ( 'NONE', #3419, 1000.000000000000000 ) ;
#3711 = ORIENTED_EDGE ( 'NONE', *, *, #1801, .F. ) ;
#3712 = LINE ( 'NONE', #4471, #693 ) ;
#3713 = AXIS2_PLACEMENT_3D ( 'NONE', #3211, #3896, #1453 ) ;
#3714 = DIRECTION ( 'NONE',  ( 0.000000000000000000, 0.000000000000000000, 1.000000000000000000 ) ) ;
#3715 = ORIENTED_EDGE ( 'NONE', *, *, #2462, .F. ) ;
#3716 = ORIENTED_EDGE ( 'NONE', *, *, #3438, .T. ) ;
#3717 = FACE_OUTER_BOUND ( 'NONE', #3472, .T. ) ;
#3718 = EDGE_CURVE ( 'NONE', #667, #390, #4463, .T. ) ;
#3719 = VECTOR ( 'NONE', #1901, 1000.000000000000000 ) ;
#3720 = CARTESIAN_POINT ( 'NONE',  ( 2.914999999999999591, 1.000000000000000000, -0.6499999999999998002 ) ) ;
#3721 = CARTESIAN_POINT ( 'NONE',  ( 2.165000000000000036, 0.2500000000000000000, -2.200000000000000622 ) ) ;
#3722 = VECTOR ( 'NONE', #3282, 1000.000000000000000 ) ;
#3723 = LINE ( 'NONE', #219, #1770 ) ;
#3724 = DIRECTION ( 'NONE',  ( 1.000000000000000000, 0.000000000000000000, 0.000000000000000000 ) ) ;
#3725 = ADVANCED_FACE ( 'NONE', ( #269 ), #360, .T. ) ;
#3726 = ORIENTED_EDGE ( 'NONE', *, *, #4020, .T. ) ;
#3727 = CARTESIAN_POINT ( 'NONE',  ( -2.040000000000000036, 4.599999999999999645, 0.5000000000000003331 ) ) ;
#3728 = ORIENTED_EDGE ( 'NONE', *, *, #1791, .T. ) ;
#3729 = CARTESIAN_POINT ( 'NONE',  ( 2.914999999999999591, 0.2500000000000000000, -2.200000000000000622 ) ) ;
#3730 = ORIENTED_EDGE ( 'NONE', *, *, #2344, .F. ) ;
#3731 = AXIS2_PLACEMENT_3D ( 'NONE', #2702, #1311, #275 ) ;
#3732 =( GEOMETRIC_REPRESENTATION_CONTEXT ( 3 ) GLOBAL_UNCERTAINTY_ASSIGNED_CONTEXT ( ( #1265 ) ) GLOBAL_UNIT_ASSIGNED_CONTEXT ( ( #4079, #212, #1979 ) ) REPRESENTATION_CONTEXT ( 'NONE', 'WORKASPACE' ) );
#3733 = LINE ( 'NONE', #3429, #380 ) ;
#3734 = CARTESIAN_POINT ( 'NONE',  ( -11.06000000000000050, 7.545584412271571395, -0.8999999999999982458 ) ) ;
#3735 = VERTEX_POINT ( 'NONE', #293 ) ;
#3736 = ORIENTED_EDGE ( 'NONE', *, *, #1643, .T. ) ;
#3737 = LINE ( 'NONE', #2388, #3056 ) ;
#3738 = ORIENTED_EDGE ( 'NONE', *, *, #854, .T. ) ;
#3739 = CARTESIAN_POINT ( 'NONE',  ( -11.11000000000000298, 5.000000000000000000, -0.9500000000000015099 ) ) ;
#3740 = CARTESIAN_POINT ( 'NONE',  ( 5.080000000000000071, 0.000000000000000000, 0.000000000000000000 ) ) ;
#3741 = DIRECTION ( 'NONE',  ( -0.000000000000000000, 1.000000000000000000, -0.000000000000000000 ) ) ;
#3742 = ADVANCED_FACE ( 'NONE', ( #968 ), #4109, .T. ) ;
#3743 = EDGE_CURVE ( 'NONE', #514, #335, #2401, .T. ) ;
#3744 = DIRECTION ( 'NONE',  ( 6.023345402697245486E-17, 0.000000000000000000, 1.000000000000000000 ) ) ;
#3745 = LINE ( 'NONE', #3416, #3271 ) ;
#3746 = DIRECTION ( 'NONE',  ( 0.000000000000000000, 1.000000000000000000, 0.000000000000000000 ) ) ;
#3747 = CARTESIAN_POINT ( 'NONE',  ( -6.720000000000000639, 7.545584412271571395, -0.8999999999999991340 ) ) ;
#3748 = CIRCLE ( 'NONE', #4462, 0.3500000000000000333 ) ;
#3749 = EDGE_CURVE ( 'NONE', #2823, #2794, #1349, .T. ) ;
#3750 = LINE ( 'NONE', #2993, #497 ) ;
#3751 = DIRECTION ( 'NONE',  ( 0.000000000000000000, 3.336006684570783101E-16, -1.000000000000000000 ) ) ;
#3752 = ORIENTED_EDGE ( 'NONE', *, *, #3855, .T. ) ;
#3753 = LINE ( 'NONE', #342, #1595 ) ;
#3754 = EDGE_LOOP ( 'NONE', ( #2774, #2080, #2237, #2932 ) ) ;
#3755 = VECTOR ( 'NONE', #3463, 1000.000000000000000 ) ;
#3756 = LINE ( 'NONE', #274, #3999 ) ;
#3757 = DIRECTION ( 'NONE',  ( -6.023345402697245486E-17, 0.000000000000000000, -1.000000000000000000 ) ) ;
#3758 = ORIENTED_EDGE ( 'NONE', *, *, #1815, .F. ) ;
#3759 = ORIENTED_EDGE ( 'NONE', *, *, #603, .T. ) ;
#3760 = DIRECTION ( 'NONE',  ( -1.000000000000000000, -0.000000000000000000, -0.000000000000000000 ) ) ;
#3761 = ORIENTED_EDGE ( 'NONE', *, *, #3259, .T. ) ;
#3762 = ADVANCED_FACE ( 'NONE', ( #3799 ), #644, .F. ) ;
#3763 = CARTESIAN_POINT ( 'NONE',  ( -8.519999999999999574, 3.895694160567695352, -1.049999999999998934 ) ) ;
#3764 =( NAMED_UNIT ( * ) PLANE_ANGLE_UNIT ( ) SI_UNIT ( $, .RADIAN. ) );
#3765 =( GEOMETRIC_REPRESENTATION_CONTEXT ( 3 ) GLOBAL_UNCERTAINTY_ASSIGNED_CONTEXT ( ( #2627 ) ) GLOBAL_UNIT_ASSIGNED_CONTEXT ( ( #1318, #2317, #1978 ) ) REPRESENTATION_CONTEXT ( 'NONE', 'WORKASPACE' ) );
#3766 = EDGE_LOOP ( 'NONE', ( #1477, #707, #378, #2379 ) ) ;
#3767 = ORIENTED_EDGE ( 'NONE', *, *, #1297, .F. ) ;
#3768 = DIRECTION ( 'NONE',  ( -0.000000000000000000, -0.000000000000000000, 1.000000000000000000 ) ) ;
#3769 = CYLINDRICAL_SURFACE ( 'NONE', #231, 0.1000000000000000472 ) ;
#3770 = DIRECTION ( 'NONE',  ( 0.000000000000000000, -1.779866165659867177E-16, 1.000000000000000000 ) ) ;
#3771 = DIRECTION ( 'NONE',  ( -1.000000000000000000, -0.000000000000000000, 2.409338161078898687E-16 ) ) ;
#3772 = VECTOR ( 'NONE', #421, 1000.000000000000000 ) ;
#3773 = EDGE_CURVE ( 'NONE', #2058, #4349, #3084, .T. ) ;
#3774 = VERTEX_POINT ( 'NONE', #2356 ) ;
#3775 = DIRECTION ( 'NONE',  ( -1.000000000000000000, 0.000000000000000000, 2.168404344971008868E-16 ) ) ;
#3776 = ORIENTED_EDGE ( 'NONE', *, *, #697, .T. ) ;
#3777 = CARTESIAN_POINT ( 'NONE',  ( -3.440000000000000391, 0.5999999999999999778, -0.9000000000000000222 ) ) ;
#3778 = FACE_OUTER_BOUND ( 'NONE', #3854, .T. ) ;
#3779 = VERTEX_POINT ( 'NONE', #2716 ) ;
#3780 = EDGE_CURVE ( 'NONE', #3565, #1201, #2449, .T. ) ;
#3781 = FILL_AREA_STYLE ('',( #300 ) ) ;
#3782 = ORIENTED_EDGE ( 'NONE', *, *, #2958, .F. ) ;
#3783 = VERTEX_POINT ( 'NONE', #1388 ) ;
#3784 = CARTESIAN_POINT ( 'NONE',  ( -9.260000000000001563, 0.5999999999999998668, -1.049999999999998490 ) ) ;
#3785 = EDGE_CURVE ( 'NONE', #743, #2465, #2740, .T. ) ;
#3786 = ORIENTED_EDGE ( 'NONE', *, *, #3002, .F. ) ;
#3787 = DIRECTION ( 'NONE',  ( 2.168404344971008868E-16, 0.000000000000000000, 1.000000000000000000 ) ) ;
#3788 = PLANE ( 'NONE',  #3485 ) ;
#3789 = ADVANCED_FACE ( 'NONE', ( #2758 ), #3059, .T. ) ;
#3790 = VERTEX_POINT ( 'NONE', #1014 ) ;
#3791 = CARTESIAN_POINT ( 'NONE',  ( -5.580000000000000071, -0.001000000000000132727, 0.5000000000000009992 ) ) ;
#3792 = DIRECTION ( 'NONE',  ( 0.6546536707079776418, -0.3779644730092257543, 0.6546536707079775308 ) ) ;
#3793 = DIRECTION ( 'NONE',  ( -3.614007241618348771E-16, 1.000000000000000000, 0.000000000000000000 ) ) ;
#3794 = CARTESIAN_POINT ( 'NONE',  ( 4.705000000000000071, 1.000000000000000000, 0.6499999999999998002 ) ) ;
#3795 = VECTOR ( 'NONE', #1598, 1000.000000000000000 ) ;
#3796 = AXIS2_PLACEMENT_3D ( 'NONE', #214, #3343, #148 ) ;
#3797 = DIRECTION ( 'NONE',  ( 0.000000000000000000, 0.000000000000000000, -1.000000000000000000 ) ) ;
#3798 = AXIS2_PLACEMENT_3D ( 'NONE', #3859, #731, #2120 ) ;
#3799 = FACE_OUTER_BOUND ( 'NONE', #3460, .T. ) ;
#3800 = ORIENTED_EDGE ( 'NONE', *, *, #3967, .F. ) ;
#3801 = CARTESIAN_POINT ( 'NONE',  ( 2.165000000000000036, 0.3499999999999999778, -0.9999999999999995559 ) ) ;
#3802 = ORIENTED_EDGE ( 'NONE', *, *, #197, .F. ) ;
#3803 = EDGE_CURVE ( 'NONE', #3037, #1947, #2428, .T. ) ;
#3804 = ADVANCED_FACE ( 'NONE', ( #627 ), #1327, .T. ) ;
#3805 = VECTOR ( 'NONE', #810, 1000.000000000000000 ) ;
#3806 = ORIENTED_EDGE ( 'NONE', *, *, #3657, .F. ) ;
#3807 = ORIENTED_EDGE ( 'NONE', *, *, #2596, .F. ) ;
#3808 = ORIENTED_EDGE ( 'NONE', *, *, #2788, .F. ) ;
#3809 = PLANE ( 'NONE',  #2043 ) ;
#3810 = VERTEX_POINT ( 'NONE', #992 ) ;
#3811 = VECTOR ( 'NONE', #3141, 1000.000000000000000 ) ;
#3812 = CARTESIAN_POINT ( 'NONE',  ( -11.18000000000002281, 0.5999999999999130473, -1.270000000000000240 ) ) ;
#3813 = VERTEX_POINT ( 'NONE', #4164 ) ;
#3814 = DIRECTION ( 'NONE',  ( -1.000000000000000000, -0.000000000000000000, -0.000000000000000000 ) ) ;
#3815 = CARTESIAN_POINT ( 'NONE',  ( -6.720000000000000639, 4.599999999999999645, 0.9000000000000012434 ) ) ;
#3816 = ADVANCED_FACE ( 'NONE', ( #1639 ), #3448, .F. ) ;
#3817 = DIRECTION ( 'NONE',  ( -6.023345402697245486E-17, 0.000000000000000000, -1.000000000000000000 ) ) ;
#3818 = DIRECTION ( 'NONE',  ( 0.000000000000000000, -1.000000000000000000, 0.000000000000000000 ) ) ;
#3819 = DIRECTION ( 'NONE',  ( 1.000000000000000000, 0.000000000000000000, -0.000000000000000000 ) ) ;
#3820 = ORIENTED_EDGE ( 'NONE', *, *, #4201, .T. ) ;
#3821 = ORIENTED_EDGE ( 'NONE', *, *, #486, .F. ) ;
#3822 = EDGE_CURVE ( 'NONE', #1108, #4027, #2698, .T. ) ;
#3823 = DIRECTION ( 'NONE',  ( 1.000000000000000000, -0.000000000000000000, 0.000000000000000000 ) ) ;
#3824 = DIRECTION ( 'NONE',  ( 0.000000000000000000, 0.000000000000000000, -1.000000000000000000 ) ) ;
#3825 = ORIENTED_EDGE ( 'NONE', *, *, #3718, .F. ) ;
#3826 = VECTOR ( 'NONE', #1436, 1000.000000000000000 ) ;
#3827 = CARTESIAN_POINT ( 'NONE',  ( -0.9000000000000001332, 7.545584412271571395, 0.9000000000000000222 ) ) ;
#3828 = EDGE_CURVE ( 'NONE', #2857, #1787, #2380, .T. ) ;
#3829 = ORIENTED_EDGE ( 'NONE', *, *, #1791, .F. ) ;
#3830 = DIRECTION ( 'NONE',  ( 0.000000000000000000, 1.000000000000000000, -0.000000000000000000 ) ) ;
#3831 = ORIENTED_EDGE ( 'NONE', *, *, #4325, .F. ) ;
#3832 = ORIENTED_EDGE ( 'NONE', *, *, #13, .T. ) ;
#3833 = DIRECTION ( 'NONE',  ( 0.000000000000000000, -1.779866165659867177E-16, 1.000000000000000000 ) ) ;
#3834 = CARTESIAN_POINT ( 'NONE',  ( 0.5000000000000001110, 4.740192378864668044, 0.4999999999999998890 ) ) ;
#3835 = EDGE_LOOP ( 'NONE', ( #1131, #4442, #21, #185 ) ) ;
#3836 = CARTESIAN_POINT ( 'NONE',  ( -6.030000000000002913, 5.000000000000000000, -0.9500000000000023981 ) ) ;
#3837 = ADVANCED_FACE ( 'NONE', ( #797 ), #385, .F. ) ;
#3838 = VECTOR ( 'NONE', #117, 1000.000000000000000 ) ;
#3839 = VECTOR ( 'NONE', #606, 1000.000000000000000 ) ;
#3840 = VERTEX_POINT ( 'NONE', #1792 ) ;
#3841 = ORIENTED_EDGE ( 'NONE', *, *, #1154, .F. ) ;
#3842 = DIRECTION ( 'NONE',  ( -0.000000000000000000, -0.000000000000000000, 1.000000000000000000 ) ) ;
#3843 = EDGE_LOOP ( 'NONE', ( #3063, #4444, #615, #7 ) ) ;
#3844 = CARTESIAN_POINT ( 'NONE',  ( -0.5000000000000001110, 4.599999999999999645, 0.5000000000000001110 ) ) ;
#3845 = CARTESIAN_POINT ( 'NONE',  ( -4.580000000000000071, 4.740192378864668044, 0.5000000000000007772 ) ) ;
#3846 = DIRECTION ( 'NONE',  ( -1.000000000000000000, 0.000000000000000000, 6.023345402697245486E-17 ) ) ;
#3848 = ORIENTED_EDGE ( 'NONE', *, *, #1805, .F. ) ;
#3847 = EDGE_CURVE ( 'NONE', #2017, #2024, #3922, .T. ) ;
#3849 = CARTESIAN_POINT ( 'NONE',  ( -4.129999999999996341, 5.000000000000000000, 0.5000000000000007772 ) ) ;
#3850 = DIRECTION ( 'NONE',  ( -1.000000000000000000, 0.000000000000000000, 2.168404344971008868E-16 ) ) ;
#3851 = VECTOR ( 'NONE', #446, 1000.000000000000000 ) ;
#3852 = LINE ( 'NONE', #3528, #3127 ) ;
#3853 = VECTOR ( 'NONE', #2159, 1000.000000000000000 ) ;
#3855 = EDGE_CURVE ( 'NONE', #3140, #1552, #2183, .T. ) ;
#3854 = EDGE_LOOP ( 'NONE', ( #2635, #424, #2521, #1148 ) ) ;
#3856 = PRESENTATION_LAYER_ASSIGNMENT (  '', '', ( #1242 ) ) ;
#3857 = ORIENTED_EDGE ( 'NONE', *, *, #2992, .T. ) ;
#3858 = DIRECTION ( 'NONE',  ( 1.000000000000000000, 0.000000000000000000, 0.000000000000000000 ) ) ;
#3859 = CARTESIAN_POINT ( 'NONE',  ( 0.9000000000000001332, 7.545584412271571395, 0.9000000000000000222 ) ) ;
#3860 = VECTOR ( 'NONE', #2336, 1000.000000000000000 ) ;
#3861 = DIRECTION ( 'NONE',  ( 0.000000000000000000, 0.000000000000000000, 1.000000000000000000 ) ) ;
#3862 = ORIENTED_EDGE ( 'NONE', *, *, #2223, .T. ) ;
#3863 = VECTOR ( 'NONE', #4186, 1000.000000000000000 ) ;
#3864 = DIRECTION ( 'NONE',  ( -0.000000000000000000, -0.000000000000000000, 1.000000000000000000 ) ) ;
#3865 = DIRECTION ( 'NONE',  ( -1.000000000000000000, 0.000000000000000000, -0.000000000000000000 ) ) ;
#3866 = EDGE_LOOP ( 'NONE', ( #3309, #1030, #4188, #2508 ) ) ;
#3867 = CARTESIAN_POINT ( 'NONE',  ( 4.705000000000000071, -1.593738312549088494E-16, 2.199999999999999734 ) ) ;
#3868 = CARTESIAN_POINT ( 'NONE',  ( 4.705000000000000071, 1.000000000000000000, 0.8999999999999998002 ) ) ;
#3869 = VECTOR ( 'NONE', #1290, 1000.000000000000000 ) ;
#3870 = DIRECTION ( 'NONE',  ( 0.000000000000000000, 0.000000000000000000, 1.000000000000000000 ) ) ;
#3871 = ORIENTED_EDGE ( 'NONE', *, *, #4284, .F. ) ;
#3872 = DIRECTION ( 'NONE',  ( -0.000000000000000000, 0.000000000000000000, 1.000000000000000000 ) ) ;
#3873 = AXIS2_PLACEMENT_3D ( 'NONE', #3025, #617, #3320 ) ;
#3874 = ORIENTED_EDGE ( 'NONE', *, *, #3785, .F. ) ;
#3875 = SURFACE_STYLE_FILL_AREA ( #1470 ) ;
#3876 = DIRECTION ( 'NONE',  ( -1.000000000000000000, 0.000000000000000000, 0.000000000000000000 ) ) ;
#3877 = VECTOR ( 'NONE', #1689, 1000.000000000000000 ) ;
#3878 = ADVANCED_FACE ( 'NONE', ( #1771 ), #2821, .F. ) ;
#3879 = ADVANCED_FACE ( 'NONE', ( #1833 ), #2135, .T. ) ;
#3880 = LINE ( 'NONE', #3162, #4378 ) ;
#3881 = ORIENTED_EDGE ( 'NONE', *, *, #3855, .F. ) ;
#3882 = VERTEX_POINT ( 'NONE', #2849 ) ;
#3883 = LINE ( 'NONE', #730, #3863 ) ;
#3884 = PLANE ( 'NONE',  #1736 ) ;
#3885 = PRODUCT ( 'pin^BG125 Ass_1', 'pin^BG125 Ass_1', '', ( #553 ) ) ;
#3886 = CARTESIAN_POINT ( 'NONE',  ( -12.32333076527839566, 0.5999999999999999778, -0.9000000000000000222 ) ) ;
#3887 = ORIENTED_EDGE ( 'NONE', *, *, #4484, .F. ) ;
#3888 = CARTESIAN_POINT ( 'NONE',  ( -5.980000000000000426, 0.5999999999999998668, -1.049999999999999378 ) ) ;
#3889 = ORIENTED_EDGE ( 'NONE', *, *, #1499, .F. ) ;
#3890 = EDGE_CURVE ( 'NONE', #386, #1825, #4232, .T. ) ;
#3891 = FACE_OUTER_BOUND ( 'NONE', #706, .T. ) ;
#3892 = DIRECTION ( 'NONE',  ( -1.000000000000000000, 0.000000000000000000, 6.023345402697245486E-17 ) ) ;
#3893 = VERTEX_POINT ( 'NONE', #102 ) ;
#3894 = PRESENTATION_STYLE_ASSIGNMENT (( #404 ) ) ;
#3895 = CARTESIAN_POINT ( 'NONE',  ( -1.589999999999996749, 5.000000000000000000, 0.5000000000000003331 ) ) ;
#3896 = DIRECTION ( 'NONE',  ( 0.4999999999999982792, 0.8660254037844397068, 0.000000000000000000 ) ) ;
#3897 = ORIENTED_EDGE ( 'NONE', *, *, #2114, .T. ) ;
#3898 = APPLICATION_CONTEXT ( 'automotive_design' ) ;
#3899 = VERTEX_POINT ( 'NONE', #406 ) ;
#3900 = PLANE ( 'NONE',  #1970 ) ;
#3901 = EDGE_CURVE ( 'NONE', #4157, #1408, #3507, .T. ) ;
#3902 = DIRECTION ( 'NONE',  ( 0.000000000000000000, 0.000000000000000000, 1.000000000000000000 ) ) ;
#3903 = VECTOR ( 'NONE', #282, 1000.000000000000000 ) ;
#3904 = DIRECTION ( 'NONE',  ( 0.000000000000000000, 0.000000000000000000, 1.000000000000000000 ) ) ;
#3905 = EDGE_CURVE ( 'NONE', #3779, #3813, #771, .T. ) ;
#3906 = EDGE_LOOP ( 'NONE', ( #2365, #33, #857, #595, #3451, #3399, #437, #3023 ) ) ;
#3907 = CARTESIAN_POINT ( 'NONE',  ( -1.270000000000000018, 3.895694160567695352, -1.049999999999999822 ) ) ;
#3908 = ORIENTED_EDGE ( 'NONE', *, *, #1690, .T. ) ;
#3909 = LINE ( 'NONE', #45, #1520 ) ;
#3910 = EDGE_LOOP ( 'NONE', ( #365, #2975, #591, #1469 ) ) ;
#3911 = LINE ( 'NONE', #2177, #929 ) ;
#3912 = LINE ( 'NONE', #766, #3555 ) ;
#3913 = PRODUCT_DEFINITION ( 'UNKNOWN', '', #888, #3353 ) ;
#3914 = SURFACE_STYLE_FILL_AREA ( #4229 ) ;
#3915 = DIRECTION ( 'NONE',  ( 1.000000000000000000, 0.000000000000000000, -1.084202172485504434E-16 ) ) ;
#3916 = DIRECTION ( 'NONE',  ( -1.000000000000000000, 0.000000000000000000, 0.000000000000000000 ) ) ;
#3917 = CARTESIAN_POINT ( 'NONE',  ( -11.56000000000000050, 5.000000000000000888, 1.270000000000002016 ) ) ;
#3918 = ORIENTED_EDGE ( 'NONE', *, *, #1440, .T. ) ;
#3919 = CARTESIAN_POINT ( 'NONE',  ( -11.06000000000000050, 0.5999999999999998668, 0.9000000000000016875 ) ) ;
#3920 = VECTOR ( 'NONE', #2507, 1000.000000000000000 ) ;
#3921 = CARTESIAN_POINT ( 'NONE',  ( 2.165000000000000036, 1.000000000000000000, -0.6499999999999998002 ) ) ;
#3922 = CIRCLE ( 'NONE', #717, 0.1000000000000000472 ) ;
#3923 = VECTOR ( 'NONE', #3298, 1000.000000000000000 ) ;
#3924 = CARTESIAN_POINT ( 'NONE',  ( -4.180000000000000604, 0.5999999999999998668, -1.269999999999999352 ) ) ;
#3925 = VERTEX_POINT ( 'NONE', #2467 ) ;
#3926 = CARTESIAN_POINT ( 'NONE',  ( 5.455000000000000071, 0.3499999999999999778, 0.9999999999999995559 ) ) ;
#3927 = AXIS2_PLACEMENT_3D ( 'NONE', #2038, #3424, #323 ) ;
#3928 = EDGE_CURVE ( 'NONE', #1551, #3774, #1750, .T. ) ;
#3929 = ADVANCED_FACE ( 'NONE', ( #2869 ), #1079, .F. ) ;
#3930 = DIRECTION ( 'NONE',  ( 0.000000000000000000, -0.000000000000000000, 1.000000000000000000 ) ) ;
#3931 = ORIENTED_EDGE ( 'NONE', *, *, #1862, .F. ) ;
#3932 = DIRECTION ( 'NONE',  ( 2.409338161078898687E-16, 0.000000000000000000, 1.000000000000000000 ) ) ;
#3933 = EDGE_CURVE ( 'NONE', #1787, #1751, #3852, .T. ) ;
#3934 = DIRECTION ( 'NONE',  ( 1.000000000000000000, 0.000000000000000000, 0.000000000000000000 ) ) ;
#3935 = SHAPE_REPRESENTATION_RELATIONSHIP ( 'NONE' , 'NONE' ,  #2977, #1719 ) ;
#3936 = LINE ( 'NONE', #1143, #3851 ) ;
#3937 = DIRECTION ( 'NONE',  ( 0.000000000000000000, -1.000000000000000000, 3.336006684570783101E-16 ) ) ;
#3938 = CARTESIAN_POINT ( 'NONE',  ( -6.720000000000000639, 0.000000000000000000, 0.9000000000000012434 ) ) ;
#3939 = ORIENTED_EDGE ( 'NONE', *, *, #1507, .T. ) ;
#3940 = FACE_BOUND ( 'NONE', #3325, .T. ) ;
#3941 = CARTESIAN_POINT ( 'NONE',  ( -3.810000000000000053, 0.5999999999999998668, -1.049999999999999378 ) ) ;
#3942 = EDGE_LOOP ( 'NONE', ( #2767, #3015, #2096, #1793 ) ) ;
#3943 = CARTESIAN_POINT ( 'NONE',  ( -11.18000000000002281, -8.693788533719412783E-14, -1.270000000000000240 ) ) ;
#3944 = DIRECTION ( 'NONE',  ( 0.000000000000000000, -1.000000000000000000, -3.336006684570783101E-16 ) ) ;
#3945 = ADVANCED_FACE ( 'NONE', ( #3550 ), #450, .F. ) ;
#3946 = LINE ( 'NONE', #694, #3172 ) ;
#3947 = VECTOR ( 'NONE', #2116, 1000.000000000000000 ) ;
#3948 = CARTESIAN_POINT ( 'NONE',  ( -3.040000000000000036, 4.740192378864668044, 0.5000000000000005551 ) ) ;
#3949 = DIRECTION ( 'NONE',  ( 0.000000000000000000, 1.000000000000000000, 0.000000000000000000 ) ) ;
#3950 = ORIENTED_EDGE ( 'NONE', *, *, #3822, .F. ) ;
#3951 = PLANE ( 'NONE',  #3731 ) ;
#3952 = COLOUR_RGB ( '',0.2509803921568627416, 0.2509803921568627416, 0.2509803921568627416 ) ;
#3953 = ORIENTED_EDGE ( 'NONE', *, *, #4214, .F. ) ;
#3954 = LINE ( 'NONE', #905, #2845 ) ;
#3955 = EDGE_CURVE ( 'NONE', #4317, #4137, #2556, .T. ) ;
#3956 = ORIENTED_EDGE ( 'NONE', *, *, #1561, .T. ) ;
#3957 = LINE ( 'NONE', #3644, #1783 ) ;
#3958 = CARTESIAN_POINT ( 'NONE',  ( -1.639999999999999902, 7.545584412271571395, 0.9000000000000003553 ) ) ;
#3959 = SHAPE_REPRESENTATION_RELATIONSHIP ( 'NONE' , 'NONE' ,  #41, #4490 ) ;
#3960 = VERTEX_POINT ( 'NONE', #31 ) ;
#3961 = CARTESIAN_POINT ( 'NONE',  ( -11.06000000000000050, 4.599999999999999645, -0.8999999999999982458 ) ) ;
#3962 = EDGE_CURVE ( 'NONE', #3585, #2569, #3880, .T. ) ;
#3963 = FACE_OUTER_BOUND ( 'NONE', #415, .T. ) ;
#3964 = DIRECTION ( 'NONE',  ( 0.000000000000000000, 0.000000000000000000, -1.000000000000000000 ) ) ;
#3965 = ORIENTED_EDGE ( 'NONE', *, *, #2497, .T. ) ;
#3966 = FACE_OUTER_BOUND ( 'NONE', #829, .T. ) ;
#3967 = EDGE_CURVE ( 'NONE', #335, #1627, #55, .T. ) ;
#3968 = DIRECTION ( 'NONE',  ( 0.000000000000000000, -0.000000000000000000, 1.000000000000000000 ) ) ;
#3969 = CARTESIAN_POINT ( 'NONE',  ( -1.640000000000000124, 7.545584412271571395, -0.9000000000000000222 ) ) ;
#3970 = VECTOR ( 'NONE', #2954, 1000.000000000000000 ) ;
#3971 = EDGE_CURVE ( 'NONE', #3137, #230, #2492, .T. ) ;
#3972 = ORIENTED_EDGE ( 'NONE', *, *, #1984, .T. ) ;
#3973 = PRODUCT_DEFINITION_SHAPE ( 'NONE', 'NONE',  #4494 ) ;
#3974 = CARTESIAN_POINT ( 'NONE',  ( -5.580000000000000071, 4.740192378864668044, -0.4999999999999990563 ) ) ;
#3975 = DIRECTION ( 'NONE',  ( 0.000000000000000000, 1.000000000000000000, -3.336006684570783101E-16 ) ) ;
#3976 = VERTEX_POINT ( 'NONE', #4388 ) ;
#3977 = ORIENTED_EDGE ( 'NONE', *, *, #4237, .T. ) ;
#3978 = FACE_OUTER_BOUND ( 'NONE', #3754, .T. ) ;
#3979 = ORIENTED_EDGE ( 'NONE', *, *, #3202, .F. ) ;
#3980 = DIRECTION ( 'NONE',  ( -0.000000000000000000, -1.000000000000000000, -0.000000000000000000 ) ) ;
#3981 = CARTESIAN_POINT ( 'NONE',  ( 5.455000000000000071, 0.3499999999999999778, 0.9999999999999995559 ) ) ;
#3982 = FILL_AREA_STYLE ('',( #1163 ) ) ;
#3983 = DIRECTION ( 'NONE',  ( -0.000000000000000000, -1.000000000000000000, -0.000000000000000000 ) ) ;
#3984 = VECTOR ( 'NONE', #3028, 1000.000000000000000 ) ;
#3985 = EDGE_CURVE ( 'NONE', #3311, #2948, #4303, .T. ) ;
#3986 = CARTESIAN_POINT ( 'NONE',  ( 2.914999999999999591, 0.3499999999999999778, -0.9999999999999995559 ) ) ;
#3987 = DIRECTION ( 'NONE',  ( -1.000000000000000000, 0.000000000000000000, 6.023345402697245486E-17 ) ) ;
#3988 = VERTEX_POINT ( 'NONE', #492 ) ;
#3989 = DIRECTION ( 'NONE',  ( 0.000000000000000000, 0.000000000000000000, 1.000000000000000000 ) ) ;
#3990 = PLANE ( 'NONE',  #1002 ) ;
#3991 = ADVANCED_FACE ( 'NONE', ( #1279, #3940 ), #1563, .F. ) ;
#3992 = DIRECTION ( 'NONE',  ( 1.000000000000000000, 0.000000000000000000, 0.000000000000000000 ) ) ;
#3993 = CARTESIAN_POINT ( 'NONE',  ( 0.9500000000000035083, 5.000000000000000000, -0.9500000000000033973 ) ) ;
#3994 = ORIENTED_EDGE ( 'NONE', *, *, #838, .T. ) ;
#3995 = CARTESIAN_POINT ( 'NONE',  ( -9.260000000000001563, 0.5999999999999998668, 1.050000000000001821 ) ) ;
#3996 = VECTOR ( 'NONE', #1034, 1000.000000000000000 ) ;
#3997 = LINE ( 'NONE', #183, #872 ) ;
#3998 = LINE ( 'NONE', #900, #88 ) ;
#3999 = VECTOR ( 'NONE', #4424, 1000.000000000000000 ) ;
#4000 = EDGE_LOOP ( 'NONE', ( #1645, #2126, #875, #1779 ) ) ;
#4001 = ORIENTED_EDGE ( 'NONE', *, *, #456, .F. ) ;
#4002 = DIRECTION ( 'NONE',  ( -1.000000000000000000, 0.000000000000000000, 6.023345402697245486E-17 ) ) ;
#4003 = DIRECTION ( 'NONE',  ( -1.000000000000000000, -0.000000000000000000, -0.000000000000000000 ) ) ;
#4004 = VECTOR ( 'NONE', #364, 1000.000000000000000 ) ;
#4005 = ADVANCED_FACE ( 'NONE', ( #193 ), #2601, .T. ) ;
#4006 = ORIENTED_EDGE ( 'NONE', *, *, #1984, .F. ) ;
#4007 = DIRECTION ( 'NONE',  ( 0.000000000000000000, -1.000000000000000000, 0.000000000000000000 ) ) ;
#4008 = PRODUCT_CONTEXT ( 'NONE', #1258, 'mechanical' ) ;
#4009 = VECTOR ( 'NONE', #3257, 1000.000000000000000 ) ;
#4010 = CARTESIAN_POINT ( 'NONE',  ( -9.260000000000001563, 0.5999999999999998668, 1.050000000000001821 ) ) ;
#4011 = CARTESIAN_POINT ( 'NONE',  ( -7.119999999999999218, 4.740192378864668044, -0.4999999999999987232 ) ) ;
#4012 = DIRECTION ( 'NONE',  ( 0.000000000000000000, -1.000000000000000000, 0.000000000000000000 ) ) ;
#4013 = ORIENTED_EDGE ( 'NONE', *, *, #2874, .T. ) ;
#4014 = DIRECTION ( 'NONE',  ( -0.6546536707079775308, -0.3779644730092256988, 0.6546536707079775308 ) ) ;
#4015 = EDGE_CURVE ( 'NONE', #386, #2331, #2299, .T. ) ;
#4016 = ADVANCED_FACE ( 'NONE', ( #3963 ), #2960, .T. ) ;
#4017 = FACE_OUTER_BOUND ( 'NONE', #50, .T. ) ;
#4018 = ORIENTED_EDGE ( 'NONE', *, *, #1460, .T. ) ;
#4019 = FACE_BOUND ( 'NONE', #3425, .T. ) ;
#4020 = EDGE_CURVE ( 'NONE', #999, #3774, #1194, .T. ) ;
#4021 = DIRECTION ( 'NONE',  ( -6.023345402697245486E-17, 0.000000000000000000, -1.000000000000000000 ) ) ;
#4022 = ORIENTED_EDGE ( 'NONE', *, *, #1612, .F. ) ;
#4023 = ORIENTED_EDGE ( 'NONE', *, *, #1862, .T. ) ;
#4024 = CARTESIAN_POINT ( 'NONE',  ( 0.9000000000000000222, 7.545584412271571395, -0.9000000000000003553 ) ) ;
#4025 = ORIENTED_EDGE ( 'NONE', *, *, #197, .T. ) ;
#4026 = PLANE ( 'NONE',  #201 ) ;
#4027 = VERTEX_POINT ( 'NONE', #866 ) ;
#4028 = CARTESIAN_POINT ( 'NONE',  ( -3.440000000000000391, 0.000000000000000000, 0.9000000000000003553 ) ) ;
#4029 = ORIENTED_EDGE ( 'NONE', *, *, #1555, .T. ) ;
#4030 = DIRECTION ( 'NONE',  ( 0.4999999999999982792, 0.8660254037844397068, 0.000000000000000000 ) ) ;
#4031 = EDGE_CURVE ( 'NONE', #3790, #3541, #3650, .T. ) ;
#4032 = AXIS2_PLACEMENT_3D ( 'NONE', #3233, #3304, #3279 ) ;
#4033 = DIRECTION ( 'NONE',  ( -1.000000000000000000, 0.000000000000000000, 2.168404344971008868E-16 ) ) ;
#4034 = CYLINDRICAL_SURFACE ( 'NONE', #2578, 0.3500000000000000333 ) ;
#4035 = DIRECTION ( 'NONE',  ( 0.000000000000000000, 0.000000000000000000, 1.000000000000000000 ) ) ;
#4036 = ORIENTED_EDGE ( 'NONE', *, *, #1153, .T. ) ;
#4037 = LINE ( 'NONE', #1522, #2919 ) ;
#4038 = PRODUCT_DEFINITION_CONTEXT ( 'detailed design', #2426, 'design' ) ;
#4039 = ADVANCED_FACE ( 'NONE', ( #1912 ), #4034, .T. ) ;
#4040 = ORIENTED_EDGE ( 'NONE', *, *, #349, .T. ) ;
#4041 = DIRECTION ( 'NONE',  ( -6.023345402697245486E-17, 0.000000000000000000, -1.000000000000000000 ) ) ;
#4042 = EDGE_LOOP ( 'NONE', ( #4190, #2381, #1574, #232 ) ) ;
#4043 = CARTESIAN_POINT ( 'NONE',  ( -8.519999999999999574, 0.5999999999999998668, 0.9000000000000012434 ) ) ;
#4044 = VECTOR ( 'NONE', #2368, 1000.000000000000000 ) ;
#4045 = ADVANCED_FACE ( 'NONE', ( #3303 ), #3254, .T. ) ;
#4046 = ADVANCED_FACE ( 'NONE', ( #1540 ), #3598, .F. ) ;
#4047 = FACE_OUTER_BOUND ( 'NONE', #1187, .T. ) ;
#4048 = ORIENTED_EDGE ( 'NONE', *, *, #2537, .F. ) ;
#4049 = ORIENTED_EDGE ( 'NONE', *, *, #2315, .F. ) ;
#4050 = FACE_OUTER_BOUND ( 'NONE', #945, .T. ) ;
#4051 = ORIENTED_EDGE ( 'NONE', *, *, #1127, .F. ) ;
#4052 = EDGE_LOOP ( 'NONE', ( #116, #4336, #3453, #3633 ) ) ;
#4053 = PLANE ( 'NONE',  #2875 ) ;
#4054 = VECTOR ( 'NONE', #3506, 1000.000000000000000 ) ;
#4055 = APPLICATION_PROTOCOL_DEFINITION ( 'draft international standard', 'automotive_design', 1998, #1258 ) ;
#4056 = EDGE_CURVE ( 'NONE', #1827, #1626, #1934, .T. ) ;
#4057 = DIRECTION ( 'NONE',  ( 0.000000000000000000, -0.000000000000000000, 1.000000000000000000 ) ) ;
#4058 = LINE ( 'NONE', #4433, #381 ) ;
#4059 = VECTOR ( 'NONE', #814, 1000.000000000000000 ) ;
#4060 = DIRECTION ( 'NONE',  ( -0.000000000000000000, -0.000000000000000000, 1.000000000000000000 ) ) ;
#4061 = CARTESIAN_POINT ( 'NONE',  ( 1.520000000000001350, 5.000000000000000000, 1.269999999999999796 ) ) ;
#4062 = PLANE ( 'NONE',  #4387 ) ;
#4063 = CARTESIAN_POINT ( 'NONE',  ( -8.519999999999999574, 0.000000000000000000, 1.050000000000001377 ) ) ;
#4064 = ORIENTED_EDGE ( 'NONE', *, *, #3300, .F. ) ;
#4065 = CARTESIAN_POINT ( 'NONE',  ( -5.980000000000000426, 0.5999999999999999778, -0.9000000000000000222 ) ) ;
#4066 = ORIENTED_EDGE ( 'NONE', *, *, #4415, .F. ) ;
#4067 = VECTOR ( 'NONE', #4386, 1000.000000000000000 ) ;
#4068 = DIRECTION ( 'NONE',  ( 0.000000000000000000, 0.000000000000000000, 1.000000000000000000 ) ) ;
#4069 = ORIENTED_EDGE ( 'NONE', *, *, #2923, .T. ) ;
#4070 = LINE ( 'NONE', #1372, #2479 ) ;
#4071 = DIRECTION ( 'NONE',  ( 1.000000000000000000, 0.000000000000000000, 0.000000000000000000 ) ) ;
#4072 = ORIENTED_EDGE ( 'NONE', *, *, #3828, .F. ) ;
#4073 = ORIENTED_EDGE ( 'NONE', *, *, #15, .F. ) ;
#4074 = AXIS2_PLACEMENT_3D ( 'NONE', #683, #2071, #3744 ) ;
#4075 = ORIENTED_EDGE ( 'NONE', *, *, #647, .F. ) ;
#4076 = EDGE_CURVE ( 'NONE', #943, #350, #149, .T. ) ;
#4077 = EDGE_CURVE ( 'NONE', #2337, #761, #1260, .T. ) ;
#4078 = CARTESIAN_POINT ( 'NONE',  ( 4.705000000000000071, 1.000000000000000000, 0.8999999999999998002 ) ) ;
#4079 =( LENGTH_UNIT ( ) NAMED_UNIT ( * ) SI_UNIT ( .MILLI., .METRE. ) );
#4080 = VECTOR ( 'NONE', #1584, 1000.000000000000000 ) ;
#4081 = DIRECTION ( 'NONE',  ( 0.000000000000000000, -1.000000000000000000, 3.336006684570783101E-16 ) ) ;
#4082 = CARTESIAN_POINT ( 'NONE',  ( -5.980000000000000426, 0.000000000000000000, -0.9000000000000000222 ) ) ;
#4083 = LINE ( 'NONE', #4103, #802 ) ;
#4084 = DIRECTION ( 'NONE',  ( 0.000000000000000000, 1.000000000000000000, 0.000000000000000000 ) ) ;
#4085 = CARTESIAN_POINT ( 'NONE',  ( -9.660000000000000142, 4.599999999999999645, -0.4999999999999982792 ) ) ;
#4086 = CARTESIAN_POINT ( 'NONE',  ( -9.660000000000000142, 4.740192378864668044, 0.5000000000000016653 ) ) ;
#4087 = DIRECTION ( 'NONE',  ( 1.000000000000000000, 0.000000000000000000, 0.000000000000000000 ) ) ;
#4088 = ORIENTED_EDGE ( 'NONE', *, *, #1555, .F. ) ;
#4089 = CARTESIAN_POINT ( 'NONE',  ( -4.580000000000000071, -0.001000000000000132727, 0.5000000000000007772 ) ) ;
#4090 = VERTEX_POINT ( 'NONE', #2645 ) ;
#4091 = EDGE_CURVE ( 'NONE', #3201, #2752, #890, .T. ) ;
#4092 = DIRECTION ( 'NONE',  ( 0.000000000000000000, 0.000000000000000000, -1.000000000000000000 ) ) ;
#4093 = VERTEX_POINT ( 'NONE', #3671 ) ;
#4094 = VERTEX_POINT ( 'NONE', #3346 ) ;
#4095 = DIRECTION ( 'NONE',  ( 0.000000000000000000, 1.000000000000000000, 0.000000000000000000 ) ) ;
#4096 = VERTEX_POINT ( 'NONE', #559 ) ;
#4097 = LINE ( 'NONE', #3763, #1640 ) ;
#4098 = DIRECTION ( 'NONE',  ( 0.000000000000000000, 0.000000000000000000, 1.000000000000000000 ) ) ;
#4099 = EDGE_CURVE ( 'NONE', #355, #350, #243, .T. ) ;
#4100 = ORIENTED_EDGE ( 'NONE', *, *, #3592, .F. ) ;
#4101 = DIRECTION ( 'NONE',  ( 1.000000000000000000, 0.000000000000000000, 0.000000000000000000 ) ) ;
#4102 = LINE ( 'NONE', #2421, #2320 ) ;
#4103 = CARTESIAN_POINT ( 'NONE',  ( -4.180000000000000604, 7.545584412271571395, 0.9000000000000007994 ) ) ;
#4105 = EDGE_CURVE ( 'NONE', #4394, #2759, #2125, .T. ) ;
#4104 = LINE ( 'NONE', #1957, #4323 ) ;
#4106 = VERTEX_POINT ( 'NONE', #4061 ) ;
#4107 = LINE ( 'NONE', #988, #1164 ) ;
#4108 = VECTOR ( 'NONE', #493, 1000.000000000000000 ) ;
#4109 = PLANE ( 'NONE',  #3635 ) ;
#4111 = EDGE_CURVE ( 'NONE', #3037, #1185, #4458, .T. ) ;
#4110 = ORIENTED_EDGE ( 'NONE', *, *, #807, .T. ) ;
#4112 = CARTESIAN_POINT ( 'NONE',  ( 0.8999999999999998002, 0.5999999999999998668, 1.050000000000000044 ) ) ;
#4113 = EDGE_CURVE ( 'NONE', #2337, #638, #289, .T. ) ;
#4114 =( LENGTH_UNIT ( ) NAMED_UNIT ( * ) SI_UNIT ( .MILLI., .METRE. ) );
#4115 = EDGE_LOOP ( 'NONE', ( #188, #1989, #2386, #1742 ) ) ;
#4116 = ORIENTED_EDGE ( 'NONE', *, *, #1707, .F. ) ;
#4117 = ORIENTED_EDGE ( 'NONE', *, *, #1835, .F. ) ;
#4118 = FACE_OUTER_BOUND ( 'NONE', #3478, .T. ) ;
#4119 = ORIENTED_EDGE ( 'NONE', *, *, #2867, .T. ) ;
#4120 = CARTESIAN_POINT ( 'NONE',  ( -6.720000000000000639, 0.5999999999999998668, -1.269999999999998908 ) ) ;
#4121 = AXIS2_PLACEMENT_3D ( 'NONE', #2219, #4296, #4318 ) ;
#4122 = VERTEX_POINT ( 'NONE', #3442 ) ;
#4123 = DIRECTION ( 'NONE',  ( -0.000000000000000000, -0.000000000000000000, 1.000000000000000000 ) ) ;
#4124 = CARTESIAN_POINT ( 'NONE',  ( -0.07142857142857081398, 4.492756549211971873, -0.07142857142857081398 ) ) ;
#4125 = FACE_OUTER_BOUND ( 'NONE', #1354, .T. ) ;
#4126 = LINE ( 'NONE', #1706, #2033 ) ;
#4127 = VECTOR ( 'NONE', #1870, 1000.000000000000000 ) ;
#4128 = VECTOR ( 'NONE', #2606, 1000.000000000000000 ) ;
#4129 = LINE ( 'NONE', #1011, #128 ) ;
#4130 = EDGE_CURVE ( 'NONE', #3810, #2418, #1704, .T. ) ;
#4131 = ORIENTED_EDGE ( 'NONE', *, *, #1946, .F. ) ;
#4132 = CARTESIAN_POINT ( 'NONE',  ( -4.180000000000000604, 0.000000000000000000, 0.9000000000000007994 ) ) ;
#4133 = VERTEX_POINT ( 'NONE', #3153 ) ;
#4134 = CARTESIAN_POINT ( 'NONE',  ( -9.209999999999997300, 5.000000000000000000, -0.9500000000000016209 ) ) ;
#4135 = EDGE_CURVE ( 'NONE', #303, #2519, #620, .T. ) ;
#4136 = ORIENTED_EDGE ( 'NONE', *, *, #85, .T. ) ;
#4137 = VERTEX_POINT ( 'NONE', #3371 ) ;
#4138 = SURFACE_STYLE_FILL_AREA ( #3385 ) ;
#4139 = VECTOR ( 'NONE', #2772, 1000.000000000000000 ) ;
#4140 = DIRECTION ( 'NONE',  ( 0.000000000000000000, 0.000000000000000000, -1.000000000000000000 ) ) ;
#4141 = EDGE_CURVE ( 'NONE', #2216, #1947, #3520, .T. ) ;
#4142 = VECTOR ( 'NONE', #4324, 1000.000000000000000 ) ;
#4143 = CARTESIAN_POINT ( 'NONE',  ( -0.8999999999999998002, 0.5999999999999999778, 0.9000000000000000222 ) ) ;
#4144 = ORIENTED_EDGE ( 'NONE', *, *, #1896, .F. ) ;
#4145 = PLANE ( 'NONE',  #1438 ) ;
#4146 = VECTOR ( 'NONE', #1897, 1000.000000000000000 ) ;
#4147 = DIRECTION ( 'NONE',  ( 1.000000000000000000, 0.000000000000000000, 0.000000000000000000 ) ) ;
#4148 = CARTESIAN_POINT ( 'NONE',  ( -7.119999999999999218, 4.740192378864668044, -0.4999999999999987232 ) ) ;
#4149 = VERTEX_POINT ( 'NONE', #3721 ) ;
#4150 = ADVANCED_FACE ( 'NONE', ( #68 ), #263, .F. ) ;
#4151 = PLANE ( 'NONE',  #307 ) ;
#4152 = CARTESIAN_POINT ( 'NONE',  ( -11.56000000000000050, 5.000000000000000000, -1.270000000000000240 ) ) ;
#4153 = EDGE_CURVE ( 'NONE', #2637, #2759, #1344, .T. ) ;
#4154 = ORIENTED_EDGE ( 'NONE', *, *, #2405, .F. ) ;
#4155 = ORIENTED_EDGE ( 'NONE', *, *, #652, .F. ) ;
#4156 =( GEOMETRIC_REPRESENTATION_CONTEXT ( 3 ) GLOBAL_UNCERTAINTY_ASSIGNED_CONTEXT ( ( #457 ) ) GLOBAL_UNIT_ASSIGNED_CONTEXT ( ( #1255, #3764, #1296 ) ) REPRESENTATION_CONTEXT ( 'NONE', 'WORKASPACE' ) );
#4157 = VERTEX_POINT ( 'NONE', #2480 ) ;
#4158 = CARTESIAN_POINT ( 'NONE',  ( -12.32333076527839566, -0.5999999999999999778, -0.9000000000000000222 ) ) ;
#4159 = DIRECTION ( 'NONE',  ( 0.6546536707079776418, 0.3779644730092257543, 0.6546536707079775308 ) ) ;
#4160 = ORIENTED_EDGE ( 'NONE', *, *, #3593, .F. ) ;
#4161 = ADVANCED_FACE ( 'NONE', ( #2030 ), #601, .F. ) ;
#4162 = CARTESIAN_POINT ( 'NONE',  ( 2.914999999999999591, 1.000000000000000000, -0.6499999999999998002 ) ) ;
#4163 = CARTESIAN_POINT ( 'NONE',  ( -8.519999999999999574, 7.545584412271571395, 0.9000000000000012434 ) ) ;
#4164 = CARTESIAN_POINT ( 'NONE',  ( -5.580000000000000071, 4.740192378864668044, 0.5000000000000009992 ) ) ;
#4165 = ORIENTED_EDGE ( 'NONE', *, *, #2211, .F. ) ;
#4166 = LINE ( 'NONE', #2515, #4 ) ;
#4167 = EDGE_CURVE ( 'NONE', #361, #4319, #1986, .T. ) ;
#4168 = EDGE_LOOP ( 'NONE', ( #1918, #3392, #2609, #2015 ) ) ;
#4169 = FACE_OUTER_BOUND ( 'NONE', #377, .T. ) ;
#4170 = EDGE_LOOP ( 'NONE', ( #3291, #3608, #1936, #277 ) ) ;
#4171 = EDGE_CURVE ( 'NONE', #375, #2983, #3029, .T. ) ;
#4172 = DIRECTION ( 'NONE',  ( 1.000000000000000000, 0.000000000000000000, -0.000000000000000000 ) ) ;
#4173 = ORIENTED_EDGE ( 'NONE', *, *, #1896, .T. ) ;
#4174 = CARTESIAN_POINT ( 'NONE',  ( 1.520000000000000906, 0.5999999999999998668, -1.270000000000000240 ) ) ;
#4175 = CARTESIAN_POINT ( 'NONE',  ( 0.5000000000000001110, 4.599999999999999645, 0.4999999999999998890 ) ) ;
#4176 = ORIENTED_EDGE ( 'NONE', *, *, #4484, .T. ) ;
#4177 = STYLED_ITEM ( 'NONE', ( #259 ), #2998 ) ;
#4178 = CARTESIAN_POINT ( 'NONE',  ( -6.720000000000000639, 0.5999999999999999778, 0.9000000000000000222 ) ) ;
#4179 = ORIENTED_EDGE ( 'NONE', *, *, #1066, .T. ) ;
#4180 =( NAMED_UNIT ( * ) PLANE_ANGLE_UNIT ( ) SI_UNIT ( $, .RADIAN. ) );
#4181 = CARTESIAN_POINT ( 'NONE',  ( -8.120000000000000995, -0.001000000000000132727, 0.5000000000000014433 ) ) ;
#4182 = VECTOR ( 'NONE', #1769, 1000.000000000000000 ) ;
#4183 = DIRECTION ( 'NONE',  ( -0.000000000000000000, 1.000000000000000000, -0.000000000000000000 ) ) ;
#4184 = EDGE_LOOP ( 'NONE', ( #549, #4334, #4322, #3305 ) ) ;
#4185 = ORIENTED_EDGE ( 'NONE', *, *, #3773, .T. ) ;
#4186 = DIRECTION ( 'NONE',  ( 0.000000000000000000, -1.000000000000000000, 0.000000000000000000 ) ) ;
#4187 = LINE ( 'NONE', #2140, #1447 ) ;
#4188 = ORIENTED_EDGE ( 'NONE', *, *, #2579, .F. ) ;
#4189 = DIRECTION ( 'NONE',  ( -0.000000000000000000, 0.000000000000000000, -1.000000000000000000 ) ) ;
#4190 = ORIENTED_EDGE ( 'NONE', *, *, #1127, .T. ) ;
#4191 = DIRECTION ( 'NONE',  ( 1.000000000000000000, 0.000000000000000000, -0.000000000000000000 ) ) ;
#4192 = DIRECTION ( 'NONE',  ( 0.000000000000000000, 1.000000000000000000, -3.336006684570783101E-16 ) ) ;
#4193 = ORIENTED_EDGE ( 'NONE', *, *, #3120, .T. ) ;
#4194 = ADVANCED_FACE ( 'NONE', ( #1007 ), #1299, .F. ) ;
#4195 = CARTESIAN_POINT ( 'NONE',  ( 0.9000000000000000222, 0.000000000000000000, -1.050000000000000044 ) ) ;
#4196 = ADVANCED_FACE ( 'NONE', ( #2712 ), #3769, .F. ) ;
#4197 = CARTESIAN_POINT ( 'NONE',  ( 2.165000000000000036, 5.421010862427522170E-17, -0.9999999999999995559 ) ) ;
#4198 = VECTOR ( 'NONE', #4159, 1000.000000000000000 ) ;
#4199 = FACE_OUTER_BOUND ( 'NONE', #2441, .T. ) ;
#4200 = ORIENTED_EDGE ( 'NONE', *, *, #854, .F. ) ;
#4201 = EDGE_CURVE ( 'NONE', #1825, #3960, #4083, .T. ) ;
#4202 = CARTESIAN_POINT ( 'NONE',  ( -10.66000000000000192, 5.000000000000000000, 0.9500000000000051736 ) ) ;
#4203 = VECTOR ( 'NONE', #1709, 1000.000000000000000 ) ;
#4204 = STYLED_ITEM ( 'NONE', ( #2795 ), #1481 ) ;
#4205 = DIRECTION ( 'NONE',  ( -0.000000000000000000, 1.000000000000000000, -0.000000000000000000 ) ) ;
#4206 = VECTOR ( 'NONE', #2212, 1000.000000000000000 ) ;
#4207 = DIRECTION ( 'NONE',  ( -0.000000000000000000, 1.000000000000000000, -0.000000000000000000 ) ) ;
#4208 = APPLICATION_CONTEXT ( 'automotive_design' ) ;
#4209 = ORIENTED_EDGE ( 'NONE', *, *, #1776, .T. ) ;
#4210 = DIRECTION ( 'NONE',  ( 0.000000000000000000, 0.000000000000000000, 1.000000000000000000 ) ) ;
#4211 = DIRECTION ( 'NONE',  ( 0.000000000000000000, 0.000000000000000000, -1.000000000000000000 ) ) ;
#4212 = AXIS2_PLACEMENT_3D ( 'NONE', #3886, #805, #3861 ) ;
#4213 = DIRECTION ( 'NONE',  ( -1.000000000000000000, -0.000000000000000000, -0.000000000000000000 ) ) ;
#4214 = EDGE_CURVE ( 'NONE', #1270, #1858, #3745, .T. ) ;
#4215 = ORIENTED_EDGE ( 'NONE', *, *, #463, .F. ) ;
#4216 = DIRECTION ( 'NONE',  ( 0.000000000000000000, 0.000000000000000000, -1.000000000000000000 ) ) ;
#4217 = VECTOR ( 'NONE', #4014, 1000.000000000000114 ) ;
#4218 = VECTOR ( 'NONE', #1553, 1000.000000000000000 ) ;
#4219 = PRODUCT_DEFINITION_SHAPE ( 'NONE', 'NONE',  #4496 ) ;
#4220 = CARTESIAN_POINT ( 'NONE',  ( 2.165000000000000036, 0.3499999999999999778, -0.8999999999999995781 ) ) ;
#4221 = EDGE_LOOP ( 'NONE', ( #1998, #3352, #2803, #367 ) ) ;
#4222 = CARTESIAN_POINT ( 'NONE',  ( -6.720000000000001528, 3.895694160567695352, -1.049999999999998934 ) ) ;
#4223 = PRODUCT_DEFINITION_FORMATION_WITH_SPECIFIED_SOURCE ( 'ANY', '', #2781, .NOT_KNOWN. ) ;
#4224 = DIRECTION ( 'NONE',  ( 0.000000000000000000, 0.000000000000000000, 1.000000000000000000 ) ) ;
#4225 = EDGE_CURVE ( 'NONE', #4349, #1879, #2732, .T. ) ;
#4226 = CARTESIAN_POINT ( 'NONE',  ( -9.260000000000001563, 0.5999999999999998668, -0.8999999999999986899 ) ) ;
#4227 = AXIS2_PLACEMENT_3D ( 'NONE', #3386, #3367, #2294 ) ;
#4228 = ORIENTED_EDGE ( 'NONE', *, *, #2715, .T. ) ;
#4229 = FILL_AREA_STYLE ('',( #51 ) ) ;
#4230 = DIRECTION ( 'NONE',  ( -1.000000000000000000, 0.000000000000000000, 2.168404344971008868E-16 ) ) ;
#4231 = EDGE_CURVE ( 'NONE', #2678, #1858, #1531, .T. ) ;
#4232 = LINE ( 'NONE', #3576, #2243 ) ;
#4233 = CARTESIAN_POINT ( 'NONE',  ( -7.119999999999999218, -0.001000000000000132727, -0.4999999999999987232 ) ) ;
#4234 = ORIENTED_EDGE ( 'NONE', *, *, #961, .F. ) ;
#4235 = LINE ( 'NONE', #3943, #599 ) ;
#4236 = CARTESIAN_POINT ( 'NONE',  ( 2.165000000000000036, 1.000000000000000000, -0.8999999999999998002 ) ) ;
#4237 = EDGE_CURVE ( 'NONE', #4137, #3376, #2147, .T. ) ;
#4238 = CARTESIAN_POINT ( 'NONE',  ( -6.720000000000000639, 7.545584412271571395, 0.9000000000000012434 ) ) ;
#4239 = ORIENTED_EDGE ( 'NONE', *, *, #3018, .T. ) ;
#4240 = CARTESIAN_POINT ( 'NONE',  ( -9.260000000000001563, 4.599999999999999645, 0.9000000000000016875 ) ) ;
#4241 = VECTOR ( 'NONE', #3818, 1000.000000000000000 ) ;
#4242 = ADVANCED_FACE ( 'NONE', ( #2926 ), #3264, .F. ) ;
#4243 = DIRECTION ( 'NONE',  ( 0.000000000000000000, 1.000000000000000000, 3.336006684570783101E-16 ) ) ;
#4244 = ORIENTED_EDGE ( 'NONE', *, *, #362, .T. ) ;
#4245 = PLANE ( 'NONE',  #1740 ) ;
#4246 = ORIENTED_EDGE ( 'NONE', *, *, #1983, .F. ) ;
#4247 = CARTESIAN_POINT ( 'NONE',  ( 0.000000000000000000, 0.000000000000000000, -0.9000000000000000222 ) ) ;
#4248 =( NAMED_UNIT ( * ) SI_UNIT ( $, .STERADIAN. ) SOLID_ANGLE_UNIT ( ) );
#4249 = LINE ( 'NONE', #2131, #2239 ) ;
#4250 = FILL_AREA_STYLE_COLOUR ( '', #1514 ) ;
#4251 = PLANE ( 'NONE',  #3168 ) ;
#4252 = VECTOR ( 'NONE', #2654, 1000.000000000000000 ) ;
#4253 = VECTOR ( 'NONE', #4224, 1000.000000000000000 ) ;
#4254 = DIRECTION ( 'NONE',  ( -1.707404996040164265E-16, 0.000000000000000000, -1.000000000000000000 ) ) ;
#4255 = PLANE ( 'NONE',  #1545 ) ;
#4256 = ORIENTED_EDGE ( 'NONE', *, *, #2710, .T. ) ;
#4257 = PLANE ( 'NONE',  #878 ) ;
#4258 = AXIS2_PLACEMENT_3D ( 'NONE', #2047, #2025, #3092 ) ;
#4259 = DIRECTION ( 'NONE',  ( -1.000000000000000000, 0.000000000000000000, -0.000000000000000000 ) ) ;
#4260 = ADVANCED_FACE ( 'NONE', ( #2879 ), #2568, .F. ) ;
#4261 = VECTOR ( 'NONE', #2113, 1000.000000000000000 ) ;
#4262 = DIRECTION ( 'NONE',  ( 0.000000000000000000, 0.000000000000000000, 1.000000000000000000 ) ) ;
#4263 = EDGE_LOOP ( 'NONE', ( #4117, #3862, #2150, #3486 ) ) ;
#4264 = LINE ( 'NONE', #3558, #1062 ) ;
#4265 = VECTOR ( 'NONE', #2585, 1000.000000000000000 ) ;
#4266 = FACE_OUTER_BOUND ( 'NONE', #3312, .T. ) ;
#4267 = ORIENTED_EDGE ( 'NONE', *, *, #266, .T. ) ;
#4268 = PLANE ( 'NONE',  #16 ) ;
#4269 = LINE ( 'NONE', #3868, #2301 ) ;
#4270 = VECTOR ( 'NONE', #1659, 1000.000000000000000 ) ;
#4271 = DIRECTION ( 'NONE',  ( 0.000000000000000000, 0.000000000000000000, -1.000000000000000000 ) ) ;
#4272 = PLANE ( 'NONE',  #1091 ) ;
#4273 = LINE ( 'NONE', #1167, #870 ) ;
#4274 = EDGE_CURVE ( 'NONE', #3840, #4096, #3290, .T. ) ;
#4275 = CARTESIAN_POINT ( 'NONE',  ( -0.4999999999999998890, 4.599999999999999645, -0.4999999999999998890 ) ) ;
#4276 = DIRECTION ( 'NONE',  ( 0.000000000000000000, -0.000000000000000000, 1.000000000000000000 ) ) ;
#4277 = EDGE_LOOP ( 'NONE', ( #3336, #1908, #3104, #2264 ) ) ;
#4278 = LINE ( 'NONE', #2853, #530 ) ;
#4279 = CARTESIAN_POINT ( 'NONE',  ( 4.705000000000000071, 1.000000000000000000, 0.8999999999999998002 ) ) ;
#4280 = AXIS2_PLACEMENT_3D ( 'NONE', #336, #265, #604 ) ;
#4282 = ORIENTED_EDGE ( 'NONE', *, *, #3149, .T. ) ;
#4281 = VECTOR ( 'NONE', #2798, 1000.000000000000000 ) ;
#4283 = PLANE ( 'NONE',  #3243 ) ;
#4284 = EDGE_CURVE ( 'NONE', #1185, #39, #2169, .T. ) ;
#4285 = CARTESIAN_POINT ( 'NONE',  ( -9.260000000000001563, 7.545584412271571395, 0.9000000000000016875 ) ) ;
#4286 = LINE ( 'NONE', #1179, #451 ) ;
#4287 = ORIENTED_EDGE ( 'NONE', *, *, #710, .F. ) ;
#4288 = LINE ( 'NONE', #3240, #2445 ) ;
#4289 = AXIS2_PLACEMENT_3D ( 'NONE', #1106, #4254, #1146 ) ;
#4290 = VECTOR ( 'NONE', #2413, 1000.000000000000000 ) ;
#4291 = EDGE_CURVE ( 'NONE', #2024, #2637, #830, .T. ) ;
#4292 = CARTESIAN_POINT ( 'NONE',  ( -1.639999999999999902, 7.545584412271571395, 0.9000000000000003553 ) ) ;
#4293 = ORIENTED_EDGE ( 'NONE', *, *, #916, .T. ) ;
#4294 = ORIENTED_EDGE ( 'NONE', *, *, #1643, .F. ) ;
#4295 = CARTESIAN_POINT ( 'NONE',  ( -0.9000000000000001332, 7.545584412271571395, 0.9000000000000000222 ) ) ;
#4296 = DIRECTION ( 'NONE',  ( 0.000000000000000000, 0.000000000000000000, -1.000000000000000000 ) ) ;
#4297 = CARTESIAN_POINT ( 'NONE',  ( 1.019999999999999796, 0.5999999999999999778, -1.050000000000000044 ) ) ;
#4298 = EDGE_LOOP ( 'NONE', ( #2063, #3918, #294, #1275 ) ) ;
#4299 = CARTESIAN_POINT ( 'NONE',  ( -1.639999999999999902, 7.545584412271571395, 0.9000000000000003553 ) ) ;
#4300 = LINE ( 'NONE', #1193, #4142 ) ;
#4301 = COLOUR_RGB ( '',0.7921568627450980005, 0.8196078431372548767, 0.9333333333333333481 ) ;
#4302 = PRODUCT_RELATED_PRODUCT_CATEGORY ( 'part', '', ( #69 ) ) ;
#4303 = LINE ( 'NONE', #1887, #2779 ) ;
#4304 = CARTESIAN_POINT ( 'NONE',  ( -4.180000000000000604, 7.545584412271571395, -0.8999999999999995781 ) ) ;
#4305 = ORIENTED_EDGE ( 'NONE', *, *, #182, .F. ) ;
#4306 = LINE ( 'NONE', #3653, #2563 ) ;
#4307 = PLANE ( 'NONE',  #596 ) ;
#4308 = EDGE_LOOP ( 'NONE', ( #3931, #1823, #2369, #1051 ) ) ;
#4309 = DIRECTION ( 'NONE',  ( 0.000000000000000000, -1.000000000000000000, 0.000000000000000000 ) ) ;
#4310 = AXIS2_PLACEMENT_3D ( 'NONE', #3007, #3987, #538 ) ;
#4311 = ITEM_DEFINED_TRANSFORMATION ( 'NONE', 'NONE', #3433,  #1607 ) ;
#4312 = EDGE_LOOP ( 'NONE', ( #1490, #969, #1233, #2791 ) ) ;
#4313 = DIRECTION ( 'NONE',  ( -0.000000000000000000, -0.000000000000000000, 1.000000000000000000 ) ) ;
#4314 = DIRECTION ( 'NONE',  ( 0.000000000000000000, -1.000000000000000000, 0.000000000000000000 ) ) ;
#4315 = ORIENTED_EDGE ( 'NONE', *, *, #3785, .T. ) ;
#4316 = CARTESIAN_POINT ( 'NONE',  ( -8.519999999999999574, 0.5999999999999998668, 1.050000000000001377 ) ) ;
#4317 = VERTEX_POINT ( 'NONE', #3888 ) ;
#4318 = DIRECTION ( 'NONE',  ( -1.000000000000000000, 0.000000000000000000, -0.000000000000000000 ) ) ;
#4319 = VERTEX_POINT ( 'NONE', #760 ) ;
#4320 = LINE ( 'NONE', #1209, #422 ) ;
#4321 =( NAMED_UNIT ( * ) PLANE_ANGLE_UNIT ( ) SI_UNIT ( $, .RADIAN. ) );
#4322 = ORIENTED_EDGE ( 'NONE', *, *, #3718, .T. ) ;
#4323 = VECTOR ( 'NONE', #964, 1000.000000000000000 ) ;
#4324 = DIRECTION ( 'NONE',  ( -0.000000000000000000, -0.000000000000000000, 1.000000000000000000 ) ) ;
#4325 = EDGE_CURVE ( 'NONE', #990, #3150, #1845, .T. ) ;
#4326 = LINE ( 'NONE', #576, #147 ) ;
#4327 = CARTESIAN_POINT ( 'NONE',  ( -9.660000000000000142, -0.001000000000000132727, -0.4999999999999982792 ) ) ;
#4328 = LINE ( 'NONE', #3255, #3299 ) ;
#4329 = LINE ( 'NONE', #3675, #4009 ) ;
#4330 = FACE_BOUND ( 'NONE', #57, .T. ) ;
#4331 = CONTEXT_DEPENDENT_SHAPE_REPRESENTATION ( #2736, #1954 ) ;
#4332 = VECTOR ( 'NONE', #1295, 1000.000000000000000 ) ;
#4333 = PLANE ( 'NONE',  #4359 ) ;
#4334 = ORIENTED_EDGE ( 'NONE', *, *, #3070, .F. ) ;
#4335 = CARTESIAN_POINT ( 'NONE',  ( -6.720000000000000639, 0.5999999999999998668, 1.050000000000001377 ) ) ;
#4336 = ORIENTED_EDGE ( 'NONE', *, *, #2018, .F. ) ;
#4337 = ORIENTED_EDGE ( 'NONE', *, *, #4171, .F. ) ;
#4338 = DIRECTION ( 'NONE',  ( 0.000000000000000000, 0.000000000000000000, -1.000000000000000000 ) ) ;
#4339 = ORIENTED_EDGE ( 'NONE', *, *, #3828, .T. ) ;
#4340 = LINE ( 'NONE', #2638, #2148 ) ;
#4341 = DIRECTION ( 'NONE',  ( -1.000000000000000000, -0.000000000000000000, -0.000000000000000000 ) ) ;
#4342 = APPLICATION_PROTOCOL_DEFINITION ( 'draft international standard', 'automotive_design', 1998, #3518 ) ;
#4343 = ADVANCED_FACE ( 'NONE', ( #1437 ), #113, .F. ) ;
#4344 = ADVANCED_FACE ( 'NONE', ( #3637 ), #2520, .F. ) ;
#4345 = FACE_OUTER_BOUND ( 'NONE', #1074, .T. ) ;
#4346 = FACE_OUTER_BOUND ( 'NONE', #1678, .T. ) ;
#4347 = DIRECTION ( 'NONE',  ( 1.000000000000000000, 0.000000000000000000, -0.000000000000000000 ) ) ;
#4348 = ADVANCED_FACE ( 'NONE', ( #137 ), #3610, .F. ) ;
#4349 = VERTEX_POINT ( 'NONE', #1486 ) ;
#4350 = CARTESIAN_POINT ( 'NONE',  ( 2.914999999999999591, 1.000000000000000000, -0.8999999999999998002 ) ) ;
#4351 = VECTOR ( 'NONE', #1097, 1000.000000000000000 ) ;
#4352 = LINE ( 'NONE', #1871, #1241 ) ;
#4353 = VERTEX_POINT ( 'NONE', #3564 ) ;
#4354 = CARTESIAN_POINT ( 'NONE',  ( -12.32333076527839566, 0.5999999999999999778, -0.9000000000000000222 ) ) ;
#4355 = VECTOR ( 'NONE', #3817, 1000.000000000000000 ) ;
#4356 = MECHANICAL_DESIGN_GEOMETRIC_PRESENTATION_REPRESENTATION (  '', ( #1242 ), #3640 ) ;
#4357 = ADVANCED_FACE ( 'NONE', ( #4266 ), #1156, .F. ) ;
#4358 = CARTESIAN_POINT ( 'NONE',  ( -1.639999999999999902, 0.5999999999999998668, 0.9000000000000003553 ) ) ;
#4359 = AXIS2_PLACEMENT_3D ( 'NONE', #223, #1917, #2608 ) ;
#4360 = ORIENTED_EDGE ( 'NONE', *, *, #98, .F. ) ;
#4361 = VERTEX_POINT ( 'NONE', #2833 ) ;
#4362 = FACE_OUTER_BOUND ( 'NONE', #3046, .T. ) ;
#4363 = DIRECTION ( 'NONE',  ( 1.000000000000000000, 0.000000000000000000, -0.000000000000000000 ) ) ;
#4364 = ORIENTED_EDGE ( 'NONE', *, *, #3093, .F. ) ;
#4365 = CARTESIAN_POINT ( 'NONE',  ( -11.18000000000002281, 3.895694160567695352, -1.049999999999998490 ) ) ;
#4366 = AXIS2_PLACEMENT_3D ( 'NONE', #893, #3281, #3989 ) ;
#4367 = ADVANCED_FACE ( 'NONE', ( #808 ), #161, .T. ) ;
#4368 = PLANE ( 'NONE',  #2536 ) ;
#4369 = DIRECTION ( 'NONE',  ( -0.6546536707079775308, 0.3779644730092256433, 0.6546536707079776418 ) ) ;
#4370 = VECTOR ( 'NONE', #926, 1000.000000000000000 ) ;
#4371 = CARTESIAN_POINT ( 'NONE',  ( 5.455000000000000071, -1.593738312549088494E-16, 2.199999999999999734 ) ) ;
#4372 = ORIENTED_EDGE ( 'NONE', *, *, #2874, .F. ) ;
#4373 = DIRECTION ( 'NONE',  ( 1.000000000000000000, 0.000000000000000000, 0.000000000000000000 ) ) ;
#4374 = EDGE_CURVE ( 'NONE', #2342, #3537, #3584, .T. ) ;
#4375 = DIRECTION ( 'NONE',  ( -1.000000000000000000, 0.000000000000000000, 0.000000000000000000 ) ) ;
#4376 = EDGE_LOOP ( 'NONE', ( #2615, #3829, #2190, #2245 ) ) ;
#4377 = PLANE ( 'NONE',  #1071 ) ;
#4378 = VECTOR ( 'NONE', #4183, 1000.000000000000000 ) ;
#4379 = CARTESIAN_POINT ( 'NONE',  ( -10.66000000000000192, 4.740192378864668044, 0.5000000000000018874 ) ) ;
#4380 = CARTESIAN_POINT ( 'NONE',  ( 4.705000000000000071, 0.3499999999999999778, 0.9999999999999995559 ) ) ;
#4381 = ORIENTED_EDGE ( 'NONE', *, *, #3592, .T. ) ;
#4382 = ORIENTED_EDGE ( 'NONE', *, *, #2393, .T. ) ;
#4383 = ORIENTED_EDGE ( 'NONE', *, *, #2688, .F. ) ;
#4384 = CARTESIAN_POINT ( 'NONE',  ( 4.705000000000000071, 0.3499999999999999778, 0.9999999999999995559 ) ) ;
#4385 = FACE_OUTER_BOUND ( 'NONE', #636, .T. ) ;
#4386 = DIRECTION ( 'NONE',  ( 0.000000000000000000, -4.517509052022931649E-17, -1.000000000000000000 ) ) ;
#4387 = AXIS2_PLACEMENT_3D ( 'NONE', #642, #2666, #3372 ) ;
#4388 = CARTESIAN_POINT ( 'NONE',  ( 5.455000000000000071, 1.000000000000000000, 0.6499999999999998002 ) ) ;
#4389 = CARTESIAN_POINT ( 'NONE',  ( 5.455000000000000071, 0.3499999999999999778, 0.9999999999999995559 ) ) ;
#4390 = DIRECTION ( 'NONE',  ( 1.000000000000000000, 0.000000000000000000, -1.084202172485504434E-16 ) ) ;
#4391 = SHAPE_REPRESENTATION ( 'BG125-05-A-1-1-0440-N-D', ( #4227, #3433, #1115, #1982, #3873 ), #3732 ) ;
#4392 = CARTESIAN_POINT ( 'NONE',  ( -2.040000000000000036, 4.599999999999999645, -0.4999999999999995559 ) ) ;
#4393 = ITEM_DEFINED_TRANSFORMATION ( 'NONE', 'NONE', #3873,  #1607 ) ;
#4394 = VERTEX_POINT ( 'NONE', #4220 ) ;
#4395 = ADVANCED_FACE ( 'NONE', ( #1117 ), #3951, .F. ) ;
#4396 = EDGE_CURVE ( 'NONE', #580, #822, #1977, .T. ) ;
#4397 = DIRECTION ( 'NONE',  ( 0.000000000000000000, 0.000000000000000000, -1.000000000000000000 ) ) ;
#4398 = ORIENTED_EDGE ( 'NONE', *, *, #3933, .F. ) ;
#4399 = DIRECTION ( 'NONE',  ( 1.000000000000000000, 0.000000000000000000, 0.000000000000000000 ) ) ;
#4400 = LINE ( 'NONE', #611, #3869 ) ;
#4401 = ORIENTED_EDGE ( 'NONE', *, *, #3539, .T. ) ;
#4402 = EDGE_CURVE ( 'NONE', #3213, #2337, #1921, .T. ) ;
#4403 = ORIENTED_EDGE ( 'NONE', *, *, #1749, .F. ) ;
#4404 = VERTEX_POINT ( 'NONE', #1247 ) ;
#4405 = VECTOR ( 'NONE', #4363, 1000.000000000000000 ) ;
#4406 = CARTESIAN_POINT ( 'NONE',  ( 0.000000000000000000, 0.000000000000000000, 0.000000000000000000 ) ) ;
#4407 = VECTOR ( 'NONE', #3261, 1000.000000000000000 ) ;
#4408 = ORIENTED_EDGE ( 'NONE', *, *, #3780, .T. ) ;
#4409 = CARTESIAN_POINT ( 'NONE',  ( 5.455000000000000071, 5.421010862427522170E-17, 0.9999999999999995559 ) ) ;
#4410 = VECTOR ( 'NONE', #3870, 1000.000000000000000 ) ;
#4411 = CARTESIAN_POINT ( 'NONE',  ( 1.270000000000000018, 0.5999999999999998668, -1.050000000000000044 ) ) ;
#4412 = CARTESIAN_POINT ( 'NONE',  ( -7.119999999999999218, 4.599999999999999645, -0.4999999999999987232 ) ) ;
#4413 = CIRCLE ( 'NONE', #3038, 0.3500000000000000333 ) ;
#4414 = CARTESIAN_POINT ( 'NONE',  ( 1.269999999999999796, 0.5999999999999999778, 1.269999999999999796 ) ) ;
#4415 = EDGE_CURVE ( 'NONE', #2095, #1366, #3705, .T. ) ;
#4416 = CARTESIAN_POINT ( 'NONE',  ( 5.455000000000000071, 5.421010862427522170E-17, 0.9999999999999995559 ) ) ;
#4417 = AXIS2_PLACEMENT_3D ( 'NONE', #3986, #2273, #3670 ) ;
#4418 = CARTESIAN_POINT ( 'NONE',  ( -1.639999999999999902, 4.599999999999999645, 0.9000000000000003553 ) ) ;
#4419 = CARTESIAN_POINT ( 'NONE',  ( 5.455000000000000071, 1.000000000000000000, 0.8999999999999998002 ) ) ;
#4420 = ORIENTED_EDGE ( 'NONE', *, *, #1612, .T. ) ;
#4421 = LINE ( 'NONE', #4112, #590 ) ;
#4422 = ORIENTED_EDGE ( 'NONE', *, *, #4130, .T. ) ;
#4423 = EDGE_CURVE ( 'NONE', #1270, #997, #2262, .T. ) ;
#4424 = DIRECTION ( 'NONE',  ( 0.000000000000000000, 0.000000000000000000, 1.000000000000000000 ) ) ;
#4425 = CARTESIAN_POINT ( 'NONE',  ( -6.720000000000000639, 7.545584412271571395, -0.8999999999999991340 ) ) ;
#4426 = ORIENTED_EDGE ( 'NONE', *, *, #181, .T. ) ;
#4427 = ORIENTED_EDGE ( 'NONE', *, *, #807, .F. ) ;
#4428 = ORIENTED_EDGE ( 'NONE', *, *, #2319, .F. ) ;
#4429 = EDGE_CURVE ( 'NONE', #3201, #1270, #589, .T. ) ;
#4430 = CARTESIAN_POINT ( 'NONE',  ( 0.9500000000000035083, 5.000000000000000000, 0.4999999999999998890 ) ) ;
#4431 = VECTOR ( 'NONE', #4443, 1000.000000000000000 ) ;
#4432 = ORIENTED_EDGE ( 'NONE', *, *, #1277, .T. ) ;
#4433 = CARTESIAN_POINT ( 'NONE',  ( 2.914999999999999591, 1.000000000000000000, -0.6499999999999998002 ) ) ;
#4434 = VECTOR ( 'NONE', #4041, 1000.000000000000000 ) ;
#4435 = EDGE_CURVE ( 'NONE', #2105, #3037, #2655, .T. ) ;
#4436 = LINE ( 'NONE', #1743, #2541 ) ;
#4437 = DIRECTION ( 'NONE',  ( -1.000000000000000000, -0.000000000000000000, -0.000000000000000000 ) ) ;
#4438 = DIRECTION ( 'NONE',  ( -1.000000000000000000, 0.000000000000000000, 1.084202172485504434E-16 ) ) ;
#4439 = CARTESIAN_POINT ( 'NONE',  ( -9.660000000000000142, 5.000000000000000000, -0.9500000000000016209 ) ) ;
#4440 = EDGE_CURVE ( 'NONE', #3925, #1325, #3998, .T. ) ;
#4441 = AXIS2_PLACEMENT_3D ( 'NONE', #115, #4338, #2614 ) ;
#4442 = ORIENTED_EDGE ( 'NONE', *, *, #286, .F. ) ;
#4443 = DIRECTION ( 'NONE',  ( 1.000000000000000000, -0.000000000000000000, -0.000000000000000000 ) ) ;
#4444 = ORIENTED_EDGE ( 'NONE', *, *, #286, .T. ) ;
#4445 = CARTESIAN_POINT ( 'NONE',  ( -3.810000000000000053, 3.895694160567695352, -1.049999999999999378 ) ) ;
#4446 = ORIENTED_EDGE ( 'NONE', *, *, #1028, .T. ) ;
#4447 = CARTESIAN_POINT ( 'NONE',  ( -9.260000000000001563, 4.599999999999999645, -0.8999999999999986899 ) ) ;
#4448 = SURFACE_STYLE_USAGE ( .BOTH. , #1333 ) ;
#4449 = ORIENTED_EDGE ( 'NONE', *, *, #1530, .F. ) ;
#4450 = ORIENTED_EDGE ( 'NONE', *, *, #1927, .T. ) ;
#4451 = PLANE ( 'NONE',  #3428 ) ;
#4452 = ORIENTED_EDGE ( 'NONE', *, *, #4402, .F. ) ;
#4453 = CARTESIAN_POINT ( 'NONE',  ( -7.620000000000000107, 0.000000000000000000, -0.9000000000000000222 ) ) ;
#4454 = CARTESIAN_POINT ( 'NONE',  ( 5.455000000000000071, 1.000000000000000000, 0.8999999999999998002 ) ) ;
#4455 = EDGE_LOOP ( 'NONE', ( #973, #613, #1337, #1341 ) ) ;
#4456 = EDGE_CURVE ( 'NONE', #3219, #3234, #2310, .T. ) ;
#4457 = CARTESIAN_POINT ( 'NONE',  ( 5.455000000000000071, 0.3499999999999999778, 0.8999999999999995781 ) ) ;
#4458 = LINE ( 'NONE', #3053, #476 ) ;
#4459 = LINE ( 'NONE', #4414, #3676 ) ;
#4460 = STYLED_ITEM ( 'NONE', ( #2077 ), #18 ) ;
#4461 = DIRECTION ( 'NONE',  ( 0.000000000000000000, 0.000000000000000000, -1.000000000000000000 ) ) ;
#4462 = AXIS2_PLACEMENT_3D ( 'NONE', #4389, #2990, #3082 ) ;
#4463 = LINE ( 'NONE', #4485, #588 ) ;
#4464 = VERTEX_POINT ( 'NONE', #2973 ) ;
#4465 = DIRECTION ( 'NONE',  ( 0.000000000000000000, 0.000000000000000000, 1.000000000000000000 ) ) ;
#4466 = ORIENTED_EDGE ( 'NONE', *, *, #4468, .T. ) ;
#4467 = AXIS2_PLACEMENT_3D ( 'NONE', #1088, #2785, #3171 ) ;
#4468 = EDGE_CURVE ( 'NONE', #1606, #4361, #951, .T. ) ;
#4469 = ORIENTED_EDGE ( 'NONE', *, *, #1914, .F. ) ;
#4470 = ORIENTED_EDGE ( 'NONE', *, *, #1835, .T. ) ;
#4471 = CARTESIAN_POINT ( 'NONE',  ( -11.56000000000000050, 5.000000000000000000, 5.000000000000000000 ) ) ;
#4472 = VECTOR ( 'NONE', #924, 1000.000000000000000 ) ;
#4473 = CARTESIAN_POINT ( 'NONE',  ( -2.040000000000000036, -0.001000000000000132727, -0.4999999999999995559 ) ) ;
#4474 = VECTOR ( 'NONE', #4262, 1000.000000000000000 ) ;
#4475 = EDGE_CURVE ( 'NONE', #605, #1879, #632, .T. ) ;
#4476 = ORIENTED_EDGE ( 'NONE', *, *, #3078, .T. ) ;
#4477 = ADVANCED_FACE ( 'NONE', ( #4047 ), #3361, .T. ) ;
#4478 = LINE ( 'NONE', #1703, #944 ) ;
#4479 = ORIENTED_EDGE ( 'NONE', *, *, #3495, .T. ) ;
#4480 = LINE ( 'NONE', #2425, #792 ) ;
#4481 = VECTOR ( 'NONE', #3823, 1000.000000000000000 ) ;
#4482 = DIRECTION ( 'NONE',  ( 2.168404344971008868E-16, 0.000000000000000000, 1.000000000000000000 ) ) ;
#4483 = ORIENTED_EDGE ( 'NONE', *, *, #3259, .F. ) ;
#4484 = EDGE_CURVE ( 'NONE', #1216, #997, #4400, .T. ) ;
#4485 = CARTESIAN_POINT ( 'NONE',  ( -6.720000000000000639, 0.5999999999999998668, 1.050000000000001377 ) ) ;
#4486 = VERTEX_POINT ( 'NONE', #203 ) ;
#4487 = LINE ( 'NONE', #1367, #804 ) ;
#4488 = LINE ( 'NONE', #3729, #952 ) ;
#4489 = ORIENTED_EDGE ( 'NONE', *, *, #4423, .T. ) ;
#4490 = ADVANCED_BREP_SHAPE_REPRESENTATION ( '', ( #1500, #2998, #1607 ), #3654 ) ;
#4491 = CARTESIAN_POINT ( 'NONE',  ( -8.120000000000000995, 4.740192378864668044, 0.5000000000000014433 ) ) ;
#4492 = VECTOR ( 'NONE', #4123, 1000.000000000000000 ) ;
#4493 = NEXT_ASSEMBLY_USAGE_OCCURRENCE ( 'NAUO1', ' ', ' ', #2968, #3913, $ ) ;
#4494 = NEXT_ASSEMBLY_USAGE_OCCURRENCE ( 'NAUO2', ' ', ' ', #2968, #2639, $ ) ;
#4495 = NEXT_ASSEMBLY_USAGE_OCCURRENCE ( 'NAUO3', ' ', ' ', #2968, #2639, $ ) ;
#4496 = NEXT_ASSEMBLY_USAGE_OCCURRENCE ( 'NAUO4', ' ', ' ', #2968, #1353, $ ) ;
ENDSEC;
END-ISO-10303-21;
