ISO-10303-21;
HEADER;
FILE_DESCRIPTION (( 'STEP AP214' ),
    '1' );
FILE_NAME ('SFH 4716AS.STEP',
    '2020-07-29T12:01:49',
    ( '' ),
    ( '' ),
    'SwSTEP 2.0',
    'SolidWorks 2017',
    '' );
FILE_SCHEMA (( 'AUTOMOTIVE_DESIGN' ));
ENDSEC;

DATA;
#1 = EDGE_CURVE ( 'NONE', #4909, #5757, #5649, .T. ) ;
#2 = VERTEX_POINT ( 'NONE', #5766 ) ;
#3 = VECTOR ( 'NONE', #3731, 1000.000000000000000 ) ;
#4 = CARTESIAN_POINT ( 'NONE',  ( -1.124999999999999800, 0.1200000000000004400, -1.874999999999999800 ) ) ;
#5 = ORIENTED_EDGE ( 'NONE', *, *, #913, .F. ) ;
#6 = CARTESIAN_POINT ( 'NONE',  ( -1.424999999999999600, 0.4500000000000000100, -1.874999999999999800 ) ) ;
#7 = ADVANCED_FACE ( 'NONE', ( #2051 ), #5790, .T. ) ;
#8 = ORIENTED_EDGE ( 'NONE', *, *, #4095, .F. ) ;
#9 = SURFACE_STYLE_FILL_AREA ( #2519 ) ;
#10 = VERTEX_POINT ( 'NONE', #164 ) ;
#11 = PLANE ( 'NONE',  #2798 ) ;
#12 = VECTOR ( 'NONE', #2507, 1000.000000000000000 ) ;
#13 = VECTOR ( 'NONE', #2089, 1000.000000000000000 ) ;
#14 = CARTESIAN_POINT ( 'NONE',  ( 1.875000000000000200, 0.1950000000000002800, 1.249999999999999800 ) ) ;
#15 = PLANE ( 'NONE',  #4931 ) ;
#16 = EDGE_LOOP ( 'NONE', ( #5421, #29, #1499, #2353 ) ) ;
#17 = LINE ( 'NONE', #181, #5572 ) ;
#18 = PRESENTATION_STYLE_ASSIGNMENT (( #715 ) ) ;
#19 = EDGE_CURVE ( 'NONE', #4668, #2170, #5356, .T. ) ;
#20 = VERTEX_POINT ( 'NONE', #127 ) ;
#21 = ORIENTED_EDGE ( 'NONE', *, *, #1769, .T. ) ;
#22 = CARTESIAN_POINT ( 'NONE',  ( -1.424999999999999600, 0.1200000000000004400, -1.874999999999999800 ) ) ;
#23 = DIRECTION ( 'NONE',  ( -1.000000000000000000, 0.0000000000000000000, 0.0000000000000000000 ) ) ;
#24 = EDGE_LOOP ( 'NONE', ( #3949, #4837, #2268, #4081 ) ) ;
#25 = VECTOR ( 'NONE', #1723, 1000.000000000000000 ) ;
#26 = EDGE_CURVE ( 'NONE', #3759, #1835, #387, .T. ) ;
#27 = EDGE_CURVE ( 'NONE', #2000, #317, #5504, .T. ) ;
#28 = DIRECTION ( 'NONE',  ( 0.0000000000000000000, 0.0000000000000000000, -1.000000000000000000 ) ) ;
#29 = ORIENTED_EDGE ( 'NONE', *, *, #375, .F. ) ;
#30 = VECTOR ( 'NONE', #3925, 1000.000000000000000 ) ;
#31 = DIRECTION ( 'NONE',  ( 0.0000000000000000000, -1.000000000000000000, 0.0000000000000000000 ) ) ;
#32 = CARTESIAN_POINT ( 'NONE',  ( 1.424999999999999600, 0.1950000000000002800, 1.875000000000000200 ) ) ;
#33 = ADVANCED_FACE ( 'NONE', ( #3809 ), #1323, .F. ) ;
#34 = DIRECTION ( 'NONE',  ( -0.7071067811865435800, 0.0000000000000000000, -0.7071067811865515700 ) ) ;
#35 = AXIS2_PLACEMENT_3D ( 'NONE', #4305, #1000, #1953 ) ;
#36 = VERTEX_POINT ( 'NONE', #187 ) ;
#37 = VECTOR ( 'NONE', #241, 1000.000000000000000 ) ;
#38 = CARTESIAN_POINT ( 'NONE',  ( 1.875000000000000200, 0.1200000000000000900, -1.174999999999999800 ) ) ;
#39 = ORIENTED_EDGE ( 'NONE', *, *, #4607, .F. ) ;
#40 = VERTEX_POINT ( 'NONE', #633 ) ;
#41 = VECTOR ( 'NONE', #1920, 1000.000000000000000 ) ;
#42 = VERTEX_POINT ( 'NONE', #4371 ) ;
#43 = DIRECTION ( 'NONE',  ( -1.000000000000000000, 0.0000000000000000000, 0.0000000000000000000 ) ) ;
#44 = LINE ( 'NONE', #5969, #3014 ) ;
#45 = DIRECTION ( 'NONE',  ( -0.0000000000000000000, 0.0000000000000000000, 1.000000000000000000 ) ) ;
#46 = CARTESIAN_POINT ( 'NONE',  ( -1.874999999999999800, 0.4500000000000000100, 1.875000000000000200 ) ) ;
#47 = DIRECTION ( 'NONE',  ( -0.0000000000000000000, 0.0000000000000000000, 1.000000000000000000 ) ) ;
#48 = EDGE_CURVE ( 'NONE', #40, #1566, #3662, .T. ) ;
#49 = ORIENTED_EDGE ( 'NONE', *, *, #527, .F. ) ;
#50 = FACE_OUTER_BOUND ( 'NONE', #130, .T. ) ;
#51 = ORIENTED_EDGE ( 'NONE', *, *, #5427, .T. ) ;
#52 = CARTESIAN_POINT ( 'NONE',  ( -1.874999999999999800, 0.4500000000000000100, -1.874999999999999800 ) ) ;
#53 = CARTESIAN_POINT ( 'NONE',  ( 1.875000000000000200, 0.1200000000000003300, 0.9499999999999999600 ) ) ;
#54 = SURFACE_STYLE_FILL_AREA ( #3206 ) ;
#55 = VECTOR ( 'NONE', #2636, 1000.000000000000000 ) ;
#56 = APPLICATION_PROTOCOL_DEFINITION ( 'draft international standard', 'automotive_design', 1998, #2419 ) ;
#57 = ORIENTED_EDGE ( 'NONE', *, *, #4363, .T. ) ;
#58 = ORIENTED_EDGE ( 'NONE', *, *, #3087, .T. ) ;
#59 = ORIENTED_EDGE ( 'NONE', *, *, #2928, .F. ) ;
#60 = LINE ( 'NONE', #584, #3454 ) ;
#61 = VECTOR ( 'NONE', #4142, 1000.000000000000000 ) ;
#62 = AXIS2_PLACEMENT_3D ( 'NONE', #1359, #916, #1828 ) ;
#63 = CARTESIAN_POINT ( 'NONE',  ( 1.925000000000000700, 0.1950000000000001700, -0.7749999999999998000 ) ) ;
#64 = EDGE_CURVE ( 'NONE', #4393, #1664, #5347, .T. ) ;
#65 = ORIENTED_EDGE ( 'NONE', *, *, #5071, .F. ) ;
#66 = ADVANCED_FACE ( 'NONE', ( #2044 ), #1031, .F. ) ;
#67 = VERTEX_POINT ( 'NONE', #1560 ) ;
#68 = ORIENTED_EDGE ( 'NONE', *, *, #5340, .T. ) ;
#69 = DIRECTION ( 'NONE',  ( 0.0000000000000000000, 0.0000000000000000000, -1.000000000000000000 ) ) ;
#70 = LINE ( 'NONE', #2545, #642 ) ;
#71 = DIRECTION ( 'NONE',  ( 1.000000000000000000, 0.0000000000000000000, 0.0000000000000000000 ) ) ;
#72 = VERTEX_POINT ( 'NONE', #2050 ) ;
#73 = VERTEX_POINT ( 'NONE', #4785 ) ;
#74 = EDGE_CURVE ( 'NONE', #3183, #3986, #2847, .T. ) ;
#75 = CARTESIAN_POINT ( 'NONE',  ( -1.124999999999999800, 0.1950000000000002800, -1.874999999999999800 ) ) ;
#76 = EDGE_CURVE ( 'NONE', #5970, #2806, #2917, .T. ) ;
#77 = CIRCLE ( 'NONE', #1722, 0.05000000000000002400 ) ;
#78 = ORIENTED_EDGE ( 'NONE', *, *, #1243, .F. ) ;
#79 = CARTESIAN_POINT ( 'NONE',  ( 1.350000000000001200, 0.0000000000000000000, -0.9000000000000003600 ) ) ;
#80 = FACE_OUTER_BOUND ( 'NONE', #5162, .T. ) ;
#81 = CARTESIAN_POINT ( 'NONE',  ( 1.300000000000001200, 2.929236009777593800, 1.300000000000000300 ) ) ;
#82 = AXIS2_PLACEMENT_3D ( 'NONE', #1954, #1450, #2390 ) ;
#83 = ORIENTED_EDGE ( 'NONE', *, *, #1927, .T. ) ;
#84 = DIRECTION ( 'NONE',  ( -1.000000000000000000, -0.0000000000000000000, -0.0000000000000000000 ) ) ;
#85 = CARTESIAN_POINT ( 'NONE',  ( -1.874999999999999800, 0.1200000000000002200, 0.5499999999999999300 ) ) ;
#86 = PLANE ( 'NONE',  #4475 ) ;
#87 = EDGE_LOOP ( 'NONE', ( #2905, #5242, #3933, #311 ) ) ;
#88 = VECTOR ( 'NONE', #3168, 1000.000000000000000 ) ;
#89 = AXIS2_PLACEMENT_3D ( 'NONE', #3745, #69, #948 ) ;
#90 = VERTEX_POINT ( 'NONE', #2993 ) ;
#91 = CARTESIAN_POINT ( 'NONE',  ( -1.124999999999999800, 0.1200000000000004400, -1.925000000000000300 ) ) ;
#92 = ADVANCED_FACE ( 'NONE', ( #1091 ), #1683, .F. ) ;
#93 = VECTOR ( 'NONE', #4021, 1000.000000000000000 ) ;
#94 = FACE_OUTER_BOUND ( 'NONE', #5060, .T. ) ;
#95 = CARTESIAN_POINT ( 'NONE',  ( 1.875000000000000200, 0.1950000000000003400, -1.174999999999999800 ) ) ;
#96 = ORIENTED_EDGE ( 'NONE', *, *, #5239, .T. ) ;
#97 = LINE ( 'NONE', #865, #5650 ) ;
#98 = CARTESIAN_POINT ( 'NONE',  ( 0.04999999999999984300, 1.629999999999999400, -1.224646799147349100E-017 ) ) ;
#99 = CARTESIAN_POINT ( 'NONE',  ( 1.424999999999999600, 0.1200000000000004400, 0.5499999999999999300 ) ) ;
#100 = ORIENTED_EDGE ( 'NONE', *, *, #914, .T. ) ;
#101 = DIRECTION ( 'NONE',  ( 0.0000000000000000000, 1.000000000000000000, 0.0000000000000000000 ) ) ;
#102 = CIRCLE ( 'NONE', #300, 0.04999999999999996800 ) ;
#103 = EDGE_CURVE ( 'NONE', #1063, #1896, #4990, .T. ) ;
#104 = EDGE_CURVE ( 'NONE', #971, #4806, #4116, .T. ) ;
#105 = EDGE_LOOP ( 'NONE', ( #1647, #2601, #3740, #1405 ) ) ;
#106 = CARTESIAN_POINT ( 'NONE',  ( 1.925000000000000700, 0.1950000000000001700, -0.7749999999999998000 ) ) ;
#107 = CARTESIAN_POINT ( 'NONE',  ( -1.424999999999999600, 0.1950000000000002800, -0.4749999999999999200 ) ) ;
#108 = LINE ( 'NONE', #1289, #1037 ) ;
#109 = PLANE ( 'NONE',  #2499 ) ;
#110 = EDGE_CURVE ( 'NONE', #2934, #4359, #1602, .T. ) ;
#111 = AXIS2_PLACEMENT_3D ( 'NONE', #3097, #1717, #5003 ) ;
#112 = PRODUCT ( 'SFH 4716AS', 'SFH 4716AS', '', ( #5240 ) ) ;
#113 = CARTESIAN_POINT ( 'NONE',  ( -1.424999999999999600, 0.1950000000000002800, -1.874999999999999800 ) ) ;
#114 = EDGE_LOOP ( 'NONE', ( #6013, #1125, #431, #1857 ) ) ;
#115 = LINE ( 'NONE', #4316, #3602 ) ;
#116 = ORIENTED_EDGE ( 'NONE', *, *, #3886, .F. ) ;
#117 = ORIENTED_EDGE ( 'NONE', *, *, #5926, .F. ) ;
#118 = CARTESIAN_POINT ( 'NONE',  ( -1.299999999999998700, 0.05000000000000000300, 0.8500000000000000900 ) ) ;
#119 = DIRECTION ( 'NONE',  ( 0.0000000000000000000, -1.000000000000000000, 0.0000000000000000000 ) ) ;
#120 = EDGE_CURVE ( 'NONE', #4852, #517, #814, .T. ) ;
#121 = VERTEX_POINT ( 'NONE', #5333 ) ;
#122 = LINE ( 'NONE', #3211, #4947 ) ;
#123 = CARTESIAN_POINT ( 'NONE',  ( 1.350000000000000300, 0.05000000000000000300, 0.4500000000000000100 ) ) ;
#124 = DIRECTION ( 'NONE',  ( 0.0000000000000000000, 0.0000000000000000000, -1.000000000000000000 ) ) ;
#125 = VERTEX_POINT ( 'NONE', #3490 ) ;
#126 = ORIENTED_EDGE ( 'NONE', *, *, #329, .T. ) ;
#127 = CARTESIAN_POINT ( 'NONE',  ( 1.424999999999999600, 0.1950000000000002800, 0.9500000000000000700 ) ) ;
#128 = LINE ( 'NONE', #4866, #5612 ) ;
#129 = CARTESIAN_POINT ( 'NONE',  ( -1.424999999999999600, 0.1950000000000002800, 1.875000000000000200 ) ) ;
#130 = EDGE_LOOP ( 'NONE', ( #1802, #2082, #772, #920 ) ) ;
#131 = LINE ( 'NONE', #804, #2163 ) ;
#132 = EDGE_CURVE ( 'NONE', #3106, #1390, #462, .T. ) ;
#133 = CARTESIAN_POINT ( 'NONE',  ( 1.925000000000000700, 0.1949999999999999800, -1.474999999999999600 ) ) ;
#134 = DIRECTION ( 'NONE',  ( -0.0000000000000000000, -0.0000000000000000000, 1.000000000000000000 ) ) ;
#135 = DIRECTION ( 'NONE',  ( -0.0000000000000000000, -1.264902534566422200E-015, -1.000000000000000000 ) ) ;
#136 = CARTESIAN_POINT ( 'NONE',  ( -1.299999999999999200, 0.0000000000000000000, 1.300000000000000300 ) ) ;
#137 = EDGE_LOOP ( 'NONE', ( #5365, #1797, #3039, #2218 ) ) ;
#138 = LINE ( 'NONE', #1046, #1446 ) ;
#139 = EDGE_CURVE ( 'NONE', #2273, #2934, #2193, .T. ) ;
#140 = ORIENTED_EDGE ( 'NONE', *, *, #5427, .F. ) ;
#141 = CARTESIAN_POINT ( 'NONE',  ( -1.299999999999999800, 0.05000000000000000300, -0.5000000000000000000 ) ) ;
#142 = PLANE ( 'NONE',  #2537 ) ;
#143 = LINE ( 'NONE', #1255, #2899 ) ;
#144 = ADVANCED_FACE ( 'NONE', ( #5140 ), #4257, .F. ) ;
#145 = DIRECTION ( 'NONE',  ( -1.000000000000000000, 0.0000000000000000000, -0.0000000000000000000 ) ) ;
#146 = ORIENTED_EDGE ( 'NONE', *, *, #330, .T. ) ;
#147 = LINE ( 'NONE', #5423, #3717 ) ;
#148 = FACE_OUTER_BOUND ( 'NONE', #5016, .T. ) ;
#149 = EDGE_CURVE ( 'NONE', #2591, #4728, #2698, .T. ) ;
#150 = ORIENTED_EDGE ( 'NONE', *, *, #1906, .T. ) ;
#151 = ORIENTED_EDGE ( 'NONE', *, *, #3288, .F. ) ;
#152 = DIRECTION ( 'NONE',  ( 1.000000000000000000, 0.0000000000000000000, -0.0000000000000000000 ) ) ;
#153 = LINE ( 'NONE', #1100, #5715 ) ;
#154 = DIRECTION ( 'NONE',  ( 0.0000000000000000000, -0.0000000000000000000, -1.000000000000000000 ) ) ;
#155 = VECTOR ( 'NONE', #915, 1000.000000000000000 ) ;
#156 = CARTESIAN_POINT ( 'NONE',  ( 1.925000000000000700, 0.1950000000000002800, 1.249999999999999800 ) ) ;
#157 = ORIENTED_EDGE ( 'NONE', *, *, #4363, .F. ) ;
#158 = VERTEX_POINT ( 'NONE', #4946 ) ;
#159 = EDGE_LOOP ( 'NONE', ( #4812, #1424, #409, #3589 ) ) ;
#160 = LINE ( 'NONE', #4704, #3282 ) ;
#161 = CARTESIAN_POINT ( 'NONE',  ( 1.350000000000000300, 2.929236009777593800, 0.4500000000000000100 ) ) ;
#162 = DIRECTION ( 'NONE',  ( -0.0000000000000000000, -0.0000000000000000000, -1.000000000000000000 ) ) ;
#163 = DIRECTION ( 'NONE',  ( 0.0000000000000000000, 0.0000000000000000000, 1.000000000000000000 ) ) ;
#164 = CARTESIAN_POINT ( 'NONE',  ( 1.875000000000000200, 0.1949999999999999800, -1.474999999999999600 ) ) ;
#165 = VERTEX_POINT ( 'NONE', #4969 ) ;
#166 = CARTESIAN_POINT ( 'NONE',  ( 1.424999999999999600, 0.1950000000000002800, -1.925000000000000300 ) ) ;
#167 = VECTOR ( 'NONE', #4916, 1000.000000000000000 ) ;
#168 = AXIS2_PLACEMENT_3D ( 'NONE', #5814, #196, #3412 ) ;
#169 = EDGE_CURVE ( 'NONE', #4630, #4176, #523, .T. ) ;
#170 = ORIENTED_EDGE ( 'NONE', *, *, #2003, .T. ) ;
#171 = LINE ( 'NONE', #5127, #2133 ) ;
#172 = DIRECTION ( 'NONE',  ( -1.000000000000000000, 0.0000000000000000000, 0.0000000000000000000 ) ) ;
#173 = CARTESIAN_POINT ( 'NONE',  ( 1.424999999999999600, 0.1200000000000004400, -1.925000000000000300 ) ) ;
#174 = ORIENTED_EDGE ( 'NONE', *, *, #3129, .T. ) ;
#175 = DIRECTION ( 'NONE',  ( 0.0000000000000000000, 0.0000000000000000000, -1.000000000000000000 ) ) ;
#176 = EDGE_CURVE ( 'NONE', #4892, #553, #4700, .T. ) ;
#177 = EDGE_CURVE ( 'NONE', #1951, #2941, #1755, .T. ) ;
#178 = LINE ( 'NONE', #5301, #5007 ) ;
#179 = ORIENTED_EDGE ( 'NONE', *, *, #679, .F. ) ;
#180 = LINE ( 'NONE', #4571, #1702 ) ;
#181 = CARTESIAN_POINT ( 'NONE',  ( -1.924999999999999600, 0.4500000000000000100, 1.924999999999999600 ) ) ;
#182 = DIRECTION ( 'NONE',  ( -1.000000000000000000, 0.0000000000000000000, 0.0000000000000000000 ) ) ;
#183 = CARTESIAN_POINT ( 'NONE',  ( 1.300000000000000700, 0.05000000000000012800, -0.8500000000000000900 ) ) ;
#184 = ORIENTED_EDGE ( 'NONE', *, *, #4949, .T. ) ;
#185 = PLANE ( 'NONE',  #755 ) ;
#186 = LINE ( 'NONE', #1832, #6023 ) ;
#187 = CARTESIAN_POINT ( 'NONE',  ( 1.300000000000000700, 0.0000000000000000000, -0.8500000000000000900 ) ) ;
#188 = EDGE_LOOP ( 'NONE', ( #1111, #5101, #5719, #1715, #3808 ) ) ;
#189 = VECTOR ( 'NONE', #2257, 1000.000000000000000 ) ;
#190 = VERTEX_POINT ( 'NONE', #3599 ) ;
#191 = DIRECTION ( 'NONE',  ( -1.000000000000000000, -0.0000000000000000000, -0.0000000000000000000 ) ) ;
#192 = DIRECTION ( 'NONE',  ( 0.0000000000000000000, 0.0000000000000000000, 1.000000000000000000 ) ) ;
#193 = VERTEX_POINT ( 'NONE', #5899 ) ;
#194 = ORIENTED_EDGE ( 'NONE', *, *, #953, .F. ) ;
#195 = CARTESIAN_POINT ( 'NONE',  ( 1.300000000000000700, 0.05000000000000000300, -0.8500000000000000900 ) ) ;
#196 = DIRECTION ( 'NONE',  ( 0.0000000000000000000, -1.000000000000000000, 0.0000000000000000000 ) ) ;
#197 = LINE ( 'NONE', #1184, #5028 ) ;
#198 = AXIS2_PLACEMENT_3D ( 'NONE', #4283, #5654, #4701 ) ;
#199 = VECTOR ( 'NONE', #3603, 1000.000000000000000 ) ;
#200 = ORIENTED_EDGE ( 'NONE', *, *, #3517, .T. ) ;
#201 = ORIENTED_EDGE ( 'NONE', *, *, #4995, .T. ) ;
#202 = EDGE_LOOP ( 'NONE', ( #2656, #5611, #5825, #2128 ) ) ;
#203 = CARTESIAN_POINT ( 'NONE',  ( 1.424999999999999600, 0.1950000000000002800, -1.874999999999999800 ) ) ;
#204 = VECTOR ( 'NONE', #2078, 1000.000000000000000 ) ;
#205 = DIRECTION ( 'NONE',  ( 1.000000000000000000, 0.0000000000000000000, -0.0000000000000000000 ) ) ;
#206 = DIRECTION ( 'NONE',  ( -1.000000000000000000, 0.0000000000000000000, 0.0000000000000000000 ) ) ;
#207 = ADVANCED_FACE ( 'NONE', ( #5064 ), #1226, .T. ) ;
#208 = EDGE_CURVE ( 'NONE', #1868, #3025, #1238, .T. ) ;
#209 = ORIENTED_EDGE ( 'NONE', *, *, #777, .F. ) ;
#210 = ORIENTED_EDGE ( 'NONE', *, *, #2275, .F. ) ;
#211 = VECTOR ( 'NONE', #262, 1000.000000000000000 ) ;
#212 =( NAMED_UNIT ( * ) PLANE_ANGLE_UNIT ( ) SI_UNIT ( $, .RADIAN. ) );
#213 = ORIENTED_EDGE ( 'NONE', *, *, #612, .F. ) ;
#214 = EDGE_CURVE ( 'NONE', #5108, #2345, #1318, .T. ) ;
#215 = EDGE_CURVE ( 'NONE', #90, #4585, #4332, .T. ) ;
#216 = VECTOR ( 'NONE', #1892, 1000.000000000000000 ) ;
#217 = PLANE ( 'NONE',  #5428 ) ;
#218 = DIRECTION ( 'NONE',  ( 0.0000000000000000000, 0.0000000000000000000, 1.000000000000000000 ) ) ;
#219 = DIRECTION ( 'NONE',  ( -1.000000000000000000, 0.0000000000000000000, 0.0000000000000000000 ) ) ;
#220 = ORIENTED_EDGE ( 'NONE', *, *, #1769, .F. ) ;
#221 = VECTOR ( 'NONE', #4417, 1000.000000000000000 ) ;
#222 = AXIS2_PLACEMENT_3D ( 'NONE', #3165, #384, #1881 ) ;
#223 = CARTESIAN_POINT ( 'NONE',  ( -0.04999999999999984300, 1.629999999999999400, -8.269460797427550500E-017 ) ) ;
#224 = DIRECTION ( 'NONE',  ( -1.000000000000000000, 0.0000000000000000000, 0.0000000000000000000 ) ) ;
#225 = ORIENTED_EDGE ( 'NONE', *, *, #2016, .F. ) ;
#226 = VECTOR ( 'NONE', #1202, 1000.000000000000000 ) ;
#227 = ORIENTED_EDGE ( 'NONE', *, *, #4396, .T. ) ;
#228 = ORIENTED_EDGE ( 'NONE', *, *, #526, .T. ) ;
#229 = CARTESIAN_POINT ( 'NONE',  ( -0.04999999999999993300, 1.629999999999999400, 8.571006785454467600E-017 ) ) ;
#230 = VECTOR ( 'NONE', #5847, 1000.000000000000000 ) ;
#231 = EDGE_CURVE ( 'NONE', #4088, #932, #2775, .T. ) ;
#232 = AXIS2_PLACEMENT_3D ( 'NONE', #5388, #4471, #2965 ) ;
#233 = PLANE ( 'NONE',  #5557 ) ;
#234 = ORIENTED_EDGE ( 'NONE', *, *, #2495, .F. ) ;
#235 = DIRECTION ( 'NONE',  ( -1.000000000000000000, 0.0000000000000000000, 0.0000000000000000000 ) ) ;
#236 = ADVANCED_FACE ( 'NONE', ( #2552 ), #307, .F. ) ;
#237 = FILL_AREA_STYLE ('',( #3522 ) ) ;
#238 = FACE_OUTER_BOUND ( 'NONE', #202, .T. ) ;
#239 = CARTESIAN_POINT ( 'NONE',  ( 0.0000000000000000000, 0.6600000000000000300, 0.0000000000000000000 ) ) ;
#240 = CIRCLE ( 'NONE', #3035, 0.05000000000000002400 ) ;
#241 = DIRECTION ( 'NONE',  ( 0.0000000000000000000, 0.0000000000000000000, 1.000000000000000000 ) ) ;
#242 = ORIENTED_EDGE ( 'NONE', *, *, #1811, .F. ) ;
#243 = DIRECTION ( 'NONE',  ( -1.000000000000000000, 0.0000000000000000000, 0.0000000000000000000 ) ) ;
#244 = DIRECTION ( 'NONE',  ( 0.0000000000000000000, 1.000000000000000000, 0.0000000000000000000 ) ) ;
#245 = LINE ( 'NONE', #2505, #537 ) ;
#246 = DIRECTION ( 'NONE',  ( 0.0000000000000000000, 0.0000000000000000000, 1.000000000000000000 ) ) ;
#247 = DIRECTION ( 'NONE',  ( 0.0000000000000000000, -1.000000000000000000, 0.0000000000000000000 ) ) ;
#248 = ORIENTED_EDGE ( 'NONE', *, *, #5115, .T. ) ;
#249 = FACE_OUTER_BOUND ( 'NONE', #2711, .T. ) ;
#250 = EDGE_CURVE ( 'NONE', #3299, #4738, #3883, .T. ) ;
#251 = CARTESIAN_POINT ( 'NONE',  ( 1.300000000000001200, 0.0000000000000000000, 1.300000000000000300 ) ) ;
#252 = DIRECTION ( 'NONE',  ( 0.0000000000000000000, 1.000000000000000000, 0.0000000000000000000 ) ) ;
#253 = ORIENTED_EDGE ( 'NONE', *, *, #3644, .F. ) ;
#254 = CARTESIAN_POINT ( 'NONE',  ( -1.299999999999999800, 0.05000000000000012800, -0.4500000000000000100 ) ) ;
#255 = VECTOR ( 'NONE', #1984, 1000.000000000000000 ) ;
#256 = DIRECTION ( 'NONE',  ( -1.000000000000000000, 0.0000000000000000000, 0.0000000000000000000 ) ) ;
#257 = ORIENTED_EDGE ( 'NONE', *, *, #4762, .F. ) ;
#258 = AXIS2_PLACEMENT_3D ( 'NONE', #4270, #5196, #3772 ) ;
#259 = ORIENTED_EDGE ( 'NONE', *, *, #1846, .F. ) ;
#260 = CARTESIAN_POINT ( 'NONE',  ( -0.6732431816118361600, 1.629999999999999200, -1.113471619494898500E-015 ) ) ;
#261 = CARTESIAN_POINT ( 'NONE',  ( 1.424999999999999600, 0.1950000000000005600, -0.4749999999999998100 ) ) ;
#262 = DIRECTION ( 'NONE',  ( -0.0000000000000000000, -0.0000000000000000000, 1.000000000000000000 ) ) ;
#263 = ORIENTED_EDGE ( 'NONE', *, *, #5278, .F. ) ;
#264 = CARTESIAN_POINT ( 'NONE',  ( -1.299999999999999800, -0.0000000000000000000, -0.5000000000000000000 ) ) ;
#265 = ORIENTED_EDGE ( 'NONE', *, *, #1314, .T. ) ;
#266 = DIRECTION ( 'NONE',  ( 0.0000000000000000000, 0.0000000000000000000, -1.000000000000000000 ) ) ;
#267 = LINE ( 'NONE', #830, #2517 ) ;
#268 = EDGE_CURVE ( 'NONE', #5477, #5954, #3957, .T. ) ;
#269 = VERTEX_POINT ( 'NONE', #5498 ) ;
#270 = ORIENTED_EDGE ( 'NONE', *, *, #2870, .T. ) ;
#271 = CYLINDRICAL_SURFACE ( 'NONE', #3551, 0.04999999999999991300 ) ;
#272 = DIRECTION ( 'NONE',  ( -0.0000000000000000000, -0.0000000000000000000, 1.000000000000000000 ) ) ;
#273 = DIRECTION ( 'NONE',  ( 0.0000000000000000000, 0.0000000000000000000, 1.000000000000000000 ) ) ;
#274 = ORIENTED_EDGE ( 'NONE', *, *, #4486, .F. ) ;
#275 = AXIS2_PLACEMENT_3D ( 'NONE', #2108, #3959, #1615 ) ;
#276 = CARTESIAN_POINT ( 'NONE',  ( 1.875000000000000200, 0.1950000000000001700, -0.7749999999999998000 ) ) ;
#277 = VECTOR ( 'NONE', #5128, 1000.000000000000000 ) ;
#278 = DIRECTION ( 'NONE',  ( 0.0000000000000000000, 1.000000000000000000, -0.0000000000000000000 ) ) ;
#279 = DIRECTION ( 'NONE',  ( 0.0000000000000000000, -1.000000000000000000, 0.0000000000000000000 ) ) ;
#280 = VERTEX_POINT ( 'NONE', #2169 ) ;
#281 = LINE ( 'NONE', #4904, #2246 ) ;
#282 = DIRECTION ( 'NONE',  ( 0.0000000000000000000, -1.000000000000000000, 0.0000000000000000000 ) ) ;
#283 = DIRECTION ( 'NONE',  ( 1.000000000000000000, 0.0000000000000000000, 0.0000000000000000000 ) ) ;
#284 = EDGE_CURVE ( 'NONE', #5243, #5874, #5422, .T. ) ;
#285 = ORIENTED_EDGE ( 'NONE', *, *, #2495, .T. ) ;
#286 = LINE ( 'NONE', #3185, #4097 ) ;
#287 =( GEOMETRIC_REPRESENTATION_CONTEXT ( 3 ) GLOBAL_UNCERTAINTY_ASSIGNED_CONTEXT ( ( #4943 ) ) GLOBAL_UNIT_ASSIGNED_CONTEXT ( ( #515, #1968, #2826 ) ) REPRESENTATION_CONTEXT ( 'NONE', 'WORKASPACE' ) );
#288 = PLANE ( 'NONE',  #5517 ) ;
#289 = EDGE_CURVE ( 'NONE', #640, #3440, #3577, .T. ) ;
#290 = ORIENTED_EDGE ( 'NONE', *, *, #3728, .T. ) ;
#291 = EDGE_CURVE ( 'NONE', #5309, #4993, #1539, .T. ) ;
#292 = LINE ( 'NONE', #4466, #3871 ) ;
#293 = ADVANCED_FACE ( 'NONE', ( #2996 ), #958, .F. ) ;
#294 = FACE_OUTER_BOUND ( 'NONE', #2374, .T. ) ;
#295 = CARTESIAN_POINT ( 'NONE',  ( 1.424999999999999600, 0.1200000000000004400, -1.874999999999999800 ) ) ;
#296 = EDGE_LOOP ( 'NONE', ( #1727, #1598, #1355, #2339 ) ) ;
#297 = VERTEX_POINT ( 'NONE', #2696 ) ;
#298 = LINE ( 'NONE', #1398, #2477 ) ;
#299 = LINE ( 'NONE', #1770, #155 ) ;
#300 = AXIS2_PLACEMENT_3D ( 'NONE', #1645, #3560, #4056 ) ;
#301 = CARTESIAN_POINT ( 'NONE',  ( -1.299999999999999200, -0.0000000000000000000, -0.9000000000000001300 ) ) ;
#302 = ADVANCED_FACE ( 'NONE', ( #1830 ), #1394, .F. ) ;
#303 = ORIENTED_EDGE ( 'NONE', *, *, #2195, .F. ) ;
#304 = ORIENTED_EDGE ( 'NONE', *, *, #1785, .F. ) ;
#305 = CARTESIAN_POINT ( 'NONE',  ( 1.875000000000000200, 0.1949999999999999500, 0.2500000000000000000 ) ) ;
#306 = ORIENTED_EDGE ( 'NONE', *, *, #2097, .F. ) ;
#307 = CYLINDRICAL_SURFACE ( 'NONE', #5701, 0.05000000000000002400 ) ;
#308 = FACE_OUTER_BOUND ( 'NONE', #857, .T. ) ;
#309 =( NAMED_UNIT ( * ) PLANE_ANGLE_UNIT ( ) SI_UNIT ( $, .RADIAN. ) );
#310 = DIRECTION ( 'NONE',  ( -1.000000000000000000, -0.0000000000000000000, 0.0000000000000000000 ) ) ;
#311 = ORIENTED_EDGE ( 'NONE', *, *, #1840, .F. ) ;
#312 = CARTESIAN_POINT ( 'NONE',  ( 1.124999999999999800, 0.1950000000000001700, -0.7749999999999998000 ) ) ;
#313 = AXIS2_PLACEMENT_3D ( 'NONE', #373, #3688, #2297 ) ;
#314 = LINE ( 'NONE', #1058, #5872 ) ;
#315 = CARTESIAN_POINT ( 'NONE',  ( 1.875000000000000200, 0.1950000000000001500, 0.9499999999999999600 ) ) ;
#316 = CARTESIAN_POINT ( 'NONE',  ( -1.874999999999999800, 0.4500000000000000100, -1.874999999999999800 ) ) ;
#317 = VERTEX_POINT ( 'NONE', #3685 ) ;
#318 = VECTOR ( 'NONE', #3166, 1000.000000000000000 ) ;
#319 = CARTESIAN_POINT ( 'NONE',  ( -1.874999999999999800, 0.1200000000000002200, 0.5499999999999999300 ) ) ;
#320 = EDGE_LOOP ( 'NONE', ( #4161, #2574, #150, #406 ) ) ;
#321 = PLANE ( 'NONE',  #4694 ) ;
#322 = EDGE_CURVE ( 'NONE', #2170, #3308, #4394, .T. ) ;
#323 = FACE_OUTER_BOUND ( 'NONE', #5985, .T. ) ;
#324 = ORIENTED_EDGE ( 'NONE', *, *, #5774, .F. ) ;
#325 = DIRECTION ( 'NONE',  ( -0.0000000000000000000, -0.0000000000000000000, 1.000000000000000000 ) ) ;
#326 = LINE ( 'NONE', #2663, #831 ) ;
#327 = ADVANCED_FACE ( 'NONE', ( #669 ), #4659, .F. ) ;
#328 = AXIS2_PLACEMENT_3D ( 'NONE', #2606, #5938, #2629 ) ;
#329 = EDGE_CURVE ( 'NONE', #1360, #121, #160, .T. ) ;
#330 = EDGE_CURVE ( 'NONE', #2209, #4852, #3142, .T. ) ;
#331 = ORIENTED_EDGE ( 'NONE', *, *, #104, .F. ) ;
#332 = CARTESIAN_POINT ( 'NONE',  ( 1.300000000000000300, 0.05000000000000012800, 0.4500000000000000100 ) ) ;
#333 = VECTOR ( 'NONE', #2402, 1000.000000000000000 ) ;
#334 = ADVANCED_FACE ( 'NONE', ( #5794 ), #3213, .F. ) ;
#335 = ORIENTED_EDGE ( 'NONE', *, *, #1990, .F. ) ;
#336 = VECTOR ( 'NONE', #2853, 1000.000000000000000 ) ;
#337 = DIRECTION ( 'NONE',  ( 0.0000000000000000000, 0.0000000000000000000, -1.000000000000000000 ) ) ;
#338 = LINE ( 'NONE', #3677, #1574 ) ;
#339 = DIRECTION ( 'NONE',  ( 0.0000000000000000000, 1.000000000000000000, 0.0000000000000000000 ) ) ;
#340 = ORIENTED_EDGE ( 'NONE', *, *, #4431, .T. ) ;
#341 = EDGE_LOOP ( 'NONE', ( #4261, #213, #3619, #4516, #3559, #5824, #3730, #5345 ) ) ;
#342 = EDGE_LOOP ( 'NONE', ( #3199, #3987, #4563, #1570 ) ) ;
#343 = CARTESIAN_POINT ( 'NONE',  ( -1.349999999999999600, 0.05000000000000000300, 0.4500000000000000100 ) ) ;
#344 = LINE ( 'NONE', #5897, #5249 ) ;
#345 = CARTESIAN_POINT ( 'NONE',  ( -1.299999999999999800, 0.0000000000000000000, 0.4500000000000000100 ) ) ;
#346 = VECTOR ( 'NONE', #417, 1000.000000000000000 ) ;
#347 = PLANE ( 'NONE',  #641 ) ;
#348 = DIRECTION ( 'NONE',  ( 0.0000000000000000000, -1.000000000000000000, 0.0000000000000000000 ) ) ;
#349 = VERTEX_POINT ( 'NONE', #3666 ) ;
#350 = ORIENTED_EDGE ( 'NONE', *, *, #3017, .F. ) ;
#351 = EDGE_CURVE ( 'NONE', #2345, #2197, #1897, .T. ) ;
#352 = FACE_OUTER_BOUND ( 'NONE', #1234, .T. ) ;
#353 = AXIS2_PLACEMENT_3D ( 'NONE', #3188, #871, #790 ) ;
#354 = VERTEX_POINT ( 'NONE', #2755 ) ;
#355 = ORIENTED_EDGE ( 'NONE', *, *, #600, .T. ) ;
#356 = FACE_OUTER_BOUND ( 'NONE', #3448, .T. ) ;
#357 = DIRECTION ( 'NONE',  ( -1.000000000000000000, 0.0000000000000000000, -0.0000000000000000000 ) ) ;
#358 = DIRECTION ( 'NONE',  ( 0.0000000000000000000, 1.000000000000000000, 0.0000000000000000000 ) ) ;
#359 = ORIENTED_EDGE ( 'NONE', *, *, #1012, .F. ) ;
#360 = DIRECTION ( 'NONE',  ( 0.0000000000000000000, 4.969259957225230300E-016, 1.000000000000000000 ) ) ;
#361 = LINE ( 'NONE', #716, #2459 ) ;
#362 = CARTESIAN_POINT ( 'NONE',  ( 1.124999999999999800, 0.1200000000000004400, 0.2500000000000000000 ) ) ;
#363 = CARTESIAN_POINT ( 'NONE',  ( -1.349999999999999600, -0.0000000000000000000, -0.4500000000000000100 ) ) ;
#364 = ADVANCED_FACE ( 'NONE', ( #5924 ), #433, .F. ) ;
#365 = DIRECTION ( 'NONE',  ( -1.000000000000000000, 0.0000000000000000000, 0.0000000000000000000 ) ) ;
#366 = PLANE ( 'NONE',  #4560 ) ;
#367 = EDGE_LOOP ( 'NONE', ( #3532, #5268, #2780, #4578 ) ) ;
#368 = AXIS2_PLACEMENT_3D ( 'NONE', #4098, #5056, #1729 ) ;
#369 = LINE ( 'NONE', #684, #5201 ) ;
#370 = DIRECTION ( 'NONE',  ( -1.000000000000000000, -0.0000000000000000000, -0.0000000000000000000 ) ) ;
#371 = EDGE_CURVE ( 'NONE', #3618, #1360, #4692, .T. ) ;
#372 = ORIENTED_EDGE ( 'NONE', *, *, #5999, .T. ) ;
#373 = CARTESIAN_POINT ( 'NONE',  ( -1.299999999999998700, 2.929236009777593800, -0.8500000000000000900 ) ) ;
#374 = VECTOR ( 'NONE', #2588, 1000.000000000000000 ) ;
#375 = EDGE_CURVE ( 'NONE', #1206, #4039, #3655, .T. ) ;
#376 = CARTESIAN_POINT ( 'NONE',  ( -1.874999999999999800, 0.1200000000000004300, -1.874999999999999800 ) ) ;
#377 = EDGE_LOOP ( 'NONE', ( #3894, #3613, #5799, #3997 ) ) ;
#378 = CARTESIAN_POINT ( 'NONE',  ( 1.424999999999999600, 0.1950000000000002800, -1.925000000000000300 ) ) ;
#379 = ORIENTED_EDGE ( 'NONE', *, *, #2752, .F. ) ;
#380 = VECTOR ( 'NONE', #3511, 1000.000000000000000 ) ;
#381 = DIRECTION ( 'NONE',  ( 0.0000000000000000000, 1.000000000000000000, 0.0000000000000000000 ) ) ;
#382 = FACE_OUTER_BOUND ( 'NONE', #2245, .T. ) ;
#383 = ORIENTED_EDGE ( 'NONE', *, *, #4919, .F. ) ;
#384 = DIRECTION ( 'NONE',  ( -1.000000000000000000, 0.0000000000000000000, -0.0000000000000000000 ) ) ;
#385 = AXIS2_PLACEMENT_3D ( 'NONE', #2873, #622, #5813 ) ;
#386 = CARTESIAN_POINT ( 'NONE',  ( 1.300000000000000300, 0.05000000000000000300, 0.5000000000000000000 ) ) ;
#387 = LINE ( 'NONE', #1501, #3962 ) ;
#388 = CARTESIAN_POINT ( 'NONE',  ( 1.300000000000001200, 0.05000000000000012800, -0.9000000000000001300 ) ) ;
#389 = VECTOR ( 'NONE', #4667, 1000.000000000000000 ) ;
#390 = EDGE_CURVE ( 'NONE', #3955, #5231, #3877, .T. ) ;
#391 = DIRECTION ( 'NONE',  ( -1.000000000000000000, 0.0000000000000000000, 0.0000000000000000000 ) ) ;
#392 = DIRECTION ( 'NONE',  ( -1.000000000000000000, 0.0000000000000000000, 0.0000000000000000000 ) ) ;
#393 = ORIENTED_EDGE ( 'NONE', *, *, #4912, .T. ) ;
#394 = LINE ( 'NONE', #1116, #469 ) ;
#395 = DIRECTION ( 'NONE',  ( -1.000000000000000000, -0.0000000000000000000, -0.0000000000000000000 ) ) ;
#396 = ADVANCED_FACE ( 'NONE', ( #593 ), #5112, .T. ) ;
#397 = CARTESIAN_POINT ( 'NONE',  ( -1.349999999999999000, 0.05000000000000012800, -0.9000000000000003600 ) ) ;
#398 = AXIS2_PLACEMENT_3D ( 'NONE', #239, #3934, #2104 ) ;
#399 = ORIENTED_EDGE ( 'NONE', *, *, #3654, .T. ) ;
#400 = DIRECTION ( 'NONE',  ( -1.000000000000000000, 0.0000000000000000000, 0.0000000000000000000 ) ) ;
#401 = FACE_OUTER_BOUND ( 'NONE', #2528, .T. ) ;
#402 = ORIENTED_EDGE ( 'NONE', *, *, #2150, .F. ) ;
#403 = DIRECTION ( 'NONE',  ( 0.0000000000000000000, -1.000000000000000000, 0.0000000000000000000 ) ) ;
#404 = VECTOR ( 'NONE', #4747, 1000.000000000000000 ) ;
#405 = EDGE_CURVE ( 'NONE', #4224, #3056, #455, .T. ) ;
#406 = ORIENTED_EDGE ( 'NONE', *, *, #4355, .T. ) ;
#407 = CARTESIAN_POINT ( 'NONE',  ( 0.0000000000000000000, 0.9356394288300756700, 1.349751633111184300 ) ) ;
#408 = EDGE_LOOP ( 'NONE', ( #2304, #4143, #4764, #1183 ) ) ;
#409 = ORIENTED_EDGE ( 'NONE', *, *, #4209, .T. ) ;
#410 = ORIENTED_EDGE ( 'NONE', *, *, #5959, .F. ) ;
#411 = EDGE_CURVE ( 'NONE', #269, #1537, #298, .T. ) ;
#412 = EDGE_CURVE ( 'NONE', #2558, #3408, #2409, .T. ) ;
#413 = CARTESIAN_POINT ( 'NONE',  ( 1.424999999999999600, 0.1949999999999999500, 0.2500000000000000000 ) ) ;
#414 = LINE ( 'NONE', #3679, #3912 ) ;
#415 = VERTEX_POINT ( 'NONE', #5661 ) ;
#416 = LINE ( 'NONE', #5983, #2581 ) ;
#417 = DIRECTION ( 'NONE',  ( -0.0000000000000000000, 1.000000000000000000, -0.0000000000000000000 ) ) ;
#418 = DIRECTION ( 'NONE',  ( -0.0000000000000000000, 0.0000000000000000000, 1.000000000000000000 ) ) ;
#419 = ORIENTED_EDGE ( 'NONE', *, *, #4592, .F. ) ;
#420 = EDGE_CURVE ( 'NONE', #681, #2094, #1386, .T. ) ;
#421 = ORIENTED_EDGE ( 'NONE', *, *, #2577, .T. ) ;
#422 = AXIS2_PLACEMENT_3D ( 'NONE', #133, #4753, #5226 ) ;
#423 = VECTOR ( 'NONE', #3533, 1000.000000000000000 ) ;
#424 = DIRECTION ( 'NONE',  ( -0.0000000000000000000, 0.0000000000000000000, -1.000000000000000000 ) ) ;
#425 = CARTESIAN_POINT ( 'NONE',  ( 1.875000000000000200, 0.1200000000000003300, 0.9499999999999999600 ) ) ;
#426 = ORIENTED_EDGE ( 'NONE', *, *, #3761, .T. ) ;
#427 = ADVANCED_FACE ( 'NONE', ( #1160 ), #1438, .T. ) ;
#428 = EDGE_LOOP ( 'NONE', ( #5720, #933, #2869, #3506 ) ) ;
#429 = DIRECTION ( 'NONE',  ( 0.0000000000000000000, -1.000000000000000000, 0.0000000000000000000 ) ) ;
#430 = CIRCLE ( 'NONE', #5496, 0.04999999999999991300 ) ;
#431 = ORIENTED_EDGE ( 'NONE', *, *, #3579, .T. ) ;
#432 = CARTESIAN_POINT ( 'NONE',  ( 1.300000000000000700, 2.929236009777593800, -1.350000000000000100 ) ) ;
#433 = PLANE ( 'NONE',  #465 ) ;
#434 = ORIENTED_EDGE ( 'NONE', *, *, #5169, .F. ) ;
#435 = EDGE_CURVE ( 'NONE', #5088, #2000, #955, .T. ) ;
#436 = ORIENTED_EDGE ( 'NONE', *, *, #943, .T. ) ;
#437 = LINE ( 'NONE', #1809, #5258 ) ;
#438 = DIRECTION ( 'NONE',  ( -1.000000000000000000, 0.0000000000000000000, 0.0000000000000000000 ) ) ;
#439 = DIRECTION ( 'NONE',  ( -1.000000000000000000, 0.0000000000000000000, 0.0000000000000000000 ) ) ;
#440 = ORIENTED_EDGE ( 'NONE', *, *, #1620, .F. ) ;
#441 = CARTESIAN_POINT ( 'NONE',  ( 1.875000000000000200, 0.1950000000000001500, 0.9499999999999999600 ) ) ;
#442 = CARTESIAN_POINT ( 'NONE',  ( -1.124999999999999800, 0.1950000000000002800, 0.2500000000000000000 ) ) ;
#443 = CARTESIAN_POINT ( 'NONE',  ( 1.124999999999999600, 0.4500000000000000100, 1.875000000000000200 ) ) ;
#444 = ORIENTED_EDGE ( 'NONE', *, *, #2819, .F. ) ;
#445 = CARTESIAN_POINT ( 'NONE',  ( 1.300000000000001200, 0.0000000000000000000, -1.300000000000000300 ) ) ;
#446 = FACE_OUTER_BOUND ( 'NONE', #3400, .T. ) ;
#447 = CARTESIAN_POINT ( 'NONE',  ( 1.925000000000000500, 0.6600000000000000300, 1.924999999999999600 ) ) ;
#448 = FACE_OUTER_BOUND ( 'NONE', #2850, .T. ) ;
#449 = DIRECTION ( 'NONE',  ( -1.000000000000000000, -0.0000000000000000000, -0.0000000000000000000 ) ) ;
#450 = VERTEX_POINT ( 'NONE', #2937 ) ;
#451 = PLANE ( 'NONE',  #1371 ) ;
#452 = EDGE_CURVE ( 'NONE', #1630, #740, #153, .T. ) ;
#453 = ORIENTED_EDGE ( 'NONE', *, *, #5547, .F. ) ;
#454 = CARTESIAN_POINT ( 'NONE',  ( -1.125000000000000000, 0.1949999999999999800, -1.474999999999999600 ) ) ;
#455 = LINE ( 'NONE', #910, #5269 ) ;
#456 = CIRCLE ( 'NONE', #2212, 0.05000000000000002400 ) ;
#458 = ORIENTED_EDGE ( 'NONE', *, *, #5052, .T. ) ;
#457 = CARTESIAN_POINT ( 'NONE',  ( 1.875000000000000200, 0.1950000000000000900, 0.5499999999999999300 ) ) ;
#459 = EDGE_LOOP ( 'NONE', ( #4739, #3919, #4538, #5472 ) ) ;
#460 = ADVANCED_FACE ( 'NONE', ( #4468 ), #3436, .T. ) ;
#461 = ORIENTED_EDGE ( 'NONE', *, *, #600, .F. ) ;
#462 = LINE ( 'NONE', #3535, #5276 ) ;
#463 = CARTESIAN_POINT ( 'NONE',  ( 1.925000000000000700, 0.1949999999999999500, 0.2500000000000000000 ) ) ;
#464 = FACE_OUTER_BOUND ( 'NONE', #737, .T. ) ;
#465 = AXIS2_PLACEMENT_3D ( 'NONE', #1845, #4157, #2317 ) ;
#466 = PLANE ( 'NONE',  #3565 ) ;
#467 = DIRECTION ( 'NONE',  ( -1.000000000000000000, 0.0000000000000000000, 0.0000000000000000000 ) ) ;
#468 = VERTEX_POINT ( 'NONE', #3891 ) ;
#469 = VECTOR ( 'NONE', #3090, 1000.000000000000000 ) ;
#470 =( LENGTH_UNIT ( ) NAMED_UNIT ( * ) SI_UNIT ( .MILLI., .METRE. ) );
#471 = DIRECTION ( 'NONE',  ( 0.0000000000000000000, -1.000000000000000000, 0.0000000000000000000 ) ) ;
#472 = DIRECTION ( 'NONE',  ( 0.0000000000000000000, -1.000000000000000000, 0.0000000000000000000 ) ) ;
#473 = EDGE_CURVE ( 'NONE', #4585, #2591, #4186, .T. ) ;
#474 = EDGE_LOOP ( 'NONE', ( #253, #3311, #2220, #2723 ) ) ;
#475 = FACE_OUTER_BOUND ( 'NONE', #159, .T. ) ;
#476 = CARTESIAN_POINT ( 'NONE',  ( -1.299999999999999200, 0.05000000000000000300, 0.9000000000000001300 ) ) ;
#477 = LINE ( 'NONE', #3409, #5741 ) ;
#478 = ORIENTED_EDGE ( 'NONE', *, *, #2426, .F. ) ;
#479 = LINE ( 'NONE', #654, #5366 ) ;
#480 = CARTESIAN_POINT ( 'NONE',  ( 0.0000000000000000000, 0.9356394288300756700, 0.0000000000000000000 ) ) ;
#481 = DIRECTION ( 'NONE',  ( -0.0000000000000000000, 0.0000000000000000000, 1.000000000000000000 ) ) ;
#482 = VERTEX_POINT ( 'NONE', #4885 ) ;
#483 = FACE_OUTER_BOUND ( 'NONE', #3503, .T. ) ;
#484 = EDGE_LOOP ( 'NONE', ( #5742, #3225, #2341, #5374 ) ) ;
#485 = FACE_OUTER_BOUND ( 'NONE', #3466, .T. ) ;
#486 = EDGE_CURVE ( 'NONE', #5252, #2153, #3214, .T. ) ;
#487 = ADVANCED_FACE ( 'NONE', ( #3410 ), #4545, .F. ) ;
#488 = LINE ( 'NONE', #1858, #5177 ) ;
#489 = VERTEX_POINT ( 'NONE', #2002 ) ;
#490 = ORIENTED_EDGE ( 'NONE', *, *, #5305, .T. ) ;
#491 = VECTOR ( 'NONE', #206, 1000.000000000000000 ) ;
#492 = EDGE_CURVE ( 'NONE', #4309, #2345, #743, .T. ) ;
#493 = ORIENTED_EDGE ( 'NONE', *, *, #5848, .T. ) ;
#494 = EDGE_CURVE ( 'NONE', #585, #2695, #17, .T. ) ;
#495 = VECTOR ( 'NONE', #2347, 1000.000000000000000 ) ;
#496 = CARTESIAN_POINT ( 'NONE',  ( 1.424999999999999600, 0.1200000000000004400, -0.7749999999999999100 ) ) ;
#497 = VERTEX_POINT ( 'NONE', #5782 ) ;
#498 = ORIENTED_EDGE ( 'NONE', *, *, #1935, .F. ) ;
#499 = ORIENTED_EDGE ( 'NONE', *, *, #4829, .F. ) ;
#500 = FACE_OUTER_BOUND ( 'NONE', #2887, .T. ) ;
#501 = CARTESIAN_POINT ( 'NONE',  ( 1.875000000000000200, 0.1949999999999999500, 0.2500000000000000000 ) ) ;
#502 = VERTEX_POINT ( 'NONE', #2839 ) ;
#503 = ORIENTED_EDGE ( 'NONE', *, *, #5563, .T. ) ;
#504 = LINE ( 'NONE', #2167, #568 ) ;
#505 = CARTESIAN_POINT ( 'NONE',  ( 1.350000000000001200, 0.05000000000000000300, -1.299999999999999800 ) ) ;
#506 = DIRECTION ( 'NONE',  ( 0.0000000000000000000, 1.000000000000000000, -0.0000000000000000000 ) ) ;
#507 = CARTESIAN_POINT ( 'NONE',  ( 1.424999999999999600, 0.1200000000000004400, -1.925000000000000300 ) ) ;
#508 = ORIENTED_EDGE ( 'NONE', *, *, #4050, .T. ) ;
#509 = DIRECTION ( 'NONE',  ( 0.0000000000000000000, -1.000000000000000000, 0.0000000000000000000 ) ) ;
#510 = PRESENTATION_LAYER_ASSIGNMENT (  '', '', ( #1004 ) ) ;
#511 = VERTEX_POINT ( 'NONE', #5762 ) ;
#512 = CARTESIAN_POINT ( 'NONE',  ( -1.424999999999999800, 0.1200000000000001100, 0.2500000000000000000 ) ) ;
#513 = LINE ( 'NONE', #1239, #5336 ) ;
#514 = ADVANCED_FACE ( 'NONE', ( #4327 ), #4862, .F. ) ;
#515 =( LENGTH_UNIT ( ) NAMED_UNIT ( * ) SI_UNIT ( .MILLI., .METRE. ) );
#516 = CARTESIAN_POINT ( 'NONE',  ( -1.424999999999999600, 0.1200000000000004400, 0.2500000000000000000 ) ) ;
#517 = VERTEX_POINT ( 'NONE', #2045 ) ;
#518 = LINE ( 'NONE', #5735, #5342 ) ;
#519 = FACE_OUTER_BOUND ( 'NONE', #2631, .T. ) ;
#520 = EDGE_CURVE ( 'NONE', #1932, #2815, #3273, .T. ) ;
#521 = ORIENTED_EDGE ( 'NONE', *, *, #5926, .T. ) ;
#522 = CARTESIAN_POINT ( 'NONE',  ( -1.124999999999999800, 0.1200000000000004400, 0.2500000000000000000 ) ) ;
#523 = LINE ( 'NONE', #1147, #93 ) ;
#524 = CARTESIAN_POINT ( 'NONE',  ( 1.300000000000001200, 0.05000000000000000300, -1.300000000000000300 ) ) ;
#525 = LINE ( 'NONE', #4500, #2194 ) ;
#526 = EDGE_CURVE ( 'NONE', #2140, #1688, #2335, .T. ) ;
#527 = EDGE_CURVE ( 'NONE', #1823, #1901, #2262, .T. ) ;
#528 = ORIENTED_EDGE ( 'NONE', *, *, #5266, .T. ) ;
#529 = ORIENTED_EDGE ( 'NONE', *, *, #982, .F. ) ;
#530 = CARTESIAN_POINT ( 'NONE',  ( -1.299999999999999200, 0.05000000000000000300, -0.9000000000000001300 ) ) ;
#531 = VECTOR ( 'NONE', #84, 1000.000000000000000 ) ;
#532 = SURFACE_STYLE_FILL_AREA ( #3180 ) ;
#533 = CARTESIAN_POINT ( 'NONE',  ( -1.124999999999999800, 0.1950000000000002800, -1.874999999999999800 ) ) ;
#534 = DIRECTION ( 'NONE',  ( 1.000000000000000000, 0.0000000000000000000, 0.0000000000000000000 ) ) ;
#535 = AXIS2_PLACEMENT_3D ( 'NONE', #558, #980, #5245 ) ;
#536 = EDGE_LOOP ( 'NONE', ( #655, #1629, #434, #270 ) ) ;
#537 = VECTOR ( 'NONE', #5362, 1000.000000000000000 ) ;
#538 = ORIENTED_EDGE ( 'NONE', *, *, #5538, .F. ) ;
#539 = CARTESIAN_POINT ( 'NONE',  ( 1.124999999999999800, 0.1950000000000002800, -1.874999999999999800 ) ) ;
#540 = FACE_OUTER_BOUND ( 'NONE', #5328, .T. ) ;
#541 = ADVANCED_FACE ( 'NONE', ( #3725 ), #4446, .F. ) ;
#542 = DIRECTION ( 'NONE',  ( -1.000000000000000000, -0.0000000000000000000, -0.0000000000000000000 ) ) ;
#543 = CARTESIAN_POINT ( 'NONE',  ( 1.350000000000000300, 2.929236009777593800, 0.4500000000000000100 ) ) ;
#544 = EDGE_CURVE ( 'NONE', #5680, #5182, #3057, .T. ) ;
#545 = AXIS2_PLACEMENT_3D ( 'NONE', #4183, #5629, #1364 ) ;
#546 = EDGE_LOOP ( 'NONE', ( #5062, #2903, #4228, #1614 ) ) ;
#547 = VECTOR ( 'NONE', #5202, 1000.000000000000000 ) ;
#548 = EDGE_LOOP ( 'NONE', ( #285, #5008, #1285, #5523 ) ) ;
#549 = CARTESIAN_POINT ( 'NONE',  ( 1.350000000000001200, 0.0000000000000000000, 0.9000000000000003600 ) ) ;
#550 = ORIENTED_EDGE ( 'NONE', *, *, #1338, .T. ) ;
#551 = DIRECTION ( 'NONE',  ( 0.0000000000000000000, -1.000000000000000000, 0.0000000000000000000 ) ) ;
#552 = ORIENTED_EDGE ( 'NONE', *, *, #5616, .T. ) ;
#553 = VERTEX_POINT ( 'NONE', #5446 ) ;
#554 = ORIENTED_EDGE ( 'NONE', *, *, #4045, .T. ) ;
#555 = AXIS2_PLACEMENT_3D ( 'NONE', #5966, #3155, #5118 ) ;
#556 = CARTESIAN_POINT ( 'NONE',  ( 0.6732431816118361600, 1.629999999999999200, -1.648970214817431700E-016 ) ) ;
#557 = EDGE_CURVE ( 'NONE', #4971, #2153, #5641, .T. ) ;
#558 = CARTESIAN_POINT ( 'NONE',  ( -1.299999999999998700, 2.929236009777593800, -1.350000000000000100 ) ) ;
#559 = ORIENTED_EDGE ( 'NONE', *, *, #5538, .T. ) ;
#560 = ORIENTED_EDGE ( 'NONE', *, *, #176, .F. ) ;
#561 = ORIENTED_EDGE ( 'NONE', *, *, #2073, .F. ) ;
#562 = CARTESIAN_POINT ( 'NONE',  ( -1.124999999999999800, 0.1950000000000002800, 1.249999999999999600 ) ) ;
#563 = LINE ( 'NONE', #4452, #491 ) ;
#564 = ORIENTED_EDGE ( 'NONE', *, *, #1069, .T. ) ;
#565 = ORIENTED_EDGE ( 'NONE', *, *, #2894, .F. ) ;
#566 = AXIS2_PLACEMENT_3D ( 'NONE', #5386, #3459, #1179 ) ;
#567 = DIRECTION ( 'NONE',  ( -0.0000000000000000000, 0.0000000000000000000, -1.000000000000000000 ) ) ;
#568 = VECTOR ( 'NONE', #2627, 1000.000000000000000 ) ;
#569 = ORIENTED_EDGE ( 'NONE', *, *, #2158, .T. ) ;
#570 = CARTESIAN_POINT ( 'NONE',  ( 1.350000000000001200, 0.05000000000000000300, -0.9000000000000003600 ) ) ;
#571 = DIRECTION ( 'NONE',  ( 0.0000000000000000000, 0.0000000000000000000, 1.000000000000000000 ) ) ;
#572 = ADVANCED_FACE ( 'NONE', ( #2909 ), #2164, .T. ) ;
#573 = DIRECTION ( 'NONE',  ( 0.0000000000000000000, 0.0000000000000000000, 1.000000000000000000 ) ) ;
#574 = DIRECTION ( 'NONE',  ( -1.000000000000000000, 0.0000000000000000000, 0.0000000000000000000 ) ) ;
#575 = ORIENTED_EDGE ( 'NONE', *, *, #5710, .F. ) ;
#576 = DIRECTION ( 'NONE',  ( 0.0000000000000000000, -1.000000000000000000, 0.0000000000000000000 ) ) ;
#577 = CARTESIAN_POINT ( 'NONE',  ( 1.925000000000000700, 0.1950000000000003400, -1.174999999999999800 ) ) ;
#578 = EDGE_CURVE ( 'NONE', #3267, #648, #1229, .T. ) ;
#579 = ORIENTED_EDGE ( 'NONE', *, *, #1456, .T. ) ;
#580 = FACE_OUTER_BOUND ( 'NONE', #846, .T. ) ;
#581 = CARTESIAN_POINT ( 'NONE',  ( -1.424999999999999600, 0.1950000000000002800, -1.925000000000000300 ) ) ;
#582 = CARTESIAN_POINT ( 'NONE',  ( -1.874999999999999800, 0.1950000000000042000, 1.875000000000000400 ) ) ;
#583 = CARTESIAN_POINT ( 'NONE',  ( -1.349999999999999600, 0.0000000000000000000, 0.4500000000000000100 ) ) ;
#584 = CARTESIAN_POINT ( 'NONE',  ( -1.124999999999999800, 0.1950000000000002800, -1.874999999999999800 ) ) ;
#585 = VERTEX_POINT ( 'NONE', #2567 ) ;
#586 = FACE_BOUND ( 'NONE', #1609, .T. ) ;
#587 = ORIENTED_EDGE ( 'NONE', *, *, #1337, .T. ) ;
#589 = ORIENTED_EDGE ( 'NONE', *, *, #5248, .T. ) ;
#588 = CARTESIAN_POINT ( 'NONE',  ( 1.875000000000000200, 0.1950000000000005600, -0.4749999999999998100 ) ) ;
#590 = PLANE ( 'NONE',  #2572 ) ;
#591 = EDGE_LOOP ( 'NONE', ( #5392, #331, #2906, #5107 ) ) ;
#592 = PLANE ( 'NONE',  #1685 ) ;
#593 = FACE_OUTER_BOUND ( 'NONE', #1878, .T. ) ;
#594 = FACE_OUTER_BOUND ( 'NONE', #2382, .T. ) ;
#595 = DIRECTION ( 'NONE',  ( -0.0000000000000000000, -1.000000000000000000, -0.0000000000000000000 ) ) ;
#596 = CARTESIAN_POINT ( 'NONE',  ( -1.424999999999999800, 0.1200000000000003300, 0.9499999999999999600 ) ) ;
#597 = EDGE_LOOP ( 'NONE', ( #1399, #4115, #3381, #2999 ) ) ;
#598 = DIRECTION ( 'NONE',  ( 0.0000000000000000000, -4.969259957225230300E-016, -1.000000000000000000 ) ) ;
#599 = PLANE ( 'NONE',  #5527 ) ;
#600 = EDGE_CURVE ( 'NONE', #2420, #3241, #3568, .T. ) ;
#601 = EDGE_LOOP ( 'NONE', ( #4869, #5040, #5325, #4166 ) ) ;
#602 = VECTOR ( 'NONE', #574, 1000.000000000000000 ) ;
#603 = LINE ( 'NONE', #2117, #3143 ) ;
#604 = ORIENTED_EDGE ( 'NONE', *, *, #3471, .F. ) ;
#605 = DIRECTION ( 'NONE',  ( -0.0000000000000000000, -0.0000000000000000000, 1.000000000000000000 ) ) ;
#606 = CARTESIAN_POINT ( 'NONE',  ( 1.350000000000001200, 0.0000000000000000000, -1.299999999999999800 ) ) ;
#607 = DIRECTION ( 'NONE',  ( 0.0000000000000000000, -1.000000000000000000, 0.0000000000000000000 ) ) ;
#608 = DIRECTION ( 'NONE',  ( -1.000000000000000000, -0.0000000000000000000, -0.0000000000000000000 ) ) ;
#609 = ORIENTED_EDGE ( 'NONE', *, *, #953, .T. ) ;
#610 = LINE ( 'NONE', #5441, #4042 ) ;
#611 = EDGE_CURVE ( 'NONE', #4793, #640, #1082, .T. ) ;
#612 = EDGE_CURVE ( 'NONE', #2042, #3618, #806, .T. ) ;
#613 = EDGE_LOOP ( 'NONE', ( #977, #3007, #5054, #2846 ) ) ;
#614 = LINE ( 'NONE', #2227, #318 ) ;
#615 = AXIS2_PLACEMENT_3D ( 'NONE', #75, #3812, #567 ) ;
#616 = VECTOR ( 'NONE', #4054, 1000.000000000000000 ) ;
#617 = VERTEX_POINT ( 'NONE', #5469 ) ;
#618 = VECTOR ( 'NONE', #713, 1000.000000000000000 ) ;
#619 = ORIENTED_EDGE ( 'NONE', *, *, #2069, .T. ) ;
#620 = CARTESIAN_POINT ( 'NONE',  ( 1.300000000000000700, 0.0000000000000000000, -1.350000000000000100 ) ) ;
#621 = VECTOR ( 'NONE', #802, 1000.000000000000000 ) ;
#622 = DIRECTION ( 'NONE',  ( 0.0000000000000000000, -1.000000000000000000, 0.0000000000000000000 ) ) ;
#623 = DIRECTION ( 'NONE',  ( 1.000000000000000000, 0.0000000000000000000, -0.0000000000000000000 ) ) ;
#624 = AXIS2_PLACEMENT_3D ( 'NONE', #2284, #1735, #6027 ) ;
#625 = PLANE ( 'NONE',  #5372 ) ;
#626 = ORIENTED_EDGE ( 'NONE', *, *, #3517, .F. ) ;
#627 = FACE_OUTER_BOUND ( 'NONE', #87, .T. ) ;
#628 = VECTOR ( 'NONE', #2156, 1000.000000000000000 ) ;
#629 = DIRECTION ( 'NONE',  ( 1.000000000000000000, 0.0000000000000000000, 0.0000000000000000000 ) ) ;
#630 = CARTESIAN_POINT ( 'NONE',  ( -1.874999999999999800, 0.1950000000000005600, -0.4749999999999998100 ) ) ;
#631 = VERTEX_POINT ( 'NONE', #4939 ) ;
#632 = EDGE_LOOP ( 'NONE', ( #5963, #4901, #1538, #4279 ) ) ;
#633 = CARTESIAN_POINT ( 'NONE',  ( 1.875000000000000200, 0.1200000000000000900, -1.174999999999999800 ) ) ;
#634 = EDGE_CURVE ( 'NONE', #3105, #3086, #665, .T. ) ;
#635 = VECTOR ( 'NONE', #1105, 1000.000000000000000 ) ;
#636 = DIRECTION ( 'NONE',  ( 0.0000000000000000000, 0.0000000000000000000, 1.000000000000000000 ) ) ;
#637 = LINE ( 'NONE', #2831, #2651 ) ;
#638 = ORIENTED_EDGE ( 'NONE', *, *, #1612, .T. ) ;
#639 = ORIENTED_EDGE ( 'NONE', *, *, #2186, .T. ) ;
#640 = VERTEX_POINT ( 'NONE', #362 ) ;
#641 = AXIS2_PLACEMENT_3D ( 'NONE', #753, #4496, #2146 ) ;
#642 = VECTOR ( 'NONE', #3910, 1000.000000000000000 ) ;
#643 = EDGE_CURVE ( 'NONE', #1131, #4806, #5859, .T. ) ;
#644 = EDGE_CURVE ( 'NONE', #5044, #4210, #2119, .T. ) ;
#645 = CARTESIAN_POINT ( 'NONE',  ( -1.125000000000000000, 0.1949999999999999500, 0.2500000000000000000 ) ) ;
#646 = DIRECTION ( 'NONE',  ( 0.0000000000000000000, -1.000000000000000000, 0.0000000000000000000 ) ) ;
#647 = DIRECTION ( 'NONE',  ( 0.0000000000000000000, -1.000000000000000000, 0.0000000000000000000 ) ) ;
#648 = VERTEX_POINT ( 'NONE', #319 ) ;
#649 = ORIENTED_EDGE ( 'NONE', *, *, #177, .F. ) ;
#650 = DIRECTION ( 'NONE',  ( 0.0000000000000000000, 0.0000000000000000000, -1.000000000000000000 ) ) ;
#651 = LINE ( 'NONE', #1163, #5842 ) ;
#652 = CARTESIAN_POINT ( 'NONE',  ( 1.350000000000001200, 0.05000000000000000300, 0.9000000000000003600 ) ) ;
#653 = AXIS2_PLACEMENT_3D ( 'NONE', #315, #4460, #2578 ) ;
#654 = CARTESIAN_POINT ( 'NONE',  ( 1.875000000000000200, 0.4500000000000000100, -0.4749999999999999200 ) ) ;
#655 = ORIENTED_EDGE ( 'NONE', *, *, #5817, .F. ) ;
#656 = CARTESIAN_POINT ( 'NONE',  ( 1.925000000000000700, 0.1950000000000002800, 1.249999999999999800 ) ) ;
#657 = DIRECTION ( 'NONE',  ( 0.0000000000000000000, 4.517509052022937400E-016, 1.000000000000000000 ) ) ;
#658 = CARTESIAN_POINT ( 'NONE',  ( -1.299999999999999200, 0.05000000000000000300, -0.9000000000000001300 ) ) ;
#659 = EDGE_LOOP ( 'NONE', ( #1798, #3472, #6018, #2431 ) ) ;
#660 = LINE ( 'NONE', #4058, #2985 ) ;
#661 = DIRECTION ( 'NONE',  ( 0.0000000000000000000, 0.0000000000000000000, -1.000000000000000000 ) ) ;
#662 = EDGE_CURVE ( 'NONE', #1969, #1708, #884, .T. ) ;
#663 = AXIS2_PLACEMENT_3D ( 'NONE', #4509, #5447, #1695 ) ;
#664 = ORIENTED_EDGE ( 'NONE', *, *, #3424, .T. ) ;
#665 = CIRCLE ( 'NONE', #4443, 0.04999999999999991300 ) ;
#666 = VECTOR ( 'NONE', #3854, 1000.000000000000000 ) ;
#667 = ORIENTED_EDGE ( 'NONE', *, *, #4682, .T. ) ;
#668 = VERTEX_POINT ( 'NONE', #3119 ) ;
#669 = FACE_OUTER_BOUND ( 'NONE', #4817, .T. ) ;
#670 = CARTESIAN_POINT ( 'NONE',  ( 1.875000000000000200, 0.1200000000000001100, 0.2500000000000000000 ) ) ;
#671 = VECTOR ( 'NONE', #759, 1000.000000000000000 ) ;
#672 = CARTESIAN_POINT ( 'NONE',  ( -1.299999999999998700, -0.0000000000000000000, -1.350000000000000100 ) ) ;
#673 = CARTESIAN_POINT ( 'NONE',  ( 1.350000000000001200, 0.0000000000000000000, 0.9000000000000003600 ) ) ;
#674 = ORIENTED_EDGE ( 'NONE', *, *, #2040, .F. ) ;
#675 = CARTESIAN_POINT ( 'NONE',  ( 1.424999999999999600, 0.1200000000000004400, -1.874999999999999800 ) ) ;
#676 = ORIENTED_EDGE ( 'NONE', *, *, #3821, .T. ) ;
#677 = FACE_OUTER_BOUND ( 'NONE', #1236, .T. ) ;
#678 = AXIS2_PLACEMENT_3D ( 'NONE', #5982, #1313, #4597 ) ;
#679 = EDGE_CURVE ( 'NONE', #3695, #1932, #5489, .T. ) ;
#680 = ORIENTED_EDGE ( 'NONE', *, *, #1136, .F. ) ;
#681 = VERTEX_POINT ( 'NONE', #826 ) ;
#682 = LINE ( 'NONE', #2408, #4337 ) ;
#683 = DIRECTION ( 'NONE',  ( -0.0000000000000000000, -1.000000000000000000, -0.0000000000000000000 ) ) ;
#684 = CARTESIAN_POINT ( 'NONE',  ( -1.299999999999999800, 0.05000000000000000300, -0.5000000000000000000 ) ) ;
#685 = EDGE_CURVE ( 'NONE', #3222, #4839, #2990, .T. ) ;
#686 = VERTEX_POINT ( 'NONE', #4061 ) ;
#687 = LINE ( 'NONE', #4529, #3902 ) ;
#688 = DIRECTION ( 'NONE',  ( -1.000000000000000000, 0.0000000000000000000, 0.0000000000000000000 ) ) ;
#689 = CARTESIAN_POINT ( 'NONE',  ( -1.124999999999999800, 0.1950000000000002800, -0.4749999999999999200 ) ) ;
#690 = CARTESIAN_POINT ( 'NONE',  ( 1.875000000000000200, 0.1950000000000003400, -1.174999999999999800 ) ) ;
#691 = ORIENTED_EDGE ( 'NONE', *, *, #322, .F. ) ;
#692 = CARTESIAN_POINT ( 'NONE',  ( 1.124999999999999800, 0.1950000000000002800, 0.9500000000000000700 ) ) ;
#693 = VECTOR ( 'NONE', #1343, 1000.000000000000000 ) ;
#694 = ADVANCED_FACE ( 'NONE', ( #3345 ), #4153, .F. ) ;
#695 = AXIS2_PLACEMENT_3D ( 'NONE', #1073, #192, #4357 ) ;
#696 = EDGE_LOOP ( 'NONE', ( #2875, #1586, #5150, #5032 ) ) ;
#697 = EDGE_CURVE ( 'NONE', #2612, #4224, #4248, .T. ) ;
#698 = ORIENTED_EDGE ( 'NONE', *, *, #5144, .F. ) ;
#699 = CARTESIAN_POINT ( 'NONE',  ( -1.924999999999999600, 0.6600000000000000300, -1.925000000000000500 ) ) ;
#700 = DIRECTION ( 'NONE',  ( 0.0000000000000000000, 0.0000000000000000000, -1.000000000000000000 ) ) ;
#701 = ORIENTED_EDGE ( 'NONE', *, *, #2186, .F. ) ;
#702 = CARTESIAN_POINT ( 'NONE',  ( 1.424999999999999600, 0.1950000000000002800, 0.2500000000000000000 ) ) ;
#703 = ORIENTED_EDGE ( 'NONE', *, *, #139, .F. ) ;
#704 = ORIENTED_EDGE ( 'NONE', *, *, #5296, .F. ) ;
#705 = CARTESIAN_POINT ( 'NONE',  ( -1.299999999999999200, 2.929236009777593800, -1.350000000000000100 ) ) ;
#706 = CARTESIAN_POINT ( 'NONE',  ( -1.714505517838063300E-016, 0.8143291419087274100, -1.399999999209379200 ) ) ;
#707 = LINE ( 'NONE', #5738, #3775 ) ;
#708 = AXIS2_PLACEMENT_3D ( 'NONE', #4966, #3592, #810 ) ;
#709 = DIRECTION ( 'NONE',  ( -1.000000000000000000, 0.0000000000000000000, 0.0000000000000000000 ) ) ;
#710 = ORIENTED_EDGE ( 'NONE', *, *, #5334, .T. ) ;
#711 = ORIENTED_EDGE ( 'NONE', *, *, #3512, .T. ) ;
#712 = ORIENTED_EDGE ( 'NONE', *, *, #3553, .T. ) ;
#713 = DIRECTION ( 'NONE',  ( 0.0000000000000000000, 1.000000000000000000, -0.0000000000000000000 ) ) ;
#714 = LINE ( 'NONE', #3596, #4160 ) ;
#715 = SURFACE_STYLE_USAGE ( .BOTH. , #3999 ) ;
#716 = CARTESIAN_POINT ( 'NONE',  ( -1.424999999999999600, 0.1950000000000002800, -1.874999999999999800 ) ) ;
#717 = CARTESIAN_POINT ( 'NONE',  ( 1.875000000000000200, 0.1200000000000002200, 0.5499999999999999300 ) ) ;
#718 = EDGE_CURVE ( 'NONE', #511, #4883, #2840, .T. ) ;
#719 = VERTEX_POINT ( 'NONE', #2265 ) ;
#720 = ORIENTED_EDGE ( 'NONE', *, *, #1643, .F. ) ;
#721 = LINE ( 'NONE', #5228, #1803 ) ;
#722 = DIRECTION ( 'NONE',  ( 0.0000000000000000000, 0.0000000000000000000, 1.000000000000000000 ) ) ;
#723 = ORIENTED_EDGE ( 'NONE', *, *, #5616, .F. ) ;
#724 = CARTESIAN_POINT ( 'NONE',  ( -1.125000000000000000, 0.1950000000000001700, -0.7749999999999998000 ) ) ;
#725 = EDGE_CURVE ( 'NONE', #4309, #3879, #1999, .T. ) ;
#726 = EDGE_CURVE ( 'NONE', #4738, #4114, #5450, .T. ) ;
#727 = FACE_OUTER_BOUND ( 'NONE', #2098, .T. ) ;
#728 = ADVANCED_FACE ( 'NONE', ( #3091 ), #4151, .T. ) ;
#729 = PLANE ( 'NONE',  #4780 ) ;
#730 = CARTESIAN_POINT ( 'NONE',  ( -1.299999999999998700, 0.05000000000000012800, -0.8500000000000000900 ) ) ;
#731 = ORIENTED_EDGE ( 'NONE', *, *, #4995, .F. ) ;
#732 = FACE_OUTER_BOUND ( 'NONE', #5815, .T. ) ;
#733 = EDGE_CURVE ( 'NONE', #2516, #4340, #2649, .T. ) ;
#734 = STYLED_ITEM ( 'NONE', ( #3992 ), #786 ) ;
#735 = DIRECTION ( 'NONE',  ( -1.000000000000000000, 0.0000000000000000000, 0.0000000000000000000 ) ) ;
#736 = DIRECTION ( 'NONE',  ( 0.0000000000000000000, 0.0000000000000000000, -1.000000000000000000 ) ) ;
#737 = EDGE_LOOP ( 'NONE', ( #5315, #1186, #3013, #2116 ) ) ;
#738 = SURFACE_STYLE_FILL_AREA ( #973 ) ;
#739 = VECTOR ( 'NONE', #2229, 1000.000000000000000 ) ;
#740 = VERTEX_POINT ( 'NONE', #4085 ) ;
#741 = VERTEX_POINT ( 'NONE', #5047 ) ;
#742 = DIRECTION ( 'NONE',  ( 0.0000000000000000000, -4.969259957225230300E-016, -1.000000000000000000 ) ) ;
#743 = LINE ( 'NONE', #5286, #3497 ) ;
#744 = CARTESIAN_POINT ( 'NONE',  ( -1.299999999999999800, 0.05000000000000000300, -0.5000000000000000000 ) ) ;
#745 = CARTESIAN_POINT ( 'NONE',  ( 1.925000000000000700, 0.1950000000000003400, -1.174999999999999800 ) ) ;
#746 = ORIENTED_EDGE ( 'NONE', *, *, #3850, .F. ) ;
#747 = LINE ( 'NONE', #3029, #2052 ) ;
#748 = DIRECTION ( 'NONE',  ( -0.0000000000000000000, -1.000000000000000000, -0.0000000000000000000 ) ) ;
#749 = ORIENTED_EDGE ( 'NONE', *, *, #1252, .T. ) ;
#750 = CARTESIAN_POINT ( 'NONE',  ( -1.349999999999999000, 0.0000000000000000000, 1.299999999999999800 ) ) ;
#751 = DIRECTION ( 'NONE',  ( 0.0000000000000000000, 0.0000000000000000000, 1.000000000000000000 ) ) ;
#752 = VECTOR ( 'NONE', #5227, 1000.000000000000000 ) ;
#753 = CARTESIAN_POINT ( 'NONE',  ( 1.875000000000000200, 0.1950000000000001700, -0.7749999999999998000 ) ) ;
#754 = DIRECTION ( 'NONE',  ( 0.0000000000000000000, -1.000000000000000000, 0.0000000000000000000 ) ) ;
#755 = AXIS2_PLACEMENT_3D ( 'NONE', #3420, #3010, #3441 ) ;
#756 = VERTEX_POINT ( 'NONE', #4533 ) ;
#757 = VECTOR ( 'NONE', #1509, 1000.000000000000000 ) ;
#758 = EDGE_CURVE ( 'NONE', #4391, #4200, #4800, .T. ) ;
#759 = DIRECTION ( 'NONE',  ( 0.0000000000000000000, -1.000000000000000000, 0.0000000000000000000 ) ) ;
#760 = ADVANCED_FACE ( 'NONE', ( #1859 ), #5978, .F. ) ;
#761 = CARTESIAN_POINT ( 'NONE',  ( 0.0000000000000000000, 1.629999999999999900, 0.0000000000000000000 ) ) ;
#762 = LINE ( 'NONE', #5909, #1049 ) ;
#763 = ORIENTED_EDGE ( 'NONE', *, *, #4253, .T. ) ;
#764 = FACE_OUTER_BOUND ( 'NONE', #4441, .T. ) ;
#765 = CARTESIAN_POINT ( 'NONE',  ( -1.349999999999999000, 0.05000000000000000300, 0.9000000000000003600 ) ) ;
#766 = CARTESIAN_POINT ( 'NONE',  ( 1.350000000000001200, 0.05000000000000012800, 1.299999999999999800 ) ) ;
#767 = EDGE_CURVE ( 'NONE', #1772, #3604, #1634, .T. ) ;
#768 = ORIENTED_EDGE ( 'NONE', *, *, #3172, .T. ) ;
#769 = LINE ( 'NONE', #1260, #3240 ) ;
#770 = CARTESIAN_POINT ( 'NONE',  ( 1.124999999999999800, 0.1950000000000002800, -1.874999999999999800 ) ) ;
#771 = DIRECTION ( 'NONE',  ( 0.0000000000000000000, 0.0000000000000000000, -1.000000000000000000 ) ) ;
#772 = ORIENTED_EDGE ( 'NONE', *, *, #1187, .T. ) ;
#773 = PLANE ( 'NONE',  #1055 ) ;
#774 = FACE_OUTER_BOUND ( 'NONE', #1448, .T. ) ;
#775 = DIRECTION ( 'NONE',  ( 0.0000000000000000000, -1.000000000000000000, 0.0000000000000000000 ) ) ;
#776 = VECTOR ( 'NONE', #1021, 1000.000000000000000 ) ;
#777 = EDGE_CURVE ( 'NONE', #1076, #1024, #414, .T. ) ;
#778 = CARTESIAN_POINT ( 'NONE',  ( 1.350000000000000300, 0.05000000000000000300, 0.4500000000000000100 ) ) ;
#779 = ORIENTED_EDGE ( 'NONE', *, *, #5114, .F. ) ;
#780 = ORIENTED_EDGE ( 'NONE', *, *, #3249, .T. ) ;
#781 = FACE_OUTER_BOUND ( 'NONE', #1621, .T. ) ;
#782 = CARTESIAN_POINT ( 'NONE',  ( 1.424999999999999600, 0.1950000000000002800, -1.874999999999999800 ) ) ;
#783 = CARTESIAN_POINT ( 'NONE',  ( -1.124999999999999800, 0.1950000000000002800, -1.925000000000000300 ) ) ;
#784 = FACE_OUTER_BOUND ( 'NONE', #2871, .T. ) ;
#785 = DIRECTION ( 'NONE',  ( -0.0000000000000000000, -0.0000000000000000000, 1.000000000000000000 ) ) ;
#786 = MANIFOLD_SOLID_BREP ( 'Shield', #4710 ) ;
#787 = VERTEX_POINT ( 'NONE', #1860 ) ;
#788 = CARTESIAN_POINT ( 'NONE',  ( -1.874999999999999800, 0.1950000000000002800, 1.249999999999999800 ) ) ;
#789 = VECTOR ( 'NONE', #4345, 1000.000000000000000 ) ;
#790 = DIRECTION ( 'NONE',  ( 0.0000000000000000000, 0.0000000000000000000, -1.000000000000000000 ) ) ;
#791 = ORIENTED_EDGE ( 'NONE', *, *, #2773, .T. ) ;
#792 = ADVANCED_FACE ( 'NONE', ( #627 ), #5105, .F. ) ;
#793 = CARTESIAN_POINT ( 'NONE',  ( -1.424999999999999800, 0.1949999999999999800, -1.474999999999999600 ) ) ;
#794 = LINE ( 'NONE', #543, #3468 ) ;
#795 = EDGE_CURVE ( 'NONE', #1345, #3373, #4870, .T. ) ;
#796 = VERTEX_POINT ( 'NONE', #946 ) ;
#797 = FACE_OUTER_BOUND ( 'NONE', #4664, .T. ) ;
#798 = PLANE ( 'NONE',  #5998 ) ;
#799 = EDGE_CURVE ( 'NONE', #2165, #796, #2370, .T. ) ;
#800 = ORIENTED_EDGE ( 'NONE', *, *, #3600, .F. ) ;
#801 = EDGE_CURVE ( 'NONE', #280, #1407, #2728, .T. ) ;
#802 = DIRECTION ( 'NONE',  ( -1.000000000000000000, -0.0000000000000000000, -0.0000000000000000000 ) ) ;
#803 = VECTOR ( 'NONE', #4999, 1000.000000000000000 ) ;
#804 = CARTESIAN_POINT ( 'NONE',  ( 1.424999999999999600, 0.1950000000000003400, -1.174999999999999800 ) ) ;
#805 = ORIENTED_EDGE ( 'NONE', *, *, #2385, .T. ) ;
#806 = LINE ( 'NONE', #5367, #4617 ) ;
#807 = CARTESIAN_POINT ( 'NONE',  ( 1.925000000000000700, 0.1200000000000001600, -0.7749999999999998000 ) ) ;
#808 = LINE ( 'NONE', #656, #4469 ) ;
#809 = AXIS2_PLACEMENT_3D ( 'NONE', #2963, #182, #4385 ) ;
#810 = DIRECTION ( 'NONE',  ( 0.0000000000000000000, 0.0000000000000000000, 1.000000000000000000 ) ) ;
#811 = DIRECTION ( 'NONE',  ( 0.0000000000000000000, 1.000000000000000000, 0.0000000000000000000 ) ) ;
#812 = VERTEX_POINT ( 'NONE', #962 ) ;
#813 = DIRECTION ( 'NONE',  ( 0.0000000000000000000, 1.000000000000000000, 0.0000000000000000000 ) ) ;
#814 = CIRCLE ( 'NONE', #2322, 0.05000000000000002400 ) ;
#815 = CIRCLE ( 'NONE', #1040, 0.04999999999999996800 ) ;
#816 = ORIENTED_EDGE ( 'NONE', *, *, #5694, .T. ) ;
#817 = DIRECTION ( 'NONE',  ( -1.000000000000000000, -0.0000000000000000000, 0.0000000000000000000 ) ) ;
#818 = CARTESIAN_POINT ( 'NONE',  ( -1.874999999999999800, 0.0000000000000000000, -1.874999999999999800 ) ) ;
#819 = ADVANCED_FACE ( 'NONE', ( #485 ), #4635, .F. ) ;
#820 = LINE ( 'NONE', #1057, #531 ) ;
#821 = AXIS2_PLACEMENT_3D ( 'NONE', #276, #3478, #709 ) ;
#822 = SURFACE_STYLE_USAGE ( .BOTH. , #3201 ) ;
#823 = CARTESIAN_POINT ( 'NONE',  ( -1.424999999999999600, 0.1950000000000002800, 1.249999999999999600 ) ) ;
#824 = ORIENTED_EDGE ( 'NONE', *, *, #1473, .T. ) ;
#825 = FACE_OUTER_BOUND ( 'NONE', #4705, .T. ) ;
#826 = CARTESIAN_POINT ( 'NONE',  ( 1.350000000000001200, 0.05000000000000000300, 1.299999999999999800 ) ) ;
#827 = EDGE_CURVE ( 'NONE', #2260, #2439, #2946, .T. ) ;
#828 = DIRECTION ( 'NONE',  ( 0.0000000000000000000, 3.614007241618350200E-016, 1.000000000000000000 ) ) ;
#829 = ORIENTED_EDGE ( 'NONE', *, *, #4296, .T. ) ;
#830 = CARTESIAN_POINT ( 'NONE',  ( 1.300000000000000700, 0.05000000000000000300, 0.8500000000000000900 ) ) ;
#831 = VECTOR ( 'NONE', #358, 1000.000000000000000 ) ;
#832 = PRODUCT_DEFINITION ( 'UNKNOWN', '', #1532, #4457 ) ;
#833 = EDGE_CURVE ( 'NONE', #10, #2398, #1194, .T. ) ;
#834 = EDGE_CURVE ( 'NONE', #2851, #4230, #1120, .T. ) ;
#835 = ORIENTED_EDGE ( 'NONE', *, *, #4486, .T. ) ;
#836 = DIRECTION ( 'NONE',  ( -1.000000000000000000, 0.0000000000000000000, -0.0000000000000000000 ) ) ;
#837 = CARTESIAN_POINT ( 'NONE',  ( 1.875000000000000200, 0.1950000000000002800, 1.249999999999999800 ) ) ;
#838 = LINE ( 'NONE', #2421, #4274 ) ;
#839 = DIRECTION ( 'NONE',  ( -0.0000000000000000000, -0.0000000000000000000, 1.000000000000000000 ) ) ;
#840 = ORIENTED_EDGE ( 'NONE', *, *, #1029, .F. ) ;
#841 = CARTESIAN_POINT ( 'NONE',  ( 1.124999999999999800, 0.1950000000000002800, -1.874999999999999800 ) ) ;
#842 = DIRECTION ( 'NONE',  ( -0.0000000000000000000, 0.0000000000000000000, 1.000000000000000000 ) ) ;
#843 = ORIENTED_EDGE ( 'NONE', *, *, #2003, .F. ) ;
#844 = CARTESIAN_POINT ( 'NONE',  ( -1.349999999999999000, -0.0000000000000000000, -0.9000000000000003600 ) ) ;
#845 = AXIS2_PLACEMENT_3D ( 'NONE', #2389, #4731, #1973 ) ;
#846 = EDGE_LOOP ( 'NONE', ( #5324, #2892, #2610, #3104, #2843, #4483, #503, #493 ) ) ;
#847 = CARTESIAN_POINT ( 'NONE',  ( -1.874999999999999800, 0.4500000000000000100, 1.875000000000000200 ) ) ;
#848 = ORIENTED_EDGE ( 'NONE', *, *, #5340, .F. ) ;
#849 = ORIENTED_EDGE ( 'NONE', *, *, #3209, .F. ) ;
#850 = DIRECTION ( 'NONE',  ( -1.000000000000000000, -0.0000000000000000000, -0.0000000000000000000 ) ) ;
#851 = CARTESIAN_POINT ( 'NONE',  ( 1.875000000000000200, 0.1949999999999999500, 0.2500000000000000000 ) ) ;
#852 = ADVANCED_FACE ( 'NONE', ( #774 ), #4672, .T. ) ;
#853 = LINE ( 'NONE', #5194, #5681 ) ;
#854 = DIRECTION ( 'NONE',  ( 2.602085213965209400E-014, 0.0000000000000000000, 1.000000000000000000 ) ) ;
#855 = DIRECTION ( 'NONE',  ( -0.0000000000000000000, -1.000000000000000000, -0.0000000000000000000 ) ) ;
#856 = EDGE_LOOP ( 'NONE', ( #1601, #712, #2945, #3141, #2994, #2926, #490, #711 ) ) ;
#857 = EDGE_LOOP ( 'NONE', ( #5645, #140, #5530, #5761 ) ) ;
#858 = EDGE_CURVE ( 'NONE', #631, #1131, #2579, .T. ) ;
#859 = LINE ( 'NONE', #1939, #789 ) ;
#860 = MECHANICAL_DESIGN_GEOMETRIC_PRESENTATION_REPRESENTATION (  '', ( #1232 ), #1475 ) ;
#861 = ORIENTED_EDGE ( 'NONE', *, *, #5586, .F. ) ;
#862 = ORIENTED_EDGE ( 'NONE', *, *, #5260, .F. ) ;
#863 = CARTESIAN_POINT ( 'NONE',  ( 1.925000000000000700, 0.1200000000000004400, 1.249999999999999800 ) ) ;
#864 = LINE ( 'NONE', #5087, #2022 ) ;
#865 = CARTESIAN_POINT ( 'NONE',  ( 1.875000000000000200, 0.4500000000000000100, -1.474999999999999400 ) ) ;
#866 = CARTESIAN_POINT ( 'NONE',  ( 0.0000000000000000000, 0.6600000000000000300, 0.0000000000000000000 ) ) ;
#867 = CARTESIAN_POINT ( 'NONE',  ( 1.124999999999999800, 0.1950000000000002800, -1.925000000000000300 ) ) ;
#868 = ORIENTED_EDGE ( 'NONE', *, *, #3217, .T. ) ;
#869 = VECTOR ( 'NONE', #4423, 1000.000000000000000 ) ;
#870 = DIRECTION ( 'NONE',  ( 0.0000000000000000000, 0.0000000000000000000, 1.000000000000000000 ) ) ;
#871 = DIRECTION ( 'NONE',  ( -0.0000000000000000000, -1.000000000000000000, -0.0000000000000000000 ) ) ;
#872 = AXIS2_PLACEMENT_3D ( 'NONE', #3060, #6016, #2835 ) ;
#873 = VERTEX_POINT ( 'NONE', #5125 ) ;
#874 = EDGE_CURVE ( 'NONE', #1963, #3055, #5604, .T. ) ;
#875 = DIRECTION ( 'NONE',  ( 0.0000000000000000000, -1.000000000000000000, 0.0000000000000000000 ) ) ;
#876 = ORIENTED_EDGE ( 'NONE', *, *, #5767, .T. ) ;
#877 = CARTESIAN_POINT ( 'NONE',  ( 1.100000000000003200, 0.05000000000000000300, -0.5000000000000000000 ) ) ;
#878 = DIRECTION ( 'NONE',  ( -1.000000000000000000, -0.0000000000000000000, -0.0000000000000000000 ) ) ;
#879 = VECTOR ( 'NONE', #5109, 1000.000000000000000 ) ;
#880 = ADVANCED_FACE ( 'NONE', ( #1562 ), #3355, .T. ) ;
#881 = CARTESIAN_POINT ( 'NONE',  ( -1.299999999999999200, -0.0000000000000000000, -1.300000000000000300 ) ) ;
#882 = EDGE_CURVE ( 'NONE', #5869, #1042, #2148, .T. ) ;
#883 = EDGE_LOOP ( 'NONE', ( #4367, #1140 ) ) ;
#884 = LINE ( 'NONE', #3614, #2615 ) ;
#885 = FACE_OUTER_BOUND ( 'NONE', #889, .T. ) ;
#886 = ORIENTED_EDGE ( 'NONE', *, *, #4433, .T. ) ;
#887 = DIRECTION ( 'NONE',  ( -1.000000000000000000, -0.0000000000000000000, -0.0000000000000000000 ) ) ;
#888 = EDGE_LOOP ( 'NONE', ( #5945, #3354, #1635, #5022, #3749, #242, #3337, #2697, #8, #5453, #3049, #184, #3465, #985, #2234, #4660, #3320, #5510, #6005, #5183, #5224, #5283, #2570, #3061, #4732, #698, #4865, #5610, #2845, #5981, #3341, #3911, #560, #2377, #2683, #1873, #680, #2365, #5549, #3779, #3018, #4568, #5273, #3127 ) ) ;
#889 = EDGE_LOOP ( 'NONE', ( #5852, #1284, #4204, #2737 ) ) ;
#890 = CARTESIAN_POINT ( 'NONE',  ( 1.300000000000001200, 2.929236009777593800, -0.9000000000000001300 ) ) ;
#891 = DIRECTION ( 'NONE',  ( -1.000000000000000000, -0.0000000000000000000, -0.0000000000000000000 ) ) ;
#892 = EDGE_CURVE ( 'NONE', #2641, #1348, #3764, .T. ) ;
#893 = PLANE ( 'NONE',  #4002 ) ;
#894 = ORIENTED_EDGE ( 'NONE', *, *, #2630, .F. ) ;
#895 = LINE ( 'NONE', #3037, #5729 ) ;
#896 = DIRECTION ( 'NONE',  ( 0.0000000000000000000, 0.0000000000000000000, 1.000000000000000000 ) ) ;
#897 = DIRECTION ( 'NONE',  ( -0.0000000000000000000, 1.000000000000000000, 0.0000000000000000000 ) ) ;
#898 = ORIENTED_EDGE ( 'NONE', *, *, #5454, .T. ) ;
#899 = FACE_OUTER_BOUND ( 'NONE', #3743, .T. ) ;
#900 = CARTESIAN_POINT ( 'NONE',  ( 1.350000000000001200, 0.05000000000000012800, -0.9000000000000003600 ) ) ;
#901 = CIRCLE ( 'NONE', #3527, 0.04999999999999996800 ) ;
#902 = ORIENTED_EDGE ( 'NONE', *, *, #1454, .F. ) ;
#903 = LINE ( 'NONE', #5403, #1261 ) ;
#904 = DIRECTION ( 'NONE',  ( -0.0000000000000000000, -1.264902534566422200E-015, -1.000000000000000000 ) ) ;
#905 = DIRECTION ( 'NONE',  ( 0.0000000000000000000, 0.0000000000000000000, -1.000000000000000000 ) ) ;
#906 = EDGE_CURVE ( 'NONE', #617, #3056, #3534, .T. ) ;
#907 = ADVANCED_FACE ( 'NONE', ( #5889 ), #2907, .T. ) ;
#908 = DIRECTION ( 'NONE',  ( 1.000000000000000000, 0.0000000000000000000, -0.0000000000000000000 ) ) ;
#909 = ORIENTED_EDGE ( 'NONE', *, *, #5376, .T. ) ;
#910 = CARTESIAN_POINT ( 'NONE',  ( 1.925000000000000700, 0.1200000000000003300, 0.9499999999999999600 ) ) ;
#911 = FACE_OUTER_BOUND ( 'NONE', #114, .T. ) ;
#912 = VERTEX_POINT ( 'NONE', #3824 ) ;
#913 = EDGE_CURVE ( 'NONE', #2641, #1171, #4654, .T. ) ;
#914 = EDGE_CURVE ( 'NONE', #3024, #2398, #1349, .T. ) ;
#915 = DIRECTION ( 'NONE',  ( 0.0000000000000000000, 1.000000000000000000, 0.0000000000000000000 ) ) ;
#916 = DIRECTION ( 'NONE',  ( 1.000000000000000000, 0.0000000000000000000, -1.224646799147353200E-016 ) ) ;
#917 = VECTOR ( 'NONE', #1822, 1000.000000000000000 ) ;
#918 = CARTESIAN_POINT ( 'NONE',  ( -1.424999999999999800, 0.1949999999999999500, 0.2500000000000000000 ) ) ;
#919 = CARTESIAN_POINT ( 'NONE',  ( 1.925000000000000700, 0.1199999999999999500, -1.474999999999999600 ) ) ;
#920 = ORIENTED_EDGE ( 'NONE', *, *, #827, .T. ) ;
#921 = ORIENTED_EDGE ( 'NONE', *, *, #1023, .F. ) ;
#922 = AXIS2_PLACEMENT_3D ( 'NONE', #1741, #5518, #2714 ) ;
#923 = FACE_OUTER_BOUND ( 'NONE', #474, .T. ) ;
#924 = VECTOR ( 'NONE', #2280, 1000.000000000000000 ) ;
#925 = DIRECTION ( 'NONE',  ( 0.0000000000000000000, 0.0000000000000000000, -1.000000000000000000 ) ) ;
#926 = VERTEX_POINT ( 'NONE', #522 ) ;
#927 = ORIENTED_EDGE ( 'NONE', *, *, #2131, .T. ) ;
#928 = DIRECTION ( 'NONE',  ( -0.0000000000000000000, -1.000000000000000000, -0.0000000000000000000 ) ) ;
#929 = CARTESIAN_POINT ( 'NONE',  ( 1.172648133521775800, 1.363205099482562900, 0.0000000000000000000 ) ) ;
#930 = FACE_OUTER_BOUND ( 'NONE', #2862, .T. ) ;
#931 = CARTESIAN_POINT ( 'NONE',  ( 1.350000000000001200, 0.0000000000000000000, -0.9000000000000003600 ) ) ;
#932 = VERTEX_POINT ( 'NONE', #2427 ) ;
#933 = ORIENTED_EDGE ( 'NONE', *, *, #4520, .F. ) ;
#934 = LINE ( 'NONE', #2824, #3 ) ;
#935 = CARTESIAN_POINT ( 'NONE',  ( 1.350000000000000300, 0.05000000000000000300, -0.2500000000000000000 ) ) ;
#936 = CARTESIAN_POINT ( 'NONE',  ( -1.874999999999999800, 0.1200000000000001100, 0.2500000000000000000 ) ) ;
#937 = ADVANCED_FACE ( 'NONE', ( #4354, #5164, #5955, #4723 ), #1014, .F. ) ;
#938 = DIRECTION ( 'NONE',  ( 0.0000000000000000000, 0.0000000000000000000, -1.000000000000000000 ) ) ;
#939 = ORIENTED_EDGE ( 'NONE', *, *, #906, .T. ) ;
#940 = CARTESIAN_POINT ( 'NONE',  ( -1.424999999999999600, 0.1200000000000004400, -1.925000000000000300 ) ) ;
#941 = VECTOR ( 'NONE', #1522, 1000.000000000000000 ) ;
#942 = DIRECTION ( 'NONE',  ( 0.0000000000000000000, 1.000000000000000000, 0.0000000000000000000 ) ) ;
#943 = EDGE_CURVE ( 'NONE', #5091, #3928, #820, .T. ) ;
#944 = ORIENTED_EDGE ( 'NONE', *, *, #4050, .F. ) ;
#945 = VECTOR ( 'NONE', #3053, 1000.000000000000000 ) ;
#946 = CARTESIAN_POINT ( 'NONE',  ( -1.124999999999999800, 0.1950000000000002800, 0.9500000000000000700 ) ) ;
#947 = DIRECTION ( 'NONE',  ( 1.000000000000000000, 0.0000000000000000000, 0.0000000000000000000 ) ) ;
#948 = DIRECTION ( 'NONE',  ( -1.000000000000000000, 0.0000000000000000000, -0.0000000000000000000 ) ) ;
#949 = CARTESIAN_POINT ( 'NONE',  ( 1.925000000000000700, 0.1950000000000003400, -1.174999999999999800 ) ) ;
#950 = AXIS2_PLACEMENT_3D ( 'NONE', #3698, #403, #5082 ) ;
#951 = EDGE_CURVE ( 'NONE', #5620, #5830, #4388, .T. ) ;
#952 = ORIENTED_EDGE ( 'NONE', *, *, #4364, .F. ) ;
#953 = EDGE_CURVE ( 'NONE', #3922, #67, #4505, .T. ) ;
#954 = CARTESIAN_POINT ( 'NONE',  ( -1.874999999999999800, 0.4500000000000000100, -0.4749999999999999200 ) ) ;
#955 = CIRCLE ( 'NONE', #1611, 0.05000000000000002400 ) ;
#956 = LINE ( 'NONE', #3814, #2039 ) ;
#957 = ORIENTED_EDGE ( 'NONE', *, *, #3728, .F. ) ;
#958 = TOROIDAL_SURFACE ( 'NONE', #5383, 1.630969882337201000, 0.2500000000000000000 ) ;
#959 = FACE_BOUND ( 'NONE', #696, .T. ) ;
#960 = DIRECTION ( 'NONE',  ( 0.0000000000000000000, 0.0000000000000000000, -1.000000000000000000 ) ) ;
#961 = ORIENTED_EDGE ( 'NONE', *, *, #4185, .T. ) ;
#962 = CARTESIAN_POINT ( 'NONE',  ( -1.124999999999999800, 0.1200000000000004400, 0.9500000000000000700 ) ) ;
#963 = DIRECTION ( 'NONE',  ( -0.0000000000000000000, -1.000000000000000000, -0.0000000000000000000 ) ) ;
#964 = ADVANCED_FACE ( 'NONE', ( #238 ), #1488, .F. ) ;
#965 = DIRECTION ( 'NONE',  ( 1.000000000000000000, -0.0000000000000000000, 0.0000000000000000000 ) ) ;
#966 = CARTESIAN_POINT ( 'NONE',  ( 0.0000000000000000000, 0.6600000000000000300, 0.0000000000000000000 ) ) ;
#967 = EDGE_CURVE ( 'NONE', #741, #502, #518, .T. ) ;
#968 = EDGE_LOOP ( 'NONE', ( #944, #528, #1815, #1992 ) ) ;
#969 = LINE ( 'NONE', #5429, #4201 ) ;
#970 = DIRECTION ( 'NONE',  ( -0.0000000000000000000, -1.000000000000000000, -0.0000000000000000000 ) ) ;
#971 = VERTEX_POINT ( 'NONE', #4325 ) ;
#972 = FACE_OUTER_BOUND ( 'NONE', #5335, .T. ) ;
#973 = FILL_AREA_STYLE ('',( #1500 ) ) ;
#974 = CARTESIAN_POINT ( 'NONE',  ( 1.875000000000000200, 0.1950000000000000900, 0.5499999999999999300 ) ) ;
#975 = EDGE_LOOP ( 'NONE', ( #68, #83, #453, #1417 ) ) ;
#976 = LINE ( 'NONE', #918, #4788 ) ;
#977 = ORIENTED_EDGE ( 'NONE', *, *, #4454, .T. ) ;
#978 = CARTESIAN_POINT ( 'NONE',  ( -0.6732431816118388300, 1.629999999999999200, -1.346486363223673400 ) ) ;
#979 = ORIENTED_EDGE ( 'NONE', *, *, #5919, .T. ) ;
#980 = DIRECTION ( 'NONE',  ( 0.0000000000000000000, 0.0000000000000000000, -1.000000000000000000 ) ) ;
#981 = CARTESIAN_POINT ( 'NONE',  ( 1.124999999999999800, 0.1950000000000002800, 1.875000000000000200 ) ) ;
#982 = EDGE_CURVE ( 'NONE', #2494, #3111, #2620, .T. ) ;
#983 = CARTESIAN_POINT ( 'NONE',  ( 1.925000000000000700, 0.1200000000000002200, 0.5499999999999999300 ) ) ;
#984 = ORIENTED_EDGE ( 'NONE', *, *, #2836, .T. ) ;
#985 = ORIENTED_EDGE ( 'NONE', *, *, #4791, .F. ) ;
#986 = ORIENTED_EDGE ( 'NONE', *, *, #951, .F. ) ;
#987 = FACE_OUTER_BOUND ( 'NONE', #459, .T. ) ;
#988 = AXIS2_PLACEMENT_3D ( 'NONE', #203, #1592, #2962 ) ;
#989 = EDGE_CURVE ( 'NONE', #5012, #4340, #2933, .T. ) ;
#990 = ORIENTED_EDGE ( 'NONE', *, *, #2150, .T. ) ;
#991 = DIRECTION ( 'NONE',  ( -0.0000000000000000000, -0.0000000000000000000, 1.000000000000000000 ) ) ;
#992 = CLOSED_SHELL ( 'NONE', ( #2310, #3945, #4565, #4965, #3067, #3332, #1937, #5996, #460, #1302 ) ) ;
#993 = ADVANCED_FACE ( 'NONE', ( #4060 ), #233, .T. ) ;
#994 = ORIENTED_EDGE ( 'NONE', *, *, #4145, .T. ) ;
#995 = VECTOR ( 'NONE', #5931, 1000.000000000000000 ) ;
#996 = VERTEX_POINT ( 'NONE', #2998 ) ;
#997 = ORIENTED_EDGE ( 'NONE', *, *, #3727, .T. ) ;
#998 = EDGE_CURVE ( 'NONE', #4766, #193, #3751, .T. ) ;
#999 = FACE_OUTER_BOUND ( 'NONE', #3524, .T. ) ;
#1000 = DIRECTION ( 'NONE',  ( 0.0000000000000000000, -1.000000000000000000, 0.0000000000000000000 ) ) ;
#1001 = CARTESIAN_POINT ( 'NONE',  ( -1.874999999999999800, 0.1950000000000002800, -1.874999999999999800 ) ) ;
#1002 = ORIENTED_EDGE ( 'NONE', *, *, #1957, .F. ) ;
#1003 = LINE ( 'NONE', #3008, #4968 ) ;
#1004 = STYLED_ITEM ( 'NONE', ( #2253 ), #3741 ) ;
#1005 = EDGE_LOOP ( 'NONE', ( #5497, #2189, #4392, #1492 ) ) ;
#1006 = DIRECTION ( 'NONE',  ( 0.0000000000000000000, -1.000000000000000000, 0.0000000000000000000 ) ) ;
#1007 = VECTOR ( 'NONE', #1328, 1000.000000000000000 ) ;
#1008 = CARTESIAN_POINT ( 'NONE',  ( 1.875000000000000200, 0.1950000000000006200, 1.875000000000000400 ) ) ;
#1009 = ORIENTED_EDGE ( 'NONE', *, *, #1524, .F. ) ;
#1010 = CARTESIAN_POINT ( 'NONE',  ( -1.299999999999998700, 0.05000000000000000300, 1.350000000000000100 ) ) ;
#1011 = VECTOR ( 'NONE', #365, 1000.000000000000000 ) ;
#1012 = EDGE_CURVE ( 'NONE', #3456, #2652, #5886, .T. ) ;
#1013 = ORIENTED_EDGE ( 'NONE', *, *, #1642, .F. ) ;
#1014 = PLANE ( 'NONE',  #422 ) ;
#1015 = DIRECTION ( 'NONE',  ( 0.0000000000000000000, 0.0000000000000000000, -1.000000000000000000 ) ) ;
#1016 = ADVANCED_FACE ( 'NONE', ( #483 ), #5341, .T. ) ;
#1017 = VECTOR ( 'NONE', #1199, 1000.000000000000000 ) ;
#1018 = DIRECTION ( 'NONE',  ( -1.000000000000000000, -0.0000000000000000000, -0.0000000000000000000 ) ) ;
#1019 = FACE_OUTER_BOUND ( 'NONE', #5940, .T. ) ;
#1020 = AXIS2_PLACEMENT_3D ( 'NONE', #5141, #5627, #34 ) ;
#1021 = DIRECTION ( 'NONE',  ( 0.7071067811865435800, 0.0000000000000000000, 0.7071067811865515700 ) ) ;
#1022 = EDGE_CURVE ( 'NONE', #1700, #4428, #3594, .T. ) ;
#1023 = EDGE_CURVE ( 'NONE', #553, #3408, #3084, .T. ) ;
#1024 = VERTEX_POINT ( 'NONE', #620 ) ;
#1025 = ORIENTED_EDGE ( 'NONE', *, *, #1703, .F. ) ;
#1026 = FACE_OUTER_BOUND ( 'NONE', #4247, .T. ) ;
#1027 = DIRECTION ( 'NONE',  ( -0.0000000000000000000, 1.000000000000000000, -0.0000000000000000000 ) ) ;
#1028 = CARTESIAN_POINT ( 'NONE',  ( 1.300000000000001200, 2.929236009777593800, 0.9000000000000001300 ) ) ;
#1029 = EDGE_CURVE ( 'NONE', #1823, #1477, #4794, .T. ) ;
#1030 = DIRECTION ( 'NONE',  ( 1.000000000000000000, 0.0000000000000000000, 0.0000000000000000000 ) ) ;
#1031 = PLANE ( 'NONE',  #3258 ) ;
#1032 = PRESENTATION_LAYER_ASSIGNMENT (  '', '', ( #734 ) ) ;
#1033 = ORIENTED_EDGE ( 'NONE', *, *, #1991, .F. ) ;
#1034 = DIRECTION ( 'NONE',  ( -0.0000000000000000000, -1.000000000000000000, -0.0000000000000000000 ) ) ;
#1035 = VECTOR ( 'NONE', #2018, 1000.000000000000000 ) ;
#1036 = ORIENTED_EDGE ( 'NONE', *, *, #718, .F. ) ;
#1037 = VECTOR ( 'NONE', #4981, 1000.000000000000000 ) ;
#1038 = CARTESIAN_POINT ( 'NONE',  ( -1.424999999999999600, 0.1200000000000004400, 0.5499999999999999300 ) ) ;
#1039 = CARTESIAN_POINT ( 'NONE',  ( 1.300000000000000700, 0.0000000000000000000, 0.8500000000000000900 ) ) ;
#1040 = AXIS2_PLACEMENT_3D ( 'NONE', #5771, #5337, #661 ) ;
#1041 = CARTESIAN_POINT ( 'NONE',  ( 1.124999999999999800, 0.1950000000000002800, 0.5499999999999999300 ) ) ;
#1042 = VERTEX_POINT ( 'NONE', #4438 ) ;
#1043 = LINE ( 'NONE', #4300, #4645 ) ;
#1044 = ORIENTED_EDGE ( 'NONE', *, *, #5106, .F. ) ;
#1045 = CARTESIAN_POINT ( 'NONE',  ( 1.424999999999999600, 0.1950000000000002800, -1.874999999999999800 ) ) ;
#1046 = CARTESIAN_POINT ( 'NONE',  ( -1.124999999999999800, 0.1950000000000002800, -1.874999999999999800 ) ) ;
#1047 = EDGE_LOOP ( 'NONE', ( #4524, #2368, #664, #1970 ) ) ;
#1048 = CARTESIAN_POINT ( 'NONE',  ( -1.924999999999999600, 0.4500000000000000100, 1.924999999999999600 ) ) ;
#1049 = VECTOR ( 'NONE', #785, 1000.000000000000000 ) ;
#1050 = CARTESIAN_POINT ( 'NONE',  ( -1.349999999999999000, 0.05000000000000000300, -0.9000000000000003600 ) ) ;
#1051 = DIRECTION ( 'NONE',  ( 0.0000000000000000000, -1.000000000000000000, 0.0000000000000000000 ) ) ;
#1052 = VERTEX_POINT ( 'NONE', #2503 ) ;
#1053 = VECTOR ( 'NONE', #5490, 1000.000000000000000 ) ;
#1054 = VECTOR ( 'NONE', #5250, 1000.000000000000000 ) ;
#1055 = AXIS2_PLACEMENT_3D ( 'NONE', #2734, #1843, #1764 ) ;
#1056 = EDGE_CURVE ( 'NONE', #3575, #5180, #3525, .T. ) ;
#1057 = CARTESIAN_POINT ( 'NONE',  ( -1.874999999999999800, 0.4500000000000000100, -1.874999999999999800 ) ) ;
#1058 = CARTESIAN_POINT ( 'NONE',  ( 1.124999999999999800, 0.1950000000000002800, 1.249999999999999800 ) ) ;
#1059 = ORIENTED_EDGE ( 'NONE', *, *, #4087, .F. ) ;
#1060 = ORIENTED_EDGE ( 'NONE', *, *, #2462, .F. ) ;
#1061 = LINE ( 'NONE', #630, #1799 ) ;
#1062 = VECTOR ( 'NONE', #2321, 1000.000000000000000 ) ;
#1063 = VERTEX_POINT ( 'NONE', #702 ) ;
#1064 = VECTOR ( 'NONE', #3834, 1000.000000000000000 ) ;
#1065 = CARTESIAN_POINT ( 'NONE',  ( -1.349999999999999600, 0.05000000000000000300, 0.4500000000000000100 ) ) ;
#1066 = ORIENTED_EDGE ( 'NONE', *, *, #3727, .F. ) ;
#1067 = CARTESIAN_POINT ( 'NONE',  ( 1.424999999999999600, 0.1200000000000004400, -1.174999999999999800 ) ) ;
#1068 = LINE ( 'NONE', #4041, #2678 ) ;
#1069 = EDGE_CURVE ( 'NONE', #1823, #3790, #6029, .T. ) ;
#1070 = VERTEX_POINT ( 'NONE', #5361 ) ;
#1071 = LINE ( 'NONE', #3132, #5912 ) ;
#1072 = CARTESIAN_POINT ( 'NONE',  ( -1.924999999999999600, 0.6600000000000000300, -1.925000000000000500 ) ) ;
#1073 = CARTESIAN_POINT ( 'NONE',  ( -1.299999999999998700, 0.05000000000000000300, 1.350000000000000100 ) ) ;
#1074 = ADVANCED_FACE ( 'NONE', ( #1258 ), #5834, .F. ) ;
#1075 = CARTESIAN_POINT ( 'NONE',  ( 1.424999999999999600, 0.1950000000000001500, 0.9499999999999999600 ) ) ;
#1076 = VERTEX_POINT ( 'NONE', #5797 ) ;
#1077 = LINE ( 'NONE', #4442, #945 ) ;
#1078 = FACE_OUTER_BOUND ( 'NONE', #3682, .T. ) ;
#1079 = CARTESIAN_POINT ( 'NONE',  ( -1.124999999999999800, 0.1950000000000002800, -1.925000000000000300 ) ) ;
#1080 = ORIENTED_EDGE ( 'NONE', *, *, #2718, .T. ) ;
#1081 = DIRECTION ( 'NONE',  ( 0.0000000000000000000, 1.000000000000000000, 0.0000000000000000000 ) ) ;
#1082 = LINE ( 'NONE', #4420, #4767 ) ;
#1083 = DIRECTION ( 'NONE',  ( -1.000000000000000000, 0.0000000000000000000, -0.0000000000000000000 ) ) ;
#1084 = DIRECTION ( 'NONE',  ( -0.0000000000000000000, 0.0000000000000000000, 1.000000000000000000 ) ) ;
#1085 = ORIENTED_EDGE ( 'NONE', *, *, #3851, .F. ) ;
#1086 = AXIS2_PLACEMENT_3D ( 'NONE', #2362, #439, #4663 ) ;
#1087 = ORIENTED_EDGE ( 'NONE', *, *, #5417, .T. ) ;
#1088 = SURFACE_STYLE_USAGE ( .BOTH. , #2947 ) ;
#1089 = EDGE_CURVE ( 'NONE', #2181, #4777, #4212, .T. ) ;
#1090 = VERTEX_POINT ( 'NONE', #4832 ) ;
#1091 = FACE_OUTER_BOUND ( 'NONE', #1356, .T. ) ;
#1092 = LINE ( 'NONE', #2236, #3418 ) ;
#1093 = DIRECTION ( 'NONE',  ( 0.0000000000000000000, 1.000000000000000000, -0.0000000000000000000 ) ) ;
#1094 = DIRECTION ( 'NONE',  ( 1.000000000000000000, 0.0000000000000000000, 0.0000000000000000000 ) ) ;
#1095 = ORIENTED_EDGE ( 'NONE', *, *, #3150, .F. ) ;
#1096 = DIRECTION ( 'NONE',  ( 0.0000000000000000000, 0.0000000000000000000, 1.000000000000000000 ) ) ;
#1097 = LINE ( 'NONE', #5968, #4402 ) ;
#1098 = EDGE_CURVE ( 'NONE', #5830, #926, #4859, .T. ) ;
#1099 = EDGE_CURVE ( 'NONE', #3822, #3234, #4501, .T. ) ;
#1100 = CARTESIAN_POINT ( 'NONE',  ( -1.424999999999999800, 0.1950000000000001700, -0.7749999999999998000 ) ) ;
#1101 = EDGE_LOOP ( 'NONE', ( #2866, #4213, #65, #4830 ) ) ;
#1102 = CARTESIAN_POINT ( 'NONE',  ( 1.424999999999999600, 0.1950000000000002800, 1.249999999999999600 ) ) ;
#1103 = CARTESIAN_POINT ( 'NONE',  ( -1.874999999999999800, 0.1950000000000006200, 1.875000000000000400 ) ) ;
#1104 = LINE ( 'NONE', #4886, #37 ) ;
#1105 = DIRECTION ( 'NONE',  ( -1.000000000000000000, -0.0000000000000000000, -0.0000000000000000000 ) ) ;
#1106 = ADVANCED_FACE ( 'NONE', ( #911 ), #3929, .F. ) ;
#1107 = DIRECTION ( 'NONE',  ( 0.0000000000000000000, 0.0000000000000000000, -1.000000000000000000 ) ) ;
#1108 = ORIENTED_EDGE ( 'NONE', *, *, #1022, .T. ) ;
#1109 = AXIS2_PLACEMENT_3D ( 'NONE', #301, #4963, #771 ) ;
#1110 = VERTEX_POINT ( 'NONE', #2976 ) ;
#1111 = ORIENTED_EDGE ( 'NONE', *, *, #268, .T. ) ;
#1112 = VECTOR ( 'NONE', #4369, 1000.000000000000000 ) ;
#1113 = PLANE ( 'NONE',  #3232 ) ;
#1114 = ORIENTED_EDGE ( 'NONE', *, *, #5239, .F. ) ;
#1115 = FACE_OUTER_BOUND ( 'NONE', #2961, .T. ) ;
#1116 = CARTESIAN_POINT ( 'NONE',  ( 1.124999999999999800, 0.1200000000000004400, -1.925000000000000300 ) ) ;
#1117 = CARTESIAN_POINT ( 'NONE',  ( 1.925000000000000500, 0.4500000000000000100, -1.925000000000000500 ) ) ;
#1118 = AXIS2_PLACEMENT_3D ( 'NONE', #2512, #4404, #1122 ) ;
#1119 = ORIENTED_EDGE ( 'NONE', *, *, #435, .F. ) ;
#1120 = LINE ( 'NONE', #2307, #5094 ) ;
#1121 = CARTESIAN_POINT ( 'NONE',  ( -1.124999999999999800, 0.1950000000000002800, 1.249999999999999600 ) ) ;
#1122 = DIRECTION ( 'NONE',  ( 0.0000000000000000000, 0.0000000000000000000, 1.000000000000000000 ) ) ;
#1123 = VERTEX_POINT ( 'NONE', #3114 ) ;
#1124 = DIRECTION ( 'NONE',  ( -0.0000000000000000000, 1.000000000000000000, -0.0000000000000000000 ) ) ;
#1125 = ORIENTED_EDGE ( 'NONE', *, *, #3318, .T. ) ;
#1126 = VERTEX_POINT ( 'NONE', #3036 ) ;
#1127 = EDGE_CURVE ( 'NONE', #2293, #5044, #477, .T. ) ;
#1128 = FACE_OUTER_BOUND ( 'NONE', #5871, .T. ) ;
#1129 = DIRECTION ( 'NONE',  ( 0.0000000000000000000, 0.0000000000000000000, 1.000000000000000000 ) ) ;
#1130 = EDGE_LOOP ( 'NONE', ( #5275, #4937, #5558, #805 ) ) ;
#1131 = VERTEX_POINT ( 'NONE', #1644 ) ;
#1132 = VERTEX_POINT ( 'NONE', #4997 ) ;
#1133 = AXIS2_PLACEMENT_3D ( 'NONE', #5725, #573, #1030 ) ;
#1134 = VECTOR ( 'NONE', #2954, 1000.000000000000000 ) ;
#1135 = EDGE_CURVE ( 'NONE', #10, #3190, #2943, .T. ) ;
#1136 = EDGE_CURVE ( 'NONE', #5174, #4358, #1848, .T. ) ;
#1137 = CARTESIAN_POINT ( 'NONE',  ( 1.424999999999999600, 0.1950000000000002800, -1.874999999999999800 ) ) ;
#1138 = ORIENTED_EDGE ( 'NONE', *, *, #3178, .F. ) ;
#1139 = ORIENTED_EDGE ( 'NONE', *, *, #4872, .F. ) ;
#1140 = ORIENTED_EDGE ( 'NONE', *, *, #3770, .T. ) ;
#1141 = VECTOR ( 'NONE', #608, 1000.000000000000000 ) ;
#1142 = CARTESIAN_POINT ( 'NONE',  ( 1.424999999999999600, 0.1200000000000004400, 0.2500000000000000000 ) ) ;
#1143 = ORIENTED_EDGE ( 'NONE', *, *, #520, .F. ) ;
#1144 = CARTESIAN_POINT ( 'NONE',  ( -1.874999999999999800, 0.1950000000000001500, 0.9499999999999999600 ) ) ;
#1145 = VECTOR ( 'NONE', #3855, 1000.000000000000000 ) ;
#1146 = CARTESIAN_POINT ( 'NONE',  ( -1.874999999999999800, 0.0000000000000000000, 1.875000000000000200 ) ) ;
#1147 = CARTESIAN_POINT ( 'NONE',  ( 1.875000000000000200, 0.1200000000000004400, 1.249999999999999800 ) ) ;
#1148 = ORIENTED_EDGE ( 'NONE', *, *, #733, .T. ) ;
#1149 = LINE ( 'NONE', #4035, #4826 ) ;
#1150 = EDGE_CURVE ( 'NONE', #2815, #1315, #769, .T. ) ;
#1151 = CARTESIAN_POINT ( 'NONE',  ( 1.300000000000001200, 0.05000000000000000300, 1.300000000000000300 ) ) ;
#1152 = PRESENTATION_LAYER_ASSIGNMENT (  '', '', ( #1232 ) ) ;
#1153 = ORIENTED_EDGE ( 'NONE', *, *, #2356, .T. ) ;
#1154 = CARTESIAN_POINT ( 'NONE',  ( -1.424999999999999800, 0.1950000000000001700, -0.7749999999999998000 ) ) ;
#1155 = CARTESIAN_POINT ( 'NONE',  ( 1.925000000000000700, 0.1949999999999999800, -1.474999999999999600 ) ) ;
#1156 = CARTESIAN_POINT ( 'NONE',  ( -1.124999999999999800, 0.1950000000000002800, -1.925000000000000300 ) ) ;
#1157 = VECTOR ( 'NONE', #4575, 1000.000000000000000 ) ;
#1158 = CARTESIAN_POINT ( 'NONE',  ( 1.100000000000003200, 0.05000000000000012800, -0.5000000000000000000 ) ) ;
#1159 = ORIENTED_EDGE ( 'NONE', *, *, #3526, .T. ) ;
#1160 = FACE_OUTER_BOUND ( 'NONE', #1493, .T. ) ;
#1161 = VECTOR ( 'NONE', #1027, 1000.000000000000000 ) ;
#1162 = CARTESIAN_POINT ( 'NONE',  ( -1.124999999999999800, 0.1200000000000004400, -1.474999999999999600 ) ) ;
#1163 = CARTESIAN_POINT ( 'NONE',  ( 1.124999999999999800, 0.1950000000000002800, 1.249999999999999800 ) ) ;
#1164 = ORIENTED_EDGE ( 'NONE', *, *, #833, .T. ) ;
#1165 = DIRECTION ( 'NONE',  ( 0.0000000000000000000, -1.000000000000000000, 0.0000000000000000000 ) ) ;
#1166 = ORIENTED_EDGE ( 'NONE', *, *, #2584, .F. ) ;
#1167 = FACE_OUTER_BOUND ( 'NONE', #2508, .T. ) ;
#1168 = AXIS2_PLACEMENT_3D ( 'NONE', #480, #2743, #4217 ) ;
#1169 = EDGE_CURVE ( 'NONE', #2516, #3967, #4351, .T. ) ;
#1170 = CARTESIAN_POINT ( 'NONE',  ( 1.124999999999999800, 0.1949999999999999500, 0.2500000000000000000 ) ) ;
#1171 = VERTEX_POINT ( 'NONE', #2616 ) ;
#1172 = CIRCLE ( 'NONE', #385, 0.04999999999999991300 ) ;
#1173 = DIRECTION ( 'NONE',  ( 0.0000000000000000000, 0.0000000000000000000, 1.000000000000000000 ) ) ;
#1174 = CARTESIAN_POINT ( 'NONE',  ( -1.874999999999999800, 0.4500000000000000100, 1.875000000000000200 ) ) ;
#1175 = CARTESIAN_POINT ( 'NONE',  ( 1.875000000000000200, 0.1950000000000001700, -0.7749999999999998000 ) ) ;
#1176 = EDGE_CURVE ( 'NONE', #3612, #2437, #901, .T. ) ;
#1177 = EDGE_LOOP ( 'NONE', ( #1025, #3212, #1938, #4917 ) ) ;
#1178 = VECTOR ( 'NONE', #2813, 1000.000000000000000 ) ;
#1179 = DIRECTION ( 'NONE',  ( 1.000000000000000000, 0.0000000000000000000, -0.0000000000000000000 ) ) ;
#1180 = DIRECTION ( 'NONE',  ( 0.0000000000000000000, 0.0000000000000000000, 1.000000000000000000 ) ) ;
#1181 = PLANE ( 'NONE',  #5098 ) ;
#1182 = DIRECTION ( 'NONE',  ( -1.000000000000000000, 0.0000000000000000000, -0.0000000000000000000 ) ) ;
#1183 = ORIENTED_EDGE ( 'NONE', *, *, #3353, .F. ) ;
#1184 = CARTESIAN_POINT ( 'NONE',  ( -1.424999999999999600, 0.1950000000000002800, -1.925000000000000300 ) ) ;
#1185 = FACE_OUTER_BOUND ( 'NONE', #5879, .T. ) ;
#1186 = ORIENTED_EDGE ( 'NONE', *, *, #5152, .F. ) ;
#1187 = EDGE_CURVE ( 'NONE', #4359, #2260, #1699, .T. ) ;
#1188 = ORIENTED_EDGE ( 'NONE', *, *, #3970, .F. ) ;
#1189 = CARTESIAN_POINT ( 'NONE',  ( 1.875000000000000200, 0.1950000000000003400, -1.174999999999999800 ) ) ;
#1190 = VECTOR ( 'NONE', #2033, 1000.000000000000000 ) ;
#1191 = CARTESIAN_POINT ( 'NONE',  ( -1.124999999999999800, 0.1950000000000002800, 0.2500000000000000000 ) ) ;
#1192 = EDGE_LOOP ( 'NONE', ( #5297, #521, #1256, #157 ) ) ;
#1193 = CARTESIAN_POINT ( 'NONE',  ( 1.124999999999999800, 0.1950000000000000900, 0.5499999999999999300 ) ) ;
#1194 = LINE ( 'NONE', #1839, #1710 ) ;
#1195 = VECTOR ( 'NONE', #509, 1000.000000000000000 ) ;
#1196 = DIRECTION ( 'NONE',  ( 0.7071067811865435800, 0.0000000000000000000, 0.7071067811865515700 ) ) ;
#1197 = ORIENTED_EDGE ( 'NONE', *, *, #5858, .T. ) ;
#1198 = ORIENTED_EDGE ( 'NONE', *, *, #5122, .F. ) ;
#1199 = DIRECTION ( 'NONE',  ( 0.0000000000000000000, 0.0000000000000000000, 1.000000000000000000 ) ) ;
#1200 = ADVANCED_FACE ( 'NONE', ( #323 ), #2598, .T. ) ;
#1201 = FACE_OUTER_BOUND ( 'NONE', #4182, .T. ) ;
#1202 = DIRECTION ( 'NONE',  ( 0.0000000000000000000, -1.000000000000000000, 0.0000000000000000000 ) ) ;
#1203 = DIRECTION ( 'NONE',  ( -0.0000000000000000000, 1.000000000000000000, -0.0000000000000000000 ) ) ;
#1204 = DIRECTION ( 'NONE',  ( 0.0000000000000000000, -0.9238795325112864100, 0.3826834323650905600 ) ) ;
#1205 = EDGE_CURVE ( 'NONE', #3916, #193, #5438, .T. ) ;
#1206 = VERTEX_POINT ( 'NONE', #1214 ) ;
#1207 = LINE ( 'NONE', #2526, #5903 ) ;
#1208 = PLANE ( 'NONE',  #2912 ) ;
#1209 = ORIENTED_EDGE ( 'NONE', *, *, #4996, .F. ) ;
#1210 = DIRECTION ( 'NONE',  ( 1.000000000000000000, 0.0000000000000000000, 0.0000000000000000000 ) ) ;
#1211 = EDGE_CURVE ( 'NONE', #1891, #2969, #762, .T. ) ;
#1212 = EDGE_CURVE ( 'NONE', #1969, #125, #1993, .T. ) ;
#1213 = LINE ( 'NONE', #3895, #5908 ) ;
#1214 = CARTESIAN_POINT ( 'NONE',  ( -1.125000000000000000, 0.1200000000000002200, 0.5499999999999999300 ) ) ;
#1215 = UNCERTAINTY_MEASURE_WITH_UNIT (LENGTH_MEASURE( 1.000000000000000100E-005 ), #2654, 'distance_accuracy_value', 'NONE');
#1216 = CARTESIAN_POINT ( 'NONE',  ( -1.874999999999999800, 0.1950000000000001700, -0.7749999999999998000 ) ) ;
#1217 = ORIENTED_EDGE ( 'NONE', *, *, #2893, .F. ) ;
#1218 = LINE ( 'NONE', #2680, #4822 ) ;
#1219 = CARTESIAN_POINT ( 'NONE',  ( 1.350000000000000300, 0.0000000000000000000, -0.2500000000000000000 ) ) ;
#1220 = CARTESIAN_POINT ( 'NONE',  ( 1.300000000000001200, 0.0000000000000000000, -0.9000000000000001300 ) ) ;
#1221 = ORIENTED_EDGE ( 'NONE', *, *, #231, .F. ) ;
#1222 = DIRECTION ( 'NONE',  ( 0.0000000000000000000, 0.0000000000000000000, 1.000000000000000000 ) ) ;
#1223 = VECTOR ( 'NONE', #4012, 1000.000000000000000 ) ;
#1224 = ADVANCED_FACE ( 'NONE', ( #5293 ), #3519, .F. ) ;
#1225 = LINE ( 'NONE', #5067, #2693 ) ;
#1226 = PLANE ( 'NONE',  #2659 ) ;
#1227 = EDGE_LOOP ( 'NONE', ( #146, #225, #5145, #1791 ) ) ;
#1228 = DIRECTION ( 'NONE',  ( -1.000000000000000000, 0.0000000000000000000, -0.0000000000000000000 ) ) ;
#1229 = LINE ( 'NONE', #2106, #4834 ) ;
#1230 = VECTOR ( 'NONE', #1962, 1000.000000000000000 ) ;
#1231 = ADVANCED_FACE ( 'NONE', ( #4494 ), #1233, .F. ) ;
#1232 = STYLED_ITEM ( 'NONE', ( #18 ), #3272 ) ;
#1233 = PLANE ( 'NONE',  #4724 ) ;
#1234 = EDGE_LOOP ( 'NONE', ( #1581, #58, #1525, #4149 ) ) ;
#1235 = DIRECTION ( 'NONE',  ( 1.000000000000000000, -0.0000000000000000000, -0.0000000000000000000 ) ) ;
#1236 = EDGE_LOOP ( 'NONE', ( #3701, #2391, #1931, #898 ) ) ;
#1237 = ORIENTED_EDGE ( 'NONE', *, *, #4144, .F. ) ;
#1238 = LINE ( 'NONE', #4561, #25 ) ;
#1239 = CARTESIAN_POINT ( 'NONE',  ( 1.100000000000003200, 0.05000000000000000300, -0.5000000000000000000 ) ) ;
#1240 = LINE ( 'NONE', #2593, #671 ) ;
#1241 = CARTESIAN_POINT ( 'NONE',  ( -1.424999999999999600, 0.1950000000000002800, 1.875000000000000200 ) ) ;
#1242 = DIRECTION ( 'NONE',  ( 0.0000000000000000000, -1.000000000000000000, 0.0000000000000000000 ) ) ;
#1243 = EDGE_CURVE ( 'NONE', #2515, #2380, #1985, .T. ) ;
#1244 = ORIENTED_EDGE ( 'NONE', *, *, #2982, .T. ) ;
#1245 = CARTESIAN_POINT ( 'NONE',  ( -1.299999999999999800, 0.05000000000000000300, 0.5000000000000000000 ) ) ;
#1246 = CARTESIAN_POINT ( 'NONE',  ( 1.875000000000000200, 0.1950000000000035600, 1.875000000000000400 ) ) ;
#1247 = FACE_OUTER_BOUND ( 'NONE', #2076, .T. ) ;
#1248 = CARTESIAN_POINT ( 'NONE',  ( -1.349999999999999000, 0.0000000000000000000, 0.9000000000000003600 ) ) ;
#1249 = AXIS2_PLACEMENT_3D ( 'NONE', #3983, #1618, #2967 ) ;
#1250 = ORIENTED_EDGE ( 'NONE', *, *, #2949, .F. ) ;
#1251 = FACE_BOUND ( 'NONE', #3852, .T. ) ;
#1252 = EDGE_CURVE ( 'NONE', #719, #3292, #4346, .T. ) ;
#1253 = EDGE_CURVE ( 'NONE', #3827, #4358, #5747, .T. ) ;
#1254 = DIRECTION ( 'NONE',  ( -0.0000000000000000000, -1.000000000000000000, -0.0000000000000000000 ) ) ;
#1255 = CARTESIAN_POINT ( 'NONE',  ( 1.925000000000000700, 0.1949999999999999800, -1.474999999999999600 ) ) ;
#1256 = ORIENTED_EDGE ( 'NONE', *, *, #2442, .T. ) ;
#1257 = DIRECTION ( 'NONE',  ( 0.0000000000000000000, 0.0000000000000000000, -1.000000000000000000 ) ) ;
#1258 = FACE_OUTER_BOUND ( 'NONE', #1976, .T. ) ;
#1259 = VERTEX_POINT ( 'NONE', #6026 ) ;
#1260 = CARTESIAN_POINT ( 'NONE',  ( -1.349999999999999000, 2.929236009777593800, 0.9000000000000003600 ) ) ;
#1261 = VECTOR ( 'NONE', #748, 1000.000000000000000 ) ;
#1262 =( NAMED_UNIT ( * ) SI_UNIT ( $, .STERADIAN. ) SOLID_ANGLE_UNIT ( ) );
#1263 = CARTESIAN_POINT ( 'NONE',  ( 1.875000000000000200, 0.1950000000000005600, -0.4749999999999998100 ) ) ;
#1264 = AXIS2_PLACEMENT_3D ( 'NONE', #1072, #4914, #152 ) ;
#1265 = ORIENTED_EDGE ( 'NONE', *, *, #3446, .F. ) ;
#1266 = LINE ( 'NONE', #3673, #4415 ) ;
#1267 = CARTESIAN_POINT ( 'NONE',  ( 1.875000000000000200, 0.1950000000000003400, -1.174999999999999800 ) ) ;
#1268 = CARTESIAN_POINT ( 'NONE',  ( 1.124999999999999800, 0.1200000000000004400, 1.875000000000000200 ) ) ;
#1269 = ADVANCED_FACE ( 'NONE', ( #4203 ), #3179, .T. ) ;
#1270 = CARTESIAN_POINT ( 'NONE',  ( -1.424999999999999600, 0.1950000000000002800, -1.874999999999999800 ) ) ;
#1271 = EDGE_LOOP ( 'NONE', ( #3676, #691, #4353, #4624 ) ) ;
#1272 = CARTESIAN_POINT ( 'NONE',  ( -1.299999999999999200, 0.05000000000000000300, 0.9000000000000001300 ) ) ;
#1273 = LINE ( 'NONE', #4525, #5021 ) ;
#1274 = EDGE_CURVE ( 'NONE', #3086, #5680, #1552, .T. ) ;
#1275 = MECHANICAL_DESIGN_GEOMETRIC_PRESENTATION_REPRESENTATION (  '', ( #3868 ), #4620 ) ;
#1276 = ORIENTED_EDGE ( 'NONE', *, *, #2131, .F. ) ;
#1277 = CARTESIAN_POINT ( 'NONE',  ( 1.424999999999999600, 0.1950000000000002800, 0.2500000000000000000 ) ) ;
#1278 = EDGE_LOOP ( 'NONE', ( #3389, #1716, #565, #3543 ) ) ;
#1279 = ORIENTED_EDGE ( 'NONE', *, *, #801, .F. ) ;
#1280 = CONICAL_SURFACE ( 'NONE', #1989, 1.399999999999999900, 0.3926990816987250300 ) ;
#1281 = DIRECTION ( 'NONE',  ( -1.000000000000000000, 0.0000000000000000000, 0.0000000000000000000 ) ) ;
#1282 = CARTESIAN_POINT ( 'NONE',  ( 1.925000000000000700, 0.1199999999999999500, -1.474999999999999600 ) ) ;
#1283 = ORIENTED_EDGE ( 'NONE', *, *, #4592, .T. ) ;
#1284 = ORIENTED_EDGE ( 'NONE', *, *, #5984, .F. ) ;
#1285 = ORIENTED_EDGE ( 'NONE', *, *, #2650, .F. ) ;
#1286 = LINE ( 'NONE', #1472, #3545 ) ;
#1287 = PLANE ( 'NONE',  #4321 ) ;
#1288 = CARTESIAN_POINT ( 'NONE',  ( -1.424999999999999600, 0.1950000000000002800, -1.925000000000000300 ) ) ;
#1289 = CARTESIAN_POINT ( 'NONE',  ( 1.124999999999999800, 0.1950000000000002800, -1.874999999999999800 ) ) ;
#1290 = ORIENTED_EDGE ( 'NONE', *, *, #2819, .T. ) ;
#1291 = ORIENTED_EDGE ( 'NONE', *, *, #1507, .T. ) ;
#1292 = DIRECTION ( 'NONE',  ( 0.0000000000000000000, -1.000000000000000000, 0.0000000000000000000 ) ) ;
#1293 = CARTESIAN_POINT ( 'NONE',  ( 1.124999999999999800, 0.1950000000000002800, 1.249999999999999600 ) ) ;
#1294 = AXIS2_PLACEMENT_3D ( 'NONE', #1151, #5436, #5041 ) ;
#1295 = VECTOR ( 'NONE', #429, 1000.000000000000000 ) ;
#1296 = DIRECTION ( 'NONE',  ( -0.0000000000000000000, -1.000000000000000000, -0.0000000000000000000 ) ) ;
#1297 = EDGE_CURVE ( 'NONE', #125, #5209, #2637, .T. ) ;
#1298 = ORIENTED_EDGE ( 'NONE', *, *, #2861, .T. ) ;
#1299 = VECTOR ( 'NONE', #5744, 1000.000000000000000 ) ;
#1300 = DIRECTION ( 'NONE',  ( 0.7071067811865435800, 0.0000000000000000000, 0.7071067811865515700 ) ) ;
#1301 = DIRECTION ( 'NONE',  ( 0.0000000000000000000, -1.000000000000000000, 0.0000000000000000000 ) ) ;
#1302 = ADVANCED_FACE ( 'NONE', ( #4052 ), #5670, .T. ) ;
#1303 = DIRECTION ( 'NONE',  ( -1.000000000000000000, -0.0000000000000000000, -0.0000000000000000000 ) ) ;
#1304 = EDGE_CURVE ( 'NONE', #1708, #3874, #3900, .T. ) ;
#1305 = ORIENTED_EDGE ( 'NONE', *, *, #5694, .F. ) ;
#1306 = EDGE_CURVE ( 'NONE', #4148, #3668, #5161, .T. ) ;
#1307 = DIRECTION ( 'NONE',  ( 0.0000000000000000000, 3.614007241618350200E-016, 1.000000000000000000 ) ) ;
#1308 = CARTESIAN_POINT ( 'NONE',  ( 1.925000000000000700, 0.1949999999999999500, 0.2500000000000000000 ) ) ;
#1309 = ORIENTED_EDGE ( 'NONE', *, *, #3177, .T. ) ;
#1310 = DIRECTION ( 'NONE',  ( -1.000000000000000000, 0.0000000000000000000, 0.0000000000000000000 ) ) ;
#1311 = LINE ( 'NONE', #1001, #3649 ) ;
#1312 = CARTESIAN_POINT ( 'NONE',  ( -1.874999999999999800, 0.4500000000000000100, -1.174999999999999600 ) ) ;
#1313 = DIRECTION ( 'NONE',  ( -0.0000000000000000000, -1.000000000000000000, -0.0000000000000000000 ) ) ;
#1314 = EDGE_CURVE ( 'NONE', #1526, #1737, #5014, .T. ) ;
#1315 = VERTEX_POINT ( 'NONE', #4584 ) ;
#1316 = CARTESIAN_POINT ( 'NONE',  ( 1.925000000000000700, 0.1950000000000003400, -1.174999999999999800 ) ) ;
#1317 = ORIENTED_EDGE ( 'NONE', *, *, #411, .T. ) ;
#1318 = LINE ( 'NONE', #5451, #2342 ) ;
#1319 = FACE_BOUND ( 'NONE', #4106, .T. ) ;
#1321 = ORIENTED_EDGE ( 'NONE', *, *, #4711, .T. ) ;
#1320 = PLANE ( 'NONE',  #313 ) ;
#1322 = CARTESIAN_POINT ( 'NONE',  ( -1.125000000000000000, 0.1950000000000000900, 0.5499999999999999300 ) ) ;
#1323 = CYLINDRICAL_SURFACE ( 'NONE', #2938, 0.05000000000000002400 ) ;
#1324 = CARTESIAN_POINT ( 'NONE',  ( 1.300000000000000300, 0.05000000000000000300, 0.4500000000000000100 ) ) ;
#1325 = AXIS2_PLACEMENT_3D ( 'NONE', #4900, #3974, #4936 ) ;
#1326 = CARTESIAN_POINT ( 'NONE',  ( 1.124999999999999800, 0.1950000000000002800, -1.874999999999999800 ) ) ;
#1327 = CARTESIAN_POINT ( 'NONE',  ( 1.350000000000000300, 2.929236009777593800, -0.2500000000000000000 ) ) ;
#1328 = DIRECTION ( 'NONE',  ( -0.0000000000000000000, -0.0000000000000000000, 1.000000000000000000 ) ) ;
#1329 = EDGE_LOOP ( 'NONE', ( #984, #4174, #2224, #2791 ) ) ;
#1330 = LINE ( 'NONE', #4281, #4197 ) ;
#1331 = CARTESIAN_POINT ( 'NONE',  ( -1.424999999999999600, 0.1950000000000002800, -1.925000000000000300 ) ) ;
#1332 = ADVANCED_FACE ( 'NONE', ( #1185 ), #4648, .F. ) ;
#1333 = CARTESIAN_POINT ( 'NONE',  ( 1.424999999999999600, 0.1200000000000004400, -1.874999999999999800 ) ) ;
#1334 = CARTESIAN_POINT ( 'NONE',  ( 1.124999999999999800, 0.1950000000000001500, 0.9499999999999999600 ) ) ;
#1335 = VERTEX_POINT ( 'NONE', #2724 ) ;
#1336 = VECTOR ( 'NONE', #2772, 1000.000000000000000 ) ;
#1337 = EDGE_CURVE ( 'NONE', #1932, #3156, #3164, .T. ) ;
#1338 = EDGE_CURVE ( 'NONE', #2806, #2708, #2215, .T. ) ;
#1339 = VERTEX_POINT ( 'NONE', #3137 ) ;
#1340 = LINE ( 'NONE', #974, #1923 ) ;
#1341 = CARTESIAN_POINT ( 'NONE',  ( 1.350000000000001200, 0.0000000000000000000, 1.299999999999999800 ) ) ;
#1342 = ORIENTED_EDGE ( 'NONE', *, *, #4489, .T. ) ;
#1343 = DIRECTION ( 'NONE',  ( 0.0000000000000000000, -1.000000000000000000, 0.0000000000000000000 ) ) ;
#1344 = DIRECTION ( 'NONE',  ( 0.0000000000000000000, 0.0000000000000000000, 1.000000000000000000 ) ) ;
#1345 = VERTEX_POINT ( 'NONE', #2684 ) ;
#1346 = EDGE_CURVE ( 'NONE', #5401, #4848, #1266, .T. ) ;
#1347 = AXIS2_PLACEMENT_3D ( 'NONE', #3243, #925, #4206 ) ;
#1348 = VERTEX_POINT ( 'NONE', #3157 ) ;
#1349 = LINE ( 'NONE', #3865, #5752 ) ;
#1350 = SURFACE_STYLE_USAGE ( .BOTH. , #1368 ) ;
#1351 = PLANE ( 'NONE',  #5206 ) ;
#1352 = LINE ( 'NONE', #1316, #2151 ) ;
#1353 = ORIENTED_EDGE ( 'NONE', *, *, #3129, .F. ) ;
#1354 = DIRECTION ( 'NONE',  ( 0.0000000000000000000, -1.000000000000000000, 0.0000000000000000000 ) ) ;
#1355 = ORIENTED_EDGE ( 'NONE', *, *, #494, .F. ) ;
#1356 = EDGE_LOOP ( 'NONE', ( #4923, #3975, #704, #868 ) ) ;
#1357 = LINE ( 'NONE', #3796, #1719 ) ;
#1358 = AXIS2_PLACEMENT_3D ( 'NONE', #5274, #3445, #1129 ) ;
#1359 = CARTESIAN_POINT ( 'NONE',  ( 1.997362045909988500E-016, 0.9100000000000000300, 1.630969882337201000 ) ) ;
#1360 = VERTEX_POINT ( 'NONE', #5508 ) ;
#1361 = ADVANCED_FACE ( 'NONE', ( #1415 ), #5967, .T. ) ;
#1362 = VECTOR ( 'NONE', #1573, 1000.000000000000000 ) ;
#1363 = CARTESIAN_POINT ( 'NONE',  ( -1.874999999999999800, 0.1200000000000003300, 0.9499999999999999600 ) ) ;
#1364 = DIRECTION ( 'NONE',  ( 0.0000000000000000000, 0.0000000000000000000, -1.000000000000000000 ) ) ;
#1365 = ORIENTED_EDGE ( 'NONE', *, *, #5925, .F. ) ;
#1366 = LINE ( 'NONE', #690, #869 ) ;
#1367 = CARTESIAN_POINT ( 'NONE',  ( -1.124999999999999800, 0.1200000000000004400, -1.925000000000000300 ) ) ;
#1368 = SURFACE_SIDE_STYLE ('',( #54 ) ) ;
#1369 = DIRECTION ( 'NONE',  ( 0.0000000000000000000, 3.614007241618349300E-016, 1.000000000000000000 ) ) ;
#1370 = DIRECTION ( 'NONE',  ( 0.0000000000000000000, 1.000000000000000000, 0.0000000000000000000 ) ) ;
#1371 = AXIS2_PLACEMENT_3D ( 'NONE', #5070, #3706, #3148 ) ;
#1372 = ORIENTED_EDGE ( 'NONE', *, *, #2584, .T. ) ;
#1373 = CARTESIAN_POINT ( 'NONE',  ( -1.299999999999999800, 2.929236009777593800, -0.5000000000000000000 ) ) ;
#1374 = EDGE_CURVE ( 'NONE', #4964, #349, #2504, .T. ) ;
#1375 = VECTOR ( 'NONE', #6006, 1000.000000000000000 ) ;
#1376 = DIRECTION ( 'NONE',  ( -1.000000000000000000, -0.0000000000000000000, -0.0000000000000000000 ) ) ;
#1377 = EDGE_LOOP ( 'NONE', ( #2896, #3083, #5246, #3045 ) ) ;
#1378 = CARTESIAN_POINT ( 'NONE',  ( 1.424999999999999600, 0.1200000000000004400, 1.249999999999999600 ) ) ;
#1379 = VECTOR ( 'NONE', #1196, 1000.000000000000000 ) ;
#1380 = CYLINDRICAL_SURFACE ( 'NONE', #1514, 0.05000000000000002400 ) ;
#1381 = DIRECTION ( 'NONE',  ( 0.0000000000000000000, -1.000000000000000000, 0.0000000000000000000 ) ) ;
#1382 = AXIS2_PLACEMENT_3D ( 'NONE', #3985, #4000, #266 ) ;
#1383 = CARTESIAN_POINT ( 'NONE',  ( 1.925000000000000700, 0.1950000000000005600, -0.4749999999999998100 ) ) ;
#1384 = ORIENTED_EDGE ( 'NONE', *, *, #420, .F. ) ;
#1385 = ORIENTED_EDGE ( 'NONE', *, *, #1419, .F. ) ;
#1386 = LINE ( 'NONE', #1889, #4910 ) ;
#1387 = DIRECTION ( 'NONE',  ( -0.0000000000000000000, 1.000000000000000000, 0.0000000000000000000 ) ) ;
#1388 = FACE_OUTER_BOUND ( 'NONE', #1329, .T. ) ;
#1389 = EDGE_LOOP ( 'NONE', ( #5173, #1353, #5393, #51 ) ) ;
#1390 = VERTEX_POINT ( 'NONE', #516 ) ;
#1391 = CARTESIAN_POINT ( 'NONE',  ( -1.125000000000000000, 0.1950000000000005600, -0.4749999999999998100 ) ) ;
#1392 = ADVANCED_FACE ( 'NONE', ( #1115 ), #466, .T. ) ;
#1393 = ORIENTED_EDGE ( 'NONE', *, *, #2232, .T. ) ;
#1394 = CYLINDRICAL_SURFACE ( 'NONE', #5197, 0.05000000000000002400 ) ;
#1395 = LINE ( 'NONE', #1788, #3736 ) ;
#1396 = EDGE_CURVE ( 'NONE', #2591, #4650, #1340, .T. ) ;
#1397 = CARTESIAN_POINT ( 'NONE',  ( 0.0000000000000000000, 0.8143291400000000100, 0.0000000000000000000 ) ) ;
#1398 = CARTESIAN_POINT ( 'NONE',  ( 1.875000000000000200, 0.1950000000000005600, -0.4749999999999998100 ) ) ;
#1399 = ORIENTED_EDGE ( 'NONE', *, *, #3704, .T. ) ;
#1400 = LINE ( 'NONE', #4815, #4406 ) ;
#1401 = DIRECTION ( 'NONE',  ( 1.000000000000000000, -0.0000000000000000000, 0.0000000000000000000 ) ) ;
#1402 = ORIENTED_EDGE ( 'NONE', *, *, #1419, .T. ) ;
#1403 = CARTESIAN_POINT ( 'NONE',  ( 1.124999999999999800, 0.1200000000000000900, -1.174999999999999800 ) ) ;
#1404 = VECTOR ( 'NONE', #1718, 1000.000000000000000 ) ;
#1405 = ORIENTED_EDGE ( 'NONE', *, *, #697, .F. ) ;
#1406 = VECTOR ( 'NONE', #1307, 1000.000000000000000 ) ;
#1407 = VERTEX_POINT ( 'NONE', #3758 ) ;
#1408 = CARTESIAN_POINT ( 'NONE',  ( 1.172648133521775300, 1.363205099482563100, -2.345296267043556400 ) ) ;
#1409 = LINE ( 'NONE', #5888, #1622 ) ;
#1410 = AXIS2_PLACEMENT_3D ( 'NONE', #524, #3788, #4657 ) ;
#1411 = CARTESIAN_POINT ( 'NONE',  ( -1.424999999999999600, 0.1950000000000002800, -1.925000000000000300 ) ) ;
#1412 = EDGE_CURVE ( 'NONE', #4622, #3612, #3984, .T. ) ;
#1413 = DIRECTION ( 'NONE',  ( -1.000000000000000000, 0.0000000000000000000, 0.0000000000000000000 ) ) ;
#1414 = ORIENTED_EDGE ( 'NONE', *, *, #4431, .F. ) ;
#1415 = FACE_OUTER_BOUND ( 'NONE', #4771, .T. ) ;
#1416 = VERTEX_POINT ( 'NONE', #3305 ) ;
#1417 = ORIENTED_EDGE ( 'NONE', *, *, #2396, .T. ) ;
#1418 = EDGE_CURVE ( 'NONE', #4424, #36, #186, .T. ) ;
#1419 = EDGE_CURVE ( 'NONE', #1390, #4066, #976, .T. ) ;
#1420 = VECTOR ( 'NONE', #2749, 1000.000000000000000 ) ;
#1421 = ADVANCED_FACE ( 'NONE', ( #5525 ), #4725, .F. ) ;
#1422 = LINE ( 'NONE', #312, #2510 ) ;
#1423 = ORIENTED_EDGE ( 'NONE', *, *, #2350, .T. ) ;
#1424 = ORIENTED_EDGE ( 'NONE', *, *, #4051, .T. ) ;
#1425 = ORIENTED_EDGE ( 'NONE', *, *, #6041, .T. ) ;
#1426 = AXIS2_PLACEMENT_3D ( 'NONE', #2248, #2694, #5537 ) ;
#1427 = VECTOR ( 'NONE', #1945, 1000.000000000000000 ) ;
#1428 = ORIENTED_EDGE ( 'NONE', *, *, #1012, .T. ) ;
#1429 = VECTOR ( 'NONE', #2811, 1000.000000000000000 ) ;
#1430 = CARTESIAN_POINT ( 'NONE',  ( -1.124999999999999800, 0.1950000000000002800, -1.874999999999999800 ) ) ;
#1431 = CARTESIAN_POINT ( 'NONE',  ( 1.350000000000000300, 0.05000000000000000300, 0.4500000000000000100 ) ) ;
#1432 = ORIENTED_EDGE ( 'NONE', *, *, #544, .T. ) ;
#1433 = ORIENTED_EDGE ( 'NONE', *, *, #4718, .T. ) ;
#1434 = ORIENTED_EDGE ( 'NONE', *, *, #5774, .T. ) ;
#1435 = PLANE ( 'NONE',  #5399 ) ;
#1436 = CARTESIAN_POINT ( 'NONE',  ( -1.874999999999999800, 0.4500000000000000100, -1.874999999999999800 ) ) ;
#1437 = FACE_OUTER_BOUND ( 'NONE', #1377, .T. ) ;
#1438 = PLANE ( 'NONE',  #988 ) ;
#1439 = CLOSED_SHELL ( 'NONE', ( #6024, #5027, #2058, #5058, #5210, #3661, #852, #5085, #2279, #4031 ) ) ;
#1440 = ORIENTED_EDGE ( 'NONE', *, *, #3480, .F. ) ;
#1441 = AXIS2_PLACEMENT_3D ( 'NONE', #2600, #256, #273 ) ;
#1442 = CIRCLE ( 'NONE', #4984, 0.05000000000000002400 ) ;
#1443 = DIRECTION ( 'NONE',  ( 1.000000000000000000, 0.0000000000000000000, -0.0000000000000000000 ) ) ;
#1444 = EDGE_LOOP ( 'NONE', ( #3833, #4908, #2959, #2738 ) ) ;
#1445 = CARTESIAN_POINT ( 'NONE',  ( -1.124999999999999800, 0.1950000000000002800, -1.925000000000000300 ) ) ;
#1446 = VECTOR ( 'NONE', #4765, 1000.000000000000000 ) ;
#1447 = EDGE_CURVE ( 'NONE', #4039, #3077, #5232, .T. ) ;
#1448 = EDGE_LOOP ( 'NONE', ( #1726, #1854, #265, #2238 ) ) ;
#1449 = FACE_OUTER_BOUND ( 'NONE', #3845, .T. ) ;
#1450 = DIRECTION ( 'NONE',  ( -0.0000000000000000000, 1.000000000000000000, 0.0000000000000000000 ) ) ;
#1451 = ADVANCED_FACE ( 'NONE', ( #50 ), #5608, .T. ) ;
#1452 = CARTESIAN_POINT ( 'NONE',  ( 1.875000000000000200, 0.1950000000000000900, 0.5499999999999999300 ) ) ;
#1453 = DIRECTION ( 'NONE',  ( -0.0000000000000000000, -1.000000000000000000, -0.0000000000000000000 ) ) ;
#1454 = EDGE_CURVE ( 'NONE', #3928, #1123, #3520, .T. ) ;
#1455 = ORIENTED_EDGE ( 'NONE', *, *, #5775, .F. ) ;
#1456 = EDGE_CURVE ( 'NONE', #5425, #4158, #2289, .T. ) ;
#1457 = LINE ( 'NONE', #1270, #5057 ) ;
#1459 = ORIENTED_EDGE ( 'NONE', *, *, #5563, .F. ) ;
#1458 = DIRECTION ( 'NONE',  ( 0.0000000000000000000, 0.0000000000000000000, 1.000000000000000000 ) ) ;
#1460 = ORIENTED_EDGE ( 'NONE', *, *, #5506, .F. ) ;
#1461 = DIRECTION ( 'NONE',  ( 0.0000000000000000000, -0.0000000000000000000, -1.000000000000000000 ) ) ;
#1462 = ORIENTED_EDGE ( 'NONE', *, *, #2773, .F. ) ;
#1463 = VECTOR ( 'NONE', #1580, 1000.000000000000000 ) ;
#1464 = CYLINDRICAL_SURFACE ( 'NONE', #1663, 0.04999999999999991300 ) ;
#1465 = DIRECTION ( 'NONE',  ( -0.0000000000000000000, -0.0000000000000000000, 1.000000000000000000 ) ) ;
#1466 = ORIENTED_EDGE ( 'NONE', *, *, #2611, .T. ) ;
#1467 = DIRECTION ( 'NONE',  ( 0.0000000000000000000, 0.0000000000000000000, -1.000000000000000000 ) ) ;
#1468 = ORIENTED_EDGE ( 'NONE', *, *, #2735, .F. ) ;
#1469 = VECTOR ( 'NONE', #3840, 1000.000000000000000 ) ;
#1470 = DIRECTION ( 'NONE',  ( 0.0000000000000000000, -1.000000000000000000, 0.0000000000000000000 ) ) ;
#1471 = CARTESIAN_POINT ( 'NONE',  ( -1.424999999999999600, 0.1950000000000002800, -1.874999999999999800 ) ) ;
#1472 = CARTESIAN_POINT ( 'NONE',  ( -1.424999999999999600, 0.1200000000000004400, -1.874999999999999800 ) ) ;
#1473 = EDGE_CURVE ( 'NONE', #4176, #6028, #3907, .T. ) ;
#1474 = VERTEX_POINT ( 'NONE', #4219 ) ;
#1475 =( GEOMETRIC_REPRESENTATION_CONTEXT ( 3 ) GLOBAL_UNCERTAINTY_ASSIGNED_CONTEXT ( ( #3449 ) ) GLOBAL_UNIT_ASSIGNED_CONTEXT ( ( #5404, #2047, #3941 ) ) REPRESENTATION_CONTEXT ( 'NONE', 'WORKASPACE' ) );
#1476 = LINE ( 'NONE', #3608, #3669 ) ;
#1477 = VERTEX_POINT ( 'NONE', #1403 ) ;
#1478 = VECTOR ( 'NONE', #162, 1000.000000000000000 ) ;
#1479 = ADVANCED_FACE ( 'NONE', ( #3019 ), #2787, .F. ) ;
#1480 = CARTESIAN_POINT ( 'NONE',  ( 1.875000000000000200, 0.1200000000000004100, 1.249999999999999800 ) ) ;
#1481 = ORIENTED_EDGE ( 'NONE', *, *, #4245, .T. ) ;
#1482 = VECTOR ( 'NONE', #4259, 1000.000000000000000 ) ;
#1483 = EDGE_LOOP ( 'NONE', ( #1678, #1209, #3633, #4030 ) ) ;
#1484 = AXIS2_PLACEMENT_3D ( 'NONE', #14, #2722, #4688 ) ;
#1485 = DIRECTION ( 'NONE',  ( -0.0000000000000000000, -1.000000000000000000, -0.0000000000000000000 ) ) ;
#1486 = EDGE_CURVE ( 'NONE', #1732, #3672, #1778, .T. ) ;
#1487 = ORIENTED_EDGE ( 'NONE', *, *, #1887, .T. ) ;
#1488 = PLANE ( 'NONE',  #4218 ) ;
#1489 = DIRECTION ( 'NONE',  ( -1.000000000000000000, -0.0000000000000000000, -0.0000000000000000000 ) ) ;
#1490 = CARTESIAN_POINT ( 'NONE',  ( -1.124999999999999800, 0.1950000000000002800, -1.874999999999999800 ) ) ;
#1491 = CARTESIAN_POINT ( 'NONE',  ( 1.925000000000000700, 0.1950000000000001700, -0.7749999999999998000 ) ) ;
#1492 = ORIENTED_EDGE ( 'NONE', *, *, #1785, .T. ) ;
#1493 = EDGE_LOOP ( 'NONE', ( #4478, #4256, #5371, #626 ) ) ;
#1494 = VECTOR ( 'NONE', #3187, 1000.000000000000000 ) ;
#1495 = EDGE_CURVE ( 'NONE', #190, #4964, #5370, .T. ) ;
#1496 = CARTESIAN_POINT ( 'NONE',  ( 1.875000000000000200, 0.1949999999999999500, 0.2500000000000000000 ) ) ;
#1497 = CARTESIAN_POINT ( 'NONE',  ( -1.299999999999998700, 0.05000000000000000300, -0.8500000000000000900 ) ) ;
#1498 = ORIENTED_EDGE ( 'NONE', *, *, #4323, .T. ) ;
#1499 = ORIENTED_EDGE ( 'NONE', *, *, #5659, .T. ) ;
#1500 = FILL_AREA_STYLE_COLOUR ( '', #4249 ) ;
#1501 = CARTESIAN_POINT ( 'NONE',  ( -1.299999999999998700, 0.05000000000000000300, 0.8500000000000000900 ) ) ;
#1502 = LINE ( 'NONE', #1146, #5894 ) ;
#1503 = CARTESIAN_POINT ( 'NONE',  ( 1.424999999999999600, 0.1950000000000002800, -1.925000000000000300 ) ) ;
#1504 = DIRECTION ( 'NONE',  ( 0.0000000000000000000, -1.000000000000000000, 4.969259957225230300E-016 ) ) ;
#1505 = ORIENTED_EDGE ( 'NONE', *, *, #3885, .T. ) ;
#1506 = ORIENTED_EDGE ( 'NONE', *, *, #3770, .F. ) ;
#1507 = EDGE_CURVE ( 'NONE', #2197, #468, #3678, .T. ) ;
#1508 = VECTOR ( 'NONE', #1370, 1000.000000000000000 ) ;
#1509 = DIRECTION ( 'NONE',  ( -1.000000000000000000, -0.0000000000000000000, -0.0000000000000000000 ) ) ;
#1510 = ADVANCED_FACE ( 'NONE', ( #2867 ), #2944, .F. ) ;
#1511 = CARTESIAN_POINT ( 'NONE',  ( -1.124999999999999800, 0.1200000000000004400, -0.4749999999999999200 ) ) ;
#1512 = ORIENTED_EDGE ( 'NONE', *, *, #4949, .F. ) ;
#1513 = LINE ( 'NONE', #1103, #4167 ) ;
#1514 = AXIS2_PLACEMENT_3D ( 'NONE', #890, #471, #2751 ) ;
#1515 = ORIENTED_EDGE ( 'NONE', *, *, #4755, .T. ) ;
#1516 = CARTESIAN_POINT ( 'NONE',  ( 1.424999999999999600, 0.1200000000000004400, -0.4749999999999999200 ) ) ;
#1517 = VECTOR ( 'NONE', #5531, 1000.000000000000000 ) ;
#1518 = CARTESIAN_POINT ( 'NONE',  ( 1.925000000000000700, 0.1200000000000003100, -0.4749999999999998100 ) ) ;
#1519 = CARTESIAN_POINT ( 'NONE',  ( 1.350000000000001200, 0.05000000000000000300, 0.9000000000000003600 ) ) ;
#1520 = VERTEX_POINT ( 'NONE', #5728 ) ;
#1521 = AXIS2_PLACEMENT_3D ( 'NONE', #966, #4267, #3296 ) ;
#1522 = DIRECTION ( 'NONE',  ( -1.000000000000000000, -0.0000000000000000000, -0.0000000000000000000 ) ) ;
#1523 = CIRCLE ( 'NONE', #708, 0.2500000000000000000 ) ;
#1524 = EDGE_CURVE ( 'NONE', #3241, #297, #5812, .T. ) ;
#1525 = ORIENTED_EDGE ( 'NONE', *, *, #2540, .T. ) ;
#1526 = VERTEX_POINT ( 'NONE', #3326 ) ;
#1527 = DIRECTION ( 'NONE',  ( -0.0000000000000000000, -0.0000000000000000000, 1.000000000000000000 ) ) ;
#1528 = PLANE ( 'NONE',  #1544 ) ;
#1529 = VECTOR ( 'NONE', #3417, 1000.000000000000000 ) ;
#1530 = DIRECTION ( 'NONE',  ( 0.0000000000000000000, -1.000000000000000000, 0.0000000000000000000 ) ) ;
#1531 = LINE ( 'NONE', #1578, #2336 ) ;
#1532 = PRODUCT_DEFINITION_FORMATION_WITH_SPECIFIED_SOURCE ( 'ANY', '', #112, .NOT_KNOWN. ) ;
#1533 = PLANE ( 'NONE',  #2925 ) ;
#1534 = EDGE_CURVE ( 'NONE', #4883, #4971, #2366, .T. ) ;
#1535 = EDGE_CURVE ( 'NONE', #40, #4391, #4933, .T. ) ;
#1536 = ORIENTED_EDGE ( 'NONE', *, *, #3969, .T. ) ;
#1537 = VERTEX_POINT ( 'NONE', #3899 ) ;
#1538 = ORIENTED_EDGE ( 'NONE', *, *, #5373, .T. ) ;
#1539 = CIRCLE ( 'NONE', #4251, 1.399999999209379700 ) ;
#1540 = SURFACE_STYLE_FILL_AREA ( #3581 ) ;
#1541 = PLANE ( 'NONE',  #2479 ) ;
#1542 = CARTESIAN_POINT ( 'NONE',  ( 1.350000000000001200, 0.05000000000000000300, 0.9000000000000003600 ) ) ;
#1543 = DIRECTION ( 'NONE',  ( -1.000000000000000000, -0.0000000000000000000, -0.0000000000000000000 ) ) ;
#1544 = AXIS2_PLACEMENT_3D ( 'NONE', #3866, #4875, #4833 ) ;
#1545 = EDGE_LOOP ( 'NONE', ( #324, #2135, #372, #1428 ) ) ;
#1546 = LINE ( 'NONE', #5778, #5514 ) ;
#1547 = VERTEX_POINT ( 'NONE', #4770 ) ;
#1548 = FACE_OUTER_BOUND ( 'NONE', #5464, .T. ) ;
#1549 = DIRECTION ( 'NONE',  ( 0.0000000000000000000, -1.000000000000000000, 0.0000000000000000000 ) ) ;
#1550 = PRESENTATION_LAYER_ASSIGNMENT (  '', '', ( #3868 ) ) ;
#1551 = DIRECTION ( 'NONE',  ( 1.000000000000000000, 0.0000000000000000000, 0.0000000000000000000 ) ) ;
#1552 = LINE ( 'NONE', #3693, #5154 ) ;
#1553 = VERTEX_POINT ( 'NONE', #596 ) ;
#1554 = FACE_OUTER_BOUND ( 'NONE', #548, .T. ) ;
#1555 = DIRECTION ( 'NONE',  ( -0.0000000000000000000, -0.0000000000000000000, 1.000000000000000000 ) ) ;
#1556 = DIRECTION ( 'NONE',  ( 0.0000000000000000000, 0.0000000000000000000, 1.000000000000000000 ) ) ;
#1557 = EDGE_LOOP ( 'NONE', ( #4349, #2970, #4243, #2573 ) ) ;
#1558 = CARTESIAN_POINT ( 'NONE',  ( -1.424999999999999600, 0.1950000000000002800, 0.9500000000000000700 ) ) ;
#1559 = LINE ( 'NONE', #5689, #2642 ) ;
#1560 = CARTESIAN_POINT ( 'NONE',  ( 1.300000000000000700, 0.05000000000000012800, 1.350000000000000100 ) ) ;
#1561 = ORIENTED_EDGE ( 'NONE', *, *, #1534, .F. ) ;
#1562 = FACE_OUTER_BOUND ( 'NONE', #659, .T. ) ;
#1563 = DIRECTION ( 'NONE',  ( 1.000000000000000000, 0.0000000000000000000, -0.0000000000000000000 ) ) ;
#1564 = CIRCLE ( 'NONE', #5579, 0.04999999999999991300 ) ;
#1565 = AXIS2_PLACEMENT_3D ( 'NONE', #2691, #424, #1310 ) ;
#1566 = VERTEX_POINT ( 'NONE', #1067 ) ;
#1567 = EDGE_CURVE ( 'NONE', #482, #4806, #115, .T. ) ;
#1568 = EDGE_CURVE ( 'NONE', #2028, #996, #5951, .T. ) ;
#1569 = EDGE_LOOP ( 'NONE', ( #1466, #5171, #5220, #399 ) ) ;
#1570 = ORIENTED_EDGE ( 'NONE', *, *, #4005, .F. ) ;
#1571 = ADVANCED_FACE ( 'NONE', ( #3298 ), #4374, .F. ) ;
#1572 = CARTESIAN_POINT ( 'NONE',  ( 1.124999999999999800, 0.1950000000000002800, -1.874999999999999800 ) ) ;
#1573 = DIRECTION ( 'NONE',  ( -0.0000000000000000000, -0.0000000000000000000, 1.000000000000000000 ) ) ;
#1574 = VECTOR ( 'NONE', #4670, 1000.000000000000000 ) ;
#1575 = ORIENTED_EDGE ( 'NONE', *, *, #2900, .T. ) ;
#1576 = ORIENTED_EDGE ( 'NONE', *, *, #2701, .T. ) ;
#1577 = LINE ( 'NONE', #5836, #5035 ) ;
#1578 = CARTESIAN_POINT ( 'NONE',  ( 1.875000000000000200, 0.1200000000000004400, 1.249999999999999800 ) ) ;
#1579 = DIRECTION ( 'NONE',  ( -1.000000000000000000, 0.0000000000000000000, 0.0000000000000000000 ) ) ;
#1580 = DIRECTION ( 'NONE',  ( 0.0000000000000000000, 0.0000000000000000000, 1.000000000000000000 ) ) ;
#1581 = ORIENTED_EDGE ( 'NONE', *, *, #1, .F. ) ;
#1582 = ORIENTED_EDGE ( 'NONE', *, *, #420, .T. ) ;
#1583 = FACE_OUTER_BOUND ( 'NONE', #367, .T. ) ;
#1584 = CARTESIAN_POINT ( 'NONE',  ( -1.299999999999999200, 0.05000000000000000300, 1.300000000000000300 ) ) ;
#1585 = EDGE_CURVE ( 'NONE', #668, #1963, #5881, .T. ) ;
#1586 = ORIENTED_EDGE ( 'NONE', *, *, #1847, .T. ) ;
#1587 = LINE ( 'NONE', #443, #4532 ) ;
#1588 = CARTESIAN_POINT ( 'NONE',  ( 1.925000000000000700, 0.1950000000000000900, 0.5499999999999999300 ) ) ;
#1589 = DIRECTION ( 'NONE',  ( 0.0000000000000000000, 0.0000000000000000000, 1.000000000000000000 ) ) ;
#1590 = VERTEX_POINT ( 'NONE', #1480 ) ;
#1591 = VECTOR ( 'NONE', #5890, 1000.000000000000000 ) ;
#1592 = DIRECTION ( 'NONE',  ( 1.000000000000000000, 0.0000000000000000000, -0.0000000000000000000 ) ) ;
#1593 = CARTESIAN_POINT ( 'NONE',  ( -1.424999999999999600, 0.1200000000000004400, 0.9500000000000000700 ) ) ;
#1594 = VERTEX_POINT ( 'NONE', #2923 ) ;
#1595 = ADVANCED_FACE ( 'NONE', ( #2432 ), #1948, .F. ) ;
#1596 = CIRCLE ( 'NONE', #3829, 0.05000000000000002400 ) ;
#1597 = AXIS2_PLACEMENT_3D ( 'NONE', #2025, #4425, #246 ) ;
#1598 = ORIENTED_EDGE ( 'NONE', *, *, #5052, .F. ) ;
#1599 = CARTESIAN_POINT ( 'NONE',  ( 1.424999999999999600, 0.1200000000000004400, 0.9500000000000000700 ) ) ;
#1600 = EDGE_CURVE ( 'NONE', #3105, #1345, #1043, .T. ) ;
#1601 = ORIENTED_EDGE ( 'NONE', *, *, #1486, .T. ) ;
#1602 = LINE ( 'NONE', #4926, #380 ) ;
#1603 = LINE ( 'NONE', #2679, #1831 ) ;
#1604 = DIRECTION ( 'NONE',  ( 0.0000000000000000000, 1.000000000000000000, 0.0000000000000000000 ) ) ;
#1605 = ORIENTED_EDGE ( 'NONE', *, *, #4390, .T. ) ;
#1606 = CARTESIAN_POINT ( 'NONE',  ( 1.300000000000000300, 0.05000000000000000300, 0.4500000000000000100 ) ) ;
#1607 = CARTESIAN_POINT ( 'NONE',  ( -1.299999999999998700, 0.05000000000000000300, 0.8500000000000000900 ) ) ;
#1608 = CARTESIAN_POINT ( 'NONE',  ( 1.424999999999999600, 0.1950000000000002800, -0.4749999999999999200 ) ) ;
#1609 = EDGE_LOOP ( 'NONE', ( #638, #4125, #2727, #5419 ) ) ;
#1610 = LINE ( 'NONE', #4649, #2707 ) ;
#1611 = AXIS2_PLACEMENT_3D ( 'NONE', #530, #4384, #3792 ) ;
#1612 = EDGE_CURVE ( 'NONE', #2204, #4184, #2136, .T. ) ;
#1613 = CARTESIAN_POINT ( 'NONE',  ( -1.424999999999999600, 0.1200000000000004400, -1.874999999999999800 ) ) ;
#1614 = ORIENTED_EDGE ( 'NONE', *, *, #4208, .T. ) ;
#1615 = DIRECTION ( 'NONE',  ( 1.000000000000000000, 0.0000000000000000000, 0.0000000000000000000 ) ) ;
#1616 = DIRECTION ( 'NONE',  ( 0.0000000000000000000, -1.000000000000000000, 0.0000000000000000000 ) ) ;
#1617 = LINE ( 'NONE', #1193, #167 ) ;
#1618 = DIRECTION ( 'NONE',  ( -0.0000000000000000000, -1.000000000000000000, -0.0000000000000000000 ) ) ;
#1619 = DIRECTION ( 'NONE',  ( 1.000000000000000000, 0.0000000000000000000, 0.0000000000000000000 ) ) ;
#1620 = EDGE_CURVE ( 'NONE', #4839, #3025, #1559, .T. ) ;
#1621 = EDGE_LOOP ( 'NONE', ( #2520, #3802, #3405, #5405 ) ) ;
#1622 = VECTOR ( 'NONE', #1709, 1000.000000000000000 ) ;
#1623 = CARTESIAN_POINT ( 'NONE',  ( 1.124999999999999800, 0.1200000000000003100, -0.4749999999999998100 ) ) ;
#1624 = ORIENTED_EDGE ( 'NONE', *, *, #4510, .T. ) ;
#1625 = DIRECTION ( 'NONE',  ( 0.0000000000000000000, -1.000000000000000000, 0.0000000000000000000 ) ) ;
#1626 = VECTOR ( 'NONE', #3738, 1000.000000000000000 ) ;
#1627 = CARTESIAN_POINT ( 'NONE',  ( 1.424999999999999600, 0.1200000000000004400, -1.874999999999999800 ) ) ;
#1628 =( LENGTH_UNIT ( ) NAMED_UNIT ( * ) SI_UNIT ( .MILLI., .METRE. ) );
#1629 = ORIENTED_EDGE ( 'NONE', *, *, #5248, .F. ) ;
#1630 = VERTEX_POINT ( 'NONE', #2865 ) ;
#1631 = DIRECTION ( 'NONE',  ( 0.0000000000000000000, 1.000000000000000000, 0.0000000000000000000 ) ) ;
#1632 = DIRECTION ( 'NONE',  ( 0.0000000000000000000, -0.0000000000000000000, -1.000000000000000000 ) ) ;
#1633 = ORIENTED_EDGE ( 'NONE', *, *, #951, .T. ) ;
#1634 = LINE ( 'NONE', #2329, #1420 ) ;
#1635 = ORIENTED_EDGE ( 'NONE', *, *, #5455, .T. ) ;
#1636 = LINE ( 'NONE', #5533, #1494 ) ;
#1637 = DIRECTION ( 'NONE',  ( -0.0000000000000000000, -0.0000000000000000000, 1.000000000000000000 ) ) ;
#1638 = ORIENTED_EDGE ( 'NONE', *, *, #1473, .F. ) ;
#1639 = VERTEX_POINT ( 'NONE', #3348 ) ;
#1640 = LINE ( 'NONE', #2881, #2809 ) ;
#1641 = CARTESIAN_POINT ( 'NONE',  ( -1.874999999999999800, 0.4500000000000000100, 0.2500000000000000000 ) ) ;
#1642 = EDGE_CURVE ( 'NONE', #5691, #5869, #838, .T. ) ;
#1643 = EDGE_CURVE ( 'NONE', #3301, #2708, #3158, .T. ) ;
#1644 = CARTESIAN_POINT ( 'NONE',  ( 1.124999999999999800, 0.1200000000000004400, -0.7749999999999999100 ) ) ;
#1645 = CARTESIAN_POINT ( 'NONE',  ( -1.299999999999999800, 0.05000000000000000300, 0.4500000000000000100 ) ) ;
#1646 = DIRECTION ( 'NONE',  ( 1.000000000000000000, 0.0000000000000000000, 0.0000000000000000000 ) ) ;
#1647 = ORIENTED_EDGE ( 'NONE', *, *, #5902, .T. ) ;
#1648 = ORIENTED_EDGE ( 'NONE', *, *, #214, .T. ) ;
#1649 = VECTOR ( 'NONE', #5192, 1000.000000000000000 ) ;
#1650 = EDGE_CURVE ( 'NONE', #73, #2181, #5522, .T. ) ;
#1651 = DIRECTION ( 'NONE',  ( -0.0000000000000000000, -0.0000000000000000000, 1.000000000000000000 ) ) ;
#1652 = PLANE ( 'NONE',  #922 ) ;
#1653 = EDGE_LOOP ( 'NONE', ( #538, #1806, #749, #1459 ) ) ;
#1654 = DIRECTION ( 'NONE',  ( 0.0000000000000000000, 0.0000000000000000000, 1.000000000000000000 ) ) ;
#1655 = LINE ( 'NONE', #2801, #216 ) ;
#1656 = ADVANCED_FACE ( 'NONE', ( #3755 ), #288, .T. ) ;
#1657 = DIRECTION ( 'NONE',  ( 0.0000000000000000000, 0.0000000000000000000, -1.000000000000000000 ) ) ;
#1658 = ORIENTED_EDGE ( 'NONE', *, *, #1396, .T. ) ;
#1659 = LINE ( 'NONE', #867, #1007 ) ;
#1660 = CARTESIAN_POINT ( 'NONE',  ( 0.0000000000000000000, 1.629999999999999400, 0.0000000000000000000 ) ) ;
#1661 = CARTESIAN_POINT ( 'NONE',  ( -1.349999999999999000, -0.0000000000000000000, -1.299999999999999800 ) ) ;
#1662 = ADVANCED_FACE ( 'NONE', ( #3293 ), #2560, .F. ) ;
#1663 = AXIS2_PLACEMENT_3D ( 'NONE', #1584, #3964, #5792 ) ;
#1664 = VERTEX_POINT ( 'NONE', #4069 ) ;
#1665 = DIRECTION ( 'NONE',  ( 0.0000000000000000000, -1.000000000000000000, 0.0000000000000000000 ) ) ;
#1666 =( BOUNDED_CURVE ( )  B_SPLINE_CURVE ( 3, ( #3703, #4716, #929, #5595 ),
 .UNSPECIFIED., .F., .F. ) 
 B_SPLINE_CURVE_WITH_KNOTS ( ( 4, 4 ),
 ( 1.570796326794896600, 2.853457908489314100 ),
 .UNSPECIFIED. ) 
 CURVE ( )  GEOMETRIC_REPRESENTATION_ITEM ( )  RATIONAL_B_SPLINE_CURVE ( ( 1.000000000000000000, 0.8675335370894066100, 0.8675335370894066100, 1.000000000000000000 ) ) 
 REPRESENTATION_ITEM ( '' )  );
#1667 = DIRECTION ( 'NONE',  ( -1.000000000000000000, -0.0000000000000000000, -0.0000000000000000000 ) ) ;
#1668 = LINE ( 'NONE', #5400, #5051 ) ;
#1669 = CYLINDRICAL_SURFACE ( 'NONE', #1751, 0.05000000000000002400 ) ;
#1670 = VERTEX_POINT ( 'NONE', #1038 ) ;
#1671 = ORIENTED_EDGE ( 'NONE', *, *, #5190, .F. ) ;
#1672 = VECTOR ( 'NONE', #4962, 1000.000000000000000 ) ;
#1673 = DIRECTION ( 'NONE',  ( 0.0000000000000000000, 0.0000000000000000000, -1.000000000000000000 ) ) ;
#1674 = VECTOR ( 'NONE', #2919, 1000.000000000000000 ) ;
#1675 = DIRECTION ( 'NONE',  ( 0.0000000000000000000, 0.0000000000000000000, -1.000000000000000000 ) ) ;
#1676 = DIRECTION ( 'NONE',  ( 0.0000000000000000000, 0.0000000000000000000, -1.000000000000000000 ) ) ;
#1677 = DIRECTION ( 'NONE',  ( 0.0000000000000000000, 0.0000000000000000000, 1.000000000000000000 ) ) ;
#1678 = ORIENTED_EDGE ( 'NONE', *, *, #120, .T. ) ;
#1679 = CARTESIAN_POINT ( 'NONE',  ( 1.925000000000000700, 0.1200000000000004400, 1.249999999999999800 ) ) ;
#1680 = ORIENTED_EDGE ( 'NONE', *, *, #208, .T. ) ;
#1681 = DIRECTION ( 'NONE',  ( 1.000000000000000000, 0.0000000000000000000, 0.0000000000000000000 ) ) ;
#1682 = ORIENTED_EDGE ( 'NONE', *, *, #5506, .T. ) ;
#1683 = CYLINDRICAL_SURFACE ( 'NONE', #1382, 0.05000000000000007900 ) ;
#1684 = VECTOR ( 'NONE', #4894, 1000.000000000000000 ) ;
#1685 = AXIS2_PLACEMENT_3D ( 'NONE', #4743, #3302, #1930 ) ;
#1686 = EDGE_CURVE ( 'NONE', #3434, #5542, #1409, .T. ) ;
#1687 = EDGE_CURVE ( 'NONE', #3566, #1594, #5440, .T. ) ;
#1688 = VERTEX_POINT ( 'NONE', #3562 ) ;
#1689 = LINE ( 'NONE', #5798, #4269 ) ;
#1690 = CARTESIAN_POINT ( 'NONE',  ( 1.124999999999999800, 0.1950000000000002800, -1.925000000000000300 ) ) ;
#1691 = CARTESIAN_POINT ( 'NONE',  ( 1.300000000000000300, 0.0000000000000000000, 0.4500000000000000100 ) ) ;
#1692 = ORIENTED_EDGE ( 'NONE', *, *, #5696, .F. ) ;
#1693 = VECTOR ( 'NONE', #4129, 1000.000000000000000 ) ;
#1694 = CARTESIAN_POINT ( 'NONE',  ( -1.349999999999999000, 0.05000000000000000300, 0.9000000000000003600 ) ) ;
#1695 = DIRECTION ( 'NONE',  ( 1.000000000000000000, 0.0000000000000000000, 0.0000000000000000000 ) ) ;
#1696 = ADVANCED_FACE ( 'NONE', ( #2363, #764 ), #3653, .F. ) ;
#1697 = DIRECTION ( 'NONE',  ( 0.0000000000000000000, -1.000000000000000000, 0.0000000000000000000 ) ) ;
#1698 = CARTESIAN_POINT ( 'NONE',  ( 0.0000000000000000000, 0.4500000000000000100, 0.0000000000000000000 ) ) ;
#1699 = LINE ( 'NONE', #5854, #1706 ) ;
#1700 = VERTEX_POINT ( 'NONE', #3093 ) ;
#1701 = CARTESIAN_POINT ( 'NONE',  ( 1.300000000000001200, 0.05000000000000000300, -1.300000000000000300 ) ) ;
#1702 = VECTOR ( 'NONE', #2842, 1000.000000000000000 ) ;
#1703 = EDGE_CURVE ( 'NONE', #5900, #1126, #44, .T. ) ;
#1704 = ORIENTED_EDGE ( 'NONE', *, *, #4824, .F. ) ;
#1705 = DIRECTION ( 'NONE',  ( 0.0000000000000000000, 1.000000000000000000, 0.0000000000000000000 ) ) ;
#1706 = VECTOR ( 'NONE', #4527, 1000.000000000000000 ) ;
#1707 = CARTESIAN_POINT ( 'NONE',  ( 1.124999999999999800, 0.1200000000000002200, 0.5499999999999999300 ) ) ;
#1708 = VERTEX_POINT ( 'NONE', #2687 ) ;
#1709 = DIRECTION ( 'NONE',  ( 0.0000000000000000000, -1.000000000000000000, 0.0000000000000000000 ) ) ;
#1710 = VECTOR ( 'NONE', #5165, 1000.000000000000000 ) ;
#1711 = CIRCLE ( 'NONE', #1168, 1.349751633111184300 ) ;
#1712 = EDGE_LOOP ( 'NONE', ( #1979, #1317, #1114, #6037 ) ) ;
#1713 = PLANE ( 'NONE',  #4076 ) ;
#1714 = ORIENTED_EDGE ( 'NONE', *, *, #1205, .F. ) ;
#1715 = ORIENTED_EDGE ( 'NONE', *, *, #4751, .T. ) ;
#1716 = ORIENTED_EDGE ( 'NONE', *, *, #1804, .F. ) ;
#1717 = DIRECTION ( 'NONE',  ( 0.0000000000000000000, -1.000000000000000000, 0.0000000000000000000 ) ) ;
#1718 = DIRECTION ( 'NONE',  ( -1.000000000000000000, 0.0000000000000000000, 0.0000000000000000000 ) ) ;
#1719 = VECTOR ( 'NONE', #991, 1000.000000000000000 ) ;
#1720 = CARTESIAN_POINT ( 'NONE',  ( 1.350000000000000300, 0.0000000000000000000, 0.4500000000000000100 ) ) ;
#1721 = LINE ( 'NONE', #539, #5166 ) ;
#1722 = AXIS2_PLACEMENT_3D ( 'NONE', #5168, #4675, #2857 ) ;
#1723 = DIRECTION ( 'NONE',  ( -1.000000000000000000, -0.0000000000000000000, -0.0000000000000000000 ) ) ;
#1724 = EDGE_CURVE ( 'NONE', #932, #20, #3079, .T. ) ;
#1725 = EDGE_LOOP ( 'NONE', ( #2786, #4335, #5839, #2590, #4481, #290, #4434, #5811 ) ) ;
#1726 = ORIENTED_EDGE ( 'NONE', *, *, #1056, .F. ) ;
#1727 = ORIENTED_EDGE ( 'NONE', *, *, #1346, .F. ) ;
#1728 = VECTOR ( 'NONE', #360, 1000.000000000000000 ) ;
#1729 = DIRECTION ( 'NONE',  ( 1.000000000000000000, 0.0000000000000000000, 0.0000000000000000000 ) ) ;
#1730 = VERTEX_POINT ( 'NONE', #3160 ) ;
#1731 = ADVANCED_FACE ( 'NONE', ( #1554 ), #1775, .F. ) ;
#1732 = VERTEX_POINT ( 'NONE', #5063 ) ;
#1733 = EDGE_CURVE ( 'NONE', #4479, #73, #4569, .T. ) ;
#1734 = VECTOR ( 'NONE', #1413, 1000.000000000000000 ) ;
#1735 = DIRECTION ( 'NONE',  ( 0.0000000000000000000, 0.0000000000000000000, 1.000000000000000000 ) ) ;
#1736 = DIRECTION ( 'NONE',  ( 1.000000000000000000, 0.0000000000000000000, 0.0000000000000000000 ) ) ;
#1737 = VERTEX_POINT ( 'NONE', #2709 ) ;
#1738 = CARTESIAN_POINT ( 'NONE',  ( -1.424999999999999600, 0.1950000000000002800, 1.875000000000000200 ) ) ;
#1739 = VECTOR ( 'NONE', #5753, 1000.000000000000000 ) ;
#1740 = CARTESIAN_POINT ( 'NONE',  ( -1.424999999999999600, 0.1950000000000002800, -1.925000000000000300 ) ) ;
#1741 = CARTESIAN_POINT ( 'NONE',  ( 1.925000000000000700, 0.1949999999999999800, -1.474999999999999600 ) ) ;
#1742 = CARTESIAN_POINT ( 'NONE',  ( -1.299999999999999800, 0.0000000000000000000, -0.5000000000000000000 ) ) ;
#1743 = ORIENTED_EDGE ( 'NONE', *, *, #4762, .T. ) ;
#1744 = FACE_OUTER_BOUND ( 'NONE', #3627, .T. ) ;
#1745 = DIRECTION ( 'NONE',  ( 0.0000000000000000000, 0.0000000000000000000, -1.000000000000000000 ) ) ;
#1746 = ORIENTED_EDGE ( 'NONE', *, *, #1820, .F. ) ;
#1747 = UNCERTAINTY_MEASURE_WITH_UNIT (LENGTH_MEASURE( 1.000000000000000100E-005 ), #3371, 'distance_accuracy_value', 'NONE');
#1748 = DIRECTION ( 'NONE',  ( 0.0000000000000000000, -1.000000000000000000, 0.0000000000000000000 ) ) ;
#1749 = VECTOR ( 'NONE', #3660, 1000.000000000000000 ) ;
#1750 = FACE_OUTER_BOUND ( 'NONE', #4661, .T. ) ;
#1751 = AXIS2_PLACEMENT_3D ( 'NONE', #4557, #5029, #1676 ) ;
#1752 = ORIENTED_EDGE ( 'NONE', *, *, #5884, .F. ) ;
#1753 = VERTEX_POINT ( 'NONE', #823 ) ;
#1754 = VERTEX_POINT ( 'NONE', #844 ) ;
#1755 = LINE ( 'NONE', #2093, #4034 ) ;
#1756 = CARTESIAN_POINT ( 'NONE',  ( 1.875000000000000200, 0.1950000000000003400, -1.174999999999999800 ) ) ;
#1757 = EDGE_LOOP ( 'NONE', ( #4372, #1790, #5458, #3793 ) ) ;
#1758 = DIRECTION ( 'NONE',  ( 0.0000000000000000000, 0.0000000000000000000, 1.000000000000000000 ) ) ;
#1759 = EDGE_CURVE ( 'NONE', #415, #4993, #687, .T. ) ;
#1760 = ADVANCED_FACE ( 'NONE', ( #1773 ), #3140, .T. ) ;
#1761 = ORIENTED_EDGE ( 'NONE', *, *, #1600, .F. ) ;
#1762 = CARTESIAN_POINT ( 'NONE',  ( -1.124999999999999800, 0.1200000000000004400, 1.875000000000000200 ) ) ;
#1763 = VECTOR ( 'NONE', #5731, 1000.000000000000000 ) ;
#1764 = DIRECTION ( 'NONE',  ( 0.0000000000000000000, 0.0000000000000000000, 1.000000000000000000 ) ) ;
#1765 = DIRECTION ( 'NONE',  ( 0.0000000000000000000, 4.517509052022936500E-016, 1.000000000000000000 ) ) ;
#1766 = ORIENTED_EDGE ( 'NONE', *, *, #2434, .T. ) ;
#1767 = LINE ( 'NONE', #3951, #4484 ) ;
#1768 = EDGE_CURVE ( 'NONE', #2830, #4088, #326, .T. ) ;
#1769 = EDGE_CURVE ( 'NONE', #2140, #3308, #4205, .T. ) ;
#1770 = CARTESIAN_POINT ( 'NONE',  ( -1.125000000000000000, 0.1950000000000002800, 1.249999999999999800 ) ) ;
#1771 = DIRECTION ( 'NONE',  ( 0.0000000000000000000, 0.0000000000000000000, -1.000000000000000000 ) ) ;
#1772 = VERTEX_POINT ( 'NONE', #1263 ) ;
#1773 = FACE_OUTER_BOUND ( 'NONE', #5679, .T. ) ;
#1774 = CARTESIAN_POINT ( 'NONE',  ( -1.424999999999999800, 0.1950000000000002800, 1.249999999999999800 ) ) ;
#1775 = PLANE ( 'NONE',  #4542 ) ;
#1776 = PLANE ( 'NONE',  #3413 ) ;
#1777 = VERTEX_POINT ( 'NONE', #3339 ) ;
#1778 = CIRCLE ( 'NONE', #5350, 0.05000000000000002400 ) ;
#1779 = DIRECTION ( 'NONE',  ( 0.0000000000000000000, 0.0000000000000000000, 1.000000000000000000 ) ) ;
#1780 = CARTESIAN_POINT ( 'NONE',  ( -1.299999999999999800, 0.05000000000000000300, 0.5000000000000000000 ) ) ;
#1781 = CARTESIAN_POINT ( 'NONE',  ( 1.875000000000000200, 0.1950000000000001700, -0.7749999999999998000 ) ) ;
#1782 = EDGE_LOOP ( 'NONE', ( #2671, #3733, #5259, #4280 ) ) ;
#1783 = DIRECTION ( 'NONE',  ( -1.000000000000000000, -0.0000000000000000000, -0.0000000000000000000 ) ) ;
#1784 = VERTEX_POINT ( 'NONE', #4292 ) ;
#1785 = EDGE_CURVE ( 'NONE', #4596, #2122, #180, .T. ) ;
#1786 = AXIS2_PLACEMENT_3D ( 'NONE', #1660, #1254, #4929 ) ;
#1787 = ORIENTED_EDGE ( 'NONE', *, *, #3804, .T. ) ;
#1788 = CARTESIAN_POINT ( 'NONE',  ( -1.349999999999999000, 0.05000000000000000300, -0.9000000000000003600 ) ) ;
#1789 = DIRECTION ( 'NONE',  ( -0.0000000000000000000, 0.0000000000000000000, 1.000000000000000000 ) ) ;
#1790 = ORIENTED_EDGE ( 'NONE', *, *, #1921, .F. ) ;
#1791 = ORIENTED_EDGE ( 'NONE', *, *, #5775, .T. ) ;
#1792 = ADVANCED_FACE ( 'NONE', ( #540 ), #2417, .T. ) ;
#1793 = LINE ( 'NONE', #847, #3994 ) ;
#1794 = DIRECTION ( 'NONE',  ( -0.0000000000000000000, -0.0000000000000000000, -1.000000000000000000 ) ) ;
#1795 = PLANE ( 'NONE',  #3447 ) ;
#1796 = EDGE_LOOP ( 'NONE', ( #194, #117, #5316, #1872, #4895, #1143, #179, #4317 ) ) ;
#1797 = ORIENTED_EDGE ( 'NONE', *, *, #375, .T. ) ;
#1798 = ORIENTED_EDGE ( 'NONE', *, *, #3761, .F. ) ;
#1799 = VECTOR ( 'NONE', #1124, 1000.000000000000000 ) ;
#1800 = DIRECTION ( 'NONE',  ( -1.000000000000000000, -0.0000000000000000000, -0.0000000000000000000 ) ) ;
#1801 = ORIENTED_EDGE ( 'NONE', *, *, #4680, .F. ) ;
#1802 = ORIENTED_EDGE ( 'NONE', *, *, #4087, .T. ) ;
#1803 = VECTOR ( 'NONE', #1018, 1000.000000000000000 ) ;
#1804 = EDGE_CURVE ( 'NONE', #3774, #2145, #4410, .T. ) ;
#1805 = CARTESIAN_POINT ( 'NONE',  ( 1.925000000000000700, 0.1949999999999999800, -1.474999999999999600 ) ) ;
#1806 = ORIENTED_EDGE ( 'NONE', *, *, #3851, .T. ) ;
#1807 = LINE ( 'NONE', #2966, #5700 ) ;
#1808 = PLANE ( 'NONE',  #4503 ) ;
#1809 = CARTESIAN_POINT ( 'NONE',  ( -1.874999999999999800, 0.1950000000000002800, 1.875000000000000200 ) ) ;
#1810 = CARTESIAN_POINT ( 'NONE',  ( -1.349751633111184300, 0.9356394288300756700, 1.652969017133524800E-016 ) ) ;
#1811 = EDGE_CURVE ( 'NONE', #2, #2145, #2864, .T. ) ;
#1812 = ORIENTED_EDGE ( 'NONE', *, *, #169, .F. ) ;
#1813 = CARTESIAN_POINT ( 'NONE',  ( 1.875000000000000200, 0.1949999999999999500, 0.2500000000000000000 ) ) ;
#1814 = CARTESIAN_POINT ( 'NONE',  ( -1.299999999999999200, -0.0000000000000000000, -1.300000000000000300 ) ) ;
#1815 = ORIENTED_EDGE ( 'NONE', *, *, #5952, .T. ) ;
#1816 = DIRECTION ( 'NONE',  ( -0.0000000000000000000, -0.0000000000000000000, 1.000000000000000000 ) ) ;
#1817 = FACE_OUTER_BOUND ( 'NONE', #4221, .T. ) ;
#1818 = DIRECTION ( 'NONE',  ( 0.0000000000000000000, -1.000000000000000000, 0.0000000000000000000 ) ) ;
#1819 = ADVANCED_FACE ( 'NONE', ( #5665 ), #4761, .T. ) ;
#1820 = EDGE_CURVE ( 'NONE', #873, #2742, #4713, .T. ) ;
#1821 = ORIENTED_EDGE ( 'NONE', *, *, #4562, .F. ) ;
#1822 = DIRECTION ( 'NONE',  ( 0.0000000000000000000, -1.000000000000000000, 0.0000000000000000000 ) ) ;
#1823 = VERTEX_POINT ( 'NONE', #2357 ) ;
#1824 = VECTOR ( 'NONE', #3938, 1000.000000000000000 ) ;
#1825 = VECTOR ( 'NONE', #119, 1000.000000000000000 ) ;
#1827 = ORIENTED_EDGE ( 'NONE', *, *, #3266, .T. ) ;
#1826 = CARTESIAN_POINT ( 'NONE',  ( -1.299999999999998700, -0.0000000000000000000, -0.8500000000000000900 ) ) ;
#1828 = DIRECTION ( 'NONE',  ( -1.224646799147353500E-016, 0.0000000000000000000, -1.000000000000000000 ) ) ;
#1829 = ORIENTED_EDGE ( 'NONE', *, *, #1029, .T. ) ;
#1830 = FACE_OUTER_BOUND ( 'NONE', #4804, .T. ) ;
#1831 = VECTOR ( 'NONE', #3622, 1000.000000000000000 ) ;
#1832 = CARTESIAN_POINT ( 'NONE',  ( 1.300000000000000700, 2.929236009777593800, -0.8500000000000000900 ) ) ;
#1833 = CARTESIAN_POINT ( 'NONE',  ( 1.124999999999999800, 0.1950000000000001500, 0.9499999999999999600 ) ) ;
#1834 = CARTESIAN_POINT ( 'NONE',  ( 1.350000000000001200, 0.0000000000000000000, 0.9000000000000003600 ) ) ;
#1835 = VERTEX_POINT ( 'NONE', #4252 ) ;
#1836 = LINE ( 'NONE', #3930, #5801 ) ;
#1837 = DIRECTION ( 'NONE',  ( 1.000000000000000000, 0.0000000000000000000, 0.0000000000000000000 ) ) ;
#1838 = AXIS2_PLACEMENT_3D ( 'NONE', #3623, #2704, #1789 ) ;
#1839 = CARTESIAN_POINT ( 'NONE',  ( 1.875000000000000200, 0.1949999999999999800, -1.474999999999999600 ) ) ;
#1840 = EDGE_CURVE ( 'NONE', #4114, #3222, #479, .T. ) ;
#1841 = CARTESIAN_POINT ( 'NONE',  ( 1.875000000000000200, 0.1199999999999999500, -1.474999999999999600 ) ) ;
#1842 = ORIENTED_EDGE ( 'NONE', *, *, #1187, .F. ) ;
#1843 = DIRECTION ( 'NONE',  ( -1.000000000000000000, 0.0000000000000000000, 0.0000000000000000000 ) ) ;
#1844 = LINE ( 'NONE', #851, #1693 ) ;
#1845 = CARTESIAN_POINT ( 'NONE',  ( 0.0000000000000000000, 0.0000000000000000000, -1.874999999999999800 ) ) ;
#1846 = EDGE_CURVE ( 'NONE', #1963, #4726, #2210, .T. ) ;
#1847 = EDGE_CURVE ( 'NONE', #1868, #5033, #2936, .T. ) ;
#1848 = LINE ( 'NONE', #2160, #621 ) ;
#1849 = VERTEX_POINT ( 'NONE', #1121 ) ;
#1850 = VECTOR ( 'NONE', #4103, 1000.000000000000000 ) ;
#1851 = ADVANCED_FACE ( 'NONE', ( #3976 ), #1541, .F. ) ;
#1852 = CARTESIAN_POINT ( 'NONE',  ( 1.424999999999999600, 0.1200000000000004400, 1.875000000000000200 ) ) ;
#1853 = CARTESIAN_POINT ( 'NONE',  ( -1.924999999999999600, 0.4500000000000000100, 1.924999999999999600 ) ) ;
#1854 = ORIENTED_EDGE ( 'NONE', *, *, #3637, .T. ) ;
#1855 = VECTOR ( 'NONE', #1665, 1000.000000000000000 ) ;
#1856 = AXIS2_PLACEMENT_3D ( 'NONE', #783, #1619, #2226 ) ;
#1857 = ORIENTED_EDGE ( 'NONE', *, *, #4774, .F. ) ;
#1858 = CARTESIAN_POINT ( 'NONE',  ( 1.875000000000000200, 0.1200000000000003300, 0.9499999999999999600 ) ) ;
#1859 = FACE_OUTER_BOUND ( 'NONE', #3901, .T. ) ;
#1860 = CARTESIAN_POINT ( 'NONE',  ( -1.424999999999999600, 0.1950000000000002800, 0.5499999999999999300 ) ) ;
#1861 = VERTEX_POINT ( 'NONE', #2939 ) ;
#1862 = LINE ( 'NONE', #5526, #628 ) ;
#1863 = CARTESIAN_POINT ( 'NONE',  ( -1.299999999999999800, 0.05000000000000000300, -0.5000000000000000000 ) ) ;
#1864 = PLANE ( 'NONE',  #2147 ) ;
#1865 = CARTESIAN_POINT ( 'NONE',  ( 1.100000000000003200, 0.0000000000000000000, -0.5000000000000000000 ) ) ;
#1866 = DIRECTION ( 'NONE',  ( 0.0000000000000000000, 0.0000000000000000000, -1.000000000000000000 ) ) ;
#1867 = ORIENTED_EDGE ( 'NONE', *, *, #1686, .T. ) ;
#1868 = VERTEX_POINT ( 'NONE', #1496 ) ;
#1869 = LINE ( 'NONE', #5308, #635 ) ;
#1870 = FACE_OUTER_BOUND ( 'NONE', #4758, .T. ) ;
#1871 = DIRECTION ( 'NONE',  ( 0.0000000000000000000, 0.0000000000000000000, -1.000000000000000000 ) ) ;
#1872 = ORIENTED_EDGE ( 'NONE', *, *, #3637, .F. ) ;
#1873 = ORIENTED_EDGE ( 'NONE', *, *, #4334, .F. ) ;
#1874 = CARTESIAN_POINT ( 'NONE',  ( 1.875000000000000200, 0.1950000000000001500, 0.9499999999999999600 ) ) ;
#1875 = LINE ( 'NONE', #1975, #5619 ) ;
#1876 = DIRECTION ( 'NONE',  ( -0.0000000000000000000, 0.0000000000000000000, 1.000000000000000000 ) ) ;
#1877 = CARTESIAN_POINT ( 'NONE',  ( 1.300000000000001200, 0.0000000000000000000, 0.9000000000000001300 ) ) ;
#1878 = EDGE_LOOP ( 'NONE', ( #3601, #5592, #5430, #1638 ) ) ;
#1879 = VECTOR ( 'NONE', #891, 1000.000000000000000 ) ;
#1880 = CARTESIAN_POINT ( 'NONE',  ( 1.349751633111183400, 0.9356394288300757800, -2.699503266222373500 ) ) ;
#1881 = DIRECTION ( 'NONE',  ( -0.0000000000000000000, 0.0000000000000000000, 1.000000000000000000 ) ) ;
#1882 = CARTESIAN_POINT ( 'NONE',  ( -1.124999999999999800, 0.1950000000000002800, -1.474999999999999600 ) ) ;
#1883 = ADVANCED_FACE ( 'NONE', ( #1919 ), #4844, .F. ) ;
#1884 = PLANE ( 'NONE',  #3510 ) ;
#1885 = ORIENTED_EDGE ( 'NONE', *, *, #2623, .F. ) ;
#1886 = EDGE_CURVE ( 'NONE', #1526, #5565, #3435, .T. ) ;
#1887 = EDGE_CURVE ( 'NONE', #3156, #1315, #4135, .T. ) ;
#1888 = LINE ( 'NONE', #1010, #941 ) ;
#1889 = CARTESIAN_POINT ( 'NONE',  ( 1.350000000000001200, 0.05000000000000000300, 1.299999999999999800 ) ) ;
#1890 = DIRECTION ( 'NONE',  ( -0.0000000000000000000, -0.0000000000000000000, 1.000000000000000000 ) ) ;
#1891 = VERTEX_POINT ( 'NONE', #5267 ) ;
#1892 = DIRECTION ( 'NONE',  ( 1.000000000000000000, 0.0000000000000000000, 0.0000000000000000000 ) ) ;
#1893 = VECTOR ( 'NONE', #381, 1000.000000000000000 ) ;
#1894 = AXIS2_PLACEMENT_3D ( 'NONE', #1383, #481, #3260 ) ;
#1895 = CARTESIAN_POINT ( 'NONE',  ( -1.874999999999999800, 0.0000000000000000000, 0.0000000000000000000 ) ) ;
#1896 = VERTEX_POINT ( 'NONE', #1142 ) ;
#1897 = LINE ( 'NONE', #954, #2766 ) ;
#1898 = CIRCLE ( 'NONE', #1118, 0.04999999999999991300 ) ;
#1899 = EDGE_LOOP ( 'NONE', ( #5131, #3882, #4643, #5571, #2725, #2878, #5822, #3493, #39, #4029, #3030, #4409, #4222, #5123, #4874, #200, #5699, #2403, #2575, #824, #5065, #1460, #3329, #2922, #5186, #1704, #1827, #4330, #4953, #2174, #5745, #701, #2513, #2387, #5920, #2485, #575, #2318, #4419, #5844, #210, #259, #3414, #2957 ) ) ;
#1900 = CARTESIAN_POINT ( 'NONE',  ( 1.925000000000000700, 0.1950000000000005600, -0.4749999999999998100 ) ) ;
#1901 = VERTEX_POINT ( 'NONE', #5876 ) ;
#1902 = VECTOR ( 'NONE', #6020, 1000.000000000000000 ) ;
#1903 = PLANE ( 'NONE',  #89 ) ;
#1904 = CARTESIAN_POINT ( 'NONE',  ( -1.124999999999999800, 0.1950000000000002800, -1.925000000000000300 ) ) ;
#1905 = LINE ( 'NONE', #5922, #4258 ) ;
#1906 = EDGE_CURVE ( 'NONE', #787, #3267, #5156, .T. ) ;
#1907 = AXIS2_PLACEMENT_3D ( 'NONE', #2302, #1504, #598 ) ;
#1908 = ORIENTED_EDGE ( 'NONE', *, *, #3192, .T. ) ;
#1909 = DIRECTION ( 'NONE',  ( 0.0000000000000000000, 0.0000000000000000000, -1.000000000000000000 ) ) ;
#1910 = ORIENTED_EDGE ( 'NONE', *, *, #5958, .F. ) ;
#1911 = VECTOR ( 'NONE', #5043, 1000.000000000000000 ) ;
#1912 = DIRECTION ( 'NONE',  ( -0.0000000000000000000, -1.000000000000000000, -0.0000000000000000000 ) ) ;
#1913 = CARTESIAN_POINT ( 'NONE',  ( -1.299999999999999200, 0.0000000000000000000, 0.9000000000000001300 ) ) ;
#1914 = ADVANCED_FACE ( 'NONE', ( #401 ), #5660, .F. ) ;
#1915 = ORIENTED_EDGE ( 'NONE', *, *, #3131, .T. ) ;
#1916 = DIRECTION ( 'NONE',  ( 0.0000000000000000000, -1.000000000000000000, 0.0000000000000000000 ) ) ;
#1917 = VECTOR ( 'NONE', #1589, 1000.000000000000000 ) ;
#1918 = ORIENTED_EDGE ( 'NONE', *, *, #2471, .F. ) ;
#1919 = FACE_OUTER_BOUND ( 'NONE', #3782, .T. ) ;
#1920 = DIRECTION ( 'NONE',  ( 0.0000000000000000000, 0.0000000000000000000, 1.000000000000000000 ) ) ;
#1921 = EDGE_CURVE ( 'NONE', #1477, #3415, #2717, .T. ) ;
#1922 = EDGE_LOOP ( 'NONE', ( #1013, #383, #4681, #2264 ) ) ;
#1923 = VECTOR ( 'NONE', #5143, 1000.000000000000000 ) ;
#1924 = ORIENTED_EDGE ( 'NONE', *, *, #5199, .F. ) ;
#1925 = AXIS2_PLACEMENT_3D ( 'NONE', #1805, #28, #4211 ) ;
#1926 = DIRECTION ( 'NONE',  ( 0.0000000000000000000, -0.0000000000000000000, -1.000000000000000000 ) ) ;
#1927 = EDGE_CURVE ( 'NONE', #2558, #1849, #5593, .T. ) ;
#1928 = CARTESIAN_POINT ( 'NONE',  ( -1.874999999999999800, 0.1950000000000002800, -1.874999999999999800 ) ) ;
#1929 = ORIENTED_EDGE ( 'NONE', *, *, #2700, .T. ) ;
#1930 = DIRECTION ( 'NONE',  ( -1.000000000000000000, 0.0000000000000000000, 0.0000000000000000000 ) ) ;
#1931 = ORIENTED_EDGE ( 'NONE', *, *, #2501, .F. ) ;
#1932 = VERTEX_POINT ( 'NONE', #5387 ) ;
#1933 = ORIENTED_EDGE ( 'NONE', *, *, #4602, .F. ) ;
#1934 = CIRCLE ( 'NONE', #872, 0.05000000000000002400 ) ;
#1935 = EDGE_CURVE ( 'NONE', #1700, #5401, #903, .T. ) ;
#1936 = ORIENTED_EDGE ( 'NONE', *, *, #2332, .T. ) ;
#1937 = ADVANCED_FACE ( 'NONE', ( #972 ), #3546, .T. ) ;
#1938 = ORIENTED_EDGE ( 'NONE', *, *, #3150, .T. ) ;
#1939 = CARTESIAN_POINT ( 'NONE',  ( 1.350000000000000300, 0.05000000000000012800, 0.4500000000000000100 ) ) ;
#1940 = VECTOR ( 'NONE', #3961, 1000.000000000000000 ) ;
#1941 = ORIENTED_EDGE ( 'NONE', *, *, #3082, .T. ) ;
#1942 = ORIENTED_EDGE ( 'NONE', *, *, #3324, .T. ) ;
#1943 = LINE ( 'NONE', #3768, #1508 ) ;
#1944 = CARTESIAN_POINT ( 'NONE',  ( -1.299999999999998700, 0.05000000000000000300, -0.8500000000000000900 ) ) ;
#1945 = DIRECTION ( 'NONE',  ( 0.0000000000000000000, -4.517509052022937400E-016, -1.000000000000000000 ) ) ;
#1946 = CARTESIAN_POINT ( 'NONE',  ( -1.424999999999999800, 0.1950000000000005600, -0.4749999999999998100 ) ) ;
#1947 = ORIENTED_EDGE ( 'NONE', *, *, #3683, .F. ) ;
#1948 = PLANE ( 'NONE',  #5004 ) ;
#1949 = VECTOR ( 'NONE', #244, 1000.000000000000000 ) ;
#1950 = EDGE_CURVE ( 'NONE', #2983, #1754, #3597, .T. ) ;
#1951 = VERTEX_POINT ( 'NONE', #2142 ) ;
#1952 = FACE_OUTER_BOUND ( 'NONE', #1899, .T. ) ;
#1953 = DIRECTION ( 'NONE',  ( 2.602085213965215100E-014, 0.0000000000000000000, 1.000000000000000000 ) ) ;
#1954 = CARTESIAN_POINT ( 'NONE',  ( 1.300000000000000300, 0.05000000000000000300, 0.4500000000000000100 ) ) ;
#1955 = CARTESIAN_POINT ( 'NONE',  ( 1.100000000000003200, 0.05000000000000000300, -0.5000000000000000000 ) ) ;
#1956 = CARTESIAN_POINT ( 'NONE',  ( 1.300000000000000300, 0.0000000000000000000, 0.4500000000000000100 ) ) ;
#1957 = EDGE_CURVE ( 'NONE', #36, #1171, #4055, .T. ) ;
#1958 = ORIENTED_EDGE ( 'NONE', *, *, #2973, .T. ) ;
#1959 = EDGE_CURVE ( 'NONE', #3190, #2095, #5941, .T. ) ;
#1960 = FACE_OUTER_BOUND ( 'NONE', #320, .T. ) ;
#1961 = CARTESIAN_POINT ( 'NONE',  ( -1.349999999999999000, 0.0000000000000000000, 0.9000000000000003600 ) ) ;
#1963 = VERTEX_POINT ( 'NONE', #1613 ) ;
#1962 = DIRECTION ( 'NONE',  ( -1.000000000000000000, -0.0000000000000000000, -0.0000000000000000000 ) ) ;
#1964 = CARTESIAN_POINT ( 'NONE',  ( -1.874999999999999800, 0.1200000000000004400, 1.249999999999999800 ) ) ;
#1965 = ORIENTED_EDGE ( 'NONE', *, *, #892, .F. ) ;
#1966 = EDGE_CURVE ( 'NONE', #648, #158, #969, .T. ) ;
#1967 = VECTOR ( 'NONE', #1527, 1000.000000000000000 ) ;
#1968 =( NAMED_UNIT ( * ) PLANE_ANGLE_UNIT ( ) SI_UNIT ( $, .RADIAN. ) );
#1969 = VERTEX_POINT ( 'NONE', #1593 ) ;
#1970 = ORIENTED_EDGE ( 'NONE', *, *, #1495, .F. ) ;
#1971 = ORIENTED_EDGE ( 'NONE', *, *, #3353, .T. ) ;
#1972 = FACE_BOUND ( 'NONE', #591, .T. ) ;
#1973 = DIRECTION ( 'NONE',  ( 0.0000000000000000000, 0.0000000000000000000, 1.000000000000000000 ) ) ;
#1974 = CARTESIAN_POINT ( 'NONE',  ( -1.424999999999999600, 0.1950000000000002800, -1.925000000000000300 ) ) ;
#1975 = CARTESIAN_POINT ( 'NONE',  ( 1.875000000000000200, 0.1950000000000001700, -0.7749999999999998000 ) ) ;
#1976 = EDGE_LOOP ( 'NONE', ( #3863, #604, #444, #4297 ) ) ;
#1977 = VECTOR ( 'NONE', #2931, 1000.000000000000000 ) ;
#1978 = DIRECTION ( 'NONE',  ( -1.000000000000000000, 0.0000000000000000000, -0.0000000000000000000 ) ) ;
#1979 = ORIENTED_EDGE ( 'NONE', *, *, #4323, .F. ) ;
#1980 = CARTESIAN_POINT ( 'NONE',  ( 0.04999999999999993300, 1.629999999999999400, 0.0000000000000000000 ) ) ;
#1981 = CARTESIAN_POINT ( 'NONE',  ( 0.0000000000000000000, 0.0000000000000000000, 1.875000000000000200 ) ) ;
#1982 = LINE ( 'NONE', #4306, #757 ) ;
#1983 = CARTESIAN_POINT ( 'NONE',  ( -1.299999999999999800, 2.929236009777593800, 0.5000000000000000000 ) ) ;
#1984 = DIRECTION ( 'NONE',  ( 0.0000000000000000000, -4.969259957225230300E-016, -1.000000000000000000 ) ) ;
#1985 = LINE ( 'NONE', #6010, #5591 ) ;
#1986 = ORIENTED_EDGE ( 'NONE', *, *, #2285, .F. ) ;
#1987 = LINE ( 'NONE', #1075, #5734 ) ;
#1988 = PLANE ( 'NONE',  #4119 ) ;
#1989 = AXIS2_PLACEMENT_3D ( 'NONE', #1397, #1453, #5216 ) ;
#1990 = EDGE_CURVE ( 'NONE', #5233, #2095, #1104, .T. ) ;
#1991 = EDGE_CURVE ( 'NONE', #1315, #5180, #5435, .T. ) ;
#1992 = ORIENTED_EDGE ( 'NONE', *, *, #5810, .F. ) ;
#1993 = LINE ( 'NONE', #3050, #616 ) ;
#1994 = DIRECTION ( 'NONE',  ( 0.0000000000000000000, -1.000000000000000000, 0.0000000000000000000 ) ) ;
#1995 = ADVANCED_FACE ( 'NONE', ( #3428 ), #1652, .F. ) ;
#1996 = CARTESIAN_POINT ( 'NONE',  ( 0.0000000000000000000, 0.8143291419087274100, 0.0000000000000000000 ) ) ;
#1997 = CARTESIAN_POINT ( 'NONE',  ( 1.124999999999999800, 0.1949999999999999500, 0.2500000000000000000 ) ) ;
#1998 = ORIENTED_EDGE ( 'NONE', *, *, #3804, .F. ) ;
#1999 = LINE ( 'NONE', #2669, #1053 ) ;
#2000 = VERTEX_POINT ( 'NONE', #3571 ) ;
#2001 = CIRCLE ( 'NONE', #5883, 0.04999999999999991300 ) ;
#2002 = CARTESIAN_POINT ( 'NONE',  ( 1.124999999999999600, 0.1950000000000003400, 1.875000000000000200 ) ) ;
#2003 = EDGE_CURVE ( 'NONE', #5410, #2550, #4709, .T. ) ;
#2004 = CARTESIAN_POINT ( 'NONE',  ( 1.124999999999999800, 0.1200000000000004400, -1.874999999999999800 ) ) ;
#2005 = DIRECTION ( 'NONE',  ( 0.0000000000000000000, 0.0000000000000000000, 1.000000000000000000 ) ) ;
#2006 = CARTESIAN_POINT ( 'NONE',  ( -1.424999999999999800, 0.1200000000000001600, -0.7749999999999998000 ) ) ;
#2007 = ORIENTED_EDGE ( 'NONE', *, *, #5851, .F. ) ;
#2008 = EDGE_LOOP ( 'NONE', ( #4121, #3732, #1080, #2646 ) ) ;
#2009 = CARTESIAN_POINT ( 'NONE',  ( -1.124999999999999800, 0.1950000000000002800, -1.925000000000000300 ) ) ;
#2010 = VECTOR ( 'NONE', #1081, 1000.000000000000000 ) ;
#2011 = CARTESIAN_POINT ( 'NONE',  ( 1.300000000000001200, 0.05000000000000000300, -0.9000000000000001300 ) ) ;
#2012 = LINE ( 'NONE', #1641, #4514 ) ;
#2013 = FILL_AREA_STYLE_COLOUR ( '', #4678 ) ;
#2014 = ORIENTED_EDGE ( 'NONE', *, *, #3324, .F. ) ;
#2015 = EDGE_LOOP ( 'NONE', ( #2043, #2492, #3425, #1434 ) ) ;
#2016 = EDGE_CURVE ( 'NONE', #1732, #4852, #614, .T. ) ;
#2017 = CARTESIAN_POINT ( 'NONE',  ( 1.124999999999999800, 0.1950000000000003400, -1.174999999999999800 ) ) ;
#2018 = DIRECTION ( 'NONE',  ( 0.0000000000000000000, 0.0000000000000000000, 1.000000000000000000 ) ) ;
#2019 = CARTESIAN_POINT ( 'NONE',  ( 1.424999999999999600, 0.1950000000000002800, -1.874999999999999800 ) ) ;
#2020 = ORIENTED_EDGE ( 'NONE', *, *, #5089, .T. ) ;
#2021 = ORIENTED_EDGE ( 'NONE', *, *, #3372, .F. ) ;
#2022 = VECTOR ( 'NONE', #2312, 1000.000000000000000 ) ;
#2023 = ORIENTED_EDGE ( 'NONE', *, *, #1507, .F. ) ;
#2024 = LINE ( 'NONE', #1322, #5116 ) ;
#2025 = CARTESIAN_POINT ( 'NONE',  ( -1.349999999999999000, 2.929236009777593800, 0.9000000000000003600 ) ) ;
#2026 = CARTESIAN_POINT ( 'NONE',  ( 1.875000000000000200, 0.1200000000000000900, -1.174999999999999800 ) ) ;
#2027 = DIRECTION ( 'NONE',  ( -0.0000000000000000000, -0.0000000000000000000, 1.000000000000000000 ) ) ;
#2028 = VERTEX_POINT ( 'NONE', #343 ) ;
#2029 = LINE ( 'NONE', #788, #803 ) ;
#2030 = CARTESIAN_POINT ( 'NONE',  ( -1.349751633111184300, 0.9356394288300756700, 1.652969017133524800E-016 ) ) ;
#2031 = EDGE_CURVE ( 'NONE', #1730, #1360, #2927, .T. ) ;
#2032 = EDGE_LOOP ( 'NONE', ( #2207, #350, #1119, #4508 ) ) ;
#2033 = DIRECTION ( 'NONE',  ( 0.0000000000000000000, -1.000000000000000000, 0.0000000000000000000 ) ) ;
#2034 = CARTESIAN_POINT ( 'NONE',  ( -1.874999999999999800, 0.1950000000000001500, 0.9499999999999999600 ) ) ;
#2035 = VECTOR ( 'NONE', #6001, 1000.000000000000000 ) ;
#2036 = LINE ( 'NONE', #1946, #5204 ) ;
#2037 = CARTESIAN_POINT ( 'NONE',  ( -1.349999999999999000, -0.0000000000000000000, -0.9000000000000003600 ) ) ;
#2038 = CARTESIAN_POINT ( 'NONE',  ( -1.299999999999999800, 0.05000000000000012800, 0.5000000000000000000 ) ) ;
#2039 = VECTOR ( 'NONE', #5703, 1000.000000000000000 ) ;
#2040 = EDGE_CURVE ( 'NONE', #5954, #415, #4853, .T. ) ;
#2041 = EDGE_CURVE ( 'NONE', #90, #1063, #1844, .T. ) ;
#2042 = VERTEX_POINT ( 'NONE', #1219 ) ;
#2043 = ORIENTED_EDGE ( 'NONE', *, *, #4960, .F. ) ;
#2044 = FACE_OUTER_BOUND ( 'NONE', #5769, .T. ) ;
#2045 = CARTESIAN_POINT ( 'NONE',  ( 1.300000000000000700, -0.0000000000000000000, -0.8500000000000000900 ) ) ;
#2046 = LINE ( 'NONE', #2428, #1825 ) ;
#2047 =( NAMED_UNIT ( * ) PLANE_ANGLE_UNIT ( ) SI_UNIT ( $, .RADIAN. ) );
#2048 = CARTESIAN_POINT ( 'NONE',  ( -1.874999999999999800, 0.1200000000000000900, -1.174999999999999800 ) ) ;
#2049 = CARTESIAN_POINT ( 'NONE',  ( -1.874999999999999800, 0.1949999999999999500, 0.2500000000000000000 ) ) ;
#2050 = CARTESIAN_POINT ( 'NONE',  ( 0.0000000000000000000, 0.6600000000000000300, -1.630969882337201000 ) ) ;
#2051 = FACE_OUTER_BOUND ( 'NONE', #3956, .T. ) ;
#2052 = VECTOR ( 'NONE', #4411, 1000.000000000000000 ) ;
#2053 = DIRECTION ( 'NONE',  ( 0.0000000000000000000, 1.000000000000000000, -0.0000000000000000000 ) ) ;
#2054 = ORIENTED_EDGE ( 'NONE', *, *, #412, .T. ) ;
#2055 = VECTOR ( 'NONE', #2670, 1000.000000000000000 ) ;
#2056 = CARTESIAN_POINT ( 'NONE',  ( 1.875000000000000200, 0.1949999999999999500, 0.2500000000000000000 ) ) ;
#2057 = DIRECTION ( 'NONE',  ( 0.0000000000000000000, 0.0000000000000000000, 1.000000000000000000 ) ) ;
#2058 = ADVANCED_FACE ( 'NONE', ( #475 ), #4109, .T. ) ;
#2059 = CARTESIAN_POINT ( 'NONE',  ( 1.875000000000000200, 0.1949999999999999500, 0.2500000000000000000 ) ) ;
#2060 = VERTEX_POINT ( 'NONE', #3120 ) ;
#2061 = ORIENTED_EDGE ( 'NONE', *, *, #3841, .F. ) ;
#2062 = VECTOR ( 'NONE', #1890, 1000.000000000000000 ) ;
#2063 = DIRECTION ( 'NONE',  ( -1.000000000000000000, -0.0000000000000000000, -0.0000000000000000000 ) ) ;
#2064 = CARTESIAN_POINT ( 'NONE',  ( 1.350000000000000300, 0.0000000000000000000, -0.2500000000000000000 ) ) ;
#2065 = ORIENTED_EDGE ( 'NONE', *, *, #3217, .F. ) ;
#2066 = CARTESIAN_POINT ( 'NONE',  ( 1.124999999999999800, 0.1950000000000005600, -0.4749999999999998100 ) ) ;
#2067 = VECTOR ( 'NONE', #5099, 1000.000000000000000 ) ;
#2068 = CARTESIAN_POINT ( 'NONE',  ( 1.424999999999999600, 0.1949999999999999500, 0.2500000000000000000 ) ) ;
#2069 = EDGE_CURVE ( 'NONE', #3658, #73, #108, .T. ) ;
#2070 = ORIENTED_EDGE ( 'NONE', *, *, #3209, .T. ) ;
#2071 = ORIENTED_EDGE ( 'NONE', *, *, #4045, .F. ) ;
#2072 = VERTEX_POINT ( 'NONE', #4063 ) ;
#2073 = EDGE_CURVE ( 'NONE', #3055, #4777, #2632, .T. ) ;
#2074 = EDGE_CURVE ( 'NONE', #3219, #1052, #3588, .T. ) ;
#2075 = CARTESIAN_POINT ( 'NONE',  ( -1.124999999999999800, 0.1200000000000004400, -1.874999999999999800 ) ) ;
#2076 = EDGE_LOOP ( 'NONE', ( #4792, #3547, #5339, #5024 ) ) ;
#2077 = ORIENTED_EDGE ( 'NONE', *, *, #3935, .F. ) ;
#2078 = DIRECTION ( 'NONE',  ( -0.0000000000000000000, -0.0000000000000000000, 1.000000000000000000 ) ) ;
#2079 = LINE ( 'NONE', #4640, #2300 ) ;
#2080 = PLANE ( 'NONE',  #1325 ) ;
#2081 = ORIENTED_EDGE ( 'NONE', *, *, #5408, .T. ) ;
#2082 = ORIENTED_EDGE ( 'NONE', *, *, #4988, .T. ) ;
#2083 = ORIENTED_EDGE ( 'NONE', *, *, #1069, .F. ) ;
#2084 = EDGE_LOOP ( 'NONE', ( #4440, #990, #2665, #5905 ) ) ;
#2085 = VERTEX_POINT ( 'NONE', #1780 ) ;
#2086 = DIRECTION ( 'NONE',  ( 0.0000000000000000000, 0.0000000000000000000, 1.000000000000000000 ) ) ;
#2087 = CARTESIAN_POINT ( 'NONE',  ( -1.349751633111188700, 0.9356394288300757800, 2.699503266222370800 ) ) ;
#2088 = LINE ( 'NONE', #2180, #4666 ) ;
#2089 = DIRECTION ( 'NONE',  ( 1.000000000000000000, 0.0000000000000000000, 0.0000000000000000000 ) ) ;
#2090 = CARTESIAN_POINT ( 'NONE',  ( 1.300000000000000700, 0.0000000000000000000, 1.350000000000000100 ) ) ;
#2091 = DIRECTION ( 'NONE',  ( -1.000000000000000000, 0.0000000000000000000, 0.0000000000000000000 ) ) ;
#2092 = ADVANCED_FACE ( 'NONE', ( #4564 ), #321, .T. ) ;
#2093 = CARTESIAN_POINT ( 'NONE',  ( -1.299999999999998700, 0.05000000000000012800, -1.350000000000000100 ) ) ;
#2094 = VERTEX_POINT ( 'NONE', #4534 ) ;
#2095 = VERTEX_POINT ( 'NONE', #2185 ) ;
#2096 = LINE ( 'NONE', #507, #3263 ) ;
#2097 = EDGE_CURVE ( 'NONE', #1753, #5972, #2354, .T. ) ;
#2098 = EDGE_LOOP ( 'NONE', ( #703, #1605, #1842, #4773 ) ) ;
#2099 = DIRECTION ( 'NONE',  ( -0.0000000000000000000, -0.0000000000000000000, 1.000000000000000000 ) ) ;
#2100 = DIRECTION ( 'NONE',  ( -1.000000000000000000, 0.0000000000000000000, 0.0000000000000000000 ) ) ;
#2101 = VECTOR ( 'NONE', #1616, 1000.000000000000000 ) ;
#2102 = DIRECTION ( 'NONE',  ( 0.0000000000000000000, -1.000000000000000000, 0.0000000000000000000 ) ) ;
#2103 = PLANE ( 'NONE',  #4163 ) ;
#2104 = DIRECTION ( 'NONE',  ( 0.0000000000000000000, 0.0000000000000000000, -1.000000000000000000 ) ) ;
#2105 = ORIENTED_EDGE ( 'NONE', *, *, #4308, .F. ) ;
#2106 = CARTESIAN_POINT ( 'NONE',  ( 1.875000000000000200, 0.1200000000000002200, 0.5499999999999999300 ) ) ;
#2107 = CARTESIAN_POINT ( 'NONE',  ( 1.875000000000000200, 0.1199999999999999500, -1.474999999999999600 ) ) ;
#2108 = CARTESIAN_POINT ( 'NONE',  ( 1.925000000000000700, 0.1950000000000002800, 1.249999999999999800 ) ) ;
#2109 = CARTESIAN_POINT ( 'NONE',  ( 1.124999999999999800, 0.1200000000000004400, -1.474999999999999600 ) ) ;
#2110 = VERTEX_POINT ( 'NONE', #4086 ) ;
#2111 = PLANE ( 'NONE',  #1597 ) ;
#2112 = FACE_OUTER_BOUND ( 'NONE', #3032, .T. ) ;
#2113 = CARTESIAN_POINT ( 'NONE',  ( -1.299999999999999200, 0.05000000000000000300, -1.300000000000000300 ) ) ;
#2114 = VERTEX_POINT ( 'NONE', #1268 ) ;
#2115 = EDGE_CURVE ( 'NONE', #3111, #2807, #3290, .T. ) ;
#2116 = ORIENTED_EDGE ( 'NONE', *, *, #3886, .T. ) ;
#2117 = CARTESIAN_POINT ( 'NONE',  ( -1.874999999999999800, 0.0000000000000000000, 1.875000000000000200 ) ) ;
#2118 = CARTESIAN_POINT ( 'NONE',  ( -1.424999999999999600, 0.1950000000000002800, 0.2500000000000000000 ) ) ;
#2119 = LINE ( 'NONE', #2183, #5133 ) ;
#2120 = LINE ( 'NONE', #5863, #5134 ) ;
#2121 = ORIENTED_EDGE ( 'NONE', *, *, #2522, .F. ) ;
#2122 = VERTEX_POINT ( 'NONE', #363 ) ;
#2123 = CARTESIAN_POINT ( 'NONE',  ( -1.124999999999999800, 0.1950000000000002800, -1.174999999999999800 ) ) ;
#2124 = VECTOR ( 'NONE', #5018, 1000.000000000000000 ) ;
#2125 = EDGE_CURVE ( 'NONE', #3457, #3111, #5002, .T. ) ;
#2126 = CARTESIAN_POINT ( 'NONE',  ( -1.299999999999999800, 2.929236009777593800, -0.5000000000000000000 ) ) ;
#2127 = ADVANCED_FACE ( 'NONE', ( #1251, #2788, #1548, #3674 ), #3244, .T. ) ;
#2128 = ORIENTED_EDGE ( 'NONE', *, *, #2929, .F. ) ;
#2129 = PLANE ( 'NONE',  #5986 ) ;
#2130 = LINE ( 'NONE', #2466, #1035 ) ;
#2131 = EDGE_CURVE ( 'NONE', #3268, #1700, #3896, .T. ) ;
#2132 = ORIENTED_EDGE ( 'NONE', *, *, #5144, .T. ) ;
#2133 = VECTOR ( 'NONE', #887, 1000.000000000000000 ) ;
#2134 = VECTOR ( 'NONE', #3391, 1000.000000000000000 ) ;
#2135 = ORIENTED_EDGE ( 'NONE', *, *, #4138, .F. ) ;
#2136 = LINE ( 'NONE', #4336, #333 ) ;
#2137 = CARTESIAN_POINT ( 'NONE',  ( 1.424999999999999600, 0.1950000000000002800, 0.5499999999999999300 ) ) ;
#2138 = DIRECTION ( 'NONE',  ( 0.0000000000000000000, 0.0000000000000000000, -1.000000000000000000 ) ) ;
#2139 = AXIS2_PLACEMENT_3D ( 'NONE', #4856, #607, #5281 ) ;
#2140 = VERTEX_POINT ( 'NONE', #3208 ) ;
#2141 = VECTOR ( 'NONE', #4414, 1000.000000000000000 ) ;
#2142 = CARTESIAN_POINT ( 'NONE',  ( -1.299999999999999200, 0.05000000000000012800, -1.350000000000000100 ) ) ;
#2143 = CARTESIAN_POINT ( 'NONE',  ( -1.124999999999999800, 0.1950000000000002800, -1.874999999999999800 ) ) ;
#2144 = CARTESIAN_POINT ( 'NONE',  ( 1.875000000000000200, 0.1950000000000001500, 0.9499999999999999600 ) ) ;
#2145 = VERTEX_POINT ( 'NONE', #3278 ) ;
#2146 = DIRECTION ( 'NONE',  ( -1.000000000000000000, 0.0000000000000000000, 0.0000000000000000000 ) ) ;
#2147 = AXIS2_PLACEMENT_3D ( 'NONE', #2331, #4735, #908 ) ;
#2148 = LINE ( 'NONE', #5652, #336 ) ;
#2149 = ADVANCED_FACE ( 'NONE', ( #2425 ), #2750, .F. ) ;
#2150 = EDGE_CURVE ( 'NONE', #2223, #5620, #6019, .T. ) ;
#2151 = VECTOR ( 'NONE', #1783, 1000.000000000000000 ) ;
#2152 = ORIENTED_EDGE ( 'NONE', *, *, #4996, .T. ) ;
#2153 = VERTEX_POINT ( 'NONE', #3765 ) ;
#2154 = ADVANCED_FACE ( 'NONE', ( #825 ), #5636, .F. ) ;
#2155 = VECTOR ( 'NONE', #1461, 1000.000000000000000 ) ;
#2156 = DIRECTION ( 'NONE',  ( 0.0000000000000000000, 0.0000000000000000000, -1.000000000000000000 ) ) ;
#2157 = EDGE_CURVE ( 'NONE', #1861, #4630, #2493, .T. ) ;
#2158 = EDGE_CURVE ( 'NONE', #1553, #3827, #171, .T. ) ;
#2159 = VECTOR ( 'NONE', #839, 1000.000000000000000 ) ;
#2160 = CARTESIAN_POINT ( 'NONE',  ( 1.925000000000000700, 0.1950000000000001500, 0.9499999999999999600 ) ) ;
#2161 = EDGE_LOOP ( 'NONE', ( #791, #3830, #419, #2081 ) ) ;
#2162 = ORIENTED_EDGE ( 'NONE', *, *, #2808, .F. ) ;
#2163 = VECTOR ( 'NONE', #4439, 1000.000000000000000 ) ;
#2164 = PLANE ( 'NONE',  #566 ) ;
#2165 = VERTEX_POINT ( 'NONE', #3680 ) ;
#2166 = CARTESIAN_POINT ( 'NONE',  ( -1.424999999999999800, 0.1950000000000000900, 0.5499999999999999300 ) ) ;
#2167 = CARTESIAN_POINT ( 'NONE',  ( 1.875000000000000200, 0.1950000000000001500, 0.9499999999999999600 ) ) ;
#2168 = LINE ( 'NONE', #1246, #5554 ) ;
#2169 = CARTESIAN_POINT ( 'NONE',  ( -1.124999999999999800, 0.1200000000000004400, -1.174999999999999800 ) ) ;
#2170 = VERTEX_POINT ( 'NONE', #4613 ) ;
#2171 = PLANE ( 'NONE',  #5135 ) ;
#2172 = DIRECTION ( 'NONE',  ( 0.0000000000000000000, -0.0000000000000000000, -1.000000000000000000 ) ) ;
#2173 = AXIS2_PLACEMENT_3D ( 'NONE', #5100, #1344, #4548 ) ;
#2174 = ORIENTED_EDGE ( 'NONE', *, *, #4355, .F. ) ;
#2175 = DIRECTION ( 'NONE',  ( -1.000000000000000000, 0.0000000000000000000, -0.0000000000000000000 ) ) ;
#2176 = LINE ( 'NONE', #5973, #3270 ) ;
#2177 = ADVANCED_FACE ( 'NONE', ( #249 ), #5079, .F. ) ;
#2178 = LINE ( 'NONE', #983, #5918 ) ;
#2179 = CARTESIAN_POINT ( 'NONE',  ( 1.875000000000000200, 0.1950000000000002800, 1.249999999999999800 ) ) ;
#2180 = CARTESIAN_POINT ( 'NONE',  ( -1.424999999999999800, 0.1950000000000002800, 1.249999999999999800 ) ) ;
#2181 = VERTEX_POINT ( 'NONE', #1882 ) ;
#2182 = VECTOR ( 'NONE', #2355, 1000.000000000000000 ) ;
#2183 = CARTESIAN_POINT ( 'NONE',  ( 1.424999999999999600, 0.1950000000000001700, -0.7749999999999998000 ) ) ;
#2184 = LINE ( 'NONE', #52, #4546 ) ;
#2185 = CARTESIAN_POINT ( 'NONE',  ( 1.424999999999999600, 0.1200000000000004400, -1.474999999999999600 ) ) ;
#2186 = EDGE_CURVE ( 'NONE', #5542, #648, #2566, .T. ) ;
#2187 = ADVANCED_FACE ( 'NONE', ( #4047 ), #1351, .F. ) ;
#2188 = DIRECTION ( 'NONE',  ( 0.0000000000000000000, 0.0000000000000000000, -1.000000000000000000 ) ) ;
#2189 = ORIENTED_EDGE ( 'NONE', *, *, #3172, .F. ) ;
#2190 = CARTESIAN_POINT ( 'NONE',  ( -1.874999999999999800, 0.1200000000000004300, -1.874999999999999800 ) ) ;
#2191 = ORIENTED_EDGE ( 'NONE', *, *, #4680, .T. ) ;
#2192 = CARTESIAN_POINT ( 'NONE',  ( 1.925000000000000700, 0.1950000000000000900, 0.5499999999999999300 ) ) ;
#2193 = LINE ( 'NONE', #2609, #5212 ) ;
#2194 = VECTOR ( 'NONE', #1705, 1000.000000000000000 ) ;
#2195 = EDGE_CURVE ( 'NONE', #1590, #4071, #2283, .T. ) ;
#2196 = EDGE_CURVE ( 'NONE', #2, #1110, #3073, .T. ) ;
#2197 = VERTEX_POINT ( 'NONE', #5084 ) ;
#2198 = CARTESIAN_POINT ( 'NONE',  ( -1.874999999999999800, 0.1950000000000000900, 0.5499999999999999300 ) ) ;
#2199 = VECTOR ( 'NONE', #4318, 1000.000000000000000 ) ;
#2200 = DIRECTION ( 'NONE',  ( 0.0000000000000000000, 1.000000000000000000, 0.0000000000000000000 ) ) ;
#2201 = CARTESIAN_POINT ( 'NONE',  ( 1.350000000000001200, 0.05000000000000012800, -1.299999999999999800 ) ) ;
#2202 = DIRECTION ( 'NONE',  ( -0.0000000000000000000, -0.0000000000000000000, 1.000000000000000000 ) ) ;
#2203 = AXIS2_PLACEMENT_3D ( 'NONE', #2290, #2349, #4697 ) ;
#2204 = VERTEX_POINT ( 'NONE', #85 ) ;
#2205 = DIRECTION ( 'NONE',  ( -0.0000000000000000000, -1.000000000000000000, -0.0000000000000000000 ) ) ;
#2206 = VECTOR ( 'NONE', #2553, 1000.000000000000000 ) ;
#2207 = ORIENTED_EDGE ( 'NONE', *, *, #1950, .T. ) ;
#2208 = DIRECTION ( 'NONE',  ( 1.000000000000000000, 0.0000000000000000000, -0.0000000000000000000 ) ) ;
#2209 = VERTEX_POINT ( 'NONE', #606 ) ;
#2210 = LINE ( 'NONE', #3360, #1112 ) ;
#2211 = EDGE_CURVE ( 'NONE', #42, #3219, #4488, .T. ) ;
#2212 = AXIS2_PLACEMENT_3D ( 'NONE', #3235, #31, #2320 ) ;
#2213 = ORIENTED_EDGE ( 'NONE', *, *, #4960, .T. ) ;
#2214 = DIRECTION ( 'NONE',  ( 0.0000000000000000000, 0.0000000000000000000, -1.000000000000000000 ) ) ;
#2215 = LINE ( 'NONE', #1813, #3760 ) ;
#2216 = ADVANCED_FACE ( 'NONE', ( #3363 ), #3844, .F. ) ;
#2217 = PLANE ( 'NONE',  #555 ) ;
#2218 = ORIENTED_EDGE ( 'NONE', *, *, #6034, .T. ) ;
#2219 = DIRECTION ( 'NONE',  ( 0.0000000000000000000, 0.0000000000000000000, -1.000000000000000000 ) ) ;
#2220 = ORIENTED_EDGE ( 'NONE', *, *, #1135, .T. ) ;
#2221 = CARTESIAN_POINT ( 'NONE',  ( -1.424999999999999600, 0.1950000000000002800, -1.874999999999999800 ) ) ;
#2222 = CARTESIAN_POINT ( 'NONE',  ( 1.925000000000000700, 0.1950000000000000900, 0.5499999999999999300 ) ) ;
#2223 = VERTEX_POINT ( 'NONE', #5736 ) ;
#2224 = ORIENTED_EDGE ( 'NONE', *, *, #2500, .F. ) ;
#2225 = ORIENTED_EDGE ( 'NONE', *, *, #2358, .F. ) ;
#2226 = DIRECTION ( 'NONE',  ( 0.0000000000000000000, 0.0000000000000000000, -1.000000000000000000 ) ) ;
#2227 = CARTESIAN_POINT ( 'NONE',  ( 1.350000000000001200, 0.05000000000000000300, -0.9000000000000003600 ) ) ;
#2228 = VECTOR ( 'NONE', #3336, 1000.000000000000000 ) ;
#2229 = DIRECTION ( 'NONE',  ( -0.0000000000000000000, -4.517509052022937400E-016, -1.000000000000000000 ) ) ;
#2230 = CARTESIAN_POINT ( 'NONE',  ( 1.875000000000000200, 0.1950000000000002800, 1.249999999999999800 ) ) ;
#2231 = ORIENTED_EDGE ( 'NONE', *, *, #1733, .F. ) ;
#2232 = EDGE_CURVE ( 'NONE', #4340, #5108, #1982, .T. ) ;
#2233 = EDGE_LOOP ( 'NONE', ( #4825, #779, #3538, #3458 ) ) ;
#2234 = ORIENTED_EDGE ( 'NONE', *, *, #2650, .T. ) ;
#2235 = VECTOR ( 'NONE', #5737, 1000.000000000000000 ) ;
#2236 = CARTESIAN_POINT ( 'NONE',  ( 1.925000000000000700, 0.1200000000000002200, 0.5499999999999999300 ) ) ;
#2237 = EDGE_LOOP ( 'NONE', ( #5488, #2821, #2231, #3576 ) ) ;
#2238 = ORIENTED_EDGE ( 'NONE', *, *, #4185, .F. ) ;
#2239 = ORIENTED_EDGE ( 'NONE', *, *, #1847, .F. ) ;
#2240 = EDGE_CURVE ( 'NONE', #1070, #5174, #5589, .T. ) ;
#2241 = FACE_OUTER_BOUND ( 'NONE', #3256, .T. ) ;
#2242 = DIRECTION ( 'NONE',  ( 0.0000000000000000000, 0.0000000000000000000, 1.000000000000000000 ) ) ;
#2243 = CARTESIAN_POINT ( 'NONE',  ( -1.299999999999998700, 0.05000000000000012800, -0.8500000000000000900 ) ) ;
#2244 = DIRECTION ( 'NONE',  ( 0.0000000000000000000, 1.000000000000000000, 0.0000000000000000000 ) ) ;
#2245 = EDGE_LOOP ( 'NONE', ( #1575, #1044, #1305, #997 ) ) ;
#2246 = VECTOR ( 'NONE', #3402, 1000.000000000000000 ) ;
#2247 = DIRECTION ( 'NONE',  ( 0.0000000000000000000, -1.000000000000000000, 0.0000000000000000000 ) ) ;
#2248 = CARTESIAN_POINT ( 'NONE',  ( -1.299999999999999200, 0.0000000000000000000, 0.9000000000000001300 ) ) ;
#2249 = ADVANCED_FACE ( 'NONE', ( #899 ), #4326, .T. ) ;
#2250 = EDGE_CURVE ( 'NONE', #3759, #4295, #5584, .T. ) ;
#2251 = ORIENTED_EDGE ( 'NONE', *, *, #2557, .F. ) ;
#2252 = CARTESIAN_POINT ( 'NONE',  ( -1.424999999999999600, 0.1200000000000004400, 1.249999999999999600 ) ) ;
#2253 = PRESENTATION_STYLE_ASSIGNMENT (( #3973 ) ) ;
#2254 = CARTESIAN_POINT ( 'NONE',  ( 1.875000000000000200, 0.1200000000000001100, 0.2500000000000000000 ) ) ;
#2255 = ORIENTED_EDGE ( 'NONE', *, *, #1338, .F. ) ;
#2256 = LINE ( 'NONE', #672, #13 ) ;
#2257 = DIRECTION ( 'NONE',  ( 0.0000000000000000000, 0.0000000000000000000, 1.000000000000000000 ) ) ;
#2258 = AXIS2_PLACEMENT_3D ( 'NONE', #46, #965, #4246 ) ;
#2259 = DIRECTION ( 'NONE',  ( 0.0000000000000000000, 0.0000000000000000000, -1.000000000000000000 ) ) ;
#2260 = VERTEX_POINT ( 'NONE', #4775 ) ;
#2261 = EDGE_LOOP ( 'NONE', ( #5369, #4719, #4033, #2007 ) ) ;
#2262 = LINE ( 'NONE', #770, #1017 ) ;
#2263 = VECTOR ( 'NONE', #3670, 1000.000000000000000 ) ;
#2264 = ORIENTED_EDGE ( 'NONE', *, *, #882, .F. ) ;
#2265 = CARTESIAN_POINT ( 'NONE',  ( 1.350000000000000300, 0.05000000000000012800, -0.2500000000000000600 ) ) ;
#2266 = EDGE_CURVE ( 'NONE', #2060, #6031, #3819, .T. ) ;
#2267 = EDGE_LOOP ( 'NONE', ( #4301, #1159, #5287, #3221 ) ) ;
#2268 = ORIENTED_EDGE ( 'NONE', *, *, #2211, .T. ) ;
#2269 = DIRECTION ( 'NONE',  ( -0.0000000000000000000, 0.0000000000000000000, 1.000000000000000000 ) ) ;
#2270 = FACE_OUTER_BOUND ( 'NONE', #1725, .T. ) ;
#2271 = CARTESIAN_POINT ( 'NONE',  ( -1.424999999999999600, 0.1200000000000004400, -0.4749999999999999200 ) ) ;
#2272 = DIRECTION ( 'NONE',  ( 0.0000000000000000000, -1.000000000000000000, 0.0000000000000000000 ) ) ;
#2273 = VERTEX_POINT ( 'NONE', #2444 ) ;
#2274 = LINE ( 'NONE', #2034, #1977 ) ;
#2275 = EDGE_CURVE ( 'NONE', #4726, #1132, #2559, .T. ) ;
#2276 = EDGE_CURVE ( 'NONE', #317, #4159, #4127, .T. ) ;
#2277 = PLANE ( 'NONE',  #3540 ) ;
#2278 = DIRECTION ( 'NONE',  ( -1.000000000000000000, 0.0000000000000000000, 0.0000000000000000000 ) ) ;
#2279 = ADVANCED_FACE ( 'NONE', ( #3508 ), #3294, .T. ) ;
#2280 = DIRECTION ( 'NONE',  ( -1.000000000000000000, -0.0000000000000000000, -0.0000000000000000000 ) ) ;
#2281 = ORIENTED_EDGE ( 'NONE', *, *, #2125, .T. ) ;
#2282 = DIRECTION ( 'NONE',  ( -0.0000000000000000000, 0.0000000000000000000, 1.000000000000000000 ) ) ;
#2283 = LINE ( 'NONE', #4191, #1336 ) ;
#2284 = CARTESIAN_POINT ( 'NONE',  ( 1.875000000000000200, 0.1950000000000000900, 0.5499999999999999300 ) ) ;
#2285 = EDGE_CURVE ( 'NONE', #2763, #3077, #4779, .T. ) ;
#2286 = CARTESIAN_POINT ( 'NONE',  ( -1.874999999999999800, 0.1200000000000016200, 1.875000000000000400 ) ) ;
#2287 =( GEOMETRIC_REPRESENTATION_CONTEXT ( 3 ) GLOBAL_UNCERTAINTY_ASSIGNED_CONTEXT ( ( #3573 ) ) GLOBAL_UNIT_ASSIGNED_CONTEXT ( ( #470, #3718, #3277 ) ) REPRESENTATION_CONTEXT ( 'NONE', 'WORKASPACE' ) );
#2288 = ORIENTED_EDGE ( 'NONE', *, *, #2275, .T. ) ;
#2289 = LINE ( 'NONE', #940, #547 ) ;
#2290 = CARTESIAN_POINT ( 'NONE',  ( -1.299999999999999200, 0.0000000000000000000, 1.300000000000000300 ) ) ;
#2291 = DIRECTION ( 'NONE',  ( 0.0000000000000000000, 1.000000000000000000, -1.264902534566422200E-015 ) ) ;
#2292 = CARTESIAN_POINT ( 'NONE',  ( -1.299999999999998700, 0.0000000000000000000, 1.350000000000000100 ) ) ;
#2293 = VERTEX_POINT ( 'NONE', #2908 ) ;
#2294 = EDGE_LOOP ( 'NONE', ( #4699, #5885, #3382, #4089 ) ) ;
#2295 = VECTOR ( 'NONE', #400, 1000.000000000000000 ) ;
#2296 = ORIENTED_EDGE ( 'NONE', *, *, #4658, .T. ) ;
#2297 = DIRECTION ( 'NONE',  ( 1.000000000000000000, 0.0000000000000000000, 0.0000000000000000000 ) ) ;
#2298 = PLANE ( 'NONE',  #5809 ) ;
#2299 = VECTOR ( 'NONE', #605, 1000.000000000000000 ) ;
#2300 = VECTOR ( 'NONE', #855, 1000.000000000000000 ) ;
#2301 = DIRECTION ( 'NONE',  ( 0.0000000000000000000, 0.0000000000000000000, 1.000000000000000000 ) ) ;
#2302 = CARTESIAN_POINT ( 'NONE',  ( 1.925000000000000700, 0.1199999999999999500, -1.474999999999999600 ) ) ;
#2303 = ORIENTED_EDGE ( 'NONE', *, *, #4022, .F. ) ;
#2304 = ORIENTED_EDGE ( 'NONE', *, *, #139, .T. ) ;
#2305 = VECTOR ( 'NONE', #3403, 1000.000000000000000 ) ;
#2306 = LINE ( 'NONE', #724, #2451 ) ;
#2307 = CARTESIAN_POINT ( 'NONE',  ( -1.874999999999999800, 0.1200000000000001600, -0.7749999999999998000 ) ) ;
#2308 = CARTESIAN_POINT ( 'NONE',  ( 1.925000000000000700, 0.1949999999999999800, -1.474999999999999600 ) ) ;
#2309 = ORIENTED_EDGE ( 'NONE', *, *, #3121, .T. ) ;
#2310 = ADVANCED_FACE ( 'NONE', ( #2924 ), #4265, .T. ) ;
#2311 = VERTEX_POINT ( 'NONE', #981 ) ;
#2312 = DIRECTION ( 'NONE',  ( 1.000000000000000000, -0.0000000000000000000, -0.0000000000000000000 ) ) ;
#2313 = AXIS2_PLACEMENT_3D ( 'NONE', #4778, #5718, #3869 ) ;
#2314 = LINE ( 'NONE', #91, #1064 ) ;
#2315 = EDGE_CURVE ( 'NONE', #2145, #42, #1330, .T. ) ;
#2316 = EDGE_CURVE ( 'NONE', #317, #4373, #1172, .T. ) ;
#2317 = DIRECTION ( 'NONE',  ( 1.000000000000000000, 0.0000000000000000000, 0.0000000000000000000 ) ) ;
#2318 = ORIENTED_EDGE ( 'NONE', *, *, #2412, .F. ) ;
#2319 = LINE ( 'NONE', #2338, #4603 ) ;
#2320 = DIRECTION ( 'NONE',  ( 0.0000000000000000000, 0.0000000000000000000, 1.000000000000000000 ) ) ;
#2321 = DIRECTION ( 'NONE',  ( -1.000000000000000000, 0.0000000000000000000, 0.0000000000000000000 ) ) ;
#2322 = AXIS2_PLACEMENT_3D ( 'NONE', #2535, #1165, #3027 ) ;
#2323 = ORIENTED_EDGE ( 'NONE', *, *, #5658, .F. ) ;
#2324 = DIRECTION ( 'NONE',  ( 0.0000000000000000000, 1.000000000000000000, 0.0000000000000000000 ) ) ;
#2325 = DIRECTION ( 'NONE',  ( -1.000000000000000000, 0.0000000000000000000, 0.0000000000000000000 ) ) ;
#2326 = FACE_BOUND ( 'NONE', #5702, .T. ) ;
#2327 = ORIENTED_EDGE ( 'NONE', *, *, #289, .T. ) ;
#2328 = VECTOR ( 'NONE', #3004, 1000.000000000000000 ) ;
#2329 = CARTESIAN_POINT ( 'NONE',  ( 1.875000000000000200, 0.1950000000000005600, -0.4749999999999998100 ) ) ;
#2330 = LINE ( 'NONE', #1471, #4686 ) ;
#2331 = CARTESIAN_POINT ( 'NONE',  ( -1.299999999999999800, 0.05000000000000000300, 0.5000000000000000000 ) ) ;
#2332 = EDGE_CURVE ( 'NONE', #354, #482, #3153, .T. ) ;
#2333 = EDGE_LOOP ( 'NONE', ( #5, #2888, #1309, #1801 ) ) ;
#2334 = DIRECTION ( 'NONE',  ( 0.0000000000000000000, 0.0000000000000000000, -1.000000000000000000 ) ) ;
#2335 = LINE ( 'NONE', #2491, #6003 ) ;
#2336 = VECTOR ( 'NONE', #3438, 1000.000000000000000 ) ;
#2337 = CARTESIAN_POINT ( 'NONE',  ( 1.875000000000000200, 0.1200000000000016200, 1.875000000000000400 ) ) ;
#2338 = CARTESIAN_POINT ( 'NONE',  ( -1.125000000000000000, 0.1950000000000001500, 0.9499999999999999600 ) ) ;
#2339 = ORIENTED_EDGE ( 'NONE', *, *, #6040, .F. ) ;
#2340 = ADVANCED_FACE ( 'NONE', ( #3890 ), #5280, .F. ) ;
#2341 = ORIENTED_EDGE ( 'NONE', *, *, #967, .T. ) ;
#2342 = VECTOR ( 'NONE', #5956, 1000.000000000000000 ) ;
#2343 = PLANE ( 'NONE',  #1020 ) ;
#2344 = CARTESIAN_POINT ( 'NONE',  ( 1.925000000000000700, 0.1949999999999999500, 0.2500000000000000000 ) ) ;
#2345 = VERTEX_POINT ( 'NONE', #5675 ) ;
#2346 = LINE ( 'NONE', #3713, #2199 ) ;
#2347 = DIRECTION ( 'NONE',  ( 0.0000000000000000000, -1.000000000000000000, 0.0000000000000000000 ) ) ;
#2348 = AXIS2_PLACEMENT_3D ( 'NONE', #5626, #4214, #1871 ) ;
#2349 = DIRECTION ( 'NONE',  ( 0.0000000000000000000, -1.000000000000000000, 0.0000000000000000000 ) ) ;
#2350 = EDGE_CURVE ( 'NONE', #3086, #3373, #2781, .T. ) ;
#2351 = CARTESIAN_POINT ( 'NONE',  ( -1.299999999999998700, 0.05000000000000000300, -0.8500000000000000900 ) ) ;
#2352 = CARTESIAN_POINT ( 'NONE',  ( -1.349999999999999600, -0.0000000000000000000, -0.4500000000000000100 ) ) ;
#2353 = ORIENTED_EDGE ( 'NONE', *, *, #4170, .F. ) ;
#2354 = LINE ( 'NONE', #3098, #1404 ) ;
#2355 = DIRECTION ( 'NONE',  ( 0.0000000000000000000, 1.000000000000000000, 0.0000000000000000000 ) ) ;
#2356 = EDGE_CURVE ( 'NONE', #3408, #2550, #682, .T. ) ;
#2357 = CARTESIAN_POINT ( 'NONE',  ( 1.124999999999999800, 0.1950000000000002800, -1.174999999999999800 ) ) ;
#2358 = EDGE_CURVE ( 'NONE', #3874, #125, #2274, .T. ) ;
#2359 = VECTOR ( 'NONE', #172, 1000.000000000000000 ) ;
#2360 = ORIENTED_EDGE ( 'NONE', *, *, #2630, .T. ) ;
#2361 = DIRECTION ( 'NONE',  ( 1.000000000000000000, 0.0000000000000000000, -0.0000000000000000000 ) ) ;
#2362 = CARTESIAN_POINT ( 'NONE',  ( -1.424999999999999600, 0.1950000000000002800, -1.874999999999999800 ) ) ;
#2363 = FACE_BOUND ( 'NONE', #883, .T. ) ;
#2364 = DIRECTION ( 'NONE',  ( -1.000000000000000000, 0.0000000000000000000, 0.0000000000000000000 ) ) ;
#2365 = ORIENTED_EDGE ( 'NONE', *, *, #2240, .F. ) ;
#2366 = LINE ( 'NONE', #129, #404 ) ;
#2367 = AXIS2_PLACEMENT_3D ( 'NONE', #3181, #5442, #5485 ) ;
#2368 = ORIENTED_EDGE ( 'NONE', *, *, #5677, .T. ) ;
#2369 = CARTESIAN_POINT ( 'NONE',  ( -1.349751633111189400, 0.9356394288300757800, -2.699503266222370800 ) ) ;
#2370 = LINE ( 'NONE', #1430, #4215 ) ;
#2371 = DIRECTION ( 'NONE',  ( 0.0000000000000000000, -1.000000000000000000, 0.0000000000000000000 ) ) ;
#2372 = ADVANCED_FACE ( 'NONE', ( #2628 ), #1528, .F. ) ;
#2373 = DIRECTION ( 'NONE',  ( 1.000000000000000000, 0.0000000000000000000, 0.0000000000000000000 ) ) ;
#2374 = EDGE_LOOP ( 'NONE', ( #1237, #4139, #3343, #1198 ) ) ;
#2375 = DIRECTION ( 'NONE',  ( 0.0000000000000000000, 1.000000000000000000, 0.0000000000000000000 ) ) ;
#2376 = ORIENTED_EDGE ( 'NONE', *, *, #3821, .F. ) ;
#2377 = ORIENTED_EDGE ( 'NONE', *, *, #5334, .F. ) ;
#2378 = FACE_OUTER_BOUND ( 'NONE', #5915, .T. ) ;
#2379 = AXIS2_PLACEMENT_3D ( 'NONE', #2726, #6012, #5648 ) ;
#2380 = VERTEX_POINT ( 'NONE', #2525 ) ;
#2381 = ORIENTED_EDGE ( 'NONE', *, *, #834, .T. ) ;
#2382 = EDGE_LOOP ( 'NONE', ( #4152, #4958, #1658, #1929 ) ) ;
#2383 = LINE ( 'NONE', #5779, #3461 ) ;
#2384 = DIRECTION ( 'NONE',  ( 0.0000000000000000000, 0.0000000000000000000, 1.000000000000000000 ) ) ;
#2385 = EDGE_CURVE ( 'NONE', #3604, #1063, #2130, .T. ) ;
#2386 = ORIENTED_EDGE ( 'NONE', *, *, #5394, .T. ) ;
#2387 = ORIENTED_EDGE ( 'NONE', *, *, #132, .F. ) ;
#2388 = VECTOR ( 'NONE', #5895, 1000.000000000000000 ) ;
#2389 = CARTESIAN_POINT ( 'NONE',  ( -1.299999999999999200, 0.05000000000000012800, -0.9000000000000001300 ) ) ;
#2390 = DIRECTION ( 'NONE',  ( 0.0000000000000000000, 0.0000000000000000000, 1.000000000000000000 ) ) ;
#2391 = ORIENTED_EDGE ( 'NONE', *, *, #5999, .F. ) ;
#2392 = DIRECTION ( 'NONE',  ( 1.000000000000000000, 0.0000000000000000000, 0.0000000000000000000 ) ) ;
#2393 = CARTESIAN_POINT ( 'NONE',  ( 1.875000000000000200, 0.1200000000000004400, 1.249999999999999800 ) ) ;
#2394 = ORIENTED_EDGE ( 'NONE', *, *, #1759, .F. ) ;
#2395 = EDGE_CURVE ( 'NONE', #1259, #1896, #1546, .T. ) ;
#2396 = EDGE_CURVE ( 'NONE', #2072, #2110, #314, .T. ) ;
#2397 = VECTOR ( 'NONE', #3269, 1000.000000000000000 ) ;
#2398 = VERTEX_POINT ( 'NONE', #4898 ) ;
#2399 = VECTOR ( 'NONE', #4013, 1000.000000000000000 ) ;
#2400 = ADVANCED_FACE ( 'NONE', ( #6014 ), #217, .T. ) ;
#2401 = ORIENTED_EDGE ( 'NONE', *, *, #4619, .F. ) ;
#2402 = DIRECTION ( 'NONE',  ( 0.0000000000000000000, -3.614007241618349300E-016, -1.000000000000000000 ) ) ;
#2403 = ORIENTED_EDGE ( 'NONE', *, *, #2157, .T. ) ;
#2404 = PLANE ( 'NONE',  #5015 ) ;
#2405 = VECTOR ( 'NONE', #542, 1000.000000000000000 ) ;
#2406 = VERTEX_POINT ( 'NONE', #5300 ) ;
#2407 = CARTESIAN_POINT ( 'NONE',  ( -1.299999999999998700, 2.929236009777593800, -0.8500000000000000900 ) ) ;
#2408 = CARTESIAN_POINT ( 'NONE',  ( -1.874999999999999800, 0.1200000000000004300, 1.875000000000000200 ) ) ;
#2409 = LINE ( 'NONE', #3250, #4979 ) ;
#2410 = DIRECTION ( 'NONE',  ( 0.0000000000000000000, -1.000000000000000000, 0.0000000000000000000 ) ) ;
#2411 = FACE_OUTER_BOUND ( 'NONE', #3624, .T. ) ;
#2412 = EDGE_CURVE ( 'NONE', #2934, #1630, #5285, .T. ) ;
#2413 = AXIS2_PLACEMENT_3D ( 'NONE', #251, #3495, #722 ) ;
#2414 = ORIENTED_EDGE ( 'NONE', *, *, #5417, .F. ) ;
#2415 = ORIENTED_EDGE ( 'NONE', *, *, #1169, .F. ) ;
#2416 = LINE ( 'NONE', #3370, #2490 ) ;
#2417 = PLANE ( 'NONE',  #615 ) ;
#2418 = CARTESIAN_POINT ( 'NONE',  ( 1.875000000000000200, 0.1200000000000003300, 0.9499999999999999600 ) ) ;
#2419 = APPLICATION_CONTEXT ( 'automotive_design' ) ;
#2420 = VERTEX_POINT ( 'NONE', #3475 ) ;
#2421 = CARTESIAN_POINT ( 'NONE',  ( 1.424999999999999600, 0.1950000000000002800, -1.925000000000000300 ) ) ;
#2422 = VECTOR ( 'NONE', #3356, 1000.000000000000000 ) ;
#2423 = AXIS2_PLACEMENT_3D ( 'NONE', #5284, #1551, #175 ) ;
#2424 = ORIENTED_EDGE ( 'NONE', *, *, #3579, .F. ) ;
#2425 = FACE_OUTER_BOUND ( 'NONE', #4556, .T. ) ;
#2426 = EDGE_CURVE ( 'NONE', #4302, #4839, #1767, .T. ) ;
#2427 = CARTESIAN_POINT ( 'NONE',  ( 1.424999999999999600, 0.1950000000000002800, 0.5499999999999999300 ) ) ;
#2428 = CARTESIAN_POINT ( 'NONE',  ( 1.424999999999999600, 0.1949999999999999800, -1.474999999999999600 ) ) ;
#2429 = DIRECTION ( 'NONE',  ( -1.000000000000000000, 0.0000000000000000000, 0.0000000000000000000 ) ) ;
#2430 = DIRECTION ( 'NONE',  ( 0.0000000000000000000, -1.000000000000000000, 0.0000000000000000000 ) ) ;
#2431 = ORIENTED_EDGE ( 'NONE', *, *, #4805, .F. ) ;
#2432 = FACE_OUTER_BOUND ( 'NONE', #2261, .T. ) ;
#2433 = ORIENTED_EDGE ( 'NONE', *, *, #2396, .F. ) ;
#2434 = EDGE_CURVE ( 'NONE', #2072, #489, #245, .T. ) ;
#2435 = CARTESIAN_POINT ( 'NONE',  ( -1.424999999999999800, 0.1950000000000000900, 0.5499999999999999300 ) ) ;
#2436 = DIRECTION ( 'NONE',  ( 0.0000000000000000000, 0.0000000000000000000, -1.000000000000000000 ) ) ;
#2437 = VERTEX_POINT ( 'NONE', #2543 ) ;
#2438 = DIRECTION ( 'NONE',  ( 0.0000000000000000000, 0.0000000000000000000, -1.000000000000000000 ) ) ;
#2439 = VERTEX_POINT ( 'NONE', #4343 ) ;
#2440 = VECTOR ( 'NONE', #4342, 1000.000000000000000 ) ;
#2441 = FACE_OUTER_BOUND ( 'NONE', #536, .T. ) ;
#2442 = EDGE_CURVE ( 'NONE', #3922, #5990, #1689, .T. ) ;
#2443 = CARTESIAN_POINT ( 'NONE',  ( 1.424999999999999600, 0.1950000000000002800, -1.874999999999999800 ) ) ;
#2444 = CARTESIAN_POINT ( 'NONE',  ( -1.424999999999999600, 0.1950000000000002800, -1.174999999999999800 ) ) ;
#2445 = ORIENTED_EDGE ( 'NONE', *, *, #4881, .F. ) ;
#2446 = VERTEX_POINT ( 'NONE', #4855 ) ;
#2447 = CARTESIAN_POINT ( 'NONE',  ( -1.874999999999999800, 0.1950000000000001700, -0.7749999999999998000 ) ) ;
#2448 = DIRECTION ( 'NONE',  ( 0.0000000000000000000, 0.0000000000000000000, 1.000000000000000000 ) ) ;
#2449 = LINE ( 'NONE', #5823, #2010 ) ;
#2450 = DIRECTION ( 'NONE',  ( 0.0000000000000000000, 0.0000000000000000000, 1.000000000000000000 ) ) ;
#2451 = VECTOR ( 'NONE', #4008, 1000.000000000000000 ) ;
#2452 = ORIENTED_EDGE ( 'NONE', *, *, #4156, .T. ) ;
#2453 = AXIS2_PLACEMENT_3D ( 'NONE', #4512, #4016, #5493 ) ;
#2454 = DIRECTION ( 'NONE',  ( 0.0000000000000000000, -1.000000000000000000, 0.0000000000000000000 ) ) ;
#2455 = CYLINDRICAL_SURFACE ( 'NONE', #4638, 0.04999999999999991300 ) ;
#2456 = DIRECTION ( 'NONE',  ( 0.0000000000000000000, 0.0000000000000000000, -1.000000000000000000 ) ) ;
#2457 = CARTESIAN_POINT ( 'NONE',  ( 1.300000000000001200, 0.0000000000000000000, 1.300000000000000300 ) ) ;
#2458 = ORIENTED_EDGE ( 'NONE', *, *, #5748, .T. ) ;
#2459 = VECTOR ( 'NONE', #1556, 1000.000000000000000 ) ;
#2460 = AXIS2_PLACEMENT_3D ( 'NONE', #1996, #3847, #3807 ) ;
#2461 = PLANE ( 'NONE',  #1907 ) ;
#2462 = EDGE_CURVE ( 'NONE', #2463, #2311, #1400, .T. ) ;
#2463 = VERTEX_POINT ( 'NONE', #3908 ) ;
#2464 = LINE ( 'NONE', #818, #3047 ) ;
#2465 = DIRECTION ( 'NONE',  ( 1.000000000000000000, 0.0000000000000000000, -0.0000000000000000000 ) ) ;
#2466 = CARTESIAN_POINT ( 'NONE',  ( 1.424999999999999600, 0.1950000000000002800, -1.874999999999999800 ) ) ;
#2467 = CARTESIAN_POINT ( 'NONE',  ( 1.424999999999999600, 0.1950000000000002800, -0.4749999999999997600 ) ) ;
#2468 = DIRECTION ( 'NONE',  ( 1.000000000000000000, 0.0000000000000000000, 0.0000000000000000000 ) ) ;
#2469 = EDGE_CURVE ( 'NONE', #4436, #2140, #394, .T. ) ;
#2470 = ORIENTED_EDGE ( 'NONE', *, *, #4642, .F. ) ;
#2471 = EDGE_CURVE ( 'NONE', #3151, #5233, #4924, .T. ) ;
#2472 = VECTOR ( 'NONE', #4972, 1000.000000000000000 ) ;
#2473 = FACE_BOUND ( 'NONE', #5247, .T. ) ;
#2474 = DIRECTION ( 'NONE',  ( -0.0000000000000000000, 0.0000000000000000000, 1.000000000000000000 ) ) ;
#2475 = DIRECTION ( 'NONE',  ( -0.0000000000000000000, -0.0000000000000000000, 1.000000000000000000 ) ) ;
#2476 = ORIENTED_EDGE ( 'NONE', *, *, #5454, .F. ) ;
#2477 = VECTOR ( 'NONE', #3194, 1000.000000000000000 ) ;
#2478 = VECTOR ( 'NONE', #3380, 1000.000000000000000 ) ;
#2479 = AXIS2_PLACEMENT_3D ( 'NONE', #5802, #1978, #2474 ) ;
#2480 = DIRECTION ( 'NONE',  ( -0.0000000000000000000, 1.000000000000000000, -0.0000000000000000000 ) ) ;
#2481 = ORIENTED_EDGE ( 'NONE', *, *, #2921, .F. ) ;
#2482 = ORIENTED_EDGE ( 'NONE', *, *, #611, .F. ) ;
#2483 = VERTEX_POINT ( 'NONE', #5463 ) ;
#2484 = VECTOR ( 'NONE', #5749, 1000.000000000000000 ) ;
#2485 = ORIENTED_EDGE ( 'NONE', *, *, #834, .F. ) ;
#2486 = ADVANCED_FACE ( 'NONE', ( #3070 ), #5379, .T. ) ;
#2487 = PLANE ( 'NONE',  #1441 ) ;
#2488 = CARTESIAN_POINT ( 'NONE',  ( -1.124999999999999800, 0.1200000000000004400, -1.474999999999999600 ) ) ;
#2489 = ORIENTED_EDGE ( 'NONE', *, *, #27, .F. ) ;
#2490 = VECTOR ( 'NONE', #3694, 1000.000000000000000 ) ;
#2491 = CARTESIAN_POINT ( 'NONE',  ( 1.124999999999999800, 0.1949999999999999800, -1.474999999999999600 ) ) ;
#2492 = ORIENTED_EDGE ( 'NONE', *, *, #3249, .F. ) ;
#2493 = LINE ( 'NONE', #425, #1178 ) ;
#2494 = VERTEX_POINT ( 'NONE', #2137 ) ;
#2495 = EDGE_CURVE ( 'NONE', #1335, #2446, #895, .T. ) ;
#2496 = VECTOR ( 'NONE', #191, 1000.000000000000000 ) ;
#2497 = ORIENTED_EDGE ( 'NONE', *, *, #2385, .F. ) ;
#2498 = VECTOR ( 'NONE', #4272, 1000.000000000000000 ) ;
#2499 = AXIS2_PLACEMENT_3D ( 'NONE', #3364, #2091, #2514 ) ;
#2500 = EDGE_CURVE ( 'NONE', #2085, #2028, #102, .T. ) ;
#2501 = EDGE_CURVE ( 'NONE', #1090, #2989, #1617, .T. ) ;
#2502 = ORIENTED_EDGE ( 'NONE', *, *, #3553, .F. ) ;
#2503 = CARTESIAN_POINT ( 'NONE',  ( -1.874999999999999800, 0.1200000000000000900, -1.174999999999999800 ) ) ;
#2504 = LINE ( 'NONE', #79, #1626 ) ;
#2505 = CARTESIAN_POINT ( 'NONE',  ( 1.124999999999999800, 0.1950000000000002800, -1.925000000000000300 ) ) ;
#2506 = DIRECTION ( 'NONE',  ( 0.0000000000000000000, -1.000000000000000000, 0.0000000000000000000 ) ) ;
#2507 = DIRECTION ( 'NONE',  ( -1.000000000000000000, -0.0000000000000000000, 0.0000000000000000000 ) ) ;
#2508 = EDGE_LOOP ( 'NONE', ( #248, #569, #5708, #1414, #170, #4727, #5532, #848, #1505, #3351, #2884, #4820, #3715, #3880, #4365, #3210, #1365, #5818, #3228, #1752, #5449, #3595, #2401, #234, #4985, #5768, #1714, #3781, #4517, #21, #3773, #263, #3746, #3574, #3175, #5576, #3184, #4978, #2023, #4582, #579, #508, #3494, #2424 ) ) ;
#2509 = VECTOR ( 'NONE', #1470, 1000.000000000000000 ) ;
#2510 = VECTOR ( 'NONE', #3085, 1000.000000000000000 ) ;
#2511 = AXIS2_PLACEMENT_3D ( 'NONE', #4123, #3607, #5017 ) ;
#2512 = CARTESIAN_POINT ( 'NONE',  ( 1.300000000000001200, 0.05000000000000000300, 1.300000000000000300 ) ) ;
#2513 = ORIENTED_EDGE ( 'NONE', *, *, #3192, .F. ) ;
#2514 = DIRECTION ( 'NONE',  ( 0.0000000000000000000, 0.0000000000000000000, 1.000000000000000000 ) ) ;
#2515 = VERTEX_POINT ( 'NONE', #4011 ) ;
#2516 = VERTEX_POINT ( 'NONE', #4528 ) ;
#2517 = VECTOR ( 'NONE', #3640, 1000.000000000000000 ) ;
#2518 = LINE ( 'NONE', #3650, #61 ) ;
#2519 = FILL_AREA_STYLE ('',( #2013 ) ) ;
#2520 = ORIENTED_EDGE ( 'NONE', *, *, #1337, .F. ) ;
#2521 = ORIENTED_EDGE ( 'NONE', *, *, #3813, .F. ) ;
#2522 = EDGE_CURVE ( 'NONE', #756, #926, #610, .T. ) ;
#2523 = VECTOR ( 'NONE', #3117, 1000.000000000000000 ) ;
#2524 = AXIS2_PLACEMENT_3D ( 'NONE', #457, #1458, #2361 ) ;
#2525 = CARTESIAN_POINT ( 'NONE',  ( -1.124999999999999800, 0.1950000000000002800, -1.174999999999999800 ) ) ;
#2526 = CARTESIAN_POINT ( 'NONE',  ( -1.125000000000000000, 0.1950000000000001500, 0.9499999999999999600 ) ) ;
#2527 = ORIENTED_EDGE ( 'NONE', *, *, #1686, .F. ) ;
#2528 = EDGE_LOOP ( 'NONE', ( #5678, #1298, #3752, #5359, #1933 ) ) ;
#2529 = VECTOR ( 'NONE', #154, 1000.000000000000000 ) ;
#2530 = CARTESIAN_POINT ( 'NONE',  ( -1.299999999999998700, -0.0000000000000000000, -0.8500000000000000900 ) ) ;
#2531 = VERTEX_POINT ( 'NONE', #5420 ) ;
#2532 = CARTESIAN_POINT ( 'NONE',  ( 1.124999999999999600, 0.4500000000000000100, -1.874999999999999800 ) ) ;
#2533 = LINE ( 'NONE', #4742, #1299 ) ;
#2534 = DIRECTION ( 'NONE',  ( -1.000000000000000000, -0.0000000000000000000, -0.0000000000000000000 ) ) ;
#2535 = CARTESIAN_POINT ( 'NONE',  ( 1.300000000000001200, 0.0000000000000000000, -0.9000000000000001300 ) ) ;
#2536 = ORIENTED_EDGE ( 'NONE', *, *, #5622, .T. ) ;
#2537 = AXIS2_PLACEMENT_3D ( 'NONE', #1981, #5236, #3342 ) ;
#2538 = LINE ( 'NONE', #1158, #1379 ) ;
#2539 = DIRECTION ( 'NONE',  ( 0.0000000000000000000, 0.0000000000000000000, 1.000000000000000000 ) ) ;
#2540 = EDGE_CURVE ( 'NONE', #4622, #1416, #2859, .T. ) ;
#2541 = ORIENTED_EDGE ( 'NONE', *, *, #1650, .T. ) ;
#2542 = CARTESIAN_POINT ( 'NONE',  ( 0.0000000000000000000, 1.629999999999999400, 0.0000000000000000000 ) ) ;
#2543 = CARTESIAN_POINT ( 'NONE',  ( -1.299999999999999800, 0.05000000000000012800, -0.5000000000000000000 ) ) ;
#2544 = ADVANCED_FACE ( 'NONE', ( #5360 ), #4998, .F. ) ;
#2545 = CARTESIAN_POINT ( 'NONE',  ( -1.874999999999999800, 0.1949999999999999500, 0.2500000000000000000 ) ) ;
#2546 = LINE ( 'NONE', #2143, #1157 ) ;
#2547 = DIRECTION ( 'NONE',  ( -1.000000000000000000, 0.0000000000000000000, 0.0000000000000000000 ) ) ;
#2548 = AXIS2_PLACEMENT_3D ( 'NONE', #161, #629, #1909 ) ;
#2549 = EDGE_CURVE ( 'NONE', #3967, #5012, #1476, .T. ) ;
#2550 = VERTEX_POINT ( 'NONE', #5992 ) ;
#2551 = ORIENTED_EDGE ( 'NONE', *, *, #3309, .T. ) ;
#2552 = FACE_OUTER_BOUND ( 'NONE', #1483, .T. ) ;
#2553 = DIRECTION ( 'NONE',  ( -1.000000000000000000, -0.0000000000000000000, -0.0000000000000000000 ) ) ;
#2554 = VERTEX_POINT ( 'NONE', #2201 ) ;
#2555 = ORIENTED_EDGE ( 'NONE', *, *, #3177, .F. ) ;
#2556 = LINE ( 'NONE', #2344, #1763 ) ;
#2557 = EDGE_CURVE ( 'NONE', #4159, #5193, #3968, .T. ) ;
#2558 = VERTEX_POINT ( 'NONE', #6011 ) ;
#2559 = LINE ( 'NONE', #3375, #2422 ) ;
#2560 = PLANE ( 'NONE',  #1856 ) ;
#2561 = MANIFOLD_SOLID_BREP ( 'Cathode Pin', #5639 ) ;
#2562 = DIRECTION ( 'NONE',  ( -1.000000000000000000, 0.0000000000000000000, 0.0000000000000000000 ) ) ;
#2563 = AXIS2_PLACEMENT_3D ( 'NONE', #5560, #4636, #3681 ) ;
#2564 = CARTESIAN_POINT ( 'NONE',  ( -1.124999999999999800, 0.1950000000000002800, -1.925000000000000300 ) ) ;
#2565 = ORIENTED_EDGE ( 'NONE', *, *, #5476, .T. ) ;
#2566 = LINE ( 'NONE', #4169, #4782 ) ;
#2567 = CARTESIAN_POINT ( 'NONE',  ( -1.924999999999999600, 0.4500000000000000100, -1.925000000000000500 ) ) ;
#2568 = DIRECTION ( 'NONE',  ( -1.000000000000000000, -0.0000000000000000000, -0.0000000000000000000 ) ) ;
#2569 = DIRECTION ( 'NONE',  ( 0.0000000000000000000, -1.000000000000000000, 0.0000000000000000000 ) ) ;
#2570 = ORIENTED_EDGE ( 'NONE', *, *, #231, .T. ) ;
#2571 = VECTOR ( 'NONE', #3836, 1000.000000000000000 ) ;
#2572 = AXIS2_PLACEMENT_3D ( 'NONE', #5368, #2005, #3463 ) ;
#2573 = ORIENTED_EDGE ( 'NONE', *, *, #250, .F. ) ;
#2574 = ORIENTED_EDGE ( 'NONE', *, *, #3033, .F. ) ;
#2575 = ORIENTED_EDGE ( 'NONE', *, *, #169, .T. ) ;
#2576 = EDGE_CURVE ( 'NONE', #1753, #5251, #5074, .T. ) ;
#2577 = EDGE_CURVE ( 'NONE', #1547, #4766, #97, .T. ) ;
#2578 = DIRECTION ( 'NONE',  ( -1.000000000000000000, 0.0000000000000000000, 0.0000000000000000000 ) ) ;
#2579 = LINE ( 'NONE', #3264, #2440 ) ;
#2580 = ORIENTED_EDGE ( 'NONE', *, *, #5304, .T. ) ;
#2581 = VECTOR ( 'NONE', #391, 1000.000000000000000 ) ;
#2582 = CARTESIAN_POINT ( 'NONE',  ( -1.874999999999999800, 0.1200000000000003000, 0.9499999999999999600 ) ) ;
#2583 = ORIENTED_EDGE ( 'NONE', *, *, #4760, .T. ) ;
#2584 = EDGE_CURVE ( 'NONE', #1126, #812, #5505, .T. ) ;
#2585 = ORIENTED_EDGE ( 'NONE', *, *, #3033, .T. ) ;
#2586 = CARTESIAN_POINT ( 'NONE',  ( 0.6732431816118361600, 1.629999999999999200, 0.0000000000000000000 ) ) ;
#2587 = LINE ( 'NONE', #2589, #3697 ) ;
#2588 = DIRECTION ( 'NONE',  ( -0.0000000000000000000, -1.000000000000000000, -0.0000000000000000000 ) ) ;
#2589 = CARTESIAN_POINT ( 'NONE',  ( 1.350000000000001200, 2.929236009777593800, -0.9000000000000003600 ) ) ;
#2590 = ORIENTED_EDGE ( 'NONE', *, *, #5072, .T. ) ;
#2591 = VERTEX_POINT ( 'NONE', #5484 ) ;
#2592 = LINE ( 'NONE', #5949, #1362 ) ;
#2593 = CARTESIAN_POINT ( 'NONE',  ( -1.349999999999999000, 2.929236009777593800, -1.299999999999999800 ) ) ;
#2594 = CARTESIAN_POINT ( 'NONE',  ( 1.875000000000000200, 0.1950000000000002800, 1.249999999999999800 ) ) ;
#2595 = ORIENTED_EDGE ( 'NONE', *, *, #4444, .T. ) ;
#2596 = AXIS2_PLACEMENT_3D ( 'NONE', #3159, #357, #842 ) ;
#2597 = LINE ( 'NONE', #5288, #3550 ) ;
#2598 = PLANE ( 'NONE',  #653 ) ;
#2599 = ADVANCED_FACE ( 'NONE', ( #3664 ), #3585, .T. ) ;
#2600 = CARTESIAN_POINT ( 'NONE',  ( -1.874999999999999800, 0.0000000000000000000, 0.0000000000000000000 ) ) ;
#2601 = ORIENTED_EDGE ( 'NONE', *, *, #3667, .T. ) ;
#2602 = FACE_BOUND ( 'NONE', #1545, .T. ) ;
#2603 = ADVANCED_FACE ( 'NONE', ( #677 ), #3675, .T. ) ;
#2604 = PLANE ( 'NONE',  #3080 ) ;
#2605 = EDGE_LOOP ( 'NONE', ( #5921, #2303, #840, #564 ) ) ;
#2606 = CARTESIAN_POINT ( 'NONE',  ( 1.300000000000000300, 0.05000000000000000300, 0.4500000000000000100 ) ) ;
#2607 = LINE ( 'NONE', #705, #2472 ) ;
#2608 = VECTOR ( 'NONE', #1292, 1000.000000000000000 ) ;
#2609 = CARTESIAN_POINT ( 'NONE',  ( -1.424999999999999800, 0.1950000000000003400, -1.174999999999999800 ) ) ;
#2610 = ORIENTED_EDGE ( 'NONE', *, *, #3334, .T. ) ;
#2611 = EDGE_CURVE ( 'NONE', #4311, #3827, #4262, .T. ) ;
#2612 = VERTEX_POINT ( 'NONE', #4570 ) ;
#2613 = EDGE_CURVE ( 'NONE', #4436, #3916, #5069, .T. ) ;
#2614 = FILL_AREA_STYLE_COLOUR ( '', #4036 ) ;
#2615 = VECTOR ( 'NONE', #2713, 1000.000000000000000 ) ;
#2616 = CARTESIAN_POINT ( 'NONE',  ( -1.299999999999998700, -0.0000000000000000000, -0.8500000000000000900 ) ) ;
#2617 = ORIENTED_EDGE ( 'NONE', *, *, #3554, .F. ) ;
#2618 = ORIENTED_EDGE ( 'NONE', *, *, #3395, .F. ) ;
#2619 = ORIENTED_EDGE ( 'NONE', *, *, #989, .F. ) ;
#2620 = LINE ( 'NONE', #2443, #41 ) ;
#2621 = DIRECTION ( 'NONE',  ( -1.000000000000000000, 0.0000000000000000000, 0.0000000000000000000 ) ) ;
#2622 = VECTOR ( 'NONE', #1300, 1000.000000000000000 ) ;
#2623 = EDGE_CURVE ( 'NONE', #640, #2806, #4480, .T. ) ;
#2624 = CARTESIAN_POINT ( 'NONE',  ( 1.875000000000000200, 0.1200000000000014500, 1.875000000000000400 ) ) ;
#2625 = ORIENTED_EDGE ( 'NONE', *, *, #4717, .F. ) ;
#2626 = PLANE ( 'NONE',  #3711 ) ;
#2627 = DIRECTION ( 'NONE',  ( 0.0000000000000000000, -1.000000000000000000, 0.0000000000000000000 ) ) ;
#2628 = FACE_OUTER_BOUND ( 'NONE', #4130, .T. ) ;
#2629 = DIRECTION ( 'NONE',  ( 0.0000000000000000000, 0.0000000000000000000, 1.000000000000000000 ) ) ;
#2630 = EDGE_CURVE ( 'NONE', #2406, #3268, #1097, .T. ) ;
#2631 = EDGE_LOOP ( 'NONE', ( #1009, #461, #5139, #5551 ) ) ;
#2632 = LINE ( 'NONE', #5979, #4928 ) ;
#2633 = CARTESIAN_POINT ( 'NONE',  ( 1.124999999999999800, 0.1950000000000002800, -1.925000000000000300 ) ) ;
#2634 = ORIENTED_EDGE ( 'NONE', *, *, #1768, .F. ) ;
#2635 = ADVANCED_FACE ( 'NONE', ( #1026 ), #1795, .F. ) ;
#2636 = DIRECTION ( 'NONE',  ( 0.0000000000000000000, 0.0000000000000000000, 1.000000000000000000 ) ) ;
#2637 = LINE ( 'NONE', #1363, #1406 ) ;
#2638 = ORIENTED_EDGE ( 'NONE', *, *, #4287, .F. ) ;
#2639 = VECTOR ( 'NONE', #3939, 1000.000000000000000 ) ;
#2640 = CARTESIAN_POINT ( 'NONE',  ( -1.424999999999999600, 0.1200000000000004400, 1.875000000000000200 ) ) ;
#2641 = VERTEX_POINT ( 'NONE', #2243 ) ;
#2642 = VECTOR ( 'NONE', #5241, 1000.000000000000000 ) ;
#2643 = DIRECTION ( 'NONE',  ( 0.0000000000000000000, 4.969259957225230300E-016, 1.000000000000000000 ) ) ;
#2644 = DIRECTION ( 'NONE',  ( -0.0000000000000000000, 0.0000000000000000000, 1.000000000000000000 ) ) ;
#2645 = DIRECTION ( 'NONE',  ( 0.0000000000000000000, -1.000000000000000000, 0.0000000000000000000 ) ) ;
#2646 = ORIENTED_EDGE ( 'NONE', *, *, #3224, .T. ) ;
#2647 = DIRECTION ( 'NONE',  ( 0.0000000000000000000, 0.0000000000000000000, -1.000000000000000000 ) ) ;
#2648 = AXIS2_PLACEMENT_3D ( 'NONE', #3020, #219, #3453 ) ;
#2649 = LINE ( 'NONE', #1288, #5019 ) ;
#2650 = EDGE_CURVE ( 'NONE', #4080, #5691, #3584, .T. ) ;
#2651 = VECTOR ( 'NONE', #3763, 1000.000000000000000 ) ;
#2652 = VERTEX_POINT ( 'NONE', #5120 ) ;
#2653 = ORIENTED_EDGE ( 'NONE', *, *, #5848, .F. ) ;
#2654 =( LENGTH_UNIT ( ) NAMED_UNIT ( * ) SI_UNIT ( .MILLI., .METRE. ) );
#2655 = ORIENTED_EDGE ( 'NONE', *, *, #799, .T. ) ;
#2656 = ORIENTED_EDGE ( 'NONE', *, *, #5115, .F. ) ;
#2657 = FACE_OUTER_BOUND ( 'NONE', #3031, .T. ) ;
#2658 = CARTESIAN_POINT ( 'NONE',  ( 1.875000000000000200, 0.1200000000000006900, 1.875000000000000400 ) ) ;
#2659 = AXIS2_PLACEMENT_3D ( 'NONE', #2676, #4137, #4515 ) ;
#2660 = EDGE_CURVE ( 'NONE', #3774, #1639, #3963, .T. ) ;
#2661 = VECTOR ( 'NONE', #2761, 1000.000000000000000 ) ;
#2662 = DIRECTION ( 'NONE',  ( -1.000000000000000000, -0.0000000000000000000, -0.0000000000000000000 ) ) ;
#2663 = CARTESIAN_POINT ( 'NONE',  ( 1.875000000000000200, 0.4500000000000000100, 0.5499999999999999300 ) ) ;
#2664 = ORIENTED_EDGE ( 'NONE', *, *, #4601, .T. ) ;
#2665 = ORIENTED_EDGE ( 'NONE', *, *, #4541, .F. ) ;
#2666 = DIRECTION ( 'NONE',  ( 0.0000000000000000000, 0.0000000000000000000, 1.000000000000000000 ) ) ;
#2667 = LINE ( 'NONE', #4803, #4887 ) ;
#2668 = DIRECTION ( 'NONE',  ( 0.0000000000000000000, 0.0000000000000000000, 1.000000000000000000 ) ) ;
#2669 = CARTESIAN_POINT ( 'NONE',  ( -1.424999999999999600, 0.1950000000000002800, -1.925000000000000300 ) ) ;
#2670 = DIRECTION ( 'NONE',  ( 0.0000000000000000000, -1.000000000000000000, 0.0000000000000000000 ) ) ;
#2671 = ORIENTED_EDGE ( 'NONE', *, *, #725, .T. ) ;
#2672 = ADVANCED_FACE ( 'NONE', ( #1167, #6009, #1972, #4627 ), #2461, .F. ) ;
#2673 = ORIENTED_EDGE ( 'NONE', *, *, #1314, .F. ) ;
#2674 = CARTESIAN_POINT ( 'NONE',  ( -1.299999999999999800, 2.929236009777593800, 0.5000000000000000000 ) ) ;
#2675 = FACE_OUTER_BOUND ( 'NONE', #3502, .T. ) ;
#2676 = CARTESIAN_POINT ( 'NONE',  ( 1.875000000000000200, 0.1949999999999999800, -1.474999999999999600 ) ) ;
#2677 = ORIENTED_EDGE ( 'NONE', *, *, #2041, .T. ) ;
#2678 = VECTOR ( 'NONE', #2569, 1000.000000000000000 ) ;
#2679 = CARTESIAN_POINT ( 'NONE',  ( 1.925000000000000700, 0.1200000000000002200, 0.5499999999999999300 ) ) ;
#2680 = CARTESIAN_POINT ( 'NONE',  ( 1.124999999999999800, 0.1200000000000004400, -1.874999999999999800 ) ) ;
#2681 = CARTESIAN_POINT ( 'NONE',  ( 1.925000000000000700, 0.1950000000000001500, 0.9499999999999999600 ) ) ;
#2682 = PRESENTATION_LAYER_ASSIGNMENT (  '', '', ( #4706 ) ) ;
#2683 = ORIENTED_EDGE ( 'NONE', *, *, #3248, .T. ) ;
#2684 = CARTESIAN_POINT ( 'NONE',  ( -1.299999999999998700, 0.0000000000000000000, 1.350000000000000100 ) ) ;
#2685 = DIRECTION ( 'NONE',  ( -0.0000000000000000000, -0.0000000000000000000, 1.000000000000000000 ) ) ;
#2686 = CIRCLE ( 'NONE', #398, 1.630969882337201000 ) ;
#2687 = CARTESIAN_POINT ( 'NONE',  ( -1.424999999999999600, 0.1950000000000002800, 0.9500000000000000700 ) ) ;
#2688 = CARTESIAN_POINT ( 'NONE',  ( -1.125000000000000000, 0.1950000000000003400, -1.174999999999999800 ) ) ;
#2689 = DIRECTION ( 'NONE',  ( -0.0000000000000000000, -1.000000000000000000, -0.0000000000000000000 ) ) ;
#2690 = ORIENTED_EDGE ( 'NONE', *, *, #1056, .T. ) ;
#2691 = CARTESIAN_POINT ( 'NONE',  ( 1.875000000000000200, 0.1950000000000001700, -0.7749999999999998000 ) ) ;
#2692 = DIRECTION ( 'NONE',  ( -0.0000000000000000000, -0.0000000000000000000, 1.000000000000000000 ) ) ;
#2693 = VECTOR ( 'NONE', #5540, 1000.000000000000000 ) ;
#2694 = DIRECTION ( 'NONE',  ( 0.0000000000000000000, -1.000000000000000000, 0.0000000000000000000 ) ) ;
#2695 = VERTEX_POINT ( 'NONE', #1853 ) ;
#2696 = CARTESIAN_POINT ( 'NONE',  ( 1.424999999999999600, 0.1950000000000002800, 1.875000000000000200 ) ) ;
#2697 = ORIENTED_EDGE ( 'NONE', *, *, #19, .T. ) ;
#2698 = LINE ( 'NONE', #717, #3416 ) ;
#2699 = CIRCLE ( 'NONE', #2413, 0.04999999999999991300 ) ;
#2700 = EDGE_CURVE ( 'NONE', #4650, #2494, #5937, .T. ) ;
#2701 = EDGE_CURVE ( 'NONE', #2969, #5830, #2556, .T. ) ;
#2703 = EDGE_LOOP ( 'NONE', ( #2083, #5893, #589, #723 ) ) ;
#2702 = DIRECTION ( 'NONE',  ( 0.0000000000000000000, 0.0000000000000000000, 1.000000000000000000 ) ) ;
#2704 = DIRECTION ( 'NONE',  ( -1.000000000000000000, 0.0000000000000000000, -0.0000000000000000000 ) ) ;
#2705 = ADVANCED_FACE ( 'NONE', ( #3352 ), #5219, .T. ) ;
#2706 = VECTOR ( 'NONE', #5271, 1000.000000000000000 ) ;
#2707 = VECTOR ( 'NONE', #2764, 1000.000000000000000 ) ;
#2708 = VERTEX_POINT ( 'NONE', #442 ) ;
#2709 = CARTESIAN_POINT ( 'NONE',  ( 1.300000000000000700, 0.0000000000000000000, 0.8500000000000000900 ) ) ;
#2710 = PLANE ( 'NONE',  #2379 ) ;
#2711 = EDGE_LOOP ( 'NONE', ( #3174, #2470, #5598, #3306 ) ) ;
#2712 = FACE_OUTER_BOUND ( 'NONE', #1444, .T. ) ;
#2713 = DIRECTION ( 'NONE',  ( 0.0000000000000000000, 1.000000000000000000, 0.0000000000000000000 ) ) ;
#2714 = DIRECTION ( 'NONE',  ( -1.000000000000000000, 0.0000000000000000000, -0.0000000000000000000 ) ) ;
#2715 = DIRECTION ( 'NONE',  ( 0.0000000000000000000, 0.0000000000000000000, -1.000000000000000000 ) ) ;
#2716 = ORIENTED_EDGE ( 'NONE', *, *, #3248, .F. ) ;
#2717 = LINE ( 'NONE', #3074, #4497 ) ;
#2718 = EDGE_CURVE ( 'NONE', #297, #450, #2416, .T. ) ;
#2719 = ORIENTED_EDGE ( 'NONE', *, *, #330, .F. ) ;
#2720 = DIRECTION ( 'NONE',  ( -1.000000000000000000, -0.0000000000000000000, -0.0000000000000000000 ) ) ;
#2721 = VECTOR ( 'NONE', #1465, 1000.000000000000000 ) ;
#2722 = DIRECTION ( 'NONE',  ( 0.0000000000000000000, 0.0000000000000000000, 1.000000000000000000 ) ) ;
#2723 = ORIENTED_EDGE ( 'NONE', *, *, #1959, .T. ) ;
#2724 = CARTESIAN_POINT ( 'NONE',  ( 1.875000000000000200, 0.1200000000000000900, -1.174999999999999800 ) ) ;
#2725 = ORIENTED_EDGE ( 'NONE', *, *, #1959, .F. ) ;
#2726 = CARTESIAN_POINT ( 'NONE',  ( 0.0000000000000000000, 0.0000000000000000000, 0.0000000000000000000 ) ) ;
#2727 = ORIENTED_EDGE ( 'NONE', *, *, #284, .T. ) ;
#2728 = LINE ( 'NONE', #4, #4067 ) ;
#2729 = EDGE_LOOP ( 'NONE', ( #2876, #3479, #1624, #4162 ) ) ;
#2730 = FILL_AREA_STYLE_COLOUR ( '', #2802 ) ;
#2731 = ADVANCED_FACE ( 'NONE', ( #1247 ), #15, .F. ) ;
#2732 = CIRCLE ( 'NONE', #950, 0.04999999999999991300 ) ;
#2733 = PLANE ( 'NONE',  #3801 ) ;
#2734 = CARTESIAN_POINT ( 'NONE',  ( -1.424999999999999600, 0.1950000000000002800, -1.874999999999999800 ) ) ;
#2735 = EDGE_CURVE ( 'NONE', #2554, #912, #4849, .T. ) ;
#2736 = DIRECTION ( 'NONE',  ( -1.000000000000000000, -0.0000000000000000000, -0.0000000000000000000 ) ) ;
#2737 = ORIENTED_EDGE ( 'NONE', *, *, #473, .F. ) ;
#2738 = ORIENTED_EDGE ( 'NONE', *, *, #3429, .T. ) ;
#2739 = LINE ( 'NONE', #2418, #3034 ) ;
#2740 = CARTESIAN_POINT ( 'NONE',  ( 1.124999999999999800, 0.1200000000000002200, 0.5499999999999999300 ) ) ;
#2741 = DIRECTION ( 'NONE',  ( 0.0000000000000000000, 0.0000000000000000000, 1.000000000000000000 ) ) ;
#2742 = VERTEX_POINT ( 'NONE', #4338 ) ;
#2743 = DIRECTION ( 'NONE',  ( -0.0000000000000000000, -1.000000000000000000, -0.0000000000000000000 ) ) ;
#2744 = AXIS2_PLACEMENT_3D ( 'NONE', #3707, #1354, #4679 ) ;
#2745 = LINE ( 'NONE', #5214, #4893 ) ;
#2746 = CARTESIAN_POINT ( 'NONE',  ( 1.124999999999999800, 0.1949999999999999500, 0.2500000000000000000 ) ) ;
#2747 = ORIENTED_EDGE ( 'NONE', *, *, #4566, .F. ) ;
#2748 = LINE ( 'NONE', #673, #4451 ) ;
#2749 = DIRECTION ( 'NONE',  ( -1.000000000000000000, 0.0000000000000000000, 0.0000000000000000000 ) ) ;
#2750 = PLANE ( 'NONE',  #4890 ) ;
#2751 = DIRECTION ( 'NONE',  ( 0.0000000000000000000, 0.0000000000000000000, -1.000000000000000000 ) ) ;
#2752 = EDGE_CURVE ( 'NONE', #2483, #2439, #1610, .T. ) ;
#2753 = ORIENTED_EDGE ( 'NONE', *, *, #5358, .T. ) ;
#2754 = DIRECTION ( 'NONE',  ( 0.0000000000000000000, -1.000000000000000000, 0.0000000000000000000 ) ) ;
#2755 = CARTESIAN_POINT ( 'NONE',  ( 1.124999999999999800, 0.1950000000000001700, -0.7749999999999998000 ) ) ;
#2756 = ORIENTED_EDGE ( 'NONE', *, *, #827, .F. ) ;
#2757 = CARTESIAN_POINT ( 'NONE',  ( 1.100000000000003200, 0.0000000000000000000, -0.5000000000000000000 ) ) ;
#2758 = DIRECTION ( 'NONE',  ( 0.0000000000000000000, -1.000000000000000000, 0.0000000000000000000 ) ) ;
#2759 = LINE ( 'NONE', #261, #3953 ) ;
#2760 = ADVANCED_FACE ( 'NONE', ( #3504 ), #1988, .F. ) ;
#2761 = DIRECTION ( 'NONE',  ( -1.000000000000000000, -0.0000000000000000000, -0.0000000000000000000 ) ) ;
#2762 =( GEOMETRIC_REPRESENTATION_CONTEXT ( 3 ) GLOBAL_UNCERTAINTY_ASSIGNED_CONTEXT ( ( #3657 ) ) GLOBAL_UNIT_ASSIGNED_CONTEXT ( ( #1628, #4464, #4935 ) ) REPRESENTATION_CONTEXT ( 'NONE', 'WORKASPACE' ) );
#2763 = VERTEX_POINT ( 'NONE', #1833 ) ;
#2764 = DIRECTION ( 'NONE',  ( -1.000000000000000000, 0.0000000000000000000, 0.0000000000000000000 ) ) ;
#2765 = ORIENTED_EDGE ( 'NONE', *, *, #611, .T. ) ;
#2766 = VECTOR ( 'NONE', #875, 1000.000000000000000 ) ;
#2767 = LINE ( 'NONE', #106, #1230 ) ;
#2768 = ORIENTED_EDGE ( 'NONE', *, *, #5582, .T. ) ;
#2769 = AXIS2_PLACEMENT_3D ( 'NONE', #3496, #3515, #742 ) ;
#2770 = ORIENTED_EDGE ( 'NONE', *, *, #5229, .T. ) ;
#2771 = DIRECTION ( 'NONE',  ( 0.0000000000000000000, 0.0000000000000000000, 1.000000000000000000 ) ) ;
#2772 = DIRECTION ( 'NONE',  ( 0.0000000000000000000, 1.000000000000000000, 0.0000000000000000000 ) ) ;
#2773 = EDGE_CURVE ( 'NONE', #4745, #3986, #240, .T. ) ;
#2774 = EDGE_LOOP ( 'NONE', ( #126, #1440, #5039, #3173 ) ) ;
#2775 = LINE ( 'NONE', #2192, #3805 ) ;
#2776 = CARTESIAN_POINT ( 'NONE',  ( 1.875000000000000200, 0.1950000000000001500, 0.9499999999999999600 ) ) ;
#2777 = DIRECTION ( 'NONE',  ( -0.0000000000000000000, -0.0000000000000000000, 1.000000000000000000 ) ) ;
#2778 = VECTOR ( 'NONE', #5566, 1000.000000000000000 ) ;
#2779 = CARTESIAN_POINT ( 'NONE',  ( -1.125000000000000000, 0.1950000000000000900, 0.5499999999999999300 ) ) ;
#2780 = ORIENTED_EDGE ( 'NONE', *, *, #2250, .F. ) ;
#2781 = LINE ( 'NONE', #5835, #4633 ) ;
#2782 = EDGE_CURVE ( 'NONE', #741, #4909, #2346, .T. ) ;
#2783 = EDGE_CURVE ( 'NONE', #4373, #1076, #4918, .T. ) ;
#2784 = CARTESIAN_POINT ( 'NONE',  ( 1.424999999999999600, 0.1950000000000002800, -1.174999999999999800 ) ) ;
#2785 = CARTESIAN_POINT ( 'NONE',  ( 1.350000000000000300, 0.05000000000000000300, 0.4500000000000000100 ) ) ;
#2786 = ORIENTED_EDGE ( 'NONE', *, *, #5296, .T. ) ;
#2787 = PLANE ( 'NONE',  #5667 ) ;
#2788 = FACE_BOUND ( 'NONE', #2703, .T. ) ;
#2789 = CARTESIAN_POINT ( 'NONE',  ( 1.124999999999999800, 0.1200000000000004400, 0.9500000000000000700 ) ) ;
#2790 = VECTOR ( 'NONE', #2200, 1000.000000000000000 ) ;
#2791 = ORIENTED_EDGE ( 'NONE', *, *, #3480, .T. ) ;
#2792 = CARTESIAN_POINT ( 'NONE',  ( 0.6732431816118357200, 1.629999999999999200, -1.346486363223675000 ) ) ;
#2793 = VECTOR ( 'NONE', #4868, 1000.000000000000000 ) ;
#2794 = DIRECTION ( 'NONE',  ( -1.000000000000000000, 0.0000000000000000000, -0.0000000000000000000 ) ) ;
#2795 = ADVANCED_FACE ( 'NONE', ( #2270 ), #4790, .F. ) ;
#2796 = ORIENTED_EDGE ( 'NONE', *, *, #3471, .T. ) ;
#2797 = VECTOR ( 'NONE', #1625, 1000.000000000000000 ) ;
#2798 = AXIS2_PLACEMENT_3D ( 'NONE', #533, #3255, #2800 ) ;
#2799 = ORIENTED_EDGE ( 'NONE', *, *, #3446, .T. ) ;
#2800 = DIRECTION ( 'NONE',  ( -0.0000000000000000000, 0.0000000000000000000, -1.000000000000000000 ) ) ;
#2801 = CARTESIAN_POINT ( 'NONE',  ( -1.299999999999998700, 0.0000000000000000000, 0.8500000000000000900 ) ) ;
#2802 = COLOUR_RGB ( '',1.000000000000000000, 1.000000000000000000, 1.000000000000000000 ) ;
#2803 = LINE ( 'NONE', #2681, #3923 ) ;
#2804 = ORIENTED_EDGE ( 'NONE', *, *, #4562, .T. ) ;
#2805 = DIRECTION ( 'NONE',  ( 1.000000000000000000, 0.0000000000000000000, 0.0000000000000000000 ) ) ;
#2806 = VERTEX_POINT ( 'NONE', #3350 ) ;
#2807 = VERTEX_POINT ( 'NONE', #1599 ) ;
#2808 = EDGE_CURVE ( 'NONE', #5033, #3239, #4994, .T. ) ;
#2809 = VECTOR ( 'NONE', #5765, 1000.000000000000000 ) ;
#2810 = VECTOR ( 'NONE', #2099, 1000.000000000000000 ) ;
#2811 = DIRECTION ( 'NONE',  ( 0.0000000000000000000, -1.000000000000000000, 0.0000000000000000000 ) ) ;
#2812 = DIRECTION ( 'NONE',  ( 0.0000000000000000000, 4.969259957225230300E-016, 1.000000000000000000 ) ) ;
#2813 = DIRECTION ( 'NONE',  ( 0.0000000000000000000, 3.614007241618350200E-016, 1.000000000000000000 ) ) ;
#2814 = ORIENTED_EDGE ( 'NONE', *, *, #291, .T. ) ;
#2815 = VERTEX_POINT ( 'NONE', #2972 ) ;
#2816 = CARTESIAN_POINT ( 'NONE',  ( -1.349999999999999600, 0.05000000000000012800, 0.4500000000000000100 ) ) ;
#2817 = VECTOR ( 'NONE', #4314, 1000.000000000000000 ) ;
#2818 = EDGE_CURVE ( 'NONE', #4088, #1868, #747, .T. ) ;
#2819 = EDGE_CURVE ( 'NONE', #4428, #2406, #2918, .T. ) ;
#2820 = ORIENTED_EDGE ( 'NONE', *, *, #3857, .F. ) ;
#2821 = ORIENTED_EDGE ( 'NONE', *, *, #1650, .F. ) ;
#2822 = FACE_OUTER_BOUND ( 'NONE', #5380, .T. ) ;
#2823 = CARTESIAN_POINT ( 'NONE',  ( -1.299999999999998700, 0.05000000000000000300, 1.350000000000000100 ) ) ;
#2824 = CARTESIAN_POINT ( 'NONE',  ( -1.299999999999998700, 2.929236009777593800, 1.350000000000000100 ) ) ;
#2825 = ADVANCED_FACE ( 'NONE', ( #464 ), #1113, .T. ) ;
#2826 =( NAMED_UNIT ( * ) SI_UNIT ( $, .STERADIAN. ) SOLID_ANGLE_UNIT ( ) );
#2827 = AXIS2_PLACEMENT_3D ( 'NONE', #1895, #2364, #6048 ) ;
#2828 = ORIENTED_EDGE ( 'NONE', *, *, #3813, .T. ) ;
#2829 = FACE_OUTER_BOUND ( 'NONE', #546, .T. ) ;
#2830 = VERTEX_POINT ( 'NONE', #3015 ) ;
#2831 = CARTESIAN_POINT ( 'NONE',  ( 1.100000000000003200, 0.0000000000000000000, -0.5000000000000000000 ) ) ;
#2832 = LINE ( 'NONE', #1155, #1591 ) ;
#2833 = DIRECTION ( 'NONE',  ( 1.000000000000000000, 0.0000000000000000000, 0.0000000000000000000 ) ) ;
#2834 = CARTESIAN_POINT ( 'NONE',  ( 1.875000000000000200, 0.0000000000000000000, 1.875000000000000200 ) ) ;
#2835 = DIRECTION ( 'NONE',  ( 0.0000000000000000000, 0.0000000000000000000, -1.000000000000000000 ) ) ;
#2836 = EDGE_CURVE ( 'NONE', #121, #996, #815, .T. ) ;
#2837 =( GEOMETRIC_REPRESENTATION_CONTEXT ( 3 ) GLOBAL_UNCERTAINTY_ASSIGNED_CONTEXT ( ( #1215 ) ) GLOBAL_UNIT_ASSIGNED_CONTEXT ( ( #2654, #309, #3556 ) ) REPRESENTATION_CONTEXT ( 'NONE', 'WORKASPACE' ) );
#2838 = ORIENTED_EDGE ( 'NONE', *, *, #5036, .F. ) ;
#2839 = CARTESIAN_POINT ( 'NONE',  ( 1.300000000000000300, 0.0000000000000000000, 0.5000000000000000000 ) ) ;
#2840 = LINE ( 'NONE', #1241, #3242 ) ;
#2841 = LINE ( 'NONE', #1245, #4108 ) ;
#2842 = DIRECTION ( 'NONE',  ( -0.0000000000000000000, -1.000000000000000000, -0.0000000000000000000 ) ) ;
#2843 = ORIENTED_EDGE ( 'NONE', *, *, #5122, .T. ) ;
#2844 = DIRECTION ( 'NONE',  ( 0.0000000000000000000, -1.000000000000000000, 0.0000000000000000000 ) ) ;
#2845 = ORIENTED_EDGE ( 'NONE', *, *, #4233, .F. ) ;
#2846 = ORIENTED_EDGE ( 'NONE', *, *, #1840, .T. ) ;
#2847 = LINE ( 'NONE', #1519, #2484 ) ;
#2848 = VECTOR ( 'NONE', #1637, 1000.000000000000000 ) ;
#2849 = CARTESIAN_POINT ( 'NONE',  ( -1.349999999999999600, 0.05000000000000012800, 0.4500000000000000100 ) ) ;
#2850 = EDGE_LOOP ( 'NONE', ( #2521, #849, #1918, #5081 ) ) ;
#2851 = VERTEX_POINT ( 'NONE', #4871 ) ;
#2852 = FACE_OUTER_BOUND ( 'NONE', #5786, .T. ) ;
#2853 = DIRECTION ( 'NONE',  ( 0.0000000000000000000, -1.000000000000000000, 0.0000000000000000000 ) ) ;
#2854 = EDGE_CURVE ( 'NONE', #617, #932, #5277, .T. ) ;
#2855 = ADVANCED_FACE ( 'NONE', ( #5215 ), #1464, .F. ) ;
#2856 = DIRECTION ( 'NONE',  ( 0.0000000000000000000, 0.0000000000000000000, -1.000000000000000000 ) ) ;
#2857 = DIRECTION ( 'NONE',  ( 0.0000000000000000000, 0.0000000000000000000, -1.000000000000000000 ) ) ;
#2858 = ORIENTED_EDGE ( 'NONE', *, *, #1150, .F. ) ;
#2859 = LINE ( 'NONE', #4956, #5222 ) ;
#2860 = AXIS2_PLACEMENT_3D ( 'NONE', #652, #5348, #4841 ) ;
#2861 = EDGE_CURVE ( 'NONE', #3822, #5954, #4573, .T. ) ;
#2862 = EDGE_LOOP ( 'NONE', ( #1087, #5444, #1433, #1487, #4014, #961, #5095, #57 ) ) ;
#2863 = CARTESIAN_POINT ( 'NONE',  ( -1.424999999999999600, 0.1950000000000002800, -1.874999999999999800 ) ) ;
#2864 = LINE ( 'NONE', #4707, #2062 ) ;
#2865 = CARTESIAN_POINT ( 'NONE',  ( -1.424999999999999600, 0.1200000000000004400, -0.7749999999999999100 ) ) ;
#2866 = ORIENTED_EDGE ( 'NONE', *, *, #4138, .T. ) ;
#2867 = FACE_OUTER_BOUND ( 'NONE', #5534, .T. ) ;
#2868 = CARTESIAN_POINT ( 'NONE',  ( 1.875000000000000200, 0.1949999999999999500, 0.2500000000000000000 ) ) ;
#2869 = ORIENTED_EDGE ( 'NONE', *, *, #5919, .F. ) ;
#2870 = EDGE_CURVE ( 'NONE', #3415, #1407, #1905, .T. ) ;
#2871 = EDGE_LOOP ( 'NONE', ( #3778, #554, #5119, #5237, #4531, #3960, #1283, #2768 ) ) ;
#2872 = DIRECTION ( 'NONE',  ( 1.000000000000000000, 0.0000000000000000000, 0.0000000000000000000 ) ) ;
#2873 = CARTESIAN_POINT ( 'NONE',  ( -1.299999999999999200, 0.05000000000000000300, -1.300000000000000300 ) ) ;
#2874 = PLANE ( 'NONE',  #2258 ) ;
#2875 = ORIENTED_EDGE ( 'NONE', *, *, #2818, .T. ) ;
#2876 = ORIENTED_EDGE ( 'NONE', *, *, #1534, .T. ) ;
#2877 = VECTOR ( 'NONE', #5516, 1000.000000000000000 ) ;
#2878 = ORIENTED_EDGE ( 'NONE', *, *, #3516, .T. ) ;
#2879 = LINE ( 'NONE', #5090, #5244 ) ;
#2880 = PLANE ( 'NONE',  #3152 ) ;
#2881 = CARTESIAN_POINT ( 'NONE',  ( 1.875000000000000200, 0.4500000000000000100, 1.875000000000000200 ) ) ;
#2882 = ORIENTED_EDGE ( 'NONE', *, *, #5739, .T. ) ;
#2883 = ADVANCED_FACE ( 'NONE', ( #4117 ), #1208, .F. ) ;
#2884 = ORIENTED_EDGE ( 'NONE', *, *, #4477, .F. ) ;
#2885 = VECTOR ( 'NONE', #3897, 1000.000000000000000 ) ;
#2886 = AXIS2_PLACEMENT_3D ( 'NONE', #3689, #5644, #896 ) ;
#2887 = EDGE_LOOP ( 'NONE', ( #1244, #2914, #1221, #2634 ) ) ;
#2888 = ORIENTED_EDGE ( 'NONE', *, *, #892, .T. ) ;
#2889 = LINE ( 'NONE', #1904, #1649 ) ;
#2890 = DIRECTION ( 'NONE',  ( -1.000000000000000000, 0.0000000000000000000, -0.0000000000000000000 ) ) ;
#2891 = DIRECTION ( 'NONE',  ( 0.0000000000000000000, 1.264902534566422200E-015, 1.000000000000000000 ) ) ;
#2892 = ORIENTED_EDGE ( 'NONE', *, *, #2984, .T. ) ;
#2893 = EDGE_CURVE ( 'NONE', #3234, #3822, #4395, .T. ) ;
#2894 = EDGE_CURVE ( 'NONE', #1110, #3774, #4911, .T. ) ;
#2895 = FACE_OUTER_BOUND ( 'NONE', #3686, .T. ) ;
#2896 = ORIENTED_EDGE ( 'NONE', *, *, #6017, .F. ) ;
#2897 = CARTESIAN_POINT ( 'NONE',  ( -1.874999999999999800, 0.1200000000000004300, 1.875000000000000200 ) ) ;
#2898 = DIRECTION ( 'NONE',  ( 0.0000000000000000000, 0.0000000000000000000, 1.000000000000000000 ) ) ;
#2899 = VECTOR ( 'NONE', #3582, 1000.000000000000000 ) ;
#2900 = EDGE_CURVE ( 'NONE', #497, #3566, #603, .T. ) ;
#2901 = AXIS2_PLACEMENT_3D ( 'NONE', #1900, #45, #5147 ) ;
#2902 = DIRECTION ( 'NONE',  ( 0.0000000000000000000, 0.0000000000000000000, -1.000000000000000000 ) ) ;
#2903 = ORIENTED_EDGE ( 'NONE', *, *, #2041, .F. ) ;
#2904 = LINE ( 'NONE', #2166, #226 ) ;
#2905 = ORIENTED_EDGE ( 'NONE', *, *, #5884, .T. ) ;
#2906 = ORIENTED_EDGE ( 'NONE', *, *, #4755, .F. ) ;
#2907 = PLANE ( 'NONE',  #3437 ) ;
#2908 = CARTESIAN_POINT ( 'NONE',  ( 1.875000000000000200, 0.1950000000000001700, -0.7749999999999998000 ) ) ;
#2909 = FACE_OUTER_BOUND ( 'NONE', #6044, .T. ) ;
#2910 = DIRECTION ( 'NONE',  ( -0.0000000000000000000, 0.0000000000000000000, -1.000000000000000000 ) ) ;
#2911 = LINE ( 'NONE', #549, #1674 ) ;
#2912 = AXIS2_PLACEMENT_3D ( 'NONE', #3066, #3048, #1228 ) ;
#2913 = DIRECTION ( 'NONE',  ( 0.0000000000000000000, 0.0000000000000000000, 1.000000000000000000 ) ) ;
#2914 = ORIENTED_EDGE ( 'NONE', *, *, #2854, .T. ) ;
#2915 = ORIENTED_EDGE ( 'NONE', *, *, #4881, .T. ) ;
#2916 = ORIENTED_EDGE ( 'NONE', *, *, #795, .F. ) ;
#2917 = LINE ( 'NONE', #4847, #1463 ) ;
#2918 = LINE ( 'NONE', #699, #1684 ) ;
#2919 = DIRECTION ( 'NONE',  ( 0.0000000000000000000, 0.0000000000000000000, 1.000000000000000000 ) ) ;
#2920 = CARTESIAN_POINT ( 'NONE',  ( -1.874999999999999800, 0.1950000000000001700, -0.7749999999999998000 ) ) ;
#2921 = EDGE_CURVE ( 'NONE', #5882, #4059, #1240, .T. ) ;
#2922 = ORIENTED_EDGE ( 'NONE', *, *, #486, .T. ) ;
#2923 = CARTESIAN_POINT ( 'NONE',  ( 1.875000000000000200, 0.0000000000000000000, -1.874999999999999800 ) ) ;
#2924 = FACE_OUTER_BOUND ( 'NONE', #3996, .T. ) ;
#2925 = AXIS2_PLACEMENT_3D ( 'NONE', #6043, #5758, #3634 ) ;
#2926 = ORIENTED_EDGE ( 'NONE', *, *, #2783, .T. ) ;
#2927 = LINE ( 'NONE', #386, #5151 ) ;
#2928 = EDGE_CURVE ( 'NONE', #2974, #741, #5501, .T. ) ;
#2929 = EDGE_CURVE ( 'NONE', #1553, #5174, #525, .T. ) ;
#2930 = DIRECTION ( 'NONE',  ( -0.0000000000000000000, 0.0000000000000000000, -1.000000000000000000 ) ) ;
#2931 = DIRECTION ( 'NONE',  ( 0.0000000000000000000, -1.000000000000000000, 0.0000000000000000000 ) ) ;
#2932 = CARTESIAN_POINT ( 'NONE',  ( 1.424999999999999400, 0.4500000000000000100, -1.874999999999999800 ) ) ;
#2933 = LINE ( 'NONE', #1154, #5600 ) ;
#2934 = VERTEX_POINT ( 'NONE', #5479 ) ;
#2935 = MANIFOLD_SOLID_BREP ( 'Terminal', #3182 ) ;
#2936 = LINE ( 'NONE', #4802, #2639 ) ;
#2937 = CARTESIAN_POINT ( 'NONE',  ( 1.424999999999999600, 0.1200000000000004400, 1.875000000000000200 ) ) ;
#2938 = AXIS2_PLACEMENT_3D ( 'NONE', #658, #3835, #2968 ) ;
#2939 = CARTESIAN_POINT ( 'NONE',  ( 1.875000000000000200, 0.1200000000000003300, 0.9499999999999999600 ) ) ;
#2940 = CARTESIAN_POINT ( 'NONE',  ( 1.424999999999999600, 0.1950000000000002800, -1.925000000000000300 ) ) ;
#2941 = VERTEX_POINT ( 'NONE', #5013 ) ;
#2942 = CARTESIAN_POINT ( 'NONE',  ( -1.924999999999999600, 0.6600000000000000300, 1.924999999999999600 ) ) ;
#2943 = LINE ( 'NONE', #4547, #1855 ) ;
#2944 = PLANE ( 'NONE',  #3023 ) ;
#2945 = ORIENTED_EDGE ( 'NONE', *, *, #435, .T. ) ;
#2946 = LINE ( 'NONE', #3744, #3690 ) ;
#2947 = SURFACE_SIDE_STYLE ('',( #9 ) ) ;
#2948 = LINE ( 'NONE', #505, #3913 ) ;
#2949 = EDGE_CURVE ( 'NONE', #2094, #2531, #2699, .T. ) ;
#2950 = AXIS2_PLACEMENT_3D ( 'NONE', #4974, #4461, #2562 ) ;
#2951 = DIRECTION ( 'NONE',  ( 0.0000000000000000000, -1.000000000000000000, 0.0000000000000000000 ) ) ;
#2952 = ORIENTED_EDGE ( 'NONE', *, *, #1643, .T. ) ;
#2953 = EDGE_LOOP ( 'NONE', ( #1958, #4696, #5803, #4418 ) ) ;
#2954 = DIRECTION ( 'NONE',  ( -1.000000000000000000, -0.0000000000000000000, -0.0000000000000000000 ) ) ;
#2955 = CYLINDRICAL_SURFACE ( 'NONE', #3467, 0.05000000000000002400 ) ;
#2956 = PLANE ( 'NONE',  #2423 ) ;
#2957 = ORIENTED_EDGE ( 'NONE', *, *, #2073, .T. ) ;
#2958 = FACE_OUTER_BOUND ( 'NONE', #3870, .T. ) ;
#2959 = ORIENTED_EDGE ( 'NONE', *, *, #3903, .T. ) ;
#2960 = ORIENTED_EDGE ( 'NONE', *, *, #2266, .F. ) ;
#2961 = EDGE_LOOP ( 'NONE', ( #746, #2255, #1885, #2327 ) ) ;
#2962 = DIRECTION ( 'NONE',  ( -0.0000000000000000000, 0.0000000000000000000, -1.000000000000000000 ) ) ;
#2963 = CARTESIAN_POINT ( 'NONE',  ( -1.349999999999999000, 0.05000000000000000300, -0.9000000000000003600 ) ) ;
#2964 = LINE ( 'NONE', #4126, #1728 ) ;
#2965 = DIRECTION ( 'NONE',  ( -0.0000000000000000000, 0.0000000000000000000, -1.000000000000000000 ) ) ;
#2966 = CARTESIAN_POINT ( 'NONE',  ( 1.925000000000000700, 0.1200000000000004400, 1.249999999999999800 ) ) ;
#2967 = DIRECTION ( 'NONE',  ( 0.0000000000000000000, 0.0000000000000000000, -1.000000000000000000 ) ) ;
#2968 = DIRECTION ( 'NONE',  ( 0.0000000000000000000, 0.0000000000000000000, -1.000000000000000000 ) ) ;
#2969 = VERTEX_POINT ( 'NONE', #1170 ) ;
#2970 = ORIENTED_EDGE ( 'NONE', *, *, #882, .T. ) ;
#2971 = LINE ( 'NONE', #4472, #3113 ) ;
#2972 = CARTESIAN_POINT ( 'NONE',  ( -1.349999999999999000, 0.05000000000000012800, 0.9000000000000003600 ) ) ;
#2973 = EDGE_CURVE ( 'NONE', #4952, #1688, #2997, .T. ) ;
#2974 = VERTEX_POINT ( 'NONE', #4458 ) ;
#2975 = VECTOR ( 'NONE', #5671, 1000.000000000000000 ) ;
#2976 = CARTESIAN_POINT ( 'NONE',  ( -1.424999999999999600, 0.1200000000000004400, -1.874999999999999800 ) ) ;
#2977 = DIRECTION ( 'NONE',  ( -1.000000000000000000, 0.0000000000000000000, 0.0000000000000000000 ) ) ;
#2978 = ADVANCED_FACE ( 'NONE', ( #1319, #4333, #382 ), #2171, .F. ) ;
#2979 = ADVANCED_FACE ( 'NONE', ( #4991 ), #4178, .F. ) ;
#2980 = DIRECTION ( 'NONE',  ( 0.7071067811865515700, 0.0000000000000000000, -0.7071067811865435800 ) ) ;
#2981 = CARTESIAN_POINT ( 'NONE',  ( 1.925000000000000500, 0.6600000000000000300, -1.925000000000000500 ) ) ;
#2982 = EDGE_CURVE ( 'NONE', #2830, #617, #1603, .T. ) ;
#2983 = VERTEX_POINT ( 'NONE', #1826 ) ;
#2984 = EDGE_CURVE ( 'NONE', #502, #5757, #5424, .T. ) ;
#2985 = VECTOR ( 'NONE', #339, 1000.000000000000000 ) ;
#2986 = CARTESIAN_POINT ( 'NONE',  ( -1.349999999999999000, 0.05000000000000012800, 0.9000000000000003600 ) ) ;
#2987 = DIRECTION ( 'NONE',  ( 0.0000000000000000000, 1.000000000000000000, 0.0000000000000000000 ) ) ;
#2988 = PLANE ( 'NONE',  #5104 ) ;
#2989 = VERTEX_POINT ( 'NONE', #2740 ) ;
#2990 = LINE ( 'NONE', #5536, #1749 ) ;
#2991 = PRESENTATION_STYLE_ASSIGNMENT (( #4784 ) ) ;
#2992 = FACE_BOUND ( 'NONE', #1569, .T. ) ;
#2993 = CARTESIAN_POINT ( 'NONE',  ( 1.875000000000000200, 0.1949999999999999500, 0.2500000000000000000 ) ) ;
#2994 = ORIENTED_EDGE ( 'NONE', *, *, #2316, .T. ) ;
#2995 = EDGE_LOOP ( 'NONE', ( #1936, #3567, #5543, #3169 ) ) ;
#2996 = FACE_OUTER_BOUND ( 'NONE', #4072, .T. ) ;
#2997 = LINE ( 'NONE', #2633, #2848 ) ;
#2998 = CARTESIAN_POINT ( 'NONE',  ( -1.349999999999999600, 0.0000000000000000000, 0.4500000000000000100 ) ) ;
#2999 = ORIENTED_EDGE ( 'NONE', *, *, #2577, .F. ) ;
#3000 = CARTESIAN_POINT ( 'NONE',  ( -1.299999999999998700, 0.05000000000000012800, 1.350000000000000100 ) ) ;
#3001 = DIRECTION ( 'NONE',  ( 1.000000000000000000, 0.0000000000000000000, 0.0000000000000000000 ) ) ;
#3002 = ORIENTED_EDGE ( 'NONE', *, *, #5358, .F. ) ;
#3003 = AXIS2_PLACEMENT_3D ( 'NONE', #3203, #467, #6030 ) ;
#3004 = DIRECTION ( 'NONE',  ( -0.0000000000000000000, -0.0000000000000000000, 1.000000000000000000 ) ) ;
#3005 = VECTOR ( 'NONE', #3630, 1000.000000000000000 ) ;
#3006 = CARTESIAN_POINT ( 'NONE',  ( -0.6732431816118383800, 1.629999999999999200, 1.346486363223673700 ) ) ;
#3007 = ORIENTED_EDGE ( 'NONE', *, *, #250, .T. ) ;
#3008 = CARTESIAN_POINT ( 'NONE',  ( -1.424999999999999800, 0.1950000000000005600, -0.4749999999999998100 ) ) ;
#3009 = VECTOR ( 'NONE', #1235, 1000.000000000000000 ) ;
#3010 = DIRECTION ( 'NONE',  ( -0.0000000000000000000, 1.000000000000000000, 0.0000000000000000000 ) ) ;
#3011 = ADVANCED_FACE ( 'NONE', ( #94 ), #1320, .T. ) ;
#3012 = EDGE_CURVE ( 'NONE', #3967, #1052, #4194, .T. ) ;
#3013 = ORIENTED_EDGE ( 'NONE', *, *, #4444, .F. ) ;
#3014 = VECTOR ( 'NONE', #3115, 1000.000000000000000 ) ;
#3015 = CARTESIAN_POINT ( 'NONE',  ( 1.875000000000000200, 0.1200000000000002200, 0.5499999999999999300 ) ) ;
#3016 = EDGE_CURVE ( 'NONE', #4797, #2060, #3884, .T. ) ;
#3017 = EDGE_CURVE ( 'NONE', #2000, #1754, #1395, .T. ) ;
#3018 = ORIENTED_EDGE ( 'NONE', *, *, #5952, .F. ) ;
#3019 = FACE_OUTER_BOUND ( 'NONE', #2084, .T. ) ;
#3020 = CARTESIAN_POINT ( 'NONE',  ( 1.124999999999999800, 0.1950000000000002800, -1.874999999999999800 ) ) ;
#3021 = EDGE_LOOP ( 'NONE', ( #4787, #5643, #6000, #5733 ) ) ;
#3022 = ORIENTED_EDGE ( 'NONE', *, *, #2576, .T. ) ;
#3023 = AXIS2_PLACEMENT_3D ( 'NONE', #166, #5257, #2438 ) ;
#3024 = VERTEX_POINT ( 'NONE', #3218 ) ;
#3025 = VERTEX_POINT ( 'NONE', #1277 ) ;
#3026 = VERTEX_POINT ( 'NONE', #2757 ) ;
#3027 = DIRECTION ( 'NONE',  ( 0.0000000000000000000, 0.0000000000000000000, 1.000000000000000000 ) ) ;
#3028 = VECTOR ( 'NONE', #1816, 1000.000000000000000 ) ;
#3029 = CARTESIAN_POINT ( 'NONE',  ( 1.875000000000000200, 0.1950000000000007300, 1.875000000000000400 ) ) ;
#3030 = ORIENTED_EDGE ( 'NONE', *, *, #3857, .T. ) ;
#3031 = EDGE_LOOP ( 'NONE', ( #5384, #2021, #3800, #1582 ) ) ;
#3032 = EDGE_LOOP ( 'NONE', ( #5632, #4876, #49, #1829 ) ) ;
#3033 = EDGE_CURVE ( 'NONE', #787, #1708, #5142, .T. ) ;
#3034 = VECTOR ( 'NONE', #4350, 1000.000000000000000 ) ;
#3035 = AXIS2_PLACEMENT_3D ( 'NONE', #1877, #3739, #4220 ) ;
#3036 = CARTESIAN_POINT ( 'NONE',  ( 1.124999999999999800, 0.1200000000000004400, 0.9500000000000000700 ) ) ;
#3037 = CARTESIAN_POINT ( 'NONE',  ( 1.925000000000000700, 0.1200000000000000900, -1.174999999999999800 ) ) ;
#3038 = ORIENTED_EDGE ( 'NONE', *, *, #662, .F. ) ;
#3039 = ORIENTED_EDGE ( 'NONE', *, *, #4798, .F. ) ;
#3040 = CARTESIAN_POINT ( 'NONE',  ( -1.424999999999999800, 0.1199999999999999500, -1.474999999999999600 ) ) ;
#3041 = LINE ( 'NONE', #3191, #1879 ) ;
#3042 = CARTESIAN_POINT ( 'NONE',  ( -0.05000000000000000300, 1.629999999999999400, 0.09999999999999981100 ) ) ;
#3043 = EDGE_LOOP ( 'NONE', ( #4053, #4595, #894, #2796 ) ) ;
#3044 = AXIS2_PLACEMENT_3D ( 'NONE', #1874, #6008, #5568 ) ;
#3045 = ORIENTED_EDGE ( 'NONE', *, *, #758, .T. ) ;
#3046 = EDGE_CURVE ( 'NONE', #5900, #1206, #1092, .T. ) ;
#3047 = VECTOR ( 'NONE', #878, 1000.000000000000000 ) ;
#3048 = DIRECTION ( 'NONE',  ( 0.0000000000000000000, 0.0000000000000000000, -1.000000000000000000 ) ) ;
#3049 = ORIENTED_EDGE ( 'NONE', *, *, #3526, .F. ) ;
#3050 = CARTESIAN_POINT ( 'NONE',  ( 1.875000000000000200, 0.1200000000000003300, 0.9499999999999999600 ) ) ;
#3051 = LINE ( 'NONE', #4626, #3488 ) ;
#3052 = FACE_BOUND ( 'NONE', #24, .T. ) ;
#3053 = DIRECTION ( 'NONE',  ( 0.0000000000000000000, 1.000000000000000000, 0.0000000000000000000 ) ) ;
#3054 = AXIS2_PLACEMENT_3D ( 'NONE', #5475, #1296, #5011 ) ;
#3055 = VERTEX_POINT ( 'NONE', #6022 ) ;
#3056 = VERTEX_POINT ( 'NONE', #3647 ) ;
#3057 = LINE ( 'NONE', #1694, #1672 ) ;
#3058 = DIRECTION ( 'NONE',  ( 0.0000000000000000000, 1.000000000000000000, 0.0000000000000000000 ) ) ;
#3059 = CARTESIAN_POINT ( 'NONE',  ( -1.299999999999999200, 2.929236009777593800, -1.300000000000000300 ) ) ;
#3060 = CARTESIAN_POINT ( 'NONE',  ( -1.299999999999999800, 0.05000000000000000300, -0.4500000000000000100 ) ) ;
#3061 = ORIENTED_EDGE ( 'NONE', *, *, #1724, .T. ) ;
#3062 = ADVANCED_FACE ( 'NONE', ( #4842, #959, #3283, #5795, #308 ), #1808, .F. ) ;
#3063 = EDGE_LOOP ( 'NONE', ( #3611, #1384, #5887, #3195 ) ) ;
#3064 = VECTOR ( 'NONE', #348, 1000.000000000000000 ) ;
#3065 = EDGE_CURVE ( 'NONE', #3025, #3239, #4027, .T. ) ;
#3066 = CARTESIAN_POINT ( 'NONE',  ( 1.925000000000000700, 0.1950000000000001500, 0.9499999999999999600 ) ) ;
#3067 = ADVANCED_FACE ( 'NONE', ( #4836 ), #2277, .T. ) ;
#3068 = ORIENTED_EDGE ( 'NONE', *, *, #1927, .F. ) ;
#3069 = PLANE ( 'NONE',  #1294 ) ;
#3070 = FACE_OUTER_BOUND ( 'NONE', #2015, .T. ) ;
#3071 = CARTESIAN_POINT ( 'NONE',  ( 1.424999999999999600, 0.1950000000000002800, -1.474999999999999600 ) ) ;
#3072 = ORIENTED_EDGE ( 'NONE', *, *, #2900, .F. ) ;
#3073 = LINE ( 'NONE', #6, #3747 ) ;
#3074 = CARTESIAN_POINT ( 'NONE',  ( 1.124999999999999800, 0.1200000000000004400, -1.874999999999999800 ) ) ;
#3075 = CARTESIAN_POINT ( 'NONE',  ( -1.874999999999999800, 0.1949999999999999500, 0.2500000000000000000 ) ) ;
#3076 = VECTOR ( 'NONE', #3651, 1000.000000000000000 ) ;
#3077 = VERTEX_POINT ( 'NONE', #4644 ) ;
#3078 = CARTESIAN_POINT ( 'NONE',  ( -1.424999999999999800, 0.1949999999999999500, 0.2500000000000000000 ) ) ;
#3079 = LINE ( 'NONE', #378, #1850 ) ;
#3080 = AXIS2_PLACEMENT_3D ( 'NONE', #2230, #4173, #2208 ) ;
#3081 = DIRECTION ( 'NONE',  ( 0.0000000000000000000, -1.000000000000000000, 0.0000000000000000000 ) ) ;
#3082 = EDGE_CURVE ( 'NONE', #5252, #4838, #299, .T. ) ;
#3083 = ORIENTED_EDGE ( 'NONE', *, *, #48, .F. ) ;
#3084 = LINE ( 'NONE', #5279, #4651 ) ;
#3085 = DIRECTION ( 'NONE',  ( 0.0000000000000000000, 1.000000000000000000, 0.0000000000000000000 ) ) ;
#3086 = VERTEX_POINT ( 'NONE', #5136 ) ;
#3087 = EDGE_CURVE ( 'NONE', #4909, #4622, #456, .T. ) ;
#3088 = EDGE_CURVE ( 'NONE', #4668, #2, #5491, .T. ) ;
#3089 = DIRECTION ( 'NONE',  ( 1.000000000000000000, 0.0000000000000000000, 0.0000000000000000000 ) ) ;
#3090 = DIRECTION ( 'NONE',  ( -0.0000000000000000000, -0.0000000000000000000, 1.000000000000000000 ) ) ;
#3091 = FACE_OUTER_BOUND ( 'NONE', #2333, .T. ) ;
#3092 = ADVANCED_FACE ( 'NONE', ( #594 ), #5602, .T. ) ;
#3093 = CARTESIAN_POINT ( 'NONE',  ( 1.925000000000000500, 0.6600000000000000300, 1.924999999999999600 ) ) ;
#3094 = LINE ( 'NONE', #5076, #189 ) ;
#3095 = ORIENTED_EDGE ( 'NONE', *, *, #2549, .F. ) ;
#3096 = ORIENTED_EDGE ( 'NONE', *, *, #644, .T. ) ;
#3097 = CARTESIAN_POINT ( 'NONE',  ( -1.299999999999999200, 2.929236009777593800, -0.9000000000000001300 ) ) ;
#3098 = CARTESIAN_POINT ( 'NONE',  ( 1.875000000000000200, 0.1950000000000002800, 1.249999999999999800 ) ) ;
#3099 = ADVANCED_FACE ( 'NONE', ( #4980 ), #11, .T. ) ;
#3100 = LINE ( 'NONE', #4407, #4074 ) ;
#3101 = CARTESIAN_POINT ( 'NONE',  ( 1.124999999999999800, 0.1200000000000004400, -0.7750000000000001300 ) ) ;
#3102 = VECTOR ( 'NONE', #4730, 1000.000000000000000 ) ;
#3103 = DIRECTION ( 'NONE',  ( 0.0000000000000000000, 0.0000000000000000000, -1.000000000000000000 ) ) ;
#3104 = ORIENTED_EDGE ( 'NONE', *, *, #4005, .T. ) ;
#3105 = VERTEX_POINT ( 'NONE', #2823 ) ;
#3106 = VERTEX_POINT ( 'NONE', #3729 ) ;
#3107 = LINE ( 'NONE', #5976, #5317 ) ;
#3108 = CARTESIAN_POINT ( 'NONE',  ( -1.424999999999999600, 0.1200000000000004400, -1.925000000000000300 ) ) ;
#3109 = CARTESIAN_POINT ( 'NONE',  ( 1.925000000000000700, 0.1200000000000001600, -0.7749999999999998000 ) ) ;
#3110 = ORIENTED_EDGE ( 'NONE', *, *, #1089, .T. ) ;
#3111 = VERTEX_POINT ( 'NONE', #5682 ) ;
#3112 = AXIS2_PLACEMENT_3D ( 'NONE', #3059, #1697, #5431 ) ;
#3113 = VECTOR ( 'NONE', #1203, 1000.000000000000000 ) ;
#3114 = CARTESIAN_POINT ( 'NONE',  ( -1.874999999999999800, 0.4500000000000000100, 1.875000000000000200 ) ) ;
#3115 = DIRECTION ( 'NONE',  ( -0.0000000000000000000, -0.0000000000000000000, 1.000000000000000000 ) ) ;
#3116 = ORIENTED_EDGE ( 'NONE', *, *, #3017, .T. ) ;
#3117 = DIRECTION ( 'NONE',  ( -1.000000000000000000, -0.0000000000000000000, -0.0000000000000000000 ) ) ;
#3118 = CYLINDRICAL_SURFACE ( 'NONE', #5944, 0.04999999999999991300 ) ;
#3119 = CARTESIAN_POINT ( 'NONE',  ( -1.424999999999999600, 0.1950000000000002800, -1.874999999999999800 ) ) ;
#3120 = CARTESIAN_POINT ( 'NONE',  ( 1.350000000000000300, 0.05000000000000000300, -0.2500000000000000000 ) ) ;
#3121 = EDGE_CURVE ( 'NONE', #4766, #1335, #4618, .T. ) ;
#3122 = CARTESIAN_POINT ( 'NONE',  ( 1.124999999999999800, 0.1200000000000004400, 1.875000000000000200 ) ) ;
#3123 = PLANE ( 'NONE',  #3716 ) ;
#3124 = ORIENTED_EDGE ( 'NONE', *, *, #5870, .F. ) ;
#3125 = ADVANCED_BREP_SHAPE_REPRESENTATION ( 'SFH 4716AS', ( #2935, #3272, #2561, #4043, #3741, #786, #1133 ), #4048 ) ;
#3126 = DIRECTION ( 'NONE',  ( -0.0000000000000000000, -1.264902534566422200E-015, -1.000000000000000000 ) ) ;
#3127 = ORIENTED_EDGE ( 'NONE', *, *, #214, .F. ) ;
#3128 = STYLED_ITEM ( 'NONE', ( #2991 ), #3125 ) ;
#3129 = EDGE_CURVE ( 'NONE', #3928, #3325, #2184, .T. ) ;
#3130 = ORIENTED_EDGE ( 'NONE', *, *, #5853, .T. ) ;
#3131 = EDGE_CURVE ( 'NONE', #2060, #2042, #4187, .T. ) ;
#3132 = CARTESIAN_POINT ( 'NONE',  ( -1.349999999999999600, 2.929236009777593800, -0.4500000000000000100 ) ) ;
#3133 = VECTOR ( 'NONE', #850, 1000.000000000000000 ) ;
#3134 = VECTOR ( 'NONE', #1381, 1000.000000000000000 ) ;
#3135 = FACE_OUTER_BOUND ( 'NONE', #4733, .T. ) ;
#3136 = ADVANCED_FACE ( 'NONE', ( #1388 ), #4328, .F. ) ;
#3137 = CARTESIAN_POINT ( 'NONE',  ( -1.299999999999999800, 0.0000000000000000000, -0.5000000000000000000 ) ) ;
#3138 = DIRECTION ( 'NONE',  ( 0.0000000000000000000, 0.0000000000000000000, -1.000000000000000000 ) ) ;
#3139 = ORIENTED_EDGE ( 'NONE', *, *, #2125, .F. ) ;
#3140 = PLANE ( 'NONE',  #2367 ) ;
#3141 = ORIENTED_EDGE ( 'NONE', *, *, #27, .T. ) ;
#3142 = LINE ( 'NONE', #931, #1902 ) ;
#3143 = VECTOR ( 'NONE', #4521, 1000.000000000000000 ) ;
#3144 = CARTESIAN_POINT ( 'NONE',  ( 1.875000000000000200, 0.1200000000000001100, 0.2500000000000000000 ) ) ;
#3145 = CARTESIAN_POINT ( 'NONE',  ( -1.299999999999999200, 0.05000000000000012800, 1.300000000000000300 ) ) ;
#3146 = DIRECTION ( 'NONE',  ( 1.000000000000000000, 0.0000000000000000000, 0.0000000000000000000 ) ) ;
#3147 = VECTOR ( 'NONE', #4352, 1000.000000000000000 ) ;
#3148 = DIRECTION ( 'NONE',  ( -0.0000000000000000000, 0.0000000000000000000, -1.000000000000000000 ) ) ;
#3149 = DIRECTION ( 'NONE',  ( 0.0000000000000000000, 0.0000000000000000000, -1.000000000000000000 ) ) ;
#3150 = EDGE_CURVE ( 'NONE', #5621, #2763, #5642, .T. ) ;
#3151 = VERTEX_POINT ( 'NONE', #2004 ) ;
#3152 = AXIS2_PLACEMENT_3D ( 'NONE', #570, #3831, #2456 ) ;
#3153 = LINE ( 'NONE', #3803, #752 ) ;
#3154 = CARTESIAN_POINT ( 'NONE',  ( -1.299999999999999800, 0.0000000000000000000, 0.5000000000000000000 ) ) ;
#3155 = DIRECTION ( 'NONE',  ( -0.0000000000000000000, 1.000000000000000000, 0.0000000000000000000 ) ) ;
#3156 = VERTEX_POINT ( 'NONE', #4821 ) ;
#3157 = CARTESIAN_POINT ( 'NONE',  ( -1.349999999999999000, 0.05000000000000012800, -0.9000000000000003600 ) ) ;
#3158 = LINE ( 'NONE', #3385, #2793 ) ;
#3159 = CARTESIAN_POINT ( 'NONE',  ( 1.124999999999999800, 0.1950000000000002800, -1.925000000000000300 ) ) ;
#3160 = CARTESIAN_POINT ( 'NONE',  ( 1.300000000000000300, 0.05000000000000000300, 0.5000000000000000000 ) ) ;
#3161 = DIRECTION ( 'NONE',  ( -1.000000000000000000, 0.0000000000000000000, 0.0000000000000000000 ) ) ;
#3162 = DIRECTION ( 'NONE',  ( -0.0000000000000000000, 0.0000000000000000000, 1.000000000000000000 ) ) ;
#3163 = ORIENTED_EDGE ( 'NONE', *, *, #799, .F. ) ;
#3164 = LINE ( 'NONE', #5483, #693 ) ;
#3165 = CARTESIAN_POINT ( 'NONE',  ( -1.349999999999999600, 0.05000000000000000300, 0.4500000000000000100 ) ) ;
#3166 = DIRECTION ( 'NONE',  ( -0.0000000000000000000, -1.000000000000000000, -0.0000000000000000000 ) ) ;
#3167 = ADVANCED_FACE ( 'NONE', ( #1019 ), #5764, .F. ) ;
#3168 = DIRECTION ( 'NONE',  ( 0.0000000000000000000, 4.969259957225230300E-016, 1.000000000000000000 ) ) ;
#3169 = ORIENTED_EDGE ( 'NONE', *, *, #5851, .T. ) ;
#3170 = AXIS2_PLACEMENT_3D ( 'NONE', #5997, #4637, #2715 ) ;
#3171 = ORIENTED_EDGE ( 'NONE', *, *, #1169, .T. ) ;
#3172 = EDGE_CURVE ( 'NONE', #3513, #1339, #5860, .T. ) ;
#3173 = ORIENTED_EDGE ( 'NONE', *, *, #2031, .T. ) ;
#3174 = ORIENTED_EDGE ( 'NONE', *, *, #4156, .F. ) ;
#3175 = ORIENTED_EDGE ( 'NONE', *, *, #3977, .F. ) ;
#3176 = CARTESIAN_POINT ( 'NONE',  ( 1.424999999999999600, 0.1950000000000002800, -0.7749999999999999100 ) ) ;
#3177 = EDGE_CURVE ( 'NONE', #1348, #165, #5717, .T. ) ;
#3178 = EDGE_CURVE ( 'NONE', #3986, #2094, #2911, .T. ) ;
#3179 = PLANE ( 'NONE',  #2511 ) ;
#3180 = FILL_AREA_STYLE ('',( #4124 ) ) ;
#3181 = CARTESIAN_POINT ( 'NONE',  ( 1.875000000000000200, 0.1949999999999999800, -1.474999999999999600 ) ) ;
#3182 = CLOSED_SHELL ( 'NONE', ( #427, #396, #3257, #993, #3529, #3909, #4198, #5415, #5480, #3099, #4744, #4073, #2825, #2127, #5406, #1269, #3787, #1792, #364, #4282, #3944, #207, #572, #2486, #2603, #1392, #3816, #2599, #907, #1016, #4315, #5877, #1760, #4463, #1451, #5964, #5933, #3691, #1656, #3365, #4986, #4171, #4427, #1361, #3421, #2249, #3972, #7, #5666, #2731, #4925, #5117, #5148, #4535, #1200, #3227, #3092, #4038 ) ) ;
#3183 = VERTEX_POINT ( 'NONE', #1542 ) ;
#3184 = ORIENTED_EDGE ( 'NONE', *, *, #2549, .T. ) ;
#3185 = CARTESIAN_POINT ( 'NONE',  ( -1.349999999999999600, 0.0000000000000000000, 0.4500000000000000100 ) ) ;
#3186 = VECTOR ( 'NONE', #4092, 1000.000000000000000 ) ;
#3187 = DIRECTION ( 'NONE',  ( -0.0000000000000000000, 1.000000000000000000, -0.0000000000000000000 ) ) ;
#3188 = CARTESIAN_POINT ( 'NONE',  ( 0.0000000000000000000, 0.9356394288300756700, 0.0000000000000000000 ) ) ;
#3189 = EDGE_LOOP ( 'NONE', ( #1998, #5831, #4551, #4291 ) ) ;
#3190 = VERTEX_POINT ( 'NONE', #4763 ) ;
#3191 = CARTESIAN_POINT ( 'NONE',  ( 1.925000000000000700, 0.1950000000000005600, -0.4749999999999998100 ) ) ;
#3192 = EDGE_CURVE ( 'NONE', #1390, #5542, #956, .T. ) ;
#3193 = FACE_BOUND ( 'NONE', #5203, .T. ) ;
#3194 = DIRECTION ( 'NONE',  ( -1.000000000000000000, 0.0000000000000000000, 0.0000000000000000000 ) ) ;
#3195 = ORIENTED_EDGE ( 'NONE', *, *, #74, .T. ) ;
#3196 = LINE ( 'NONE', #3439, #1949 ) ;
#3197 = DIRECTION ( 'NONE',  ( 0.0000000000000000000, 0.0000000000000000000, 1.000000000000000000 ) ) ;
#3198 = ADVANCED_FACE ( 'NONE', ( #5270 ), #2880, .F. ) ;
#3199 = ORIENTED_EDGE ( 'NONE', *, *, #2540, .F. ) ;
#3200 = DIRECTION ( 'NONE',  ( 0.0000000000000000000, 0.0000000000000000000, -1.000000000000000000 ) ) ;
#3201 = SURFACE_SIDE_STYLE ('',( #532 ) ) ;
#3202 = FACE_BOUND ( 'NONE', #1757, .T. ) ;
#3203 = CARTESIAN_POINT ( 'NONE',  ( 1.875000000000000200, 0.0000000000000000000, 0.0000000000000000000 ) ) ;
#3204 = ORIENTED_EDGE ( 'NONE', *, *, #2276, .F. ) ;
#3205 = CARTESIAN_POINT ( 'NONE',  ( 1.350000000000001200, 0.0000000000000000000, 0.9000000000000003600 ) ) ;
#3206 = FILL_AREA_STYLE ('',( #2730 ) ) ;
#3207 = CIRCLE ( 'NONE', #2563, 0.04999999999999991300 ) ;
#3208 = CARTESIAN_POINT ( 'NONE',  ( 1.124999999999999800, 0.1200000000000004400, -1.474999999999999600 ) ) ;
#3209 = EDGE_CURVE ( 'NONE', #5233, #3024, #3274, .T. ) ;
#3210 = ORIENTED_EDGE ( 'NONE', *, *, #2982, .F. ) ;
#3211 = CARTESIAN_POINT ( 'NONE',  ( -1.424999999999999600, 0.1950000000000002800, -1.874999999999999800 ) ) ;
#3212 = ORIENTED_EDGE ( 'NONE', *, *, #6034, .F. ) ;
#3213 = PLANE ( 'NONE',  #4880 ) ;
#3214 = LINE ( 'NONE', #4368, #4026 ) ;
#3215 = SURFACE_STYLE_FILL_AREA ( #3507 ) ;
#3216 = EDGE_CURVE ( 'NONE', #3299, #5869, #2767, .T. ) ;
#3217 = EDGE_CURVE ( 'NONE', #6031, #3618, #4389, .T. ) ;
#3219 = VERTEX_POINT ( 'NONE', #3362 ) ;
#3218 = CARTESIAN_POINT ( 'NONE',  ( 1.424999999999999600, 0.1950000000000002800, -1.874999999999999800 ) ) ;
#3220 = CARTESIAN_POINT ( 'NONE',  ( 1.124999999999999800, 0.1950000000000002800, -1.874999999999999800 ) ) ;
#3221 = ORIENTED_EDGE ( 'NONE', *, *, #2613, .T. ) ;
#3222 = VERTEX_POINT ( 'NONE', #588 ) ;
#3223 = DIRECTION ( 'NONE',  ( 0.0000000000000000000, -1.000000000000000000, 0.0000000000000000000 ) ) ;
#3224 = EDGE_CURVE ( 'NONE', #450, #3368, #4769, .T. ) ;
#3225 = ORIENTED_EDGE ( 'NONE', *, *, #2928, .T. ) ;
#3226 = COLOUR_RGB ( '',1.000000000000000000, 0.8117647058823529400, 0.5019607843137254800 ) ;
#3227 = ADVANCED_FACE ( 'NONE', ( #885 ), #2129, .F. ) ;
#3228 = ORIENTED_EDGE ( 'NONE', *, *, #4799, .F. ) ;
#3229 = CARTESIAN_POINT ( 'NONE',  ( 1.100000000000003200, 2.929236009777593800, -0.5000000000000000000 ) ) ;
#3230 = VECTOR ( 'NONE', #2891, 1000.000000000000000 ) ;
#3231 = DIRECTION ( 'NONE',  ( -0.0000000000000000000, 0.0000000000000000000, -1.000000000000000000 ) ) ;
#3232 = AXIS2_PLACEMENT_3D ( 'NONE', #4376, #2539, #1563 ) ;
#3233 = VECTOR ( 'NONE', #272, 1000.000000000000000 ) ;
#3234 = VERTEX_POINT ( 'NONE', #1980 ) ;
#3235 = CARTESIAN_POINT ( 'NONE',  ( -1.299999999999999800, 0.05000000000000012800, 0.4500000000000000100 ) ) ;
#3236 = CARTESIAN_POINT ( 'NONE',  ( 1.875000000000000200, 0.1950000000000002800, 1.249999999999999800 ) ) ;
#3237 = CARTESIAN_POINT ( 'NONE',  ( -1.874999999999999800, 0.4500000000000000100, 1.875000000000000200 ) ) ;
#3238 = DIRECTION ( 'NONE',  ( -1.000000000000000000, 0.0000000000000000000, -0.0000000000000000000 ) ) ;
#3239 = VERTEX_POINT ( 'NONE', #4888 ) ;
#3240 = VECTOR ( 'NONE', #2102, 1000.000000000000000 ) ;
#3241 = VERTEX_POINT ( 'NONE', #1102 ) ;
#3242 = VECTOR ( 'NONE', #1800, 1000.000000000000000 ) ;
#3243 = CARTESIAN_POINT ( 'NONE',  ( -1.299999999999998700, 2.929236009777593800, 0.8500000000000000900 ) ) ;
#3244 = PLANE ( 'NONE',  #5311 ) ;
#3245 = VECTOR ( 'NONE', #2450, 1000.000000000000000 ) ;
#3246 = AXIS2_PLACEMENT_3D ( 'NONE', #1701, #282, #3103 ) ;
#3247 = CARTESIAN_POINT ( 'NONE',  ( -1.125000000000000000, 0.1950000000000005600, -0.4749999999999998100 ) ) ;
#3248 = EDGE_CURVE ( 'NONE', #4289, #1777, #808, .T. ) ;
#3249 = EDGE_CURVE ( 'NONE', #5231, #796, #2120, .T. ) ;
#3250 = CARTESIAN_POINT ( 'NONE',  ( -1.124999999999999800, 0.1200000000000004400, -1.925000000000000300 ) ) ;
#3251 = ORIENTED_EDGE ( 'NONE', *, *, #2276, .T. ) ;
#3252 = ORIENTED_EDGE ( 'NONE', *, *, #3554, .T. ) ;
#3253 = CIRCLE ( 'NONE', #5772, 0.05000000000000002400 ) ;
#3254 = LINE ( 'NONE', #5208, #1429 ) ;
#3255 = DIRECTION ( 'NONE',  ( 1.000000000000000000, 0.0000000000000000000, -0.0000000000000000000 ) ) ;
#3256 = EDGE_LOOP ( 'NONE', ( #2077, #1812, #979, #5656 ) ) ;
#3257 = ADVANCED_FACE ( 'NONE', ( #2411 ), #4422, .T. ) ;
#3258 = AXIS2_PLACEMENT_3D ( 'NONE', #3920, #1107, #1083 ) ;
#3259 = VECTOR ( 'NONE', #534, 1000.000000000000000 ) ;
#3260 = DIRECTION ( 'NONE',  ( 1.000000000000000000, 0.0000000000000000000, 0.0000000000000000000 ) ) ;
#3261 = CARTESIAN_POINT ( 'NONE',  ( -1.424999999999999600, 0.1200000000000004400, -1.174999999999999800 ) ) ;
#3262 = EDGE_LOOP ( 'NONE', ( #2481, #2799, #426, #1910 ) ) ;
#3263 = VECTOR ( 'NONE', #2777, 1000.000000000000000 ) ;
#3264 = CARTESIAN_POINT ( 'NONE',  ( 1.124999999999999800, 0.1200000000000004400, -1.925000000000000300 ) ) ;
#3265 = CARTESIAN_POINT ( 'NONE',  ( -1.924999999999999600, 0.6600000000000000300, 1.924999999999999600 ) ) ;
#3266 = EDGE_CURVE ( 'NONE', #5251, #5209, #1531, .T. ) ;
#3267 = VERTEX_POINT ( 'NONE', #4386 ) ;
#3268 = VERTEX_POINT ( 'NONE', #3914 ) ;
#3269 = DIRECTION ( 'NONE',  ( -0.0000000000000000000, 1.000000000000000000, -0.0000000000000000000 ) ) ;
#3270 = VECTOR ( 'NONE', #2621, 1000.000000000000000 ) ;
#3271 = ORIENTED_EDGE ( 'NONE', *, *, #1304, .F. ) ;
#3272 = MANIFOLD_SOLID_BREP ( 'Housing', #3552 ) ;
#3273 = LINE ( 'NONE', #2986, #1529 ) ;
#3274 = LINE ( 'NONE', #1045, #1161 ) ;
#3275 = CARTESIAN_POINT ( 'NONE',  ( -1.172648133521780000, 1.363205099482563100, -2.345296267043553300 ) ) ;
#3276 = ORIENTED_EDGE ( 'NONE', *, *, #4831, .T. ) ;
#3277 =( NAMED_UNIT ( * ) SI_UNIT ( $, .STERADIAN. ) SOLID_ANGLE_UNIT ( ) );
#3278 = CARTESIAN_POINT ( 'NONE',  ( -1.424999999999999600, 0.1950000000000002800, -1.474999999999999600 ) ) ;
#3279 = EDGE_CURVE ( 'NONE', #681, #5272, #1898, .T. ) ;
#3280 = ADVANCED_FACE ( 'NONE', ( #3135 ), #1181, .F. ) ;
#3281 = ORIENTED_EDGE ( 'NONE', *, *, #1495, .T. ) ;
#3282 = VECTOR ( 'NONE', #2736, 1000.000000000000000 ) ;
#3283 = FACE_BOUND ( 'NONE', #613, .T. ) ;
#3284 = DIRECTION ( 'NONE',  ( 0.0000000000000000000, 0.0000000000000000000, 1.000000000000000000 ) ) ;
#3285 = ORIENTED_EDGE ( 'NONE', *, *, #3046, .F. ) ;
#3286 = VECTOR ( 'NONE', #2805, 1000.000000000000000 ) ;
#3287 = EDGE_CURVE ( 'NONE', #1730, #2085, #4759, .T. ) ;
#3288 = EDGE_CURVE ( 'NONE', #1259, #3604, #2759, .T. ) ;
#3289 = ORIENTED_EDGE ( 'NONE', *, *, #2623, .T. ) ;
#3290 = LINE ( 'NONE', #5470, #2055 ) ;
#3291 = AXIS2_PLACEMENT_3D ( 'NONE', #63, #1015, #3825 ) ;
#3292 = VERTEX_POINT ( 'NONE', #2064 ) ;
#3293 = FACE_OUTER_BOUND ( 'NONE', #3189, .T. ) ;
#3294 = PLANE ( 'NONE',  #5826 ) ;
#3295 = CARTESIAN_POINT ( 'NONE',  ( -1.874999999999999800, 0.1950000000000001700, -0.7749999999999998000 ) ) ;
#3296 = DIRECTION ( 'NONE',  ( 0.0000000000000000000, 0.0000000000000000000, -1.000000000000000000 ) ) ;
#3297 = ORIENTED_EDGE ( 'NONE', *, *, #4170, .T. ) ;
#3298 = FACE_OUTER_BOUND ( 'NONE', #975, .T. ) ;
#3299 = VERTEX_POINT ( 'NONE', #5820 ) ;
#3300 = DIRECTION ( 'NONE',  ( 0.0000000000000000000, -1.000000000000000000, 0.0000000000000000000 ) ) ;
#3301 = VERTEX_POINT ( 'NONE', #689 ) ;
#3302 = DIRECTION ( 'NONE',  ( -0.0000000000000000000, 0.0000000000000000000, -1.000000000000000000 ) ) ;
#3303 = ADVANCED_FACE ( 'NONE', ( #148 ), #4903, .F. ) ;
#3304 = APPLICATION_CONTEXT ( 'automotive_design' ) ;
#3305 = CARTESIAN_POINT ( 'NONE',  ( -1.349999999999999600, 0.0000000000000000000, 0.4500000000000000100 ) ) ;
#3306 = ORIENTED_EDGE ( 'NONE', *, *, #291, .F. ) ;
#3307 = EDGE_LOOP ( 'NONE', ( #4023, #1425, #5460, #3523 ) ) ;
#3308 = VERTEX_POINT ( 'NONE', #1162 ) ;
#3309 = EDGE_CURVE ( 'NONE', #5193, #1024, #2256, .T. ) ;
#3310 = LINE ( 'NONE', #5009, #3536 ) ;
#3311 = ORIENTED_EDGE ( 'NONE', *, *, #833, .F. ) ;
#3312 = ORIENTED_EDGE ( 'NONE', *, *, #3644, .T. ) ;
#3313 = DIRECTION ( 'NONE',  ( 1.000000000000000000, 0.0000000000000000000, -0.0000000000000000000 ) ) ;
#3314 = ORIENTED_EDGE ( 'NONE', *, *, #2350, .F. ) ;
#3315 = ORIENTED_EDGE ( 'NONE', *, *, #5659, .F. ) ;
#3316 = LINE ( 'NONE', #2981, #3853 ) ;
#3317 = EDGE_CURVE ( 'NONE', #1335, #4080, #4179, .T. ) ;
#3318 = EDGE_CURVE ( 'NONE', #1070, #1670, #2904, .T. ) ;
#3319 = ORIENTED_EDGE ( 'NONE', *, *, #1374, .T. ) ;
#3320 = ORIENTED_EDGE ( 'NONE', *, *, #3216, .F. ) ;
#3321 = LINE ( 'NONE', #4232, #1734 ) ;
#3322 = DIRECTION ( 'NONE',  ( 0.0000000000000000000, -1.000000000000000000, 0.0000000000000000000 ) ) ;
#3323 = CARTESIAN_POINT ( 'NONE',  ( 1.124999999999999800, 0.1950000000000002800, 1.875000000000000200 ) ) ;
#3324 = EDGE_CURVE ( 'NONE', #4726, #2483, #5995, .T. ) ;
#3325 = VERTEX_POINT ( 'NONE', #3530 ) ;
#3326 = CARTESIAN_POINT ( 'NONE',  ( 1.300000000000000700, 0.05000000000000012800, 0.8500000000000000900 ) ) ;
#3327 = CONICAL_SURFACE ( 'NONE', #2886, 1.399999999999999900, 0.3926990816987250300 ) ;
#3328 = DIRECTION ( 'NONE',  ( -0.0000000000000000000, 0.0000000000000000000, -1.000000000000000000 ) ) ;
#3329 = ORIENTED_EDGE ( 'NONE', *, *, #5223, .T. ) ;
#3330 = PRESENTATION_STYLE_ASSIGNMENT (( #1088 ) ) ;
#3331 = DIRECTION ( 'NONE',  ( -1.000000000000000000, 0.0000000000000000000, 0.0000000000000000000 ) ) ;
#3332 = ADVANCED_FACE ( 'NONE', ( #294 ), #1669, .T. ) ;
#3333 = CARTESIAN_POINT ( 'NONE',  ( -1.299999999999998700, -0.0000000000000000000, -1.350000000000000100 ) ) ;
#3334 = EDGE_CURVE ( 'NONE', #5757, #1416, #3338, .T. ) ;
#3335 = AXIS2_PLACEMENT_3D ( 'NONE', #332, #4482, #4025 ) ;
#3336 = DIRECTION ( 'NONE',  ( 0.0000000000000000000, 1.000000000000000000, 0.0000000000000000000 ) ) ;
#3337 = ORIENTED_EDGE ( 'NONE', *, *, #3088, .F. ) ;
#3338 = CIRCLE ( 'NONE', #5840, 0.04999999999999996800 ) ;
#3339 = CARTESIAN_POINT ( 'NONE',  ( -1.874999999999999800, 0.1950000000000002800, 1.249999999999999800 ) ) ;
#3341 = ORIENTED_EDGE ( 'NONE', *, *, #5547, .T. ) ;
#3340 = CARTESIAN_POINT ( 'NONE',  ( 1.124999999999999800, 0.1950000000000002800, -1.925000000000000300 ) ) ;
#3342 = DIRECTION ( 'NONE',  ( 1.000000000000000000, 0.0000000000000000000, 0.0000000000000000000 ) ) ;
#3343 = ORIENTED_EDGE ( 'NONE', *, *, #5499, .T. ) ;
#3344 = DIRECTION ( 'NONE',  ( 0.0000000000000000000, -1.000000000000000000, 0.0000000000000000000 ) ) ;
#3345 = FACE_OUTER_BOUND ( 'NONE', #1278, .T. ) ;
#3346 =( NAMED_UNIT ( * ) PLANE_ANGLE_UNIT ( ) SI_UNIT ( $, .RADIAN. ) );
#3347 = VECTOR ( 'NONE', #3322, 1000.000000000000000 ) ;
#3348 = CARTESIAN_POINT ( 'NONE',  ( -1.874999999999999800, 0.1199999999999999500, -1.474999999999999600 ) ) ;
#3349 = EDGE_LOOP ( 'NONE', ( #5865, #3993, #4366, #410, #674 ) ) ;
#3350 = CARTESIAN_POINT ( 'NONE',  ( 1.124999999999999800, 0.1950000000000002800, 0.2500000000000000000 ) ) ;
#3351 = ORIENTED_EDGE ( 'NONE', *, *, #3224, .F. ) ;
#3352 = FACE_OUTER_BOUND ( 'NONE', #1047, .T. ) ;
#3353 = EDGE_CURVE ( 'NONE', #2273, #740, #1457, .T. ) ;
#3354 = ORIENTED_EDGE ( 'NONE', *, *, #733, .F. ) ;
#3355 = PLANE ( 'NONE',  #535 ) ;
#3356 = DIRECTION ( 'NONE',  ( -1.000000000000000000, 0.0000000000000000000, 0.0000000000000000000 ) ) ;
#3357 = ORIENTED_EDGE ( 'NONE', *, *, #289, .F. ) ;
#3358 = VECTOR ( 'NONE', #2833, 1000.000000000000000 ) ;
#3359 = AXIS2_PLACEMENT_3D ( 'NONE', #2113, #5391, #1657 ) ;
#3360 = CARTESIAN_POINT ( 'NONE',  ( -1.424999999999999600, 0.1200000000000004400, -1.874999999999999800 ) ) ;
#3361 = ORIENTED_EDGE ( 'NONE', *, *, #5959, .T. ) ;
#3362 = CARTESIAN_POINT ( 'NONE',  ( -1.874999999999999800, 0.1950000000000003400, -1.174999999999999800 ) ) ;
#3363 = FACE_OUTER_BOUND ( 'NONE', #1557, .T. ) ;
#3364 = CARTESIAN_POINT ( 'NONE',  ( 1.875000000000000200, 0.0000000000000000000, 0.0000000000000000000 ) ) ;
#3365 = ADVANCED_FACE ( 'NONE', ( #2112 ), #5878, .T. ) ;
#3366 = DIRECTION ( 'NONE',  ( 0.0000000000000000000, 0.0000000000000000000, 1.000000000000000000 ) ) ;
#3367 = CARTESIAN_POINT ( 'NONE',  ( 1.925000000000000700, 0.1950000000000002800, 1.249999999999999800 ) ) ;
#3368 = VERTEX_POINT ( 'NONE', #3122 ) ;
#3369 = VECTOR ( 'NONE', #3432, 1000.000000000000000 ) ;
#3370 = CARTESIAN_POINT ( 'NONE',  ( 1.424999999999999400, 0.4500000000000000100, 1.875000000000000200 ) ) ;
#3371 =( LENGTH_UNIT ( ) NAMED_UNIT ( * ) SI_UNIT ( .MILLI., .METRE. ) );
#3372 = EDGE_CURVE ( 'NONE', #5272, #2531, #5709, .T. ) ;
#3373 = VERTEX_POINT ( 'NONE', #750 ) ;
#3374 = VECTOR ( 'NONE', #2951, 1000.000000000000000 ) ;
#3375 = CARTESIAN_POINT ( 'NONE',  ( 1.875000000000000200, 0.1199999999999999500, -1.474999999999999600 ) ) ;
#3376 = CARTESIAN_POINT ( 'NONE',  ( 1.100000000000003200, 0.05000000000000000300, -0.5000000000000000000 ) ) ;
#3377 = DIRECTION ( 'NONE',  ( 0.0000000000000000000, 0.0000000000000000000, 1.000000000000000000 ) ) ;
#3378 = EDGE_LOOP ( 'NONE', ( #1402, #2105, #1498, #5934 ) ) ;
#3379 = LINE ( 'NONE', #3247, #5754 ) ;
#3380 = DIRECTION ( 'NONE',  ( -0.0000000000000000000, -1.000000000000000000, -0.0000000000000000000 ) ) ;
#3381 = ORIENTED_EDGE ( 'NONE', *, *, #998, .F. ) ;
#3382 = ORIENTED_EDGE ( 'NONE', *, *, #3396, .F. ) ;
#3383 = DIRECTION ( 'NONE',  ( 0.0000000000000000000, -1.000000000000000000, 0.0000000000000000000 ) ) ;
#3384 = LINE ( 'NONE', #5806, #1940 ) ;
#3385 = CARTESIAN_POINT ( 'NONE',  ( -1.124999999999999800, 0.1950000000000002800, -1.874999999999999800 ) ) ;
#3386 = LINE ( 'NONE', #863, #924 ) ;
#3387 = AXIS2_PLACEMENT_3D ( 'NONE', #3549, #751, #5006 ) ;
#3388 = EDGE_CURVE ( 'NONE', #4224, #1590, #4465, .T. ) ;
#3389 = ORIENTED_EDGE ( 'NONE', *, *, #1811, .T. ) ;
#3390 = LINE ( 'NONE', #2932, #995 ) ;
#3391 = DIRECTION ( 'NONE',  ( 0.0000000000000000000, -1.000000000000000000, 0.0000000000000000000 ) ) ;
#3392 = CARTESIAN_POINT ( 'NONE',  ( 1.925000000000000700, 0.1950000000000000900, 0.5499999999999999300 ) ) ;
#3393 = ORIENTED_EDGE ( 'NONE', *, *, #76, .F. ) ;
#3394 = CARTESIAN_POINT ( 'NONE',  ( 1.350000000000001200, 0.05000000000000012800, 0.9000000000000003600 ) ) ;
#3395 = EDGE_CURVE ( 'NONE', #72, #4993, #1523, .T. ) ;
#3396 = EDGE_CURVE ( 'NONE', #3055, #4593, #2546, .T. ) ;
#3397 = LINE ( 'NONE', #2863, #5195 ) ;
#3398 = DIRECTION ( 'NONE',  ( -0.0000000000000000000, -0.0000000000000000000, 1.000000000000000000 ) ) ;
#3399 = CARTESIAN_POINT ( 'NONE',  ( 1.300000000000001200, 0.05000000000000012800, 0.9000000000000001300 ) ) ;
#3400 = EDGE_LOOP ( 'NONE', ( #2753, #5439, #4180, #1423 ) ) ;
#3401 = CARTESIAN_POINT ( 'NONE',  ( -1.349999999999999000, 2.929236009777593800, -0.9000000000000003600 ) ) ;
#3402 = DIRECTION ( 'NONE',  ( 0.0000000000000000000, 0.0000000000000000000, 1.000000000000000000 ) ) ;
#3403 = DIRECTION ( 'NONE',  ( 0.0000000000000000000, -1.000000000000000000, 0.0000000000000000000 ) ) ;
#3404 = CARTESIAN_POINT ( 'NONE',  ( 1.875000000000000200, 0.1950000000000005600, -0.4749999999999998100 ) ) ;
#3405 = ORIENTED_EDGE ( 'NONE', *, *, #1150, .T. ) ;
#3406 = VECTOR ( 'NONE', #5511, 1000.000000000000000 ) ;
#3407 = VECTOR ( 'NONE', #135, 1000.000000000000000 ) ;
#3408 = VERTEX_POINT ( 'NONE', #1762 ) ;
#3409 = CARTESIAN_POINT ( 'NONE',  ( 1.875000000000000200, 0.1950000000000001700, -0.7749999999999998000 ) ) ;
#3410 = FACE_OUTER_BOUND ( 'NONE', #2161, .T. ) ;
#3411 = CARTESIAN_POINT ( 'NONE',  ( 1.350000000000000300, 0.0000000000000000000, 0.4500000000000000100 ) ) ;
#3412 = DIRECTION ( 'NONE',  ( 0.0000000000000000000, 0.0000000000000000000, -1.000000000000000000 ) ) ;
#3413 = AXIS2_PLACEMENT_3D ( 'NONE', #1691, #1387, #4631 ) ;
#3414 = ORIENTED_EDGE ( 'NONE', *, *, #874, .T. ) ;
#3415 = VERTEX_POINT ( 'NONE', #3101 ) ;
#3416 = VECTOR ( 'NONE', #5867, 1000.000000000000000 ) ;
#3417 = DIRECTION ( 'NONE',  ( 0.0000000000000000000, -0.0000000000000000000, -1.000000000000000000 ) ) ;
#3418 = VECTOR ( 'NONE', #395, 1000.000000000000000 ) ;
#3419 = PLANE ( 'NONE',  #5730 ) ;
#3420 = CARTESIAN_POINT ( 'NONE',  ( 1.300000000000001200, 0.0000000000000000000, -0.9000000000000001300 ) ) ;
#3421 = ADVANCED_FACE ( 'NONE', ( #448 ), #2626, .F. ) ;
#3422 = ADVANCED_FACE ( 'NONE', ( #5126 ), #5855, .T. ) ;
#3423 = CARTESIAN_POINT ( 'NONE',  ( -1.299999999999998700, 0.0000000000000000000, 1.350000000000000100 ) ) ;
#3424 = EDGE_CURVE ( 'NONE', #2554, #4964, #4976, .T. ) ;
#3425 = ORIENTED_EDGE ( 'NONE', *, *, #390, .F. ) ;
#3426 = VECTOR ( 'NONE', #4629, 1000.000000000000000 ) ;
#3427 = ORIENTED_EDGE ( 'NONE', *, *, #4930, .F. ) ;
#3428 = FACE_OUTER_BOUND ( 'NONE', #597, .T. ) ;
#3429 = EDGE_CURVE ( 'NONE', #5972, #3874, #5407, .T. ) ;
#3430 = EDGE_CURVE ( 'NONE', #4479, #4777, #4827, .T. ) ;
#3431 = DIRECTION ( 'NONE',  ( -1.000000000000000000, 0.0000000000000000000, 0.0000000000000000000 ) ) ;
#3432 = DIRECTION ( 'NONE',  ( 0.0000000000000000000, -1.000000000000000000, 0.0000000000000000000 ) ) ;
#3433 = CARTESIAN_POINT ( 'NONE',  ( -1.424999999999999600, 0.1950000000000002800, 1.875000000000000200 ) ) ;
#3434 = VERTEX_POINT ( 'NONE', #3075 ) ;
#3435 = CIRCLE ( 'NONE', #4062, 0.05000000000000002400 ) ;
#3436 = PLANE ( 'NONE',  #2548 ) ;
#3437 = AXIS2_PLACEMENT_3D ( 'NONE', #5695, #3331, #3785 ) ;
#3438 = DIRECTION ( 'NONE',  ( -1.000000000000000000, 0.0000000000000000000, 0.0000000000000000000 ) ) ;
#3439 = CARTESIAN_POINT ( 'NONE',  ( -1.874999999999999800, 0.4500000000000000100, -0.7749999999999999100 ) ) ;
#3440 = VERTEX_POINT ( 'NONE', #4982 ) ;
#3441 = DIRECTION ( 'NONE',  ( 0.0000000000000000000, 0.0000000000000000000, 1.000000000000000000 ) ) ;
#3442 = VECTOR ( 'NONE', #960, 1000.000000000000000 ) ;
#3443 = ORIENTED_EDGE ( 'NONE', *, *, #3878, .T. ) ;
#3444 = ORIENTED_EDGE ( 'NONE', *, *, #1412, .F. ) ;
#3445 = DIRECTION ( 'NONE',  ( -0.0000000000000000000, 1.000000000000000000, 0.0000000000000000000 ) ) ;
#3446 = EDGE_CURVE ( 'NONE', #5882, #1951, #3207, .T. ) ;
#3447 = AXIS2_PLACEMENT_3D ( 'NONE', #1308, #2259, #5570 ) ;
#3448 = EDGE_LOOP ( 'NONE', ( #4523, #552, #4487, #1279 ) ) ;
#3449 = UNCERTAINTY_MEASURE_WITH_UNIT (LENGTH_MEASURE( 1.000000000000000100E-005 ), #5404, 'distance_accuracy_value', 'NONE');
#3450 = DIRECTION ( 'NONE',  ( 0.0000000000000000000, 0.0000000000000000000, 1.000000000000000000 ) ) ;
#3451 = ORIENTED_EDGE ( 'NONE', *, *, #5305, .F. ) ;
#3452 = ORIENTED_EDGE ( 'NONE', *, *, #5696, .T. ) ;
#3453 = DIRECTION ( 'NONE',  ( 0.0000000000000000000, 0.0000000000000000000, 1.000000000000000000 ) ) ;
#3454 = VECTOR ( 'NONE', #3377, 1000.000000000000000 ) ;
#3455 = ORIENTED_EDGE ( 'NONE', *, *, #2854, .F. ) ;
#3456 = VERTEX_POINT ( 'NONE', #4172 ) ;
#3457 = VERTEX_POINT ( 'NONE', #2776 ) ;
#3458 = ORIENTED_EDGE ( 'NONE', *, *, #2522, .T. ) ;
#3459 = DIRECTION ( 'NONE',  ( 0.0000000000000000000, 0.0000000000000000000, 1.000000000000000000 ) ) ;
#3460 = CARTESIAN_POINT ( 'NONE',  ( -1.349751633111184300, 0.9356394288300758900, -2.232343643255357200E-015 ) ) ;
#3461 = VECTOR ( 'NONE', #4757, 1000.000000000000000 ) ;
#3462 = CARTESIAN_POINT ( 'NONE',  ( -1.299999999999999800, 0.05000000000000000300, 0.5000000000000000000 ) ) ;
#3463 = DIRECTION ( 'NONE',  ( 1.000000000000000000, 0.0000000000000000000, -0.0000000000000000000 ) ) ;
#3464 = CARTESIAN_POINT ( 'NONE',  ( -1.874999999999999800, 0.1200000000000004400, 1.249999999999999800 ) ) ;
#3465 = ORIENTED_EDGE ( 'NONE', *, *, #3704, .F. ) ;
#3466 = EDGE_LOOP ( 'NONE', ( #4580, #4891, #4927, #6021 ) ) ;
#3467 = AXIS2_PLACEMENT_3D ( 'NONE', #1028, #3856, #124 ) ;
#3468 = VECTOR ( 'NONE', #3826, 1000.000000000000000 ) ;
#3469 = CARTESIAN_POINT ( 'NONE',  ( 1.424999999999999600, 0.1950000000000000900, 0.5499999999999999300 ) ) ;
#3470 = DIRECTION ( 'NONE',  ( 1.000000000000000000, -0.0000000000000000000, 0.0000000000000000000 ) ) ;
#3471 = EDGE_CURVE ( 'NONE', #2406, #585, #3872, .T. ) ;
#3472 = ORIENTED_EDGE ( 'NONE', *, *, #177, .T. ) ;
#3473 = VECTOR ( 'NONE', #1006, 1000.000000000000000 ) ;
#3474 = CARTESIAN_POINT ( 'NONE',  ( 1.424999999999999600, 0.1950000000000002800, -1.874999999999999800 ) ) ;
#3475 = CARTESIAN_POINT ( 'NONE',  ( 1.424999999999999600, 0.1200000000000004400, 1.249999999999999600 ) ) ;
#3476 = SURFACE_SIDE_STYLE ('',( #4752 ) ) ;
#3477 = DIRECTION ( 'NONE',  ( 1.000000000000000000, 0.0000000000000000000, -0.0000000000000000000 ) ) ;
#3478 = DIRECTION ( 'NONE',  ( -0.0000000000000000000, 0.0000000000000000000, -1.000000000000000000 ) ) ;
#3479 = ORIENTED_EDGE ( 'NONE', *, *, #557, .T. ) ;
#3480 = EDGE_CURVE ( 'NONE', #2085, #121, #2841, .T. ) ;
#3481 = FACE_OUTER_BOUND ( 'NONE', #3021, .T. ) ;
#3482 = DIRECTION ( 'NONE',  ( 1.000000000000000000, 0.0000000000000000000, 0.0000000000000000000 ) ) ;
#3483 = CARTESIAN_POINT ( 'NONE',  ( -1.172648133521779500, 1.363205099482563100, 2.345296267043553800 ) ) ;
#3484 = DIRECTION ( 'NONE',  ( -1.000000000000000000, 0.0000000000000000000, 0.0000000000000000000 ) ) ;
#3485 = CARTESIAN_POINT ( 'NONE',  ( -1.299999999999999200, 0.05000000000000000300, -1.350000000000000100 ) ) ;
#3486 = ORIENTED_EDGE ( 'NONE', *, *, #2442, .F. ) ;
#3487 = ADVANCED_FACE ( 'NONE', ( #4906 ), #1380, .T. ) ;
#3488 = VECTOR ( 'NONE', #5687, 1000.000000000000000 ) ;
#3489 = VECTOR ( 'NONE', #4040, 1000.000000000000000 ) ;
#3490 = CARTESIAN_POINT ( 'NONE',  ( -1.874999999999999800, 0.1200000000000003300, 0.9499999999999999600 ) ) ;
#3491 = EDGE_CURVE ( 'NONE', #912, #4424, #1596, .T. ) ;
#3492 = ORIENTED_EDGE ( 'NONE', *, *, #4396, .F. ) ;
#3493 = ORIENTED_EDGE ( 'NONE', *, *, #5036, .T. ) ;
#3494 = ORIENTED_EDGE ( 'NONE', *, *, #1612, .F. ) ;
#3495 = DIRECTION ( 'NONE',  ( 0.0000000000000000000, -1.000000000000000000, 0.0000000000000000000 ) ) ;
#3496 = CARTESIAN_POINT ( 'NONE',  ( 1.875000000000000200, 0.1200000000000001600, -0.7749999999999998000 ) ) ;
#3497 = VECTOR ( 'NONE', #2063, 1000.000000000000000 ) ;
#3498 = VECTOR ( 'NONE', #5663, 1000.000000000000000 ) ;
#3499 = DIRECTION ( 'NONE',  ( 0.0000000000000000000, -1.000000000000000000, 0.0000000000000000000 ) ) ;
#3500 = ORIENTED_EDGE ( 'NONE', *, *, #5072, .F. ) ;
#3501 = CARTESIAN_POINT ( 'NONE',  ( 1.124999999999999800, 0.1950000000000002800, -1.874999999999999800 ) ) ;
#3502 = EDGE_LOOP ( 'NONE', ( #1515, #2580, #78, #3443 ) ) ;
#3503 = EDGE_LOOP ( 'NONE', ( #1385, #1908, #2527, #3620 ) ) ;
#3504 = FACE_OUTER_BOUND ( 'NONE', #968, .T. ) ;
#3505 = CARTESIAN_POINT ( 'NONE',  ( 1.172648133521775800, 1.363205099482562900, 0.0000000000000000000 ) ) ;
#3506 = ORIENTED_EDGE ( 'NONE', *, *, #2157, .F. ) ;
#3507 = FILL_AREA_STYLE ('',( #4863 ) ) ;
#3508 = FACE_OUTER_BOUND ( 'NONE', #1192, .T. ) ;
#3509 = DIRECTION ( 'NONE',  ( 1.000000000000000000, 0.0000000000000000000, 0.0000000000000000000 ) ) ;
#3510 = AXIS2_PLACEMENT_3D ( 'NONE', #1436, #4702, #4207 ) ;
#3511 = DIRECTION ( 'NONE',  ( -1.000000000000000000, 0.0000000000000000000, 0.0000000000000000000 ) ) ;
#3512 = EDGE_CURVE ( 'NONE', #1784, #1732, #1225, .T. ) ;
#3513 = VERTEX_POINT ( 'NONE', #1863 ) ;
#3514 = VECTOR ( 'NONE', #735, 1000.000000000000000 ) ;
#3515 = DIRECTION ( 'NONE',  ( 0.0000000000000000000, -1.000000000000000000, 4.969259957225230300E-016 ) ) ;
#3516 = EDGE_CURVE ( 'NONE', #3190, #40, #4020, .T. ) ;
#3517 = EDGE_CURVE ( 'NONE', #4728, #2807, #4320, .T. ) ;
#3518 = EDGE_LOOP ( 'NONE', ( #2551, #209, #5618, #5587 ) ) ;
#3519 = PLANE ( 'NONE',  #3892 ) ;
#3520 = LINE ( 'NONE', #3237, #2721 ) ;
#3521 = ADVANCED_FACE ( 'NONE', ( #1817 ), #1903, .F. ) ;
#3522 = FILL_AREA_STYLE_COLOUR ( '', #3947 ) ;
#3523 = ORIENTED_EDGE ( 'NONE', *, *, #351, .F. ) ;
#3524 = EDGE_LOOP ( 'NONE', ( #4632, #5684, #4605, #6025 ) ) ;
#3525 = LINE ( 'NONE', #5319, #1190 ) ;
#3526 = EDGE_CURVE ( 'NONE', #4877, #4952, #1311, .T. ) ;
#3527 = AXIS2_PLACEMENT_3D ( 'NONE', #254, #3499, #1173 ) ;
#3528 = CARTESIAN_POINT ( 'NONE',  ( 1.349751633111184100, 0.9356394288300757800, 2.699503266222373500 ) ) ;
#3529 = ADVANCED_FACE ( 'NONE', ( #1960 ), #3767, .T. ) ;
#3530 = CARTESIAN_POINT ( 'NONE',  ( -1.874999999999999800, 0.0000000000000000000, -1.874999999999999800 ) ) ;
#3531 = DIRECTION ( 'NONE',  ( -0.0000000000000000000, 0.0000000000000000000, -1.000000000000000000 ) ) ;
#3532 = ORIENTED_EDGE ( 'NONE', *, *, #3605, .T. ) ;
#3533 = DIRECTION ( 'NONE',  ( 1.000000000000000000, 0.0000000000000000000, -0.0000000000000000000 ) ) ;
#3534 = LINE ( 'NONE', #4264, #2299 ) ;
#3535 = CARTESIAN_POINT ( 'NONE',  ( -1.424999999999999600, 0.1200000000000004400, -1.874999999999999800 ) ) ;
#3536 = VECTOR ( 'NONE', #1204, 1000.000000000000200 ) ;
#3537 = ORIENTED_EDGE ( 'NONE', *, *, #2557, .T. ) ;
#3538 = ORIENTED_EDGE ( 'NONE', *, *, #4913, .T. ) ;
#3539 = LINE ( 'NONE', #1008, #1427 ) ;
#3540 = AXIS2_PLACEMENT_3D ( 'NONE', #5988, #817, #4621 ) ;
#3541 = LINE ( 'NONE', #3236, #346 ) ;
#3542 = DIRECTION ( 'NONE',  ( 0.0000000000000000000, 0.0000000000000000000, 1.000000000000000000 ) ) ;
#3543 = ORIENTED_EDGE ( 'NONE', *, *, #2196, .F. ) ;
#3544 = CARTESIAN_POINT ( 'NONE',  ( -1.874999999999999800, 0.1950000000000001500, 0.9499999999999999600 ) ) ;
#3545 = VECTOR ( 'NONE', #5282, 1000.000000000000000 ) ;
#3546 = PLANE ( 'NONE',  #3904 ) ;
#3547 = ORIENTED_EDGE ( 'NONE', *, *, #5338, .F. ) ;
#3548 = CARTESIAN_POINT ( 'NONE',  ( -1.874999999999999800, 0.1950000000000001500, 0.9499999999999999600 ) ) ;
#3549 = CARTESIAN_POINT ( 'NONE',  ( 1.875000000000000200, 0.1950000000000003400, -1.174999999999999800 ) ) ;
#3550 = VECTOR ( 'NONE', #163, 1000.000000000000000 ) ;
#3551 = AXIS2_PLACEMENT_3D ( 'NONE', #4539, #4019, #2647 ) ;
#3552 = CLOSED_SHELL ( 'NONE', ( #2883, #334, #1332, #3303, #2372, #2216, #1421, #792, #2760, #3521, #1106, #4992, #2187, #1995, #3756, #1731, #3062, #4655, #3557, #2978, #4498, #4007, #3280, #1571, #5575, #1479, #2635, #4110, #327, #937, #4715, #2672, #1595, #541, #1662, #2149, #1851, #3167, #4899, #694, #2544, #1510, #4594, #964, #1231, #5448, #5898, #4141, #3591, #5550, #2154, #4398, #5321, #514, #487, #4502, #302, #3721, #2855, #2340, #5846, #92, #4068, #3625, #1224, #5238, #760, #3136, #4687, #2795, #236, #3198, #4623, #2979, #144, #1883, #33, #4255, #5906 ) ) ;
#3553 = EDGE_CURVE ( 'NONE', #3672, #5088, #3563, .T. ) ;
#3554 = EDGE_CURVE ( 'NONE', #787, #158, #5265, .T. ) ;
#3555 = LINE ( 'NONE', #2179, #5850 ) ;
#3556 =( NAMED_UNIT ( * ) SI_UNIT ( $, .STERADIAN. ) SOLID_ANGLE_UNIT ( ) );
#3557 = ADVANCED_FACE ( 'NONE', ( #3052, #586, #2473, #2992, #1750 ), #2874, .F. ) ;
#3558 = DIRECTION ( 'NONE',  ( -1.000000000000000000, -0.0000000000000000000, -0.0000000000000000000 ) ) ;
#3559 = ORIENTED_EDGE ( 'NONE', *, *, #4175, .F. ) ;
#3560 = DIRECTION ( 'NONE',  ( 0.0000000000000000000, -1.000000000000000000, 0.0000000000000000000 ) ) ;
#3561 = FACE_OUTER_BOUND ( 'NONE', #4240, .T. ) ;
#3562 = CARTESIAN_POINT ( 'NONE',  ( 1.124999999999999800, 0.1949999999999999800, -1.474999999999999600 ) ) ;
#3563 = LINE ( 'NONE', #2351, #2405 ) ;
#3564 = DIRECTION ( 'NONE',  ( 1.000000000000000000, 0.0000000000000000000, -0.0000000000000000000 ) ) ;
#3565 = AXIS2_PLACEMENT_3D ( 'NONE', #501, #5588, #4241 ) ;
#3566 = VERTEX_POINT ( 'NONE', #2834 ) ;
#3567 = ORIENTED_EDGE ( 'NONE', *, *, #1567, .T. ) ;
#3568 = LINE ( 'NONE', #5843, #5788 ) ;
#3569 = DIRECTION ( 'NONE',  ( 0.0000000000000000000, -1.000000000000000000, 0.0000000000000000000 ) ) ;
#3570 = VECTOR ( 'NONE', #243, 1000.000000000000000 ) ;
#3571 = CARTESIAN_POINT ( 'NONE',  ( -1.349999999999999000, 0.05000000000000000300, -0.9000000000000003600 ) ) ;
#3572 = CARTESIAN_POINT ( 'NONE',  ( 1.300000000000000700, 0.05000000000000000300, 1.350000000000000100 ) ) ;
#3573 = UNCERTAINTY_MEASURE_WITH_UNIT (LENGTH_MEASURE( 1.000000000000000100E-005 ), #470, 'distance_accuracy_value', 'NONE');
#3574 = ORIENTED_EDGE ( 'NONE', *, *, #2660, .T. ) ;
#3575 = VERTEX_POINT ( 'NONE', #4756 ) ;
#3576 = ORIENTED_EDGE ( 'NONE', *, *, #3430, .T. ) ;
#3577 = LINE ( 'NONE', #2254, #5929 ) ;
#3578 = PRESENTATION_STYLE_ASSIGNMENT (( #5904 ) ) ;
#3579 = EDGE_CURVE ( 'NONE', #1670, #2204, #2178, .T. ) ;
#3580 = AXIS2_PLACEMENT_3D ( 'NONE', #1814, #3223, #3138 ) ;
#3581 = FILL_AREA_STYLE ('',( #2614 ) ) ;
#3582 = DIRECTION ( 'NONE',  ( -1.000000000000000000, -0.0000000000000000000, -0.0000000000000000000 ) ) ;
#3583 = EDGE_LOOP ( 'NONE', ( #3393, #2595, #2765, #3289 ) ) ;
#3584 = LINE ( 'NONE', #577, #1469 ) ;
#3585 = PLANE ( 'NONE',  #2173 ) ;
#3586 = ORIENTED_EDGE ( 'NONE', *, *, #1098, .T. ) ;
#3587 = DIRECTION ( 'NONE',  ( 0.0000000000000000000, 0.0000000000000000000, -1.000000000000000000 ) ) ;
#3588 = LINE ( 'NONE', #1312, #5289 ) ;
#3589 = ORIENTED_EDGE ( 'NONE', *, *, #64, .F. ) ;
#3590 = CARTESIAN_POINT ( 'NONE',  ( -1.349999999999999000, 2.929236009777593800, -0.9000000000000003600 ) ) ;
#3591 = ADVANCED_FACE ( 'NONE', ( #519 ), #1435, .F. ) ;
#3592 = DIRECTION ( 'NONE',  ( -1.000000000000000000, -0.0000000000000000000, -0.0000000000000000000 ) ) ;
#3593 = CARTESIAN_POINT ( 'NONE',  ( -1.299999999999999200, 0.05000000000000012800, 0.9000000000000001300 ) ) ;
#3594 = LINE ( 'NONE', #3950, #5445 ) ;
#3595 = ORIENTED_EDGE ( 'NONE', *, *, #4096, .T. ) ;
#3596 = CARTESIAN_POINT ( 'NONE',  ( 1.875000000000000200, 0.1949999999999999800, -1.474999999999999600 ) ) ;
#3597 = CIRCLE ( 'NONE', #1109, 0.05000000000000002400 ) ;
#3598 = AXIS2_PLACEMENT_3D ( 'NONE', #1944, #5664, #1443 ) ;
#3599 = CARTESIAN_POINT ( 'NONE',  ( 1.300000000000000700, 0.0000000000000000000, -1.350000000000000100 ) ) ;
#3600 = EDGE_CURVE ( 'NONE', #668, #2483, #2330, .T. ) ;
#3601 = ORIENTED_EDGE ( 'NONE', *, *, #3935, .T. ) ;
#3602 = VECTOR ( 'NONE', #551, 1000.000000000000000 ) ;
#3603 = DIRECTION ( 'NONE',  ( 0.0000000000000000000, 3.614007241618349300E-016, 1.000000000000000000 ) ) ;
#3604 = VERTEX_POINT ( 'NONE', #2467 ) ;
#3605 = EDGE_CURVE ( 'NONE', #1835, #4745, #178, .T. ) ;
#3606 = EDGE_CURVE ( 'NONE', #3918, #2851, #5083, .T. ) ;
#3607 = DIRECTION ( 'NONE',  ( 1.000000000000000000, 0.0000000000000000000, -0.0000000000000000000 ) ) ;
#3608 = CARTESIAN_POINT ( 'NONE',  ( -1.424999999999999600, 0.1200000000000004400, -1.925000000000000300 ) ) ;
#3609 = CARTESIAN_POINT ( 'NONE',  ( 1.124999999999999800, 0.1949999999999999800, -1.474999999999999600 ) ) ;
#3610 = VECTOR ( 'NONE', #4646, 1000.000000000000000 ) ;
#3611 = ORIENTED_EDGE ( 'NONE', *, *, #3178, .T. ) ;
#3612 = VERTEX_POINT ( 'NONE', #4399 ) ;
#3613 = ORIENTED_EDGE ( 'NONE', *, *, #2097, .T. ) ;
#3614 = CARTESIAN_POINT ( 'NONE',  ( -1.424999999999999800, 0.1950000000000001500, 0.9499999999999999600 ) ) ;
#3615 = VECTOR ( 'NONE', #5302, 1000.000000000000000 ) ;
#3616 = CARTESIAN_POINT ( 'NONE',  ( 1.875000000000000200, 0.1200000000000006300, 1.875000000000000400 ) ) ;
#3617 = ORIENTED_EDGE ( 'NONE', *, *, #4397, .T. ) ;
#3618 = VERTEX_POINT ( 'NONE', #3411 ) ;
#3619 = ORIENTED_EDGE ( 'NONE', *, *, #5767, .F. ) ;
#3620 = ORIENTED_EDGE ( 'NONE', *, *, #4970, .F. ) ;
#3621 = VECTOR ( 'NONE', #1549, 1000.000000000000000 ) ;
#3622 = DIRECTION ( 'NONE',  ( -1.000000000000000000, -0.0000000000000000000, -0.0000000000000000000 ) ) ;
#3623 = CARTESIAN_POINT ( 'NONE',  ( -1.424999999999999600, 0.1950000000000002800, -1.925000000000000300 ) ) ;
#3624 = EDGE_LOOP ( 'NONE', ( #5512, #4942, #3096, #2838 ) ) ;
#3625 = ADVANCED_FACE ( 'NONE', ( #1078 ), #3867, .F. ) ;
#3626 = ORIENTED_EDGE ( 'NONE', *, *, #1585, .T. ) ;
#3627 = EDGE_LOOP ( 'NONE', ( #5113, #3171, #6045, #4188 ) ) ;
#3628 = MECHANICAL_DESIGN_GEOMETRIC_PRESENTATION_REPRESENTATION (  '', ( #4706 ), #4271 ) ;
#3629 = LINE ( 'NONE', #4360, #1141 ) ;
#3630 = DIRECTION ( 'NONE',  ( 0.0000000000000000000, -3.614007241618350200E-016, -1.000000000000000000 ) ) ;
#3631 = DIRECTION ( 'NONE',  ( -0.0000000000000000000, 0.0000000000000000000, 1.000000000000000000 ) ) ;
#3632 = DIRECTION ( 'NONE',  ( -1.000000000000000000, 0.0000000000000000000, 0.0000000000000000000 ) ) ;
#3633 = ORIENTED_EDGE ( 'NONE', *, *, #1486, .F. ) ;
#3634 = DIRECTION ( 'NONE',  ( 0.0000000000000000000, 0.0000000000000000000, -1.000000000000000000 ) ) ;
#3635 = LINE ( 'NONE', #4312, #1145 ) ;
#3636 = DIRECTION ( 'NONE',  ( -0.0000000000000000000, -1.000000000000000000, -0.0000000000000000000 ) ) ;
#3637 = EDGE_CURVE ( 'NONE', #3575, #1526, #1836, .T. ) ;
#3638 = CARTESIAN_POINT ( 'NONE',  ( -1.124999999999999800, 0.1950000000000002800, -1.925000000000000300 ) ) ;
#3639 = VERTEX_POINT ( 'NONE', #1511 ) ;
#3640 = DIRECTION ( 'NONE',  ( -0.0000000000000000000, -1.000000000000000000, -0.0000000000000000000 ) ) ;
#3641 = LINE ( 'NONE', #2564, #2328 ) ;
#3642 = DIRECTION ( 'NONE',  ( -0.0000000000000000000, -1.000000000000000000, -0.0000000000000000000 ) ) ;
#3643 = AXIS2_PLACEMENT_3D ( 'NONE', #1324, #897, #2301 ) ;
#3644 = EDGE_CURVE ( 'NONE', #2398, #2095, #2046, .T. ) ;
#3645 = ORIENTED_EDGE ( 'NONE', *, *, #6002, .T. ) ;
#3646 = EDGE_CURVE ( 'NONE', #1537, #3918, #5344, .T. ) ;
#3647 = CARTESIAN_POINT ( 'NONE',  ( 1.424999999999999600, 0.1200000000000004400, 0.9500000000000000700 ) ) ;
#3648 = LINE ( 'NONE', #6046, #3134 ) ;
#3649 = VECTOR ( 'NONE', #3806, 1000.000000000000000 ) ;
#3650 = CARTESIAN_POINT ( 'NONE',  ( 1.424999999999999600, 0.1950000000000003400, -1.174999999999999800 ) ) ;
#3651 = DIRECTION ( 'NONE',  ( 0.0000000000000000000, -1.000000000000000000, 0.0000000000000000000 ) ) ;
#3652 = EDGE_LOOP ( 'NONE', ( #2747, #4324, #1692, #1746 ) ) ;
#3653 = PLANE ( 'NONE',  #5170 ) ;
#3654 = EDGE_CURVE ( 'NONE', #1777, #4311, #4574, .T. ) ;
#3655 = LINE ( 'NONE', #2779, #2035 ) ;
#3656 = MECHANICAL_DESIGN_GEOMETRIC_PRESENTATION_REPRESENTATION (  '', ( #734 ), #2287 ) ;
#3657 = UNCERTAINTY_MEASURE_WITH_UNIT (LENGTH_MEASURE( 1.000000000000000100E-005 ), #1628, 'distance_accuracy_value', 'NONE');
#3658 = VERTEX_POINT ( 'NONE', #1572 ) ;
#3659 = CARTESIAN_POINT ( 'NONE',  ( -0.05000000000000004400, 1.629999999999999400, -0.09999999999999977000 ) ) ;
#3660 = DIRECTION ( 'NONE',  ( -1.000000000000000000, -0.0000000000000000000, -0.0000000000000000000 ) ) ;
#3661 = ADVANCED_FACE ( 'NONE', ( #2852 ), #3810, .T. ) ;
#3662 = LINE ( 'NONE', #2026, #602 ) ;
#3663 = DIRECTION ( 'NONE',  ( 0.0000000000000000000, 0.0000000000000000000, -1.000000000000000000 ) ) ;
#3664 = FACE_OUTER_BOUND ( 'NONE', #1712, .T. ) ;
#3665 = CARTESIAN_POINT ( 'NONE',  ( 1.424999999999999600, 0.1950000000000002800, -1.925000000000000300 ) ) ;
#3666 = CARTESIAN_POINT ( 'NONE',  ( 1.350000000000001200, 0.0000000000000000000, -0.9000000000000003600 ) ) ;
#3667 = EDGE_CURVE ( 'NONE', #20, #3056, #1987, .T. ) ;
#3668 = VERTEX_POINT ( 'NONE', #5322 ) ;
#3669 = VECTOR ( 'NONE', #2685, 1000.000000000000000 ) ;
#3670 = DIRECTION ( 'NONE',  ( 0.0000000000000000000, -1.000000000000000000, 0.0000000000000000000 ) ) ;
#3671 = CARTESIAN_POINT ( 'NONE',  ( 1.124999999999999800, 0.1950000000000002800, -0.4749999999999999200 ) ) ;
#3672 = VERTEX_POINT ( 'NONE', #195 ) ;
#3673 = CARTESIAN_POINT ( 'NONE',  ( 1.925000000000000500, 0.4500000000000000100, 1.924999999999999600 ) ) ;
#3674 = FACE_BOUND ( 'NONE', #5294, .T. ) ;
#3675 = PLANE ( 'NONE',  #624 ) ;
#3676 = ORIENTED_EDGE ( 'NONE', *, *, #5037, .T. ) ;
#3677 = CARTESIAN_POINT ( 'NONE',  ( 1.875000000000000200, 0.1200000000000001600, -0.7749999999999998000 ) ) ;
#3678 = LINE ( 'NONE', #5668, #255 ) ;
#3679 = CARTESIAN_POINT ( 'NONE',  ( 1.300000000000000700, 0.05000000000000000300, -1.350000000000000100 ) ) ;
#3680 = CARTESIAN_POINT ( 'NONE',  ( -1.124999999999999800, 0.1950000000000002800, 0.5499999999999999300 ) ) ;
#3681 = DIRECTION ( 'NONE',  ( 0.0000000000000000000, 0.0000000000000000000, 1.000000000000000000 ) ) ;
#3682 = EDGE_LOOP ( 'NONE', ( #876, #5617, #4304, #4046 ) ) ;
#3683 = EDGE_CURVE ( 'NONE', #1754, #4159, #5808, .T. ) ;
#3684 = ORIENTED_EDGE ( 'NONE', *, *, #4364, .T. ) ;
#3685 = CARTESIAN_POINT ( 'NONE',  ( -1.349999999999999000, 0.05000000000000000300, -1.299999999999999800 ) ) ;
#3686 = EDGE_LOOP ( 'NONE', ( #2394, #3361, #5994, #909, #2814 ) ) ;
#3687 = ORIENTED_EDGE ( 'NONE', *, *, #1252, .F. ) ;
#3688 = DIRECTION ( 'NONE',  ( -0.0000000000000000000, 0.0000000000000000000, 1.000000000000000000 ) ) ;
#3689 = CARTESIAN_POINT ( 'NONE',  ( 0.0000000000000000000, 0.8143291400000000100, 0.0000000000000000000 ) ) ;
#3690 = VECTOR ( 'NONE', #904, 1000.000000000000000 ) ;
#3691 = ADVANCED_FACE ( 'NONE', ( #2712 ), #2487, .T. ) ;
#3692 = LINE ( 'NONE', #156, #3615 ) ;
#3693 = CARTESIAN_POINT ( 'NONE',  ( -1.349999999999999000, 0.05000000000000000300, 0.9000000000000003600 ) ) ;
#3694 = DIRECTION ( 'NONE',  ( 0.0000000000000000000, -1.000000000000000000, 0.0000000000000000000 ) ) ;
#3695 = VERTEX_POINT ( 'NONE', #3000 ) ;
#3696 = ORIENTED_EDGE ( 'NONE', *, *, #1846, .T. ) ;
#3697 = VECTOR ( 'NONE', #5866, 1000.000000000000000 ) ;
#3698 = CARTESIAN_POINT ( 'NONE',  ( 1.300000000000001200, 0.05000000000000012800, -1.300000000000000300 ) ) ;
#3699 = DIRECTION ( 'NONE',  ( -1.000000000000000000, 0.0000000000000000000, 0.0000000000000000000 ) ) ;
#3700 = CARTESIAN_POINT ( 'NONE',  ( 0.0000000000000000000, 0.9100000000000000300, 0.0000000000000000000 ) ) ;
#3701 = ORIENTED_EDGE ( 'NONE', *, *, #4145, .F. ) ;
#3702 = ORIENTED_EDGE ( 'NONE', *, *, #4308, .T. ) ;
#3703 = CARTESIAN_POINT ( 'NONE',  ( 0.04999999999999993300, 1.629999999999999400, 0.0000000000000000000 ) ) ;
#3704 = EDGE_CURVE ( 'NONE', #1547, #3898, #2832, .T. ) ;
#3705 = CYLINDRICAL_SURFACE ( 'NONE', #168, 0.04999999999999996800 ) ;
#3706 = DIRECTION ( 'NONE',  ( 1.000000000000000000, 0.0000000000000000000, -0.0000000000000000000 ) ) ;
#3707 = CARTESIAN_POINT ( 'NONE',  ( 1.300000000000000300, 0.0000000000000000000, 0.4500000000000000100 ) ) ;
#3708 = EDGE_LOOP ( 'NONE', ( #3537, #4948, #4932, #3251 ) ) ;
#3709 = LINE ( 'NONE', #3754, #4819 ) ;
#3710 = DIRECTION ( 'NONE',  ( 0.0000000000000000000, -1.000000000000000000, 0.0000000000000000000 ) ) ;
#3711 = AXIS2_PLACEMENT_3D ( 'NONE', #4111, #5049, #4064 ) ;
#3712 = ORIENTED_EDGE ( 'NONE', *, *, #4736, .T. ) ;
#3713 = CARTESIAN_POINT ( 'NONE',  ( -1.299999999999999800, 0.05000000000000012800, 0.5000000000000000000 ) ) ;
#3714 = FACE_OUTER_BOUND ( 'NONE', #137, .T. ) ;
#3715 = ORIENTED_EDGE ( 'NONE', *, *, #3388, .F. ) ;
#3716 = AXIS2_PLACEMENT_3D ( 'NONE', #1698, #4017, #1632 ) ;
#3717 = VECTOR ( 'NONE', #3161, 1000.000000000000000 ) ;
#3718 =( NAMED_UNIT ( * ) PLANE_ANGLE_UNIT ( ) SI_UNIT ( $, .RADIAN. ) );
#3719 = VECTOR ( 'NONE', #5167, 1000.000000000000000 ) ;
#3720 = EDGE_CURVE ( 'NONE', #4588, #2311, #4975, .T. ) ;
#3721 = ADVANCED_FACE ( 'NONE', ( #446 ), #729, .F. ) ;
#3722 = CARTESIAN_POINT ( 'NONE',  ( -1.124999999999999800, 0.1950000000000002800, -1.874999999999999800 ) ) ;
#3723 = ORIENTED_EDGE ( 'NONE', *, *, #1733, .T. ) ;
#3724 = DIRECTION ( 'NONE',  ( -0.0000000000000000000, -1.000000000000000000, -0.0000000000000000000 ) ) ;
#3725 = FACE_OUTER_BOUND ( 'NONE', #1922, .T. ) ;
#3726 = VECTOR ( 'NONE', #4683, 1000.000000000000000 ) ;
#3727 = EDGE_CURVE ( 'NONE', #1123, #497, #5124, .T. ) ;
#3728 = EDGE_CURVE ( 'NONE', #3513, #4797, #369, .T. ) ;
#3730 = ORIENTED_EDGE ( 'NONE', *, *, #2836, .F. ) ;
#3729 = CARTESIAN_POINT ( 'NONE',  ( -1.424999999999999800, 0.1200000000000003100, -0.4749999999999998100 ) ) ;
#3731 = DIRECTION ( 'NONE',  ( 0.0000000000000000000, -1.000000000000000000, 0.0000000000000000000 ) ) ;
#3732 = ORIENTED_EDGE ( 'NONE', *, *, #4233, .T. ) ;
#3733 = ORIENTED_EDGE ( 'NONE', *, *, #5266, .F. ) ;
#3734 = VECTOR ( 'NONE', #775, 1000.000000000000000 ) ;
#3735 = CARTESIAN_POINT ( 'NONE',  ( 1.875000000000000200, 0.1949999999999999500, 0.2500000000000000000 ) ) ;
#3736 = VECTOR ( 'NONE', #6004, 1000.000000000000000 ) ;
#3737 = DIRECTION ( 'NONE',  ( 0.0000000000000000000, 0.0000000000000000000, 1.000000000000000000 ) ) ;
#3738 = DIRECTION ( 'NONE',  ( -0.0000000000000000000, -0.0000000000000000000, 1.000000000000000000 ) ) ;
#3739 = DIRECTION ( 'NONE',  ( 0.0000000000000000000, -1.000000000000000000, 0.0000000000000000000 ) ) ;
#3740 = ORIENTED_EDGE ( 'NONE', *, *, #405, .F. ) ;
#3741 = MANIFOLD_SOLID_BREP ( 'Anode Pin 2', #1439 ) ;
#3742 = AXIS2_PLACEMENT_3D ( 'NONE', #4722, #3300, #1926 ) ;
#3743 = EDGE_LOOP ( 'NONE', ( #5494, #5673, #2664, #5856 ) ) ;
#3744 = CARTESIAN_POINT ( 'NONE',  ( -1.874999999999999800, 0.1949999999999999800, -1.474999999999999600 ) ) ;
#3745 = CARTESIAN_POINT ( 'NONE',  ( 1.925000000000000700, 0.1949999999999999500, 0.2500000000000000000 ) ) ;
#3746 = ORIENTED_EDGE ( 'NONE', *, *, #2894, .T. ) ;
#3747 = VECTOR ( 'NONE', #2371, 1000.000000000000000 ) ;
#3748 = DIRECTION ( 'NONE',  ( -1.000000000000000000, 0.0000000000000000000, -0.0000000000000000000 ) ) ;
#3749 = ORIENTED_EDGE ( 'NONE', *, *, #2315, .F. ) ;
#3750 = AXIS2_PLACEMENT_3D ( 'NONE', #1756, #4589, #3564 ) ;
#3751 = LINE ( 'NONE', #5755, #2496 ) ;
#3752 = ORIENTED_EDGE ( 'NONE', *, *, #268, .F. ) ;
#3753 = DIRECTION ( 'NONE',  ( 0.0000000000000000000, 4.969259957225230300E-016, 1.000000000000000000 ) ) ;
#3754 = CARTESIAN_POINT ( 'NONE',  ( 1.875000000000000200, 0.1200000000000001100, 0.2500000000000000000 ) ) ;
#3755 = FACE_OUTER_BOUND ( 'NONE', #3583, .T. ) ;
#3756 = ADVANCED_FACE ( 'NONE', ( #1744 ), #2103, .F. ) ;
#3757 = DIRECTION ( 'NONE',  ( 0.0000000000000000000, -1.000000000000000000, 0.0000000000000000000 ) ) ;
#3758 = CARTESIAN_POINT ( 'NONE',  ( -1.125000000000000000, 0.1200000000000001600, -0.7749999999999998000 ) ) ;
#3759 = VERTEX_POINT ( 'NONE', #1607 ) ;
#3760 = VECTOR ( 'NONE', #1281, 1000.000000000000000 ) ;
#3761 = EDGE_CURVE ( 'NONE', #1951, #5580, #2607, .T. ) ;
#3762 = ORIENTED_EDGE ( 'NONE', *, *, #913, .T. ) ;
#3763 = DIRECTION ( 'NONE',  ( 0.7071067811865435800, 0.0000000000000000000, 0.7071067811865515700 ) ) ;
#3764 = CIRCLE ( 'NONE', #845, 0.05000000000000002400 ) ;
#3765 = CARTESIAN_POINT ( 'NONE',  ( -1.124999999999999800, 0.1200000000000004400, 1.875000000000000200 ) ) ;
#3766 = LINE ( 'NONE', #3735, #3610 ) ;
#3767 = PLANE ( 'NONE',  #198 ) ;
#3768 = CARTESIAN_POINT ( 'NONE',  ( -1.424999999999999600, 0.4500000000000000100, 1.875000000000000200 ) ) ;
#3769 = ORIENTED_EDGE ( 'NONE', *, *, #679, .T. ) ;
#3770 = EDGE_CURVE ( 'NONE', #5711, #72, #2686, .T. ) ;
#3771 = EDGE_CURVE ( 'NONE', #3106, #4230, #3795, .T. ) ;
#3772 = DIRECTION ( 'NONE',  ( 0.0000000000000000000, 0.0000000000000000000, -1.000000000000000000 ) ) ;
#3773 = ORIENTED_EDGE ( 'NONE', *, *, #5037, .F. ) ;
#3774 = VERTEX_POINT ( 'NONE', #3040 ) ;
#3775 = VECTOR ( 'NONE', #1096, 1000.000000000000000 ) ;
#3776 = LINE ( 'NONE', #5318, #2810 ) ;
#3777 = ORIENTED_EDGE ( 'NONE', *, *, #5152, .T. ) ;
#3778 = ORIENTED_EDGE ( 'NONE', *, *, #3279, .T. ) ;
#3779 = ORIENTED_EDGE ( 'NONE', *, *, #284, .F. ) ;
#3780 = LINE ( 'NONE', #3931, #2523 ) ;
#3781 = ORIENTED_EDGE ( 'NONE', *, *, #2613, .F. ) ;
#3782 = EDGE_LOOP ( 'NONE', ( #3905, #3204, #2489, #3116 ) ) ;
#3783 = LINE ( 'NONE', #5936, #211 ) ;
#3784 = CARTESIAN_POINT ( 'NONE',  ( -0.6732431816118361600, 1.629999999999999200, 1.278368640976641900E-015 ) ) ;
#3785 = DIRECTION ( 'NONE',  ( 0.0000000000000000000, 0.0000000000000000000, 1.000000000000000000 ) ) ;
#3786 = CARTESIAN_POINT ( 'NONE',  ( 1.925000000000000700, 0.1950000000000001500, 0.9499999999999999600 ) ) ;
#3787 = ADVANCED_FACE ( 'NONE', ( #1449 ), #2080, .T. ) ;
#3788 = DIRECTION ( 'NONE',  ( -0.0000000000000000000, -1.000000000000000000, -0.0000000000000000000 ) ) ;
#3789 = EDGE_CURVE ( 'NONE', #1772, #2293, #4540, .T. ) ;
#3790 = VERTEX_POINT ( 'NONE', #2123 ) ;
#3791 = FACE_OUTER_BOUND ( 'NONE', #3378, .T. ) ;
#3792 = DIRECTION ( 'NONE',  ( 0.0000000000000000000, 0.0000000000000000000, -1.000000000000000000 ) ) ;
#3793 = ORIENTED_EDGE ( 'NONE', *, *, #801, .T. ) ;
#3794 = CARTESIAN_POINT ( 'NONE',  ( -1.424999999999999600, 0.1950000000000002800, 1.249999999999999600 ) ) ;
#3795 = LINE ( 'NONE', #5364, #2399 ) ;
#3796 = CARTESIAN_POINT ( 'NONE',  ( -1.424999999999999600, 0.1200000000000004400, -1.925000000000000300 ) ) ;
#3797 = ORIENTED_EDGE ( 'NONE', *, *, #4136, .F. ) ;
#3798 = VECTOR ( 'NONE', #828, 1000.000000000000000 ) ;
#3799 = AXIS2_PLACEMENT_3D ( 'NONE', #761, #4099, #2172 ) ;
#3800 = ORIENTED_EDGE ( 'NONE', *, *, #3279, .F. ) ;
#3801 = AXIS2_PLACEMENT_3D ( 'NONE', #3638, #5068, #3663 ) ;
#3802 = ORIENTED_EDGE ( 'NONE', *, *, #520, .T. ) ;
#3803 = CARTESIAN_POINT ( 'NONE',  ( 1.925000000000000700, 0.1950000000000001700, -0.7749999999999998000 ) ) ;
#3804 = EDGE_CURVE ( 'NONE', #2380, #482, #3641, .T. ) ;
#3805 = VECTOR ( 'NONE', #370, 1000.000000000000000 ) ;
#3806 = DIRECTION ( 'NONE',  ( -1.000000000000000000, 0.0000000000000000000, 0.0000000000000000000 ) ) ;
#3807 = DIRECTION ( 'NONE',  ( 0.0000000000000000000, 0.0000000000000000000, -1.000000000000000000 ) ) ;
#3808 = ORIENTED_EDGE ( 'NONE', *, *, #5376, .F. ) ;
#3809 = FACE_OUTER_BOUND ( 'NONE', #2032, .T. ) ;
#3810 = CYLINDRICAL_SURFACE ( 'NONE', #2139, 0.05000000000000002400 ) ;
#3811 = AXIS2_PLACEMENT_3D ( 'NONE', #4037, #3482, #1673 ) ;
#3812 = DIRECTION ( 'NONE',  ( 1.000000000000000000, 0.0000000000000000000, -0.0000000000000000000 ) ) ;
#3813 = EDGE_CURVE ( 'NONE', #3024, #3658, #1668, .T. ) ;
#3814 = CARTESIAN_POINT ( 'NONE',  ( 1.875000000000000200, 0.1200000000000001100, 0.2500000000000000000 ) ) ;
#3815 = DIRECTION ( 'NONE',  ( 0.0000000000000000000, 0.0000000000000000000, 1.000000000000000000 ) ) ;
#3816 = ADVANCED_FACE ( 'NONE', ( #3481 ), #5841, .T. ) ;
#3817 = ORIENTED_EDGE ( 'NONE', *, *, #2158, .F. ) ;
#3818 = DIRECTION ( 'NONE',  ( 1.000000000000000000, 0.0000000000000000000, 0.0000000000000000000 ) ) ;
#3819 = LINE ( 'NONE', #1431, #5433 ) ;
#3820 = DIRECTION ( 'NONE',  ( -1.000000000000000000, 0.0000000000000000000, 0.0000000000000000000 ) ) ;
#3821 = EDGE_CURVE ( 'NONE', #4424, #2641, #5993, .T. ) ;
#3822 = VERTEX_POINT ( 'NONE', #3995 ) ;
#3823 = VECTOR ( 'NONE', #5048, 1000.000000000000000 ) ;
#3824 = CARTESIAN_POINT ( 'NONE',  ( 1.350000000000001200, 0.05000000000000012800, -0.9000000000000003600 ) ) ;
#3825 = DIRECTION ( 'NONE',  ( -1.000000000000000000, 0.0000000000000000000, -0.0000000000000000000 ) ) ;
#3826 = DIRECTION ( 'NONE',  ( 0.0000000000000000000, -1.000000000000000000, 0.0000000000000000000 ) ) ;
#3827 = VERTEX_POINT ( 'NONE', #2582 ) ;
#3828 = VECTOR ( 'NONE', #4181, 1000.000000000000000 ) ;
#3829 = AXIS2_PLACEMENT_3D ( 'NONE', #388, #4155, #854 ) ;
#3830 = ORIENTED_EDGE ( 'NONE', *, *, #74, .F. ) ;
#3831 = DIRECTION ( 'NONE',  ( 1.000000000000000000, -0.0000000000000000000, 0.0000000000000000000 ) ) ;
#3832 = DIRECTION ( 'NONE',  ( 0.0000000000000000000, 0.0000000000000000000, 1.000000000000000000 ) ) ;
#3833 = ORIENTED_EDGE ( 'NONE', *, *, #2358, .T. ) ;
#3834 = DIRECTION ( 'NONE',  ( -0.0000000000000000000, -0.0000000000000000000, 1.000000000000000000 ) ) ;
#3835 = DIRECTION ( 'NONE',  ( -0.0000000000000000000, -1.000000000000000000, -0.0000000000000000000 ) ) ;
#3836 = DIRECTION ( 'NONE',  ( -0.0000000000000000000, -0.0000000000000000000, 1.000000000000000000 ) ) ;
#3837 = ORIENTED_EDGE ( 'NONE', *, *, #767, .T. ) ;
#3838 = VECTOR ( 'NONE', #2872, 1000.000000000000000 ) ;
#3839 = ORIENTED_EDGE ( 'NONE', *, *, #1454, .T. ) ;
#3840 = DIRECTION ( 'NONE',  ( -1.000000000000000000, -0.0000000000000000000, -0.0000000000000000000 ) ) ;
#3841 = EDGE_CURVE ( 'NONE', #1639, #42, #1077, .T. ) ;
#3842 = VECTOR ( 'NONE', #5130, 1000.000000000000000 ) ;
#3843 = DIRECTION ( 'NONE',  ( -0.0000000000000000000, 0.0000000000000000000, 1.000000000000000000 ) ) ;
#3844 = PLANE ( 'NONE',  #3291 ) ;
#3845 = EDGE_LOOP ( 'NONE', ( #3022, #5685, #1561, #3492 ) ) ;
#3846 = EDGE_LOOP ( 'NONE', ( #5520, #5672, #986, #402 ) ) ;
#3847 = DIRECTION ( 'NONE',  ( 0.0000000000000000000, 1.000000000000000000, 0.0000000000000000000 ) ) ;
#3848 = VECTOR ( 'NONE', #4944, 1000.000000000000000 ) ;
#3849 = CARTESIAN_POINT ( 'NONE',  ( -1.124999999999999800, 0.1950000000000002800, -0.4749999999999999200 ) ) ;
#3850 = EDGE_CURVE ( 'NONE', #2708, #3440, #292, .T. ) ;
#3851 = EDGE_CURVE ( 'NONE', #3889, #719, #2538, .T. ) ;
#3852 = EDGE_LOOP ( 'NONE', ( #116, #4195, #550, #720 ) ) ;
#3853 = VECTOR ( 'NONE', #2205, 1000.000000000000000 ) ;
#3854 = DIRECTION ( 'NONE',  ( -0.0000000000000000000, -1.000000000000000000, -0.0000000000000000000 ) ) ;
#3855 = DIRECTION ( 'NONE',  ( 0.0000000000000000000, 0.0000000000000000000, -1.000000000000000000 ) ) ;
#3856 = DIRECTION ( 'NONE',  ( 0.0000000000000000000, -1.000000000000000000, 0.0000000000000000000 ) ) ;
#3857 = EDGE_CURVE ( 'NONE', #2742, #1259, #147, .T. ) ;
#3858 = AXIS2_PLACEMENT_3D ( 'NONE', #447, #3699, #2771 ) ;
#3859 = ORIENTED_EDGE ( 'NONE', *, *, #795, .T. ) ;
#3860 = CARTESIAN_POINT ( 'NONE',  ( -1.349999999999999600, 0.05000000000000000300, 0.4500000000000000100 ) ) ;
#3861 = FACE_OUTER_BOUND ( 'NONE', #2729, .T. ) ;
#3862 = DIRECTION ( 'NONE',  ( 0.0000000000000000000, 0.0000000000000000000, 1.000000000000000000 ) ) ;
#3863 = ORIENTED_EDGE ( 'NONE', *, *, #6040, .T. ) ;
#3864 = LINE ( 'NONE', #2286, #1517 ) ;
#3865 = CARTESIAN_POINT ( 'NONE',  ( 1.424999999999999600, 0.1950000000000002800, -1.874999999999999800 ) ) ;
#3866 = CARTESIAN_POINT ( 'NONE',  ( 1.925000000000000700, 0.1950000000000001700, -0.7749999999999998000 ) ) ;
#3867 = PLANE ( 'NONE',  #5326 ) ;
#3868 = STYLED_ITEM ( 'NONE', ( #5357 ), #2561 ) ;
#3869 = DIRECTION ( 'NONE',  ( -0.0000000000000000000, 0.0000000000000000000, 1.000000000000000000 ) ) ;
#3870 = EDGE_LOOP ( 'NONE', ( #1217, #5773 ) ) ;
#3871 = VECTOR ( 'NONE', #5800, 1000.000000000000000 ) ;
#3872 = LINE ( 'NONE', #4614, #879 ) ;
#3873 = DIRECTION ( 'NONE',  ( 0.0000000000000000000, 1.000000000000000000, 0.0000000000000000000 ) ) ;
#3874 = VERTEX_POINT ( 'NONE', #3544 ) ;
#3875 = ORIENTED_EDGE ( 'NONE', *, *, #3082, .F. ) ;
#3876 = DIRECTION ( 'NONE',  ( -0.0000000000000000000, 1.000000000000000000, 0.0000000000000000000 ) ) ;
#3877 = LINE ( 'NONE', #5172, #2182 ) ;
#3878 = EDGE_CURVE ( 'NONE', #2515, #631, #4685, .T. ) ;
#3879 = VERTEX_POINT ( 'NONE', #4959 ) ;
#3880 = ORIENTED_EDGE ( 'NONE', *, *, #405, .T. ) ;
#3881 = CARTESIAN_POINT ( 'NONE',  ( -1.172648133521775800, 1.363205099482562900, 1.436079783243561000E-016 ) ) ;
#3882 = ORIENTED_EDGE ( 'NONE', *, *, #4397, .F. ) ;
#3883 = LINE ( 'NONE', #4987, #3064 ) ;
#3884 = LINE ( 'NONE', #877, #2622 ) ;
#3885 = EDGE_CURVE ( 'NONE', #2110, #3368, #1149, .T. ) ;
#3886 = EDGE_CURVE ( 'NONE', #5970, #3301, #2176, .T. ) ;
#3887 = CARTESIAN_POINT ( 'NONE',  ( 1.875000000000000200, 0.1950000000000003400, -1.174999999999999800 ) ) ;
#3888 = PLANE ( 'NONE',  #4044 ) ;
#3889 = VERTEX_POINT ( 'NONE', #4083 ) ;
#3890 = FACE_OUTER_BOUND ( 'NONE', #5303, .T. ) ;
#3891 = CARTESIAN_POINT ( 'NONE',  ( -1.874999999999999800, 0.1200000000000001300, -0.7749999999999996900 ) ) ;
#3892 = AXIS2_PLACEMENT_3D ( 'NONE', #744, #4010, #2175 ) ;
#3893 = DIRECTION ( 'NONE',  ( 0.0000000000000000000, 4.969259957225230300E-016, 1.000000000000000000 ) ) ;
#3894 = ORIENTED_EDGE ( 'NONE', *, *, #2576, .F. ) ;
#3895 = CARTESIAN_POINT ( 'NONE',  ( -1.299999999999999200, 0.05000000000000000300, -1.350000000000000100 ) ) ;
#3896 = LINE ( 'NONE', #3265, #4641 ) ;
#3897 = DIRECTION ( 'NONE',  ( -0.0000000000000000000, -1.000000000000000000, -0.0000000000000000000 ) ) ;
#3898 = VERTEX_POINT ( 'NONE', #3071 ) ;
#3899 = CARTESIAN_POINT ( 'NONE',  ( -1.874999999999999800, 0.1950000000000005600, -0.4749999999999998100 ) ) ;
#3900 = LINE ( 'NONE', #441, #2295 ) ;
#3901 = EDGE_LOOP ( 'NONE', ( #3712, #304, #3500, #4857 ) ) ;
#3902 = VECTOR ( 'NONE', #5020, 1000.000000000000200 ) ;
#3903 = EDGE_CURVE ( 'NONE', #5209, #5972, #2029, .T. ) ;
#3904 = AXIS2_PLACEMENT_3D ( 'NONE', #2126, #1675, #4470 ) ;
#3905 = ORIENTED_EDGE ( 'NONE', *, *, #3683, .T. ) ;
#3906 = DIRECTION ( 'NONE',  ( -0.0000000000000000000, -1.000000000000000000, -0.0000000000000000000 ) ) ;
#3907 = LINE ( 'NONE', #5647, #4277 ) ;
#3908 = CARTESIAN_POINT ( 'NONE',  ( 1.424999999999999600, 0.1950000000000002800, 1.875000000000000200 ) ) ;
#3909 = ADVANCED_FACE ( 'NONE', ( #3561 ), #1713, .T. ) ;
#3910 = DIRECTION ( 'NONE',  ( -0.0000000000000000000, -4.517509052022936500E-016, -1.000000000000000000 ) ) ;
#3911 = ORIENTED_EDGE ( 'NONE', *, *, #4674, .T. ) ;
#3912 = VECTOR ( 'NONE', #4168, 1000.000000000000000 ) ;
#3913 = VECTOR ( 'NONE', #1485, 1000.000000000000000 ) ;
#3914 = CARTESIAN_POINT ( 'NONE',  ( -1.924999999999999600, 0.6600000000000000300, 1.924999999999999600 ) ) ;
#3915 = CARTESIAN_POINT ( 'NONE',  ( 1.925000000000000500, 0.6600000000000000300, -1.925000000000000500 ) ) ;
#3916 = VERTEX_POINT ( 'NONE', #295 ) ;
#3917 = CARTESIAN_POINT ( 'NONE',  ( -1.299999999999999200, 0.0000000000000000000, -1.350000000000000100 ) ) ;
#3918 = VERTEX_POINT ( 'NONE', #1216 ) ;
#3919 = ORIENTED_EDGE ( 'NONE', *, *, #1127, .F. ) ;
#3920 = CARTESIAN_POINT ( 'NONE',  ( -1.924999999999999600, 0.6600000000000000300, 1.924999999999999600 ) ) ;
#3921 = LINE ( 'NONE', #1065, #2155 ) ;
#3922 = VERTEX_POINT ( 'NONE', #766 ) ;
#3923 = VECTOR ( 'NONE', #3558, 1000.000000000000000 ) ;
#3924 = AXIS2_PLACEMENT_3D ( 'NONE', #5389, #736, #1182 ) ;
#3925 = DIRECTION ( 'NONE',  ( -1.000000000000000000, -0.0000000000000000000, -0.0000000000000000000 ) ) ;
#3926 = EDGE_CURVE ( 'NONE', #280, #3790, #5634, .T. ) ;
#3927 = ORIENTED_EDGE ( 'NONE', *, *, #4541, .T. ) ;
#3928 = VERTEX_POINT ( 'NONE', #316 ) ;
#3929 = PLANE ( 'NONE',  #4104 ) ;
#3930 = CARTESIAN_POINT ( 'NONE',  ( -1.299999999999998700, 0.05000000000000012800, 0.8500000000000000900 ) ) ;
#3931 = CARTESIAN_POINT ( 'NONE',  ( 1.925000000000000700, 0.1950000000000002800, 1.249999999999999800 ) ) ;
#3932 = ORIENTED_EDGE ( 'NONE', *, *, #2115, .F. ) ;
#3933 = ORIENTED_EDGE ( 'NONE', *, *, #685, .F. ) ;
#3934 = DIRECTION ( 'NONE',  ( 0.0000000000000000000, -1.000000000000000000, 0.0000000000000000000 ) ) ;
#3935 = EDGE_CURVE ( 'NONE', #4176, #3668, #660, .T. ) ;
#3936 = EDGE_CURVE ( 'NONE', #4797, #3026, #513, .T. ) ;
#3937 = CIRCLE ( 'NONE', #1521, 1.630969882337201000 ) ;
#3938 = DIRECTION ( 'NONE',  ( 0.0000000000000000000, 3.614007241618349300E-016, 1.000000000000000000 ) ) ;
#3939 = DIRECTION ( 'NONE',  ( 0.0000000000000000000, -1.000000000000000000, 0.0000000000000000000 ) ) ;
#3940 = ORIENTED_EDGE ( 'NONE', *, *, #1243, .T. ) ;
#3941 =( NAMED_UNIT ( * ) SI_UNIT ( $, .STERADIAN. ) SOLID_ANGLE_UNIT ( ) );
#3942 = CIRCLE ( 'NONE', #4789, 0.05000000000000002400 ) ;
#3943 = CARTESIAN_POINT ( 'NONE',  ( -1.349999999999999000, 0.0000000000000000000, 0.9000000000000003600 ) ) ;
#3944 = ADVANCED_FACE ( 'NONE', ( #5917 ), #4553, .T. ) ;
#3945 = ADVANCED_FACE ( 'NONE', ( #580 ), #1776, .F. ) ;
#3946 = EDGE_LOOP ( 'NONE', ( #829, #436, #3839, #816 ) ) ;
#3947 = COLOUR_RGB ( '',1.000000000000000000, 0.8117647058823529400, 0.5019607843137254800 ) ;
#3948 = CARTESIAN_POINT ( 'NONE',  ( 1.925000000000000700, 0.1200000000000001100, 0.2500000000000000000 ) ) ;
#3949 = ORIENTED_EDGE ( 'NONE', *, *, #3977, .T. ) ;
#3950 = CARTESIAN_POINT ( 'NONE',  ( 1.925000000000000500, 0.6600000000000000300, 1.924999999999999600 ) ) ;
#3951 = CARTESIAN_POINT ( 'NONE',  ( 1.424999999999999600, 0.1950000000000005600, -0.4749999999999998100 ) ) ;
#3952 = CARTESIAN_POINT ( 'NONE',  ( 1.124999999999999800, 0.1200000000000004400, -1.925000000000000300 ) ) ;
#3953 = VECTOR ( 'NONE', #2987, 1000.000000000000000 ) ;
#3954 = ORIENTED_EDGE ( 'NONE', *, *, #989, .T. ) ;
#3955 = VERTEX_POINT ( 'NONE', #2789 ) ;
#3956 = EDGE_LOOP ( 'NONE', ( #151, #2820, #3452, #3837 ) ) ;
#3957 = CIRCLE ( 'NONE', #3054, 1.349751633111184300 ) ;
#3958 = VECTOR ( 'NONE', #2053, 1000.000000000000000 ) ;
#3959 = DIRECTION ( 'NONE',  ( -0.0000000000000000000, 0.0000000000000000000, 1.000000000000000000 ) ) ;
#3960 = ORIENTED_EDGE ( 'NONE', *, *, #2250, .T. ) ;
#3961 = DIRECTION ( 'NONE',  ( -1.000000000000000000, 0.0000000000000000000, 0.0000000000000000000 ) ) ;
#3962 = VECTOR ( 'NONE', #595, 1000.000000000000000 ) ;
#3963 = LINE ( 'NONE', #919, #389 ) ;
#3964 = DIRECTION ( 'NONE',  ( -0.0000000000000000000, -1.000000000000000000, -0.0000000000000000000 ) ) ;
#3965 = CARTESIAN_POINT ( 'NONE',  ( 1.875000000000000200, 0.1200000000000002900, -0.4750000000000001400 ) ) ;
#3966 = MECHANICAL_DESIGN_GEOMETRIC_PRESENTATION_REPRESENTATION (  '', ( #3128 ), #287 ) ;
#3967 = VERTEX_POINT ( 'NONE', #3261 ) ;
#3968 = CIRCLE ( 'NONE', #3580, 0.04999999999999991300 ) ;
#3969 = EDGE_CURVE ( 'NONE', #4588, #4838, #3555, .T. ) ;
#3970 = EDGE_CURVE ( 'NONE', #3368, #489, #1587, .T. ) ;
#3971 = DIRECTION ( 'NONE',  ( 0.0000000000000000000, 0.0000000000000000000, -1.000000000000000000 ) ) ;
#3972 = ADVANCED_FACE ( 'NONE', ( #5478 ), #4693, .F. ) ;
#3973 = SURFACE_STYLE_USAGE ( .BOTH. , #3476 ) ;
#3974 = DIRECTION ( 'NONE',  ( -1.000000000000000000, 0.0000000000000000000, 0.0000000000000000000 ) ) ;
#3975 = ORIENTED_EDGE ( 'NONE', *, *, #2031, .F. ) ;
#3976 = FACE_OUTER_BOUND ( 'NONE', #2953, .T. ) ;
#3977 = EDGE_CURVE ( 'NONE', #1052, #1639, #3864, .T. ) ;
#3978 = AXIS2_PLACEMENT_3D ( 'NONE', #2056, #2930, #3431 ) ;
#3979 = DIRECTION ( 'NONE',  ( -0.0000000000000000000, 0.0000000000000000000, 1.000000000000000000 ) ) ;
#3980 = DIRECTION ( 'NONE',  ( -1.000000000000000000, -0.0000000000000000000, -0.0000000000000000000 ) ) ;
#3981 = DIRECTION ( 'NONE',  ( -1.000000000000000000, -0.0000000000000000000, -0.0000000000000000000 ) ) ;
#3982 = EDGE_LOOP ( 'NONE', ( #3859, #3314, #5092, #5185 ) ) ;
#3983 = CARTESIAN_POINT ( 'NONE',  ( -1.299999999999999800, 0.05000000000000000300, -0.4500000000000000100 ) ) ;
#3984 = LINE ( 'NONE', #2849, #3442 ) ;
#3985 = CARTESIAN_POINT ( 'NONE',  ( 1.300000000000000300, 0.05000000000000000300, 0.4500000000000000100 ) ) ;
#3986 = VERTEX_POINT ( 'NONE', #1834 ) ;
#3987 = ORIENTED_EDGE ( 'NONE', *, *, #1412, .T. ) ;
#3988 = EDGE_CURVE ( 'NONE', #2515, #354, #1659, .T. ) ;
#3989 = PRESENTATION_LAYER_ASSIGNMENT (  '', '', ( #5564 ) ) ;
#3990 = ORIENTED_EDGE ( 'NONE', *, *, #612, .T. ) ;
#3991 = CARTESIAN_POINT ( 'NONE',  ( -1.424999999999999800, 0.1950000000000003400, -1.174999999999999800 ) ) ;
#3992 = PRESENTATION_STYLE_ASSIGNMENT (( #1350 ) ) ;
#3993 = ORIENTED_EDGE ( 'NONE', *, *, #1099, .T. ) ;
#3994 = VECTOR ( 'NONE', #1837, 1000.000000000000000 ) ;
#3995 = CARTESIAN_POINT ( 'NONE',  ( -0.04999999999999993300, 1.629999999999999400, 8.571006785454467600E-017 ) ) ;
#3996 = EDGE_LOOP ( 'NONE', ( #59, #257, #1085, #2638, #5857, #3444, #5712, #5544 ) ) ;
#3997 = ORIENTED_EDGE ( 'NONE', *, *, #3266, .F. ) ;
#3998 = FACE_OUTER_BOUND ( 'NONE', #1005, .T. ) ;
#3999 = SURFACE_SIDE_STYLE ('',( #3215 ) ) ;
#4000 = DIRECTION ( 'NONE',  ( -0.0000000000000000000, -1.000000000000000000, -0.0000000000000000000 ) ) ;
#4001 = ORIENTED_EDGE ( 'NONE', *, *, #3646, .F. ) ;
#4002 = AXIS2_PLACEMENT_3D ( 'NONE', #3665, #5521, #5562 ) ;
#4003 = CYLINDRICAL_SURFACE ( 'NONE', #1410, 0.04999999999999991300 ) ;
#4004 = EDGE_LOOP ( 'NONE', ( #4260, #4231, #5264, #2061 ) ) ;
#4005 = EDGE_CURVE ( 'NONE', #1416, #4712, #286, .T. ) ;
#4006 = ORIENTED_EDGE ( 'NONE', *, *, #4095, .T. ) ;
#4007 = ADVANCED_FACE ( 'NONE', ( #5630, #4015, #2326, #732 ), #2710, .T. ) ;
#4008 = DIRECTION ( 'NONE',  ( 0.0000000000000000000, -1.000000000000000000, 0.0000000000000000000 ) ) ;
#4009 = FACE_OUTER_BOUND ( 'NONE', #5930, .T. ) ;
#4010 = DIRECTION ( 'NONE',  ( 0.0000000000000000000, 0.0000000000000000000, -1.000000000000000000 ) ) ;
#4011 = CARTESIAN_POINT ( 'NONE',  ( 1.124999999999999800, 0.1950000000000002800, -1.174999999999999800 ) ) ;
#4012 = DIRECTION ( 'NONE',  ( -0.0000000000000000000, -1.000000000000000000, -0.0000000000000000000 ) ) ;
#4013 = DIRECTION ( 'NONE',  ( -1.000000000000000000, 0.0000000000000000000, 0.0000000000000000000 ) ) ;
#4014 = ORIENTED_EDGE ( 'NONE', *, *, #1991, .T. ) ;
#4015 = FACE_BOUND ( 'NONE', #341, .T. ) ;
#4016 = DIRECTION ( 'NONE',  ( -1.000000000000000000, 0.0000000000000000000, 0.0000000000000000000 ) ) ;
#4017 = DIRECTION ( 'NONE',  ( 0.0000000000000000000, -1.000000000000000000, 0.0000000000000000000 ) ) ;
#4018 = ORIENTED_EDGE ( 'NONE', *, *, #1957, .T. ) ;
#4019 = DIRECTION ( 'NONE',  ( -0.0000000000000000000, -1.000000000000000000, -0.0000000000000000000 ) ) ;
#4020 = LINE ( 'NONE', #1841, #88 ) ;
#4021 = DIRECTION ( 'NONE',  ( -1.000000000000000000, 0.0000000000000000000, 0.0000000000000000000 ) ) ;
#4022 = EDGE_CURVE ( 'NONE', #1477, #280, #4378, .T. ) ;
#4023 = ORIENTED_EDGE ( 'NONE', *, *, #492, .F. ) ;
#4024 = ORIENTED_EDGE ( 'NONE', *, *, #4912, .F. ) ;
#4025 = DIRECTION ( 'NONE',  ( 2.602085213965209400E-014, 0.0000000000000000000, 1.000000000000000000 ) ) ;
#4026 = VECTOR ( 'NONE', #3284, 1000.000000000000000 ) ;
#4027 = LINE ( 'NONE', #413, #2263 ) ;
#4028 = PLANE ( 'NONE',  #4132 ) ;
#4029 = ORIENTED_EDGE ( 'NONE', *, *, #1820, .T. ) ;
#4030 = ORIENTED_EDGE ( 'NONE', *, *, #2016, .T. ) ;
#4031 = ADVANCED_FACE ( 'NONE', ( #5402 ), #3118, .T. ) ;
#4032 = DIRECTION ( 'NONE',  ( -1.000000000000000000, 0.0000000000000000000, 0.0000000000000000000 ) ) ;
#4033 = ORIENTED_EDGE ( 'NONE', *, *, #3988, .T. ) ;
#4034 = VECTOR ( 'NONE', #1681, 1000.000000000000000 ) ;
#4035 = CARTESIAN_POINT ( 'NONE',  ( 1.124999999999999800, 0.1200000000000004400, -1.925000000000000300 ) ) ;
#4036 = COLOUR_RGB ( '',1.000000000000000000, 0.8117647058823529400, 0.5019607843137254800 ) ;
#4037 = CARTESIAN_POINT ( 'NONE',  ( 1.424999999999999600, 0.1950000000000002800, -1.925000000000000300 ) ) ;
#4038 = ADVANCED_FACE ( 'NONE', ( #2829 ), #2404, .T. ) ;
#4039 = VERTEX_POINT ( 'NONE', #4319 ) ;
#4040 = DIRECTION ( 'NONE',  ( 0.0000000000000000000, 1.000000000000000000, 0.0000000000000000000 ) ) ;
#4041 = CARTESIAN_POINT ( 'NONE',  ( 1.124999999999999800, 0.1950000000000005600, -0.4749999999999998100 ) ) ;
#4042 = VECTOR ( 'NONE', #1667, 1000.000000000000000 ) ;
#4043 = MANIFOLD_SOLID_BREP ( 'Anode Pin 1', #992 ) ;
#4044 = AXIS2_PLACEMENT_3D ( 'NONE', #1490, #623, #2910 ) ;
#4045 = EDGE_CURVE ( 'NONE', #5272, #3105, #1888, .T. ) ;
#4046 = ORIENTED_EDGE ( 'NONE', *, *, #3936, .T. ) ;
#4047 = FACE_OUTER_BOUND ( 'NONE', #4004, .T. ) ;
#4048 =( GEOMETRIC_REPRESENTATION_CONTEXT ( 3 ) GLOBAL_UNCERTAINTY_ASSIGNED_CONTEXT ( ( #5468 ) ) GLOBAL_UNIT_ASSIGNED_CONTEXT ( ( #4298, #3346, #4768 ) ) REPRESENTATION_CONTEXT ( 'NONE', 'WORKASPACE' ) );
#4049 = DIRECTION ( 'NONE',  ( -1.000000000000000000, 0.0000000000000000000, 0.0000000000000000000 ) ) ;
#4050 = EDGE_CURVE ( 'NONE', #4158, #4184, #4456, .T. ) ;
#4051 = EDGE_CURVE ( 'NONE', #67, #3695, #4242, .T. ) ;
#4052 = FACE_OUTER_BOUND ( 'NONE', #484, .T. ) ;
#4053 = ORIENTED_EDGE ( 'NONE', *, *, #494, .T. ) ;
#4054 = DIRECTION ( 'NONE',  ( -1.000000000000000000, 0.0000000000000000000, 0.0000000000000000000 ) ) ;
#4055 = LINE ( 'NONE', #2530, #2206 ) ;
#4056 = DIRECTION ( 'NONE',  ( 0.0000000000000000000, 0.0000000000000000000, -1.000000000000000000 ) ) ;
#4057 = CARTESIAN_POINT ( 'NONE',  ( 1.875000000000000200, 0.0000000000000000000, 1.875000000000000200 ) ) ;
#4058 = CARTESIAN_POINT ( 'NONE',  ( 1.424999999999999600, 0.1950000000000002800, 1.249999999999999800 ) ) ;
#4059 = VERTEX_POINT ( 'NONE', #1661 ) ;
#4060 = FACE_OUTER_BOUND ( 'NONE', #1130, .T. ) ;
#4061 = CARTESIAN_POINT ( 'NONE',  ( -1.124999999999999800, 0.1950000000000002800, -0.7749999999999999100 ) ) ;
#4062 = AXIS2_PLACEMENT_3D ( 'NONE', #3399, #2454, #4940 ) ;
#4063 = CARTESIAN_POINT ( 'NONE',  ( 1.124999999999999800, 0.1950000000000002800, 1.249999999999999600 ) ) ;
#4064 = DIRECTION ( 'NONE',  ( 1.000000000000000000, 0.0000000000000000000, -0.0000000000000000000 ) ) ;
#4065 = CARTESIAN_POINT ( 'NONE',  ( 1.124999999999999600, 0.1200000000000004300, -1.874999999999999800 ) ) ;
#4066 = VERTEX_POINT ( 'NONE', #2118 ) ;
#4067 = VECTOR ( 'NONE', #5573, 1000.000000000000000 ) ;
#4068 = ADVANCED_FACE ( 'NONE', ( #797 ), #599, .F. ) ;
#4069 = CARTESIAN_POINT ( 'NONE',  ( -1.299999999999998700, 0.0000000000000000000, 1.350000000000000100 ) ) ;
#4070 = FACE_OUTER_BOUND ( 'NONE', #377, .T. ) ;
#4071 = VERTEX_POINT ( 'NONE', #2594 ) ;
#4072 = EDGE_LOOP ( 'NONE', ( #1506, #2452, #5561, #2618 ) ) ;
#4073 = ADVANCED_FACE ( 'NONE', ( #3202, #1952, #2602, #5331 ), #4432, .T. ) ;
#4074 = VECTOR ( 'NONE', #2534, 1000.000000000000000 ) ;
#4075 = CARTESIAN_POINT ( 'NONE',  ( -1.124999999999999800, 0.1950000000000002800, -1.925000000000000300 ) ) ;
#4076 = AXIS2_PLACEMENT_3D ( 'NONE', #2221, #5486, #2666 ) ;
#4077 = LINE ( 'NONE', #782, #55 ) ;
#4078 = DIRECTION ( 'NONE',  ( -1.000000000000000000, 0.0000000000000000000, 0.0000000000000000000 ) ) ;
#4079 =( LENGTH_UNIT ( ) NAMED_UNIT ( * ) SI_UNIT ( .MILLI., .METRE. ) );
#4080 = VERTEX_POINT ( 'NONE', #1189 ) ;
#4081 = ORIENTED_EDGE ( 'NONE', *, *, #2074, .T. ) ;
#4082 = VERTEX_POINT ( 'NONE', #1623 ) ;
#4083 = CARTESIAN_POINT ( 'NONE',  ( 1.100000000000002800, 0.05000000000000012800, -0.5000000000000000000 ) ) ;
#4084 = LINE ( 'NONE', #3392, #1134 ) ;
#4085 = CARTESIAN_POINT ( 'NONE',  ( -1.424999999999999600, 0.1950000000000002800, -0.7749999999999999100 ) ) ;
#4086 = CARTESIAN_POINT ( 'NONE',  ( 1.124999999999999800, 0.1200000000000004400, 1.249999999999999800 ) ) ;
#4087 = EDGE_CURVE ( 'NONE', #2439, #1132, #4606, .T. ) ;
#4088 = VERTEX_POINT ( 'NONE', #5412 ) ;
#4089 = ORIENTED_EDGE ( 'NONE', *, *, #874, .F. ) ;
#4090 = DIRECTION ( 'NONE',  ( 0.0000000000000000000, 0.0000000000000000000, 1.000000000000000000 ) ) ;
#4091 = FACE_OUTER_BOUND ( 'NONE', #2774, .T. ) ;
#4092 = DIRECTION ( 'NONE',  ( 0.0000000000000000000, 1.000000000000000000, 0.0000000000000000000 ) ) ;
#4093 = PRODUCT_RELATED_PRODUCT_CATEGORY ( 'part', '', ( #112 ) ) ;
#4094 = EDGE_LOOP ( 'NONE', ( #3312, #335, #2070, #100 ) ) ;
#4095 = EDGE_CURVE ( 'NONE', #1688, #2170, #143, .T. ) ;
#4096 = EDGE_CURVE ( 'NONE', #4738, #1042, #5121, .T. ) ;
#4097 = VECTOR ( 'NONE', #4608, 1000.000000000000000 ) ;
#4098 = CARTESIAN_POINT ( 'NONE',  ( 1.925000000000000700, 0.1950000000000000900, 0.5499999999999999300 ) ) ;
#4099 = DIRECTION ( 'NONE',  ( 0.0000000000000000000, -1.000000000000000000, 0.0000000000000000000 ) ) ;
#4100 = ORIENTED_EDGE ( 'NONE', *, *, #3065, .F. ) ;
#4101 = CARTESIAN_POINT ( 'NONE',  ( 1.925000000000000700, 0.1200000000000003300, 0.9499999999999999600 ) ) ;
#4102 = VECTOR ( 'NONE', #3542, 1000.000000000000000 ) ;
#4103 = DIRECTION ( 'NONE',  ( -0.0000000000000000000, -0.0000000000000000000, 1.000000000000000000 ) ) ;
#4104 = AXIS2_PLACEMENT_3D ( 'NONE', #1588, #4955, #3089 ) ;
#4105 = DIRECTION ( 'NONE',  ( 0.0000000000000000000, 0.0000000000000000000, 1.000000000000000000 ) ) ;
#4106 = EDGE_LOOP ( 'NONE', ( #1153, #667, #4120, #5397 ) ) ;
#4107 = VECTOR ( 'NONE', #3569, 1000.000000000000000 ) ;
#4108 = VECTOR ( 'NONE', #928, 1000.000000000000000 ) ;
#4109 = PLANE ( 'NONE',  #663 ) ;
#4110 = ADVANCED_FACE ( 'NONE', ( #3714 ), #5923, .F. ) ;
#4111 = CARTESIAN_POINT ( 'NONE',  ( 0.0000000000000000000, 0.0000000000000000000, -1.874999999999999800 ) ) ;
#4112 = CARTESIAN_POINT ( 'NONE',  ( 1.875000000000000200, 0.1200000000000001100, 0.2500000000000000000 ) ) ;
#4113 = DIRECTION ( 'NONE',  ( 0.0000000000000000000, 0.0000000000000000000, 1.000000000000000000 ) ) ;
#4114 = VERTEX_POINT ( 'NONE', #3965 ) ;
#4115 = ORIENTED_EDGE ( 'NONE', *, *, #5740, .T. ) ;
#4116 = LINE ( 'NONE', #4408, #230 ) ;
#4117 = FACE_OUTER_BOUND ( 'NONE', #5669, .T. ) ;
#4118 = EDGE_CURVE ( 'NONE', #1737, #5686, #5704, .T. ) ;
#4119 = AXIS2_PLACEMENT_3D ( 'NONE', #5590, #6049, #3238 ) ;
#4120 = ORIENTED_EDGE ( 'NONE', *, *, #176, .T. ) ;
#4121 = ORIENTED_EDGE ( 'NONE', *, *, #3970, .T. ) ;
#4122 = PLANE ( 'NONE',  #3799 ) ;
#4123 = CARTESIAN_POINT ( 'NONE',  ( -1.124999999999999800, 0.1950000000000002800, -1.874999999999999800 ) ) ;
#4124 = FILL_AREA_STYLE_COLOUR ( '', #3226 ) ;
#4125 = ORIENTED_EDGE ( 'NONE', *, *, #5810, .T. ) ;
#4126 = CARTESIAN_POINT ( 'NONE',  ( -1.874999999999999800, 0.1199999999999999500, -1.474999999999999600 ) ) ;
#4127 = LINE ( 'NONE', #5189, #5146 ) ;
#4128 = DIRECTION ( 'NONE',  ( 0.0000000000000000000, -1.000000000000000000, 0.0000000000000000000 ) ) ;
#4129 = DIRECTION ( 'NONE',  ( -1.000000000000000000, 0.0000000000000000000, 0.0000000000000000000 ) ) ;
#4130 = EDGE_LOOP ( 'NONE', ( #2625, #3954, #1393, #952 ) ) ;
#4131 = CARTESIAN_POINT ( 'NONE',  ( -1.349999999999999600, 0.05000000000000000300, -0.4500000000000000100 ) ) ;
#4132 = AXIS2_PLACEMENT_3D ( 'NONE', #5481, #4049, #5907 ) ;
#4133 = EDGE_LOOP ( 'NONE', ( #4495, #3769, #587, #5662 ) ) ;
#4134 = DIRECTION ( 'NONE',  ( -1.000000000000000000, -0.0000000000000000000, -0.0000000000000000000 ) ) ;
#4135 = LINE ( 'NONE', #1961, #1478 ) ;
#4136 = EDGE_CURVE ( 'NONE', #1594, #3325, #2464, .T. ) ;
#4137 = DIRECTION ( 'NONE',  ( -0.0000000000000000000, 0.0000000000000000000, -1.000000000000000000 ) ) ;
#4138 = EDGE_CURVE ( 'NONE', #2989, #3955, #1218, .T. ) ;
#4139 = ORIENTED_EDGE ( 'NONE', *, *, #1176, .T. ) ;
#4140 = VECTOR ( 'NONE', #1051, 1000.000000000000000 ) ;
#4141 = ADVANCED_FACE ( 'NONE', ( #5261 ), #5961, .F. ) ;
#4142 = DIRECTION ( 'NONE',  ( 0.0000000000000000000, 1.000000000000000000, 0.0000000000000000000 ) ) ;
#4143 = ORIENTED_EDGE ( 'NONE', *, *, #2412, .T. ) ;
#4144 = EDGE_CURVE ( 'NONE', #3612, #4712, #1071, .T. ) ;
#4145 = EDGE_CURVE ( 'NONE', #3456, #2165, #2024, .T. ) ;
#4146 = CARTESIAN_POINT ( 'NONE',  ( 1.300000000000000700, 2.929236009777593800, 0.8500000000000000900 ) ) ;
#4147 = DIRECTION ( 'NONE',  ( -0.0000000000000000000, -0.0000000000000000000, 1.000000000000000000 ) ) ;
#4148 = VERTEX_POINT ( 'NONE', #837 ) ;
#4149 = ORIENTED_EDGE ( 'NONE', *, *, #3334, .F. ) ;
#4150 = ORIENTED_EDGE ( 'NONE', *, *, #5499, .F. ) ;
#4151 = CYLINDRICAL_SURFACE ( 'NONE', #111, 0.05000000000000002400 ) ;
#4152 = ORIENTED_EDGE ( 'NONE', *, *, #5732, .F. ) ;
#4153 = PLANE ( 'NONE',  #4921 ) ;
#4154 = LINE ( 'NONE', #1997, #1054 ) ;
#4155 = DIRECTION ( 'NONE',  ( 0.0000000000000000000, -1.000000000000000000, 0.0000000000000000000 ) ) ;
#4156 = EDGE_CURVE ( 'NONE', #5711, #5309, #5398, .T. ) ;
#4157 = DIRECTION ( 'NONE',  ( -0.0000000000000000000, 0.0000000000000000000, 1.000000000000000000 ) ) ;
#4158 = VERTEX_POINT ( 'NONE', #512 ) ;
#4159 = VERTEX_POINT ( 'NONE', #5179 ) ;
#4160 = VECTOR ( 'NONE', #3126, 1000.000000000000000 ) ;
#4161 = ORIENTED_EDGE ( 'NONE', *, *, #662, .T. ) ;
#4162 = ORIENTED_EDGE ( 'NONE', *, *, #718, .T. ) ;
#4163 = AXIS2_PLACEMENT_3D ( 'NONE', #745, #3979, #3146 ) ;
#4164 = FACE_OUTER_BOUND ( 'NONE', #3946, .T. ) ;
#4165 = DIRECTION ( 'NONE',  ( -1.000000000000000000, -0.0000000000000000000, -0.0000000000000000000 ) ) ;
#4166 = ORIENTED_EDGE ( 'NONE', *, *, #4485, .F. ) ;
#4167 = VECTOR ( 'NONE', #657, 1000.000000000000000 ) ;
#4168 = DIRECTION ( 'NONE',  ( -0.0000000000000000000, -1.000000000000000000, -0.0000000000000000000 ) ) ;
#4169 = CARTESIAN_POINT ( 'NONE',  ( -1.874999999999999800, 0.1200000000000001100, 0.2500000000000000000 ) ) ;
#4170 = EDGE_CURVE ( 'NONE', #3077, #812, #2319, .T. ) ;
#4171 = ADVANCED_FACE ( 'NONE', ( #5987 ), #2298, .T. ) ;
#4172 = CARTESIAN_POINT ( 'NONE',  ( -1.124999999999999800, 0.1200000000000004400, 0.5499999999999999300 ) ) ;
#4173 = DIRECTION ( 'NONE',  ( 0.0000000000000000000, 0.0000000000000000000, 1.000000000000000000 ) ) ;
#4174 = ORIENTED_EDGE ( 'NONE', *, *, #1568, .F. ) ;
#4175 = EDGE_CURVE ( 'NONE', #2122, #1339, #5046, .T. ) ;
#4176 = VERTEX_POINT ( 'NONE', #1378 ) ;
#4177 = EDGE_CURVE ( 'NONE', #6028, #2463, #4896, .T. ) ;
#4178 = PLANE ( 'NONE',  #5437 ) ;
#4179 = LINE ( 'NONE', #4449, #5205 ) ;
#4180 = ORIENTED_EDGE ( 'NONE', *, *, #1274, .F. ) ;
#4181 = DIRECTION ( 'NONE',  ( -1.000000000000000000, 0.0000000000000000000, 0.0000000000000000000 ) ) ;
#4182 = EDGE_LOOP ( 'NONE', ( #5000, #4018, #2191, #1197, #4473, #5751, #3281, #3319 ) ) ;
#4183 = CARTESIAN_POINT ( 'NONE',  ( 1.300000000000001200, 2.929236009777593800, -1.300000000000000300 ) ) ;
#4184 = VERTEX_POINT ( 'NONE', #936 ) ;
#4185 = EDGE_CURVE ( 'NONE', #5180, #1737, #1655, .T. ) ;
#4186 = LINE ( 'NONE', #670, #1824 ) ;
#4187 = LINE ( 'NONE', #935, #3726 ) ;
#4188 = ORIENTED_EDGE ( 'NONE', *, *, #2074, .F. ) ;
#4189 = CARTESIAN_POINT ( 'NONE',  ( 1.424999999999999600, 0.1950000000000002800, -1.174999999999999800 ) ) ;
#4190 = EDGE_LOOP ( 'NONE', ( #1941, #4772, #4322, #5385 ) ) ;
#4191 = CARTESIAN_POINT ( 'NONE',  ( 1.875000000000000200, 0.4500000000000000100, 1.249999999999999800 ) ) ;
#4192 = ORIENTED_EDGE ( 'NONE', *, *, #3429, .F. ) ;
#4193 = VECTOR ( 'NONE', #5291, 1000.000000000000000 ) ;
#4194 = LINE ( 'NONE', #5055, #2778 ) ;
#4195 = ORIENTED_EDGE ( 'NONE', *, *, #76, .T. ) ;
#4196 = AXIS2_PLACEMENT_3D ( 'NONE', #2940, #5235, #4845 ) ;
#4197 = VECTOR ( 'NONE', #4754, 1000.000000000000000 ) ;
#4198 = ADVANCED_FACE ( 'NONE', ( #3791 ), #5585, .T. ) ;
#4199 = CARTESIAN_POINT ( 'NONE',  ( 1.875000000000000200, 0.1200000000000002200, 0.5499999999999999300 ) ) ;
#4200 = VERTEX_POINT ( 'NONE', #2784 ) ;
#4201 = VECTOR ( 'NONE', #4447, 1000.000000000000000 ) ;
#4202 = CARTESIAN_POINT ( 'NONE',  ( 1.875000000000000200, 0.0000000000000000000, 0.0000000000000000000 ) ) ;
#4203 = FACE_OUTER_BOUND ( 'NONE', #5381, .T. ) ;
#4204 = ORIENTED_EDGE ( 'NONE', *, *, #1396, .F. ) ;
#4205 = LINE ( 'NONE', #1282, #2498 ) ;
#4206 = DIRECTION ( 'NONE',  ( -1.000000000000000000, 0.0000000000000000000, -0.0000000000000000000 ) ) ;
#4207 = DIRECTION ( 'NONE',  ( 1.000000000000000000, 0.0000000000000000000, -0.0000000000000000000 ) ) ;
#4208 = EDGE_CURVE ( 'NONE', #4585, #1896, #3709, .T. ) ;
#4209 = EDGE_CURVE ( 'NONE', #3695, #1664, #934, .T. ) ;
#4210 = VERTEX_POINT ( 'NONE', #496 ) ;
#4211 = DIRECTION ( 'NONE',  ( -1.000000000000000000, 0.0000000000000000000, -0.0000000000000000000 ) ) ;
#4212 = LINE ( 'NONE', #5298, #3374 ) ;
#4213 = ORIENTED_EDGE ( 'NONE', *, *, #390, .T. ) ;
#4214 = DIRECTION ( 'NONE',  ( 0.0000000000000000000, -1.000000000000000000, 0.0000000000000000000 ) ) ;
#4215 = VECTOR ( 'NONE', #5635, 1000.000000000000000 ) ;
#4216 = FACE_OUTER_BOUND ( 'NONE', #3846, .T. ) ;
#4217 = DIRECTION ( 'NONE',  ( 0.0000000000000000000, 0.0000000000000000000, -1.000000000000000000 ) ) ;
#4218 = AXIS2_PLACEMENT_3D ( 'NONE', #581, #2890, #3843 ) ;
#4219 = CARTESIAN_POINT ( 'NONE',  ( 1.349751633111184300, 0.9356394288300756700, 0.0000000000000000000 ) ) ;
#4220 = DIRECTION ( 'NONE',  ( 0.0000000000000000000, 0.0000000000000000000, -1.000000000000000000 ) ) ;
#4221 = EDGE_LOOP ( 'NONE', ( #1680, #5353, #2162, #2239 ) ) ;
#4222 = ORIENTED_EDGE ( 'NONE', *, *, #4208, .F. ) ;
#4223 = CIRCLE ( 'NONE', #328, 0.05000000000000002400 ) ;
#4224 = VERTEX_POINT ( 'NONE', #53 ) ;
#4225 = LINE ( 'NONE', #2658, #199 ) ;
#4226 = CARTESIAN_POINT ( 'NONE',  ( -1.172648133521775800, 1.363205099482562900, 2.226649510515700600E-015 ) ) ;
#4227 = DIRECTION ( 'NONE',  ( -1.000000000000000000, 0.0000000000000000000, -0.0000000000000000000 ) ) ;
#4228 = ORIENTED_EDGE ( 'NONE', *, *, #215, .T. ) ;
#4229 = ADVANCED_FACE ( 'NONE', ( #2895 ), #3327, .T. ) ;
#4230 = VERTEX_POINT ( 'NONE', #4684 ) ;
#4231 = ORIENTED_EDGE ( 'NONE', *, *, #1804, .T. ) ;
#4232 = CARTESIAN_POINT ( 'NONE',  ( 1.875000000000000200, 0.1200000000000001600, -0.7749999999999998000 ) ) ;
#4233 = EDGE_CURVE ( 'NONE', #489, #297, #437, .T. ) ;
#4234 = LINE ( 'NONE', #2019, #2235 ) ;
#4235 = AXIS2_PLACEMENT_3D ( 'NONE', #3367, #5221, #3818 ) ;
#4236 = ORIENTED_EDGE ( 'NONE', *, *, #1211, .F. ) ;
#4237 = ORIENTED_EDGE ( 'NONE', *, *, #4287, .T. ) ;
#4238 = FACE_BOUND ( 'NONE', #2267, .T. ) ;
#4239 = DIRECTION ( 'NONE',  ( 0.0000000000000000000, 1.000000000000000000, 0.0000000000000000000 ) ) ;
#4240 = EDGE_LOOP ( 'NONE', ( #1942, #800, #3626, #3696 ) ) ;
#4241 = DIRECTION ( 'NONE',  ( -1.000000000000000000, 0.0000000000000000000, 0.0000000000000000000 ) ) ;
#4242 = LINE ( 'NONE', #5375, #5776 ) ;
#4243 = ORIENTED_EDGE ( 'NONE', *, *, #4096, .F. ) ;
#4244 = CARTESIAN_POINT ( 'NONE',  ( 1.350000000000001200, 2.929236009777593800, 0.9000000000000003600 ) ) ;
#4245 = EDGE_CURVE ( 'NONE', #4593, #2181, #138, .T. ) ;
#4246 = DIRECTION ( 'NONE',  ( 0.0000000000000000000, 0.0000000000000000000, -1.000000000000000000 ) ) ;
#4247 = EDGE_LOOP ( 'NONE', ( #1576, #3586, #2121, #4347 ) ) ;
#4248 = LINE ( 'NONE', #4611, #4107 ) ;
#4249 = COLOUR_RGB ( '',0.7921568627450980000, 0.8196078431372548800, 0.9333333333333333500 ) ;
#4250 = VECTOR ( 'NONE', #2475, 1000.000000000000000 ) ;
#4251 = AXIS2_PLACEMENT_3D ( 'NONE', #5939, #813, #1745 ) ;
#4252 = CARTESIAN_POINT ( 'NONE',  ( -1.299999999999998700, 0.0000000000000000000, 0.8500000000000000900 ) ) ;
#4253 = EDGE_CURVE ( 'NONE', #5182, #1835, #4310, .T. ) ;
#4254 = EDGE_LOOP ( 'NONE', ( #3038, #5346, #2225, #3271 ) ) ;
#4255 = ADVANCED_FACE ( 'NONE', ( #80 ), #5200, .F. ) ;
#4256 = ORIENTED_EDGE ( 'NONE', *, *, #982, .T. ) ;
#4257 = CYLINDRICAL_SURFACE ( 'NONE', #3359, 0.04999999999999991300 ) ;
#4258 = VECTOR ( 'NONE', #5456, 1000.000000000000000 ) ;
#4259 = DIRECTION ( 'NONE',  ( -0.0000000000000000000, -0.0000000000000000000, 1.000000000000000000 ) ) ;
#4260 = ORIENTED_EDGE ( 'NONE', *, *, #2660, .F. ) ;
#4261 = ORIENTED_EDGE ( 'NONE', *, *, #371, .F. ) ;
#4262 = LINE ( 'NONE', #5061, #3005 ) ;
#4263 = CARTESIAN_POINT ( 'NONE',  ( 1.424999999999999600, 0.1949999999999999800, -1.474999999999999600 ) ) ;
#4264 = CARTESIAN_POINT ( 'NONE',  ( 1.424999999999999600, 0.1200000000000004400, -1.925000000000000300 ) ) ;
#4265 = PLANE ( 'NONE',  #82 ) ;
#4266 = DIRECTION ( 'NONE',  ( -1.000000000000000000, -0.0000000000000000000, -0.0000000000000000000 ) ) ;
#4267 = DIRECTION ( 'NONE',  ( 0.0000000000000000000, -1.000000000000000000, 0.0000000000000000000 ) ) ;
#4268 = EDGE_LOOP ( 'NONE', ( #5980, #1468, #5781, #649, #1265, #5034, #1965, #2376 ) ) ;
#4269 = VECTOR ( 'NONE', #1994, 1000.000000000000000 ) ;
#4270 = CARTESIAN_POINT ( 'NONE',  ( 1.300000000000001200, 0.05000000000000000300, 0.9000000000000001300 ) ) ;
#4271 =( GEOMETRIC_REPRESENTATION_CONTEXT ( 3 ) GLOBAL_UNCERTAINTY_ASSIGNED_CONTEXT ( ( #1747 ) ) GLOBAL_UNIT_ASSIGNED_CONTEXT ( ( #3371, #212, #5793 ) ) REPRESENTATION_CONTEXT ( 'NONE', 'WORKASPACE' ) );
#4272 = DIRECTION ( 'NONE',  ( -1.000000000000000000, -0.0000000000000000000, -0.0000000000000000000 ) ) ;
#4273 = ORIENTED_EDGE ( 'NONE', *, *, #1306, .F. ) ;
#4274 = VECTOR ( 'NONE', #2027, 1000.000000000000000 ) ;
#4275 = CARTESIAN_POINT ( 'NONE',  ( 1.424999999999999600, 0.1950000000000002800, -0.7749999999999999100 ) ) ;
#4276 = ORIENTED_EDGE ( 'NONE', *, *, #578, .F. ) ;
#4277 = VECTOR ( 'NONE', #2384, 1000.000000000000000 ) ;
#4278 = DIRECTION ( 'NONE',  ( 0.0000000000000000000, -1.000000000000000000, 0.0000000000000000000 ) ) ;
#4279 = ORIENTED_EDGE ( 'NONE', *, *, #1374, .F. ) ;
#4280 = ORIENTED_EDGE ( 'NONE', *, *, #6041, .F. ) ;
#4281 = CARTESIAN_POINT ( 'NONE',  ( 1.925000000000000700, 0.1949999999999999800, -1.474999999999999600 ) ) ;
#4282 = ADVANCED_FACE ( 'NONE', ( #3861 ), #142, .T. ) ;
#4283 = CARTESIAN_POINT ( 'NONE',  ( -1.424999999999999600, 0.1950000000000002800, -1.874999999999999800 ) ) ;
#4284 = CARTESIAN_POINT ( 'NONE',  ( -1.124999999999999800, 0.1200000000000004400, -0.7749999999999999100 ) ) ;
#4285 = EDGE_LOOP ( 'NONE', ( #4746, #421, #2309, #5892 ) ) ;
#4286 = EDGE_CURVE ( 'NONE', #2311, #2114, #4748, .T. ) ;
#4287 = EDGE_CURVE ( 'NONE', #2437, #3889, #2533, .T. ) ;
#4288 = ORIENTED_EDGE ( 'NONE', *, *, #1205, .T. ) ;
#4289 = VERTEX_POINT ( 'NONE', #3794 ) ;
#4290 = LINE ( 'NONE', #4329, #2228 ) ;
#4291 = ORIENTED_EDGE ( 'NONE', *, *, #1567, .F. ) ;
#4292 = CARTESIAN_POINT ( 'NONE',  ( 1.350000000000001200, 0.05000000000000000300, -1.299999999999999800 ) ) ;
#4293 = DIRECTION ( 'NONE',  ( -0.0000000000000000000, -1.000000000000000000, -0.0000000000000000000 ) ) ;
#4294 = CARTESIAN_POINT ( 'NONE',  ( -1.299999999999999800, -0.0000000000000000000, -0.4500000000000000100 ) ) ;
#4295 = VERTEX_POINT ( 'NONE', #5683 ) ;
#4296 = EDGE_CURVE ( 'NONE', #1520, #5091, #3635, .T. ) ;
#4297 = ORIENTED_EDGE ( 'NONE', *, *, #4907, .T. ) ;
#4298 =( LENGTH_UNIT ( ) NAMED_UNIT ( * ) SI_UNIT ( .MILLI., .METRE. ) );
#4299 = VECTOR ( 'NONE', #5474, 1000.000000000000000 ) ;
#4300 = CARTESIAN_POINT ( 'NONE',  ( -1.299999999999998700, 0.05000000000000000300, 1.350000000000000100 ) ) ;
#4301 = ORIENTED_EDGE ( 'NONE', *, *, #4851, .T. ) ;
#4302 = VERTEX_POINT ( 'NONE', #1516 ) ;
#4303 = LINE ( 'NONE', #5676, #277 ) ;
#4304 = ORIENTED_EDGE ( 'NONE', *, *, #3016, .F. ) ;
#4305 = CARTESIAN_POINT ( 'NONE',  ( 1.300000000000001200, 0.05000000000000012800, 1.300000000000000300 ) ) ;
#4306 = CARTESIAN_POINT ( 'NONE',  ( 1.925000000000000700, 0.1950000000000001700, -0.7749999999999998000 ) ) ;
#4307 = CARTESIAN_POINT ( 'NONE',  ( 1.875000000000000200, 0.1199999999999999500, -1.474999999999999600 ) ) ;
#4308 = EDGE_CURVE ( 'NONE', #269, #4066, #3397, .T. ) ;
#4309 = VERTEX_POINT ( 'NONE', #107 ) ;
#4310 = CIRCLE ( 'NONE', #5916, 0.05000000000000002400 ) ;
#4311 = VERTEX_POINT ( 'NONE', #1964 ) ;
#4312 = CARTESIAN_POINT ( 'NONE',  ( 1.875000000000000200, 0.4500000000000000100, 1.875000000000000200 ) ) ;
#4313 = VECTOR ( 'NONE', #4544, 1000.000000000000000 ) ;
#4314 = DIRECTION ( 'NONE',  ( 0.0000000000000000000, 0.0000000000000000000, 1.000000000000000000 ) ) ;
#4315 = ADVANCED_FACE ( 'NONE', ( #4009 ), #590, .T. ) ;
#4316 = CARTESIAN_POINT ( 'NONE',  ( -1.125000000000000000, 0.1950000000000001700, -0.7749999999999998000 ) ) ;
#4317 = ORIENTED_EDGE ( 'NONE', *, *, #4051, .F. ) ;
#4318 = DIRECTION ( 'NONE',  ( -1.000000000000000000, -0.0000000000000000000, 0.0000000000000000000 ) ) ;
#4319 = CARTESIAN_POINT ( 'NONE',  ( -1.124999999999999800, 0.1950000000000002800, 0.5499999999999999300 ) ) ;
#4320 = LINE ( 'NONE', #1333, #5567 ) ;
#4321 = AXIS2_PLACEMENT_3D ( 'NONE', #2222, #3162, #5045 ) ;
#4322 = ORIENTED_EDGE ( 'NONE', *, *, #4510, .F. ) ;
#4323 = EDGE_CURVE ( 'NONE', #269, #3106, #1003, .T. ) ;
#4324 = ORIENTED_EDGE ( 'NONE', *, *, #3789, .F. ) ;
#4325 = CARTESIAN_POINT ( 'NONE',  ( -1.125000000000000000, 0.1200000000000000900, -1.174999999999999800 ) ) ;
#4326 = PLANE ( 'NONE',  #5750 ) ;
#4327 = FACE_OUTER_BOUND ( 'NONE', #3063, .T. ) ;
#4328 = CYLINDRICAL_SURFACE ( 'NONE', #5053, 0.04999999999999996800 ) ;
#4329 = CARTESIAN_POINT ( 'NONE',  ( -1.124999999999999800, 0.4500000000000000100, -1.874999999999999800 ) ) ;
#4330 = ORIENTED_EDGE ( 'NONE', *, *, #1297, .F. ) ;
#4331 = ORIENTED_EDGE ( 'NONE', *, *, #1418, .F. ) ;
#4332 = LINE ( 'NONE', #305, #3734 ) ;
#4333 = FACE_BOUND ( 'NONE', #2008, .T. ) ;
#4334 = EDGE_CURVE ( 'NONE', #4358, #1777, #1513, .T. ) ;
#4335 = ORIENTED_EDGE ( 'NONE', *, *, #3287, .T. ) ;
#4336 = CARTESIAN_POINT ( 'NONE',  ( -1.874999999999999800, 0.1200000000000006900, 1.875000000000000400 ) ) ;
#4337 = VECTOR ( 'NONE', #235, 1000.000000000000000 ) ;
#4338 = CARTESIAN_POINT ( 'NONE',  ( 1.875000000000000200, 0.1200000000000003100, -0.4749999999999998100 ) ) ;
#4339 = EDGE_CURVE ( 'NONE', #4952, #4436, #5845, .T. ) ;
#4340 = VERTEX_POINT ( 'NONE', #4864 ) ;
#4341 = VECTOR ( 'NONE', #5653, 1000.000000000000000 ) ;
#4342 = DIRECTION ( 'NONE',  ( -0.0000000000000000000, -0.0000000000000000000, 1.000000000000000000 ) ) ;
#4343 = CARTESIAN_POINT ( 'NONE',  ( -1.874999999999999800, 0.1949999999999999800, -1.474999999999999600 ) ) ;
#4344 = DIRECTION ( 'NONE',  ( -0.7071067811865435800, 0.0000000000000000000, -0.7071067811865515700 ) ) ;
#4345 = DIRECTION ( 'NONE',  ( 0.0000000000000000000, 0.0000000000000000000, 1.000000000000000000 ) ) ;
#4346 = LINE ( 'NONE', #1327, #3076 ) ;
#4347 = ORIENTED_EDGE ( 'NONE', *, *, #5556, .T. ) ;
#4348 = VECTOR ( 'NONE', #337, 1000.000000000000000 ) ;
#4349 = ORIENTED_EDGE ( 'NONE', *, *, #3216, .T. ) ;
#4350 = DIRECTION ( 'NONE',  ( -1.000000000000000000, 0.0000000000000000000, 0.0000000000000000000 ) ) ;
#4351 = LINE ( 'NONE', #3991, #5299 ) ;
#4352 = DIRECTION ( 'NONE',  ( -0.0000000000000000000, -0.0000000000000000000, 1.000000000000000000 ) ) ;
#4353 = ORIENTED_EDGE ( 'NONE', *, *, #19, .F. ) ;
#4354 = FACE_BOUND ( 'NONE', #4572, .T. ) ;
#4355 = EDGE_CURVE ( 'NONE', #3267, #1969, #281, .T. ) ;
#4356 = FACE_OUTER_BOUND ( 'NONE', #632, .T. ) ;
#4357 = DIRECTION ( 'NONE',  ( 1.000000000000000000, 0.0000000000000000000, -0.0000000000000000000 ) ) ;
#4358 = VERTEX_POINT ( 'NONE', #1144 ) ;
#4359 = VERTEX_POINT ( 'NONE', #2048 ) ;
#4360 = CARTESIAN_POINT ( 'NONE',  ( 1.925000000000000700, 0.1200000000000000900, -1.174999999999999800 ) ) ;
#4361 = PRESENTATION_LAYER_ASSIGNMENT (  '', '', ( #3128 ) ) ;
#4362 = LINE ( 'NONE', #2942, #2885 ) ;
#4363 = EDGE_CURVE ( 'NONE', #5686, #5990, #2748, .T. ) ;
#4364 = EDGE_CURVE ( 'NONE', #468, #5108, #3196, .T. ) ;
#4365 = ORIENTED_EDGE ( 'NONE', *, *, #906, .F. ) ;
#4366 = ORIENTED_EDGE ( 'NONE', *, *, #4602, .T. ) ;
#4367 = ORIENTED_EDGE ( 'NONE', *, *, #4642, .T. ) ;
#4368 = CARTESIAN_POINT ( 'NONE',  ( -1.124999999999999800, 0.1200000000000004400, -1.874999999999999800 ) ) ;
#4369 = DIRECTION ( 'NONE',  ( 0.0000000000000000000, 0.0000000000000000000, 1.000000000000000000 ) ) ;
#4370 = LINE ( 'NONE', #3952, #204 ) ;
#4371 = CARTESIAN_POINT ( 'NONE',  ( -1.874999999999999800, 0.1949999999999999800, -1.474999999999999600 ) ) ;
#4372 = ORIENTED_EDGE ( 'NONE', *, *, #2870, .F. ) ;
#4373 = VERTEX_POINT ( 'NONE', #3485 ) ;
#4374 = PLANE ( 'NONE',  #4235 ) ;
#4375 = FACE_OUTER_BOUND ( 'NONE', #16, .T. ) ;
#4376 = CARTESIAN_POINT ( 'NONE',  ( 1.875000000000000200, 0.1950000000000005600, -0.4749999999999998100 ) ) ;
#4377 = ORIENTED_EDGE ( 'NONE', *, *, #1127, .T. ) ;
#4378 = LINE ( 'NONE', #38, #2975 ) ;
#4379 =( BOUNDED_SURFACE ( )  B_SPLINE_SURFACE ( 3, 3, ( 
 ( #4653, #3659, #4750, #98 ),
 ( #3784, #978, #2792, #556 ),
 ( #4226, #3275, #1408, #4695 ),
 ( #5188, #2369, #1880, #5651 ) ),
 .UNSPECIFIED., .F., .F., .T. ) 
 B_SPLINE_SURFACE_WITH_KNOTS ( ( 4, 4 ),
 ( 4, 4 ),
 ( 0.0000000000000000000, 1.000000000000000000 ),
 ( 0.0000000000000000000, 1.000000000000000000 ),
 .UNSPECIFIED. ) 
 GEOMETRIC_REPRESENTATION_ITEM ( )  RATIONAL_B_SPLINE_SURFACE ( (
 ( 1.000000000000000000, 0.3333333333333327600, 0.3333333333333327600, 1.000000000000000000),
 ( 0.8675335370894066100, 0.2891778456964683700, 0.2891778456964683700, 0.8675335370894066100),
 ( 0.8675335370894066100, 0.2891778456964683700, 0.2891778456964683700, 0.8675335370894066100),
 ( 1.000000000000000000, 0.3333333333333327600, 0.3333333333333327600, 1.000000000000000000) ) ) 
 REPRESENTATION_ITEM ( '' )  SURFACE ( )  );
#4380 = DIRECTION ( 'NONE',  ( -0.0000000000000000000, 1.000000000000000000, 0.0000000000000000000 ) ) ;
#4381 = DIRECTION ( 'NONE',  ( -1.000000000000000000, 0.0000000000000000000, 0.0000000000000000000 ) ) ;
#4382 = DIRECTION ( 'NONE',  ( -1.000000000000000000, 0.0000000000000000000, -0.0000000000000000000 ) ) ;
#4383 = ORIENTED_EDGE ( 'NONE', *, *, #3396, .T. ) ;
#4384 = DIRECTION ( 'NONE',  ( 0.0000000000000000000, -1.000000000000000000, 0.0000000000000000000 ) ) ;
#4385 = DIRECTION ( 'NONE',  ( 0.0000000000000000000, 0.0000000000000000000, 1.000000000000000000 ) ) ;
#4386 = CARTESIAN_POINT ( 'NONE',  ( -1.424999999999999800, 0.1200000000000002200, 0.5499999999999999300 ) ) ;
#4387 = EDGE_LOOP ( 'NONE', ( #5409, #2433, #1766, #1188 ) ) ;
#4388 = LINE ( 'NONE', #5713, #1967 ) ;
#4389 = LINE ( 'NONE', #123, #666 ) ;
#4390 = EDGE_CURVE ( 'NONE', #2273, #2260, #1366, .T. ) ;
#4391 = VERTEX_POINT ( 'NONE', #5352 ) ;
#4392 = ORIENTED_EDGE ( 'NONE', *, *, #5624, .F. ) ;
#4393 = VERTEX_POINT ( 'NONE', #2090 ) ;
#4394 = LINE ( 'NONE', #454, #4552 ) ;
#4395 = CIRCLE ( 'NONE', #1786, 0.04999999999999992600 ) ;
#4396 = EDGE_CURVE ( 'NONE', #1753, #4883, #361, .T. ) ;
#4397 = EDGE_CURVE ( 'NONE', #3151, #4479, #2597, .T. ) ;
#4398 = ADVANCED_FACE ( 'NONE', ( #5559 ), #2988, .F. ) ;
#4399 = CARTESIAN_POINT ( 'NONE',  ( -1.349999999999999600, 0.05000000000000012800, -0.4499999999999999000 ) ) ;
#4400 = CARTESIAN_POINT ( 'NONE',  ( 1.350000000000001200, 0.0000000000000000000, -1.299999999999999800 ) ) ;
#4401 = VECTOR ( 'NONE', #3383, 1000.000000000000000 ) ;
#4402 = VECTOR ( 'NONE', #4147, 1000.000000000000000 ) ;
#4403 = EDGE_LOOP ( 'NONE', ( #3486, #609, #2296, #2414 ) ) ;
#4404 = DIRECTION ( 'NONE',  ( 0.0000000000000000000, -1.000000000000000000, 0.0000000000000000000 ) ) ;
#4405 = DIRECTION ( 'NONE',  ( 0.0000000000000000000, 0.0000000000000000000, 1.000000000000000000 ) ) ;
#4406 = VECTOR ( 'NONE', #2977, 1000.000000000000000 ) ;
#4407 = CARTESIAN_POINT ( 'NONE',  ( 1.925000000000000700, 0.1950000000000000900, 0.5499999999999999300 ) ) ;
#4408 = CARTESIAN_POINT ( 'NONE',  ( -1.124999999999999800, 0.1200000000000004400, -1.925000000000000300 ) ) ;
#4409 = ORIENTED_EDGE ( 'NONE', *, *, #2395, .T. ) ;
#4410 = LINE ( 'NONE', #5623, #5947 ) ;
#4411 = DIRECTION ( 'NONE',  ( 0.0000000000000000000, -4.517509052022936500E-016, -1.000000000000000000 ) ) ;
#4412 = EDGE_CURVE ( 'NONE', #4373, #5193, #1213, .T. ) ;
#4413 = ORIENTED_EDGE ( 'NONE', *, *, #4253, .F. ) ;
#4414 = DIRECTION ( 'NONE',  ( 0.0000000000000000000, 0.0000000000000000000, 1.000000000000000000 ) ) ;
#4415 = VECTOR ( 'NONE', #2219, 1000.000000000000000 ) ;
#4416 = PLANE ( 'NONE',  #4671 ) ;
#4417 = DIRECTION ( 'NONE',  ( -0.0000000000000000000, -1.264902534566422200E-015, -1.000000000000000000 ) ) ;
#4418 = ORIENTED_EDGE ( 'NONE', *, *, #4339, .F. ) ;
#4419 = ORIENTED_EDGE ( 'NONE', *, *, #110, .T. ) ;
#4420 = CARTESIAN_POINT ( 'NONE',  ( 1.124999999999999800, 0.1200000000000004400, -1.874999999999999800 ) ) ;
#4421 = CARTESIAN_POINT ( 'NONE',  ( 1.349751633111184300, 0.9356394288300758900, 0.0000000000000000000 ) ) ;
#4422 = PLANE ( 'NONE',  #232 ) ;
#4423 = DIRECTION ( 'NONE',  ( -1.000000000000000000, 0.0000000000000000000, 0.0000000000000000000 ) ) ;
#4424 = VERTEX_POINT ( 'NONE', #183 ) ;
#4425 = DIRECTION ( 'NONE',  ( -1.000000000000000000, 0.0000000000000000000, 0.0000000000000000000 ) ) ;
#4426 = ORIENTED_EDGE ( 'NONE', *, *, #411, .F. ) ;
#4427 = ADVANCED_FACE ( 'NONE', ( #4669 ), #3419, .T. ) ;
#4428 = VERTEX_POINT ( 'NONE', #3915 ) ;
#4429 = FACE_OUTER_BOUND ( 'NONE', #2995, .T. ) ;
#4430 = AXIS2_PLACEMENT_3D ( 'NONE', #1956, #2430, #2913 ) ;
#4431 = EDGE_CURVE ( 'NONE', #5410, #4311, #1807, .T. ) ;
#4432 = PLANE ( 'NONE',  #2769 ) ;
#4433 = EDGE_CURVE ( 'NONE', #2815, #3575, #3942, .T. ) ;
#4434 = ORIENTED_EDGE ( 'NONE', *, *, #3016, .T. ) ;
#4435 = VERTEX_POINT ( 'NONE', #1720 ) ;
#4436 = VERTEX_POINT ( 'NONE', #4065 ) ;
#4437 = CYLINDRICAL_SURFACE ( 'NONE', #1249, 0.05000000000000002400 ) ;
#4438 = CARTESIAN_POINT ( 'NONE',  ( 1.424999999999999600, 0.1200000000000004400, -0.7749999999999999100 ) ) ;
#4439 = DIRECTION ( 'NONE',  ( 0.0000000000000000000, 1.000000000000000000, -0.0000000000000000000 ) ) ;
#4440 = ORIENTED_EDGE ( 'NONE', *, *, #5114, .T. ) ;
#4441 = EDGE_LOOP ( 'NONE', ( #1108, #1290, #2360, #927 ) ) ;
#4442 = CARTESIAN_POINT ( 'NONE',  ( -1.874999999999999800, 0.4500000000000000100, -1.474999999999999400 ) ) ;
#4443 = AXIS2_PLACEMENT_3D ( 'NONE', #5913, #2247, #1779 ) ;
#4444 = EDGE_CURVE ( 'NONE', #5970, #4793, #1068, .T. ) ;
#4445 = LINE ( 'NONE', #2292, #4526 ) ;
#4446 = PLANE ( 'NONE',  #3811 ) ;
#4447 = DIRECTION ( 'NONE',  ( -0.0000000000000000000, 1.000000000000000000, -0.0000000000000000000 ) ) ;
#4448 = VERTEX_POINT ( 'NONE', #5864 ) ;
#4449 = CARTESIAN_POINT ( 'NONE',  ( 1.875000000000000200, 0.4500000000000000100, -1.174999999999999600 ) ) ;
#4450 = DIRECTION ( 'NONE',  ( 0.0000000000000000000, 0.0000000000000000000, 1.000000000000000000 ) ) ;
#4451 = VECTOR ( 'NONE', #4405, 1000.000000000000000 ) ;
#4452 = CARTESIAN_POINT ( 'NONE',  ( 1.875000000000000200, 0.1950000000000001700, -0.7749999999999998000 ) ) ;
#4453 = CARTESIAN_POINT ( 'NONE',  ( 1.875000000000000200, 0.1949999999999999800, -1.474999999999999600 ) ) ;
#4454 = EDGE_CURVE ( 'NONE', #3222, #3299, #2168, .T. ) ;
#4455 = ORIENTED_EDGE ( 'NONE', *, *, #4799, .T. ) ;
#4456 = LINE ( 'NONE', #3948, #1739 ) ;
#4457 = PRODUCT_DEFINITION_CONTEXT ( 'detailed design', #2419, 'design' ) ;
#4458 = CARTESIAN_POINT ( 'NONE',  ( 1.350000000000000300, 0.05000000000000012800, 0.4500000000000000100 ) ) ;
#4459 = ORIENTED_EDGE ( 'NONE', *, *, #4245, .F. ) ;
#4460 = DIRECTION ( 'NONE',  ( -0.0000000000000000000, 0.0000000000000000000, -1.000000000000000000 ) ) ;
#4461 = DIRECTION ( 'NONE',  ( -0.0000000000000000000, 0.0000000000000000000, -1.000000000000000000 ) ) ;
#4462 = SHAPE_DEFINITION_REPRESENTATION ( #4854, #3125 ) ;
#4463 = ADVANCED_FACE ( 'NONE', ( #727 ), #4537, .T. ) ;
#4464 =( NAMED_UNIT ( * ) PLANE_ANGLE_UNIT ( ) SI_UNIT ( $, .RADIAN. ) );
#4465 = LINE ( 'NONE', #3616, #3798 ) ;
#4466 = CARTESIAN_POINT ( 'NONE',  ( -1.125000000000000000, 0.1949999999999999500, 0.2500000000000000000 ) ) ;
#4467 = ORIENTED_EDGE ( 'NONE', *, *, #2332, .F. ) ;
#4468 = FACE_OUTER_BOUND ( 'NONE', #5310, .T. ) ;
#4469 = VECTOR ( 'NONE', #3980, 1000.000000000000000 ) ;
#4470 = DIRECTION ( 'NONE',  ( -1.000000000000000000, 0.0000000000000000000, -0.0000000000000000000 ) ) ;
#4471 = DIRECTION ( 'NONE',  ( 1.000000000000000000, 0.0000000000000000000, -0.0000000000000000000 ) ) ;
#4472 = CARTESIAN_POINT ( 'NONE',  ( -1.124999999999999800, 0.1950000000000002800, 1.875000000000000200 ) ) ;
#4473 = ORIENTED_EDGE ( 'NONE', *, *, #5958, .T. ) ;
#4474 = DIRECTION ( 'NONE',  ( 0.0000000000000000000, 1.000000000000000000, -0.0000000000000000000 ) ) ;
#4475 = AXIS2_PLACEMENT_3D ( 'NONE', #949, #47, #2373 ) ;
#4476 = DIRECTION ( 'NONE',  ( 0.0000000000000000000, 0.0000000000000000000, 1.000000000000000000 ) ) ;
#4477 = EDGE_CURVE ( 'NONE', #2420, #450, #3783, .T. ) ;
#4478 = ORIENTED_EDGE ( 'NONE', *, *, #5732, .T. ) ;
#4479 = VERTEX_POINT ( 'NONE', #2109 ) ;
#4480 = LINE ( 'NONE', #2746, #2124 ) ;
#4481 = ORIENTED_EDGE ( 'NONE', *, *, #5624, .T. ) ;
#4482 = DIRECTION ( 'NONE',  ( 0.0000000000000000000, -1.000000000000000000, 0.0000000000000000000 ) ) ;
#4483 = ORIENTED_EDGE ( 'NONE', *, *, #5507, .T. ) ;
#4484 = VECTOR ( 'NONE', #1093, 1000.000000000000000 ) ;
#4485 = EDGE_CURVE ( 'NONE', #349, #36, #1442, .T. ) ;
#4486 = EDGE_CURVE ( 'NONE', #4588, #4448, #651, .T. ) ;
#4487 = ORIENTED_EDGE ( 'NONE', *, *, #5817, .T. ) ;
#4488 = LINE ( 'NONE', #582, #3230 ) ;
#4489 = EDGE_CURVE ( 'NONE', #3457, #1861, #504, .T. ) ;
#4490 = CARTESIAN_POINT ( 'NONE',  ( -1.424999999999999600, 0.1200000000000004400, 1.875000000000000200 ) ) ;
#4491 = AXIS2_PLACEMENT_3D ( 'NONE', #5078, #5529, #3200 ) ;
#4492 = CARTESIAN_POINT ( 'NONE',  ( -1.125000000000000000, 0.1950000000000002800, 1.249999999999999800 ) ) ;
#4493 = DIRECTION ( 'NONE',  ( 0.0000000000000000000, -1.264902534566422200E-015, -1.000000000000000000 ) ) ;
#4494 = FACE_OUTER_BOUND ( 'NONE', #5721, .T. ) ;
#4495 = ORIENTED_EDGE ( 'NONE', *, *, #4209, .F. ) ;
#4496 = DIRECTION ( 'NONE',  ( -0.0000000000000000000, 0.0000000000000000000, -1.000000000000000000 ) ) ;
#4497 = VECTOR ( 'NONE', #1180, 1000.000000000000000 ) ;
#4498 = ADVANCED_FACE ( 'NONE', ( #4164 ), #3123, .F. ) ;
#4499 = ORIENTED_EDGE ( 'NONE', *, *, #4682, .F. ) ;
#4500 = CARTESIAN_POINT ( 'NONE',  ( -1.424999999999999800, 0.1950000000000001500, 0.9499999999999999600 ) ) ;
#4501 = CIRCLE ( 'NONE', #5861, 0.04999999999999992600 ) ;
#4502 = ADVANCED_FACE ( 'NONE', ( #1583 ), #4967, .F. ) ;
#4503 = AXIS2_PLACEMENT_3D ( 'NONE', #5524, #438, #2702 ) ;
#4504 = ORIENTED_EDGE ( 'NONE', *, *, #4851, .F. ) ;
#4505 = CIRCLE ( 'NONE', #35, 0.04999999999999991300 ) ;
#4506 = LINE ( 'NONE', #4858, #3245 ) ;
#4507 = ORIENTED_EDGE ( 'NONE', *, *, #5984, .T. ) ;
#4508 = ORIENTED_EDGE ( 'NONE', *, *, #4930, .T. ) ;
#4509 = CARTESIAN_POINT ( 'NONE',  ( -1.299999999999998700, 2.929236009777593800, 1.350000000000000100 ) ) ;
#4510 = EDGE_CURVE ( 'NONE', #2153, #511, #2971, .T. ) ;
#4511 = VECTOR ( 'NONE', #1543, 1000.000000000000000 ) ;
#4512 = CARTESIAN_POINT ( 'NONE',  ( 1.124999999999999800, 0.1950000000000002800, -1.874999999999999800 ) ) ;
#4513 = DIRECTION ( 'NONE',  ( 0.0000000000000000000, -1.000000000000000000, 0.0000000000000000000 ) ) ;
#4514 = VECTOR ( 'NONE', #252, 1000.000000000000000 ) ;
#4515 = DIRECTION ( 'NONE',  ( -1.000000000000000000, 0.0000000000000000000, 0.0000000000000000000 ) ) ;
#4516 = ORIENTED_EDGE ( 'NONE', *, *, #5394, .F. ) ;
#4517 = ORIENTED_EDGE ( 'NONE', *, *, #2469, .T. ) ;
#4518 = LINE ( 'NONE', #1048, #3259 ) ;
#4519 = EDGE_CURVE ( 'NONE', #1474, #5477, #5473, .T. ) ;
#4520 = EDGE_CURVE ( 'NONE', #4148, #3457, #5625, .T. ) ;
#4521 = DIRECTION ( 'NONE',  ( 1.000000000000000000, 0.0000000000000000000, 0.0000000000000000000 ) ) ;
#4522 = DIRECTION ( 'NONE',  ( 0.0000000000000000000, 0.0000000000000000000, 1.000000000000000000 ) ) ;
#4523 = ORIENTED_EDGE ( 'NONE', *, *, #3926, .T. ) ;
#4524 = ORIENTED_EDGE ( 'NONE', *, *, #5416, .F. ) ;
#4525 = CARTESIAN_POINT ( 'NONE',  ( 1.925000000000000700, 0.1200000000000003100, -0.4749999999999998100 ) ) ;
#4526 = VECTOR ( 'NONE', #449, 1000.000000000000000 ) ;
#4527 = DIRECTION ( 'NONE',  ( -0.0000000000000000000, 1.000000000000000000, -0.0000000000000000000 ) ) ;
#4528 = CARTESIAN_POINT ( 'NONE',  ( -1.424999999999999600, 0.1950000000000002800, -1.174999999999999800 ) ) ;
#4529 = CARTESIAN_POINT ( 'NONE',  ( -1.714505518806294400E-016, 0.8143291400000000100, -1.399999999999999900 ) ) ;
#4530 = DIRECTION ( 'NONE',  ( -0.0000000000000000000, -1.000000000000000000, -0.0000000000000000000 ) ) ;
#4531 = ORIENTED_EDGE ( 'NONE', *, *, #5260, .T. ) ;
#4532 = VECTOR ( 'NONE', #942, 1000.000000000000000 ) ;
#4533 = CARTESIAN_POINT ( 'NONE',  ( 1.124999999999999800, 0.1200000000000004400, 0.2500000000000000000 ) ) ;
#4534 = CARTESIAN_POINT ( 'NONE',  ( 1.350000000000001200, 0.0000000000000000000, 1.299999999999999800 ) ) ;
#4535 = ADVANCED_FACE ( 'NONE', ( #2241 ), #2604, .T. ) ;
#4536 = CARTESIAN_POINT ( 'NONE',  ( 1.350000000000001200, 2.929236009777593800, -1.299999999999999800 ) ) ;
#4537 = PLANE ( 'NONE',  #3387 ) ;
#4538 = ORIENTED_EDGE ( 'NONE', *, *, #4566, .T. ) ;
#4539 = CARTESIAN_POINT ( 'NONE',  ( 1.300000000000001200, 0.05000000000000000300, 1.300000000000000300 ) ) ;
#4540 = LINE ( 'NONE', #1175, #221 ) ;
#4541 = EDGE_CURVE ( 'NONE', #1891, #5620, #3041, .T. ) ;
#4542 = AXIS2_PLACEMENT_3D ( 'NONE', #4550, #3631, #1736 ) ;
#4543 = ORIENTED_EDGE ( 'NONE', *, *, #1687, .F. ) ;
#4544 = DIRECTION ( 'NONE',  ( 0.0000000000000000000, -1.000000000000000000, 0.0000000000000000000 ) ) ;
#4545 = CYLINDRICAL_SURFACE ( 'NONE', #258, 0.05000000000000002400 ) ;
#4546 = VECTOR ( 'NONE', #1912, 1000.000000000000000 ) ;
#4547 = CARTESIAN_POINT ( 'NONE',  ( 1.875000000000000200, 0.1949999999999999800, -1.474999999999999600 ) ) ;
#4548 = DIRECTION ( 'NONE',  ( 1.000000000000000000, 0.0000000000000000000, -0.0000000000000000000 ) ) ;
#4549 = ORIENTED_EDGE ( 'NONE', *, *, #4118, .F. ) ;
#4550 = CARTESIAN_POINT ( 'NONE',  ( 1.925000000000000700, 0.1950000000000003400, -1.174999999999999800 ) ) ;
#4551 = ORIENTED_EDGE ( 'NONE', *, *, #104, .T. ) ;
#4552 = VECTOR ( 'NONE', #2272, 1000.000000000000000 ) ;
#4553 = PLANE ( 'NONE',  #3750 ) ;
#4554 = VECTOR ( 'NONE', #2720, 1000.000000000000000 ) ;
#4555 = DIRECTION ( 'NONE',  ( -0.0000000000000000000, 0.0000000000000000000, 1.000000000000000000 ) ) ;
#4556 = EDGE_LOOP ( 'NONE', ( #3095, #2415, #1148, #2619 ) ) ;
#4557 = CARTESIAN_POINT ( 'NONE',  ( -1.299999999999999800, 2.929236009777593800, -0.4500000000000000100 ) ) ;
#4558 = VECTOR ( 'NONE', #5609, 1000.000000000000000 ) ;
#4559 = CARTESIAN_POINT ( 'NONE',  ( 1.300000000000000700, 0.05000000000000000300, 1.350000000000000100 ) ) ;
#4560 = AXIS2_PLACEMENT_3D ( 'NONE', #2674, #2269, #5953 ) ;
#4561 = CARTESIAN_POINT ( 'NONE',  ( 1.925000000000000700, 0.1949999999999999500, 0.2500000000000000000 ) ) ;
#4562 = EDGE_CURVE ( 'NONE', #2531, #1345, #4445, .T. ) ;
#4563 = ORIENTED_EDGE ( 'NONE', *, *, #4144, .T. ) ;
#4564 = FACE_OUTER_BOUND ( 'NONE', #4615, .T. ) ;
#4565 = ADVANCED_FACE ( 'NONE', ( #999 ), #366, .T. ) ;
#4566 = EDGE_CURVE ( 'NONE', #2293, #873, #5042, .T. ) ;
#4567 = EDGE_CURVE ( 'NONE', #1126, #2763, #5395, .T. ) ;
#4568 = ORIENTED_EDGE ( 'NONE', *, *, #725, .F. ) ;
#4569 = LINE ( 'NONE', #3609, #5010 ) ;
#4570 = CARTESIAN_POINT ( 'NONE',  ( 1.875000000000000200, 0.1950000000000001500, 0.9499999999999999600 ) ) ;
#4571 = CARTESIAN_POINT ( 'NONE',  ( -1.349999999999999600, 0.05000000000000000300, -0.4500000000000000100 ) ) ;
#4572 = EDGE_LOOP ( 'NONE', ( #5426, #1986, #1095, #4983 ) ) ;
#4573 =( BOUNDED_CURVE ( )  B_SPLINE_CURVE ( 3, ( #229, #4850, #3881, #2030 ),
 .UNSPECIFIED., .F., .T. ) 
 B_SPLINE_CURVE_WITH_KNOTS ( ( 4, 4 ),
 ( 1.570796326794896600, 2.853457908489314100 ),
 .UNSPECIFIED. ) 
 CURVE ( )  GEOMETRIC_REPRESENTATION_ITEM ( )  RATIONAL_B_SPLINE_CURVE ( ( 1.000000000000000000, 0.8675335370894066100, 0.8675335370894066100, 1.000000000000000000 ) ) 
 REPRESENTATION_ITEM ( '' )  );
#4574 = LINE ( 'NONE', #4835, #5295 ) ;
#4575 = DIRECTION ( 'NONE',  ( -0.0000000000000000000, 1.000000000000000000, -0.0000000000000000000 ) ) ;
#4576 = CARTESIAN_POINT ( 'NONE',  ( -1.124999999999999800, 0.1950000000000002800, -1.874999999999999800 ) ) ;
#4577 = ORIENTED_EDGE ( 'NONE', *, *, #4674, .F. ) ;
#4578 = ORIENTED_EDGE ( 'NONE', *, *, #26, .T. ) ;
#4579 = CARTESIAN_POINT ( 'NONE',  ( -1.874999999999999800, 0.1950000000000007300, 1.875000000000000400 ) ) ;
#4580 = ORIENTED_EDGE ( 'NONE', *, *, #1346, .T. ) ;
#4581 = ORIENTED_EDGE ( 'NONE', *, *, #914, .F. ) ;
#4582 = ORIENTED_EDGE ( 'NONE', *, *, #5230, .F. ) ;
#4583 = CIRCLE ( 'NONE', #4430, 0.05000000000000002400 ) ;
#4584 = CARTESIAN_POINT ( 'NONE',  ( -1.349999999999999000, 0.0000000000000000000, 0.9000000000000003600 ) ) ;
#4585 = VERTEX_POINT ( 'NONE', #4112 ) ;
#4586 = DIRECTION ( 'NONE',  ( 0.0000000000000000000, -0.0000000000000000000, -1.000000000000000000 ) ) ;
#4587 = VERTEX_POINT ( 'NONE', #1742 ) ;
#4588 = VERTEX_POINT ( 'NONE', #1293 ) ;
#4589 = DIRECTION ( 'NONE',  ( 0.0000000000000000000, 0.0000000000000000000, 1.000000000000000000 ) ) ;
#4590 = LINE ( 'NONE', #2059, #5688 ) ;
#4591 = DIRECTION ( 'NONE',  ( -1.000000000000000000, 0.0000000000000000000, -0.0000000000000000000 ) ) ;
#4592 = EDGE_CURVE ( 'NONE', #4295, #3183, #5327, .T. ) ;
#4593 = VERTEX_POINT ( 'NONE', #4576 ) ;
#4594 = ADVANCED_FACE ( 'NONE', ( #4375 ), #2733, .F. ) ;
#4595 = ORIENTED_EDGE ( 'NONE', *, *, #5229, .F. ) ;
#4596 = VERTEX_POINT ( 'NONE', #4131 ) ;
#4597 = DIRECTION ( 'NONE',  ( 0.0000000000000000000, 0.0000000000000000000, -1.000000000000000000 ) ) ;
#4598 = VECTOR ( 'NONE', #811, 1000.000000000000000 ) ;
#4599 = CARTESIAN_POINT ( 'NONE',  ( 0.0000000000000000000, 0.9100000000000000300, 0.0000000000000000000 ) ) ;
#4600 = ORIENTED_EDGE ( 'NONE', *, *, #2196, .T. ) ;
#4601 = EDGE_CURVE ( 'NONE', #2114, #6028, #864, .T. ) ;
#4602 = EDGE_CURVE ( 'NONE', #3234, #1474, #1666, .T. ) ;
#4603 = VECTOR ( 'NONE', #2758, 1000.000000000000000 ) ;
#4604 = CARTESIAN_POINT ( 'NONE',  ( -1.874999999999999800, 0.1950000000000002800, 1.249999999999999800 ) ) ;
#4605 = ORIENTED_EDGE ( 'NONE', *, *, #1, .T. ) ;
#4606 = LINE ( 'NONE', #4951, #4313 ) ;
#4607 = EDGE_CURVE ( 'NONE', #873, #4210, #3321, .T. ) ;
#4608 = DIRECTION ( 'NONE',  ( 0.0000000000000000000, -0.0000000000000000000, -1.000000000000000000 ) ) ;
#4609 = ORIENTED_EDGE ( 'NONE', *, *, #697, .T. ) ;
#4610 = CARTESIAN_POINT ( 'NONE',  ( -1.349999999999999000, 0.05000000000000000300, 0.9000000000000003600 ) ) ;
#4611 = CARTESIAN_POINT ( 'NONE',  ( 1.875000000000000200, 0.4500000000000000100, 0.9499999999999999600 ) ) ;
#4612 = VECTOR ( 'NONE', #2568, 1000.000000000000000 ) ;
#4613 = CARTESIAN_POINT ( 'NONE',  ( -1.124999999999999800, 0.1950000000000002800, -1.474999999999999600 ) ) ;
#4614 = CARTESIAN_POINT ( 'NONE',  ( -1.924999999999999600, 0.6600000000000000300, -1.925000000000000500 ) ) ;
#4615 = EDGE_LOOP ( 'NONE', ( #2555, #3130, #5471, #4749 ) ) ;
#4616 = ORIENTED_EDGE ( 'NONE', *, *, #26, .F. ) ;
#4617 = VECTOR ( 'NONE', #1651, 1000.000000000000000 ) ;
#4618 = LINE ( 'NONE', #2337, #5414 ) ;
#4619 = EDGE_CURVE ( 'NONE', #2446, #1042, #2096, .T. ) ;
#4620 =( GEOMETRIC_REPRESENTATION_CONTEXT ( 3 ) GLOBAL_UNCERTAINTY_ASSIGNED_CONTEXT ( ( #5390 ) ) GLOBAL_UNIT_ASSIGNED_CONTEXT ( ( #4079, #5080, #1262 ) ) REPRESENTATION_CONTEXT ( 'NONE', 'WORKASPACE' ) );
#4622 = VERTEX_POINT ( 'NONE', #2816 ) ;
#4621 = DIRECTION ( 'NONE',  ( 0.0000000000000000000, 0.0000000000000000000, 1.000000000000000000 ) ) ;
#4623 = ADVANCED_FACE ( 'NONE', ( #2822 ), #4003, .F. ) ;
#4624 = ORIENTED_EDGE ( 'NONE', *, *, #5622, .F. ) ;
#4625 = ORIENTED_EDGE ( 'NONE', *, *, #5278, .T. ) ;
#4626 = CARTESIAN_POINT ( 'NONE',  ( -1.924999999999999600, 0.4500000000000000100, -1.925000000000000500 ) ) ;
#4627 = FACE_BOUND ( 'NONE', #2233, .T. ) ;
#4628 = CARTESIAN_POINT ( 'NONE',  ( -1.874999999999999800, 0.4500000000000000100, 0.9499999999999999600 ) ) ;
#4629 = DIRECTION ( 'NONE',  ( 1.000000000000000000, 0.0000000000000000000, 0.0000000000000000000 ) ) ;
#4630 = VERTEX_POINT ( 'NONE', #2393 ) ;
#4631 = DIRECTION ( 'NONE',  ( 0.0000000000000000000, 0.0000000000000000000, 1.000000000000000000 ) ) ;
#4632 = ORIENTED_EDGE ( 'NONE', *, *, #967, .F. ) ;
#4633 = VECTOR ( 'NONE', #683, 1000.000000000000000 ) ;
#4634 = DIRECTION ( 'NONE',  ( 0.0000000000000000000, 0.0000000000000000000, -1.000000000000000000 ) ) ;
#4635 = PLANE ( 'NONE',  #3858 ) ;
#4636 = DIRECTION ( 'NONE',  ( 0.0000000000000000000, -1.000000000000000000, 0.0000000000000000000 ) ) ;
#4637 = DIRECTION ( 'NONE',  ( 0.0000000000000000000, -1.000000000000000000, 0.0000000000000000000 ) ) ;
#4638 = AXIS2_PLACEMENT_3D ( 'NONE', #5705, #4783, #5746 ) ;
#4639 = EDGE_LOOP ( 'NONE', ( #4577, #3068, #2054, #921 ) ) ;
#4640 = CARTESIAN_POINT ( 'NONE',  ( 1.875000000000000200, 0.4500000000000000100, -1.874999999999999800 ) ) ;
#4641 = VECTOR ( 'NONE', #947, 1000.000000000000000 ) ;
#4642 = EDGE_CURVE ( 'NONE', #72, #5711, #3937, .T. ) ;
#4643 = ORIENTED_EDGE ( 'NONE', *, *, #2471, .T. ) ;
#4644 = CARTESIAN_POINT ( 'NONE',  ( -1.124999999999999800, 0.1950000000000002800, 0.9500000000000000700 ) ) ;
#4645 = VECTOR ( 'NONE', #5707, 1000.000000000000000 ) ;
#4646 = DIRECTION ( 'NONE',  ( -0.0000000000000000000, -4.517509052022936500E-016, -1.000000000000000000 ) ) ;
#4647 = AXIS2_PLACEMENT_3D ( 'NONE', #3404, #3366, #5726 ) ;
#4648 = PLANE ( 'NONE',  #5157 ) ;
#4649 = CARTESIAN_POINT ( 'NONE',  ( 1.875000000000000200, 0.1949999999999999800, -1.474999999999999600 ) ) ;
#4650 = VERTEX_POINT ( 'NONE', #1452 ) ;
#4651 = VECTOR ( 'NONE', #5777, 1000.000000000000000 ) ;
#4652 = ORIENTED_EDGE ( 'NONE', *, *, #1253, .F. ) ;
#4653 = CARTESIAN_POINT ( 'NONE',  ( -0.04999999999999984300, 1.629999999999999400, 9.494107596574899700E-017 ) ) ;
#4654 = LINE ( 'NONE', #2407, #2509 ) ;
#4655 = ADVANCED_FACE ( 'NONE', ( #3193, #4238, #5253 ), #1884, .F. ) ;
#4656 = FACE_OUTER_BOUND ( 'NONE', #408, .T. ) ;
#4657 = DIRECTION ( 'NONE',  ( 0.0000000000000000000, 0.0000000000000000000, -1.000000000000000000 ) ) ;
#4658 = EDGE_CURVE ( 'NONE', #67, #4393, #2745, .T. ) ;
#4659 = PLANE ( 'NONE',  #1925 ) ;
#4660 = ORIENTED_EDGE ( 'NONE', *, *, #1642, .T. ) ;
#4661 = EDGE_LOOP ( 'NONE', ( #5313, #1066, #902, #174 ) ) ;
#4662 = CIRCLE ( 'NONE', #3246, 0.04999999999999991300 ) ;
#4663 = DIRECTION ( 'NONE',  ( 0.0000000000000000000, 0.0000000000000000000, 1.000000000000000000 ) ) ;
#4664 = EDGE_LOOP ( 'NONE', ( #3990, #2065, #2960, #1915 ) ) ;
#4665 = PLANE ( 'NONE',  #3643 ) ;
#4666 = VECTOR ( 'NONE', #647, 1000.000000000000000 ) ;
#4667 = DIRECTION ( 'NONE',  ( -1.000000000000000000, -0.0000000000000000000, -0.0000000000000000000 ) ) ;
#4668 = VERTEX_POINT ( 'NONE', #3722 ) ;
#4669 = FACE_OUTER_BOUND ( 'NONE', #4094, .T. ) ;
#4670 = DIRECTION ( 'NONE',  ( -1.000000000000000000, 0.0000000000000000000, 0.0000000000000000000 ) ) ;
#4671 = AXIS2_PLACEMENT_3D ( 'NONE', #1156, #3001, #3587 ) ;
#4672 = PLANE ( 'NONE',  #1347 ) ;
#4673 = DIRECTION ( 'NONE',  ( 0.0000000000000000000, 1.264902534566422200E-015, 1.000000000000000000 ) ) ;
#4674 = EDGE_CURVE ( 'NONE', #1849, #553, #2889, .T. ) ;
#4675 = DIRECTION ( 'NONE',  ( 0.0000000000000000000, -1.000000000000000000, 0.0000000000000000000 ) ) ;
#4676 = ORIENTED_EDGE ( 'NONE', *, *, #3646, .T. ) ;
#4677 = CARTESIAN_POINT ( 'NONE',  ( 1.100000000000003200, 0.0000000000000000000, -0.5000000000000000000 ) ) ;
#4678 = COLOUR_RGB ( '',1.000000000000000000, 0.8117647058823529400, 0.5019607843137254800 ) ;
#4679 = DIRECTION ( 'NONE',  ( 0.0000000000000000000, 0.0000000000000000000, 1.000000000000000000 ) ) ;
#4680 = EDGE_CURVE ( 'NONE', #1171, #165, #77, .T. ) ;
#4681 = ORIENTED_EDGE ( 'NONE', *, *, #4619, .T. ) ;
#4682 = EDGE_CURVE ( 'NONE', #2550, #4892, #1943, .T. ) ;
#4683 = DIRECTION ( 'NONE',  ( -0.0000000000000000000, -1.000000000000000000, -0.0000000000000000000 ) ) ;
#4684 = CARTESIAN_POINT ( 'NONE',  ( -1.874999999999999800, 0.1200000000000003100, -0.4749999999999998100 ) ) ;
#4685 = LINE ( 'NONE', #5443, #3406 ) ;
#4686 = VECTOR ( 'NONE', #5638, 1000.000000000000000 ) ;
#4687 = ADVANCED_FACE ( 'NONE', ( #4091 ), #1864, .F. ) ;
#4688 = DIRECTION ( 'NONE',  ( 1.000000000000000000, 0.0000000000000000000, -0.0000000000000000000 ) ) ;
#4689 = CARTESIAN_POINT ( 'NONE',  ( 1.925000000000000700, 0.1950000000000005600, -0.4749999999999998100 ) ) ;
#4690 = CARTESIAN_POINT ( 'NONE',  ( 1.875000000000000200, 0.1950000000000000900, 0.5499999999999999300 ) ) ;
#4691 = ORIENTED_EDGE ( 'NONE', *, *, #5546, .T. ) ;
#4692 = CIRCLE ( 'NONE', #2744, 0.05000000000000002400 ) ;
#4693 = PLANE ( 'NONE',  #3003 ) ;
#4694 = AXIS2_PLACEMENT_3D ( 'NONE', #3590, #5005, #2644 ) ;
#4695 = CARTESIAN_POINT ( 'NONE',  ( 1.172648133521775800, 1.363205099482562900, -2.872159566487122400E-016 ) ) ;
#4696 = ORIENTED_EDGE ( 'NONE', *, *, #526, .F. ) ;
#4697 = DIRECTION ( 'NONE',  ( 0.0000000000000000000, 0.0000000000000000000, 1.000000000000000000 ) ) ;
#4698 = DIRECTION ( 'NONE',  ( -0.0000000000000000000, 0.0000000000000000000, 1.000000000000000000 ) ) ;
#4699 = ORIENTED_EDGE ( 'NONE', *, *, #1585, .F. ) ;
#4700 = LINE ( 'NONE', #5355, #5577 ) ;
#4701 = DIRECTION ( 'NONE',  ( 0.0000000000000000000, 0.0000000000000000000, 1.000000000000000000 ) ) ;
#4702 = DIRECTION ( 'NONE',  ( 0.0000000000000000000, 0.0000000000000000000, 1.000000000000000000 ) ) ;
#4703 = VECTOR ( 'NONE', #3197, 1000.000000000000000 ) ;
#4704 = CARTESIAN_POINT ( 'NONE',  ( -1.299999999999999800, 0.0000000000000000000, 0.5000000000000000000 ) ) ;
#4705 = EDGE_LOOP ( 'NONE', ( #843, #4024, #710, #4499 ) ) ;
#4706 = STYLED_ITEM ( 'NONE', ( #3330 ), #4043 ) ;
#4707 = CARTESIAN_POINT ( 'NONE',  ( -1.424999999999999600, 0.1950000000000002800, -1.925000000000000300 ) ) ;
#4708 = ORIENTED_EDGE ( 'NONE', *, *, #3667, .F. ) ;
#4709 = LINE ( 'NONE', #5492, #3823 ) ;
#4710 = CLOSED_SHELL ( 'NONE', ( #1914, #293, #5519, #819, #1074, #5637, #66, #1696, #1819, #4229, #2177, #5697, #5873 ) ) ;
#4711 = EDGE_CURVE ( 'NONE', #517, #2983, #4303, .T. ) ;
#4712 = VERTEX_POINT ( 'NONE', #2352 ) ;
#4713 = LINE ( 'NONE', #5234, #5225 ) ;
#4714 = DIRECTION ( 'NONE',  ( 1.000000000000000000, 0.0000000000000000000, -0.0000000000000000000 ) ) ;
#4715 = ADVANCED_FACE ( 'NONE', ( #2675 ), #86, .F. ) ;
#4716 = CARTESIAN_POINT ( 'NONE',  ( 0.6732431816118361600, 1.629999999999999200, 0.0000000000000000000 ) ) ;
#4717 = EDGE_CURVE ( 'NONE', #5012, #468, #721, .T. ) ;
#4718 = EDGE_CURVE ( 'NONE', #1664, #3156, #430, .T. ) ;
#4719 = ORIENTED_EDGE ( 'NONE', *, *, #3878, .F. ) ;
#4720 = VECTOR ( 'NONE', #1034, 1000.000000000000000 ) ;
#4721 = ORIENTED_EDGE ( 'NONE', *, *, #1703, .T. ) ;
#4722 = CARTESIAN_POINT ( 'NONE',  ( 0.0000000000000000000, 0.4500000000000000100, 0.0000000000000000000 ) ) ;
#4723 = FACE_BOUND ( 'NONE', #5838, .T. ) ;
#4724 = AXIS2_PLACEMENT_3D ( 'NONE', #1690, #5462, #2282 ) ;
#4725 = PLANE ( 'NONE',  #1894 ) ;
#4726 = VERTEX_POINT ( 'NONE', #5655 ) ;
#4727 = ORIENTED_EDGE ( 'NONE', *, *, #2356, .F. ) ;
#4728 = VERTEX_POINT ( 'NONE', #99 ) ;
#4729 = FACE_OUTER_BOUND ( 'NONE', #4387, .T. ) ;
#4730 = DIRECTION ( 'NONE',  ( 0.0000000000000000000, 1.000000000000000000, 0.0000000000000000000 ) ) ;
#4731 = DIRECTION ( 'NONE',  ( 0.0000000000000000000, -1.000000000000000000, 0.0000000000000000000 ) ) ;
#4732 = ORIENTED_EDGE ( 'NONE', *, *, #5902, .F. ) ;
#4733 = EDGE_LOOP ( 'NONE', ( #4781, #3297, #1166, #5160 ) ) ;
#4734 = CARTESIAN_POINT ( 'NONE',  ( 1.875000000000000200, 0.1950000000000000900, 0.5499999999999999300 ) ) ;
#4735 = DIRECTION ( 'NONE',  ( 0.0000000000000000000, 0.0000000000000000000, 1.000000000000000000 ) ) ;
#4736 = EDGE_CURVE ( 'NONE', #996, #2122, #5770, .T. ) ;
#4737 = VECTOR ( 'NONE', #4796, 1000.000000000000000 ) ;
#4738 = VERTEX_POINT ( 'NONE', #5698 ) ;
#4739 = ORIENTED_EDGE ( 'NONE', *, *, #644, .F. ) ;
#4740 = ORIENTED_EDGE ( 'NONE', *, *, #3789, .T. ) ;
#4741 = LINE ( 'NONE', #4816, #3621 ) ;
#4742 = CARTESIAN_POINT ( 'NONE',  ( -1.299999999999999800, 0.05000000000000012800, -0.5000000000000000000 ) ) ;
#4743 = CARTESIAN_POINT ( 'NONE',  ( 1.875000000000000200, 0.1949999999999999800, -1.474999999999999600 ) ) ;
#4744 = ADVANCED_FACE ( 'NONE', ( #356 ), #3888, .T. ) ;
#4745 = VERTEX_POINT ( 'NONE', #1039 ) ;
#4746 = ORIENTED_EDGE ( 'NONE', *, *, #4791, .T. ) ;
#4747 = DIRECTION ( 'NONE',  ( 0.0000000000000000000, -1.000000000000000000, 0.0000000000000000000 ) ) ;
#4748 = LINE ( 'NONE', #3323, #3473 ) ;
#4749 = ORIENTED_EDGE ( 'NONE', *, *, #5858, .F. ) ;
#4750 = CARTESIAN_POINT ( 'NONE',  ( 0.04999999999999982200, 1.629999999999999400, -0.09999999999999989500 ) ) ;
#4751 = EDGE_CURVE ( 'NONE', #4993, #5309, #5187, .T. ) ;
#4752 = SURFACE_STYLE_FILL_AREA ( #237 ) ;
#4753 = DIRECTION ( 'NONE',  ( 0.0000000000000000000, 1.000000000000000000, -1.264902534566422200E-015 ) ) ;
#4754 = DIRECTION ( 'NONE',  ( -1.000000000000000000, -0.0000000000000000000, -0.0000000000000000000 ) ) ;
#4755 = EDGE_CURVE ( 'NONE', #631, #971, #3629, .T. ) ;
#4756 = CARTESIAN_POINT ( 'NONE',  ( -1.299999999999998700, 0.05000000000000012800, 0.8500000000000000900 ) ) ;
#4757 = DIRECTION ( 'NONE',  ( 0.0000000000000000000, -1.264902534566422200E-015, -1.000000000000000000 ) ) ;
#4758 = EDGE_LOOP ( 'NONE', ( #1867, #639, #5396, #2915 ) ) ;
#4759 = LINE ( 'NONE', #3462, #4612 ) ;
#4760 = EDGE_CURVE ( 'NONE', #2974, #4435, #794, .T. ) ;
#4761 = PLANE ( 'NONE',  #3742 ) ;
#4762 = EDGE_CURVE ( 'NONE', #719, #2974, #859, .T. ) ;
#4764 = ORIENTED_EDGE ( 'NONE', *, *, #452, .T. ) ;
#4763 = CARTESIAN_POINT ( 'NONE',  ( 1.875000000000000200, 0.1199999999999999500, -1.474999999999999600 ) ) ;
#4765 = DIRECTION ( 'NONE',  ( 0.0000000000000000000, 0.0000000000000000000, 1.000000000000000000 ) ) ;
#4766 = VERTEX_POINT ( 'NONE', #4307 ) ;
#4767 = VECTOR ( 'NONE', #2086, 1000.000000000000000 ) ;
#4768 =( NAMED_UNIT ( * ) SI_UNIT ( $, .STERADIAN. ) SOLID_ANGLE_UNIT ( ) );
#4769 = LINE ( 'NONE', #2897, #3570 ) ;
#4770 = CARTESIAN_POINT ( 'NONE',  ( 1.875000000000000200, 0.1949999999999999800, -1.474999999999999600 ) ) ;
#4771 = EDGE_LOOP ( 'NONE', ( #3617, #3723, #5256, #2882 ) ) ;
#4772 = ORIENTED_EDGE ( 'NONE', *, *, #5586, .T. ) ;
#4773 = ORIENTED_EDGE ( 'NONE', *, *, #110, .F. ) ;
#4774 = EDGE_CURVE ( 'NONE', #5874, #2204, #4741, .T. ) ;
#4775 = CARTESIAN_POINT ( 'NONE',  ( -1.874999999999999800, 0.1950000000000003400, -1.174999999999999800 ) ) ;
#4776 = CARTESIAN_POINT ( 'NONE',  ( 1.124999999999999800, 0.1200000000000003100, -0.4749999999999998100 ) ) ;
#4777 = VERTEX_POINT ( 'NONE', #2488 ) ;
#4778 = CARTESIAN_POINT ( 'NONE',  ( 1.124999999999999800, 0.1950000000000002800, -1.925000000000000300 ) ) ;
#4779 = LINE ( 'NONE', #3786, #5657 ) ;
#4780 = AXIS2_PLACEMENT_3D ( 'NONE', #765, #4032, #218 ) ;
#4781 = ORIENTED_EDGE ( 'NONE', *, *, #2285, .T. ) ;
#4782 = VECTOR ( 'NONE', #1369, 1000.000000000000000 ) ;
#4783 = DIRECTION ( 'NONE',  ( 0.0000000000000000000, -1.000000000000000000, 0.0000000000000000000 ) ) ;
#4784 = SURFACE_STYLE_USAGE ( .BOTH. , #5706 ) ;
#4785 = CARTESIAN_POINT ( 'NONE',  ( 1.124999999999999800, 0.1950000000000002800, -1.474999999999999600 ) ) ;
#4786 = CARTESIAN_POINT ( 'NONE',  ( 1.124999999999999800, 0.1950000000000002800, -1.925000000000000300 ) ) ;
#4787 = ORIENTED_EDGE ( 'NONE', *, *, #452, .F. ) ;
#4788 = VECTOR ( 'NONE', #2324, 1000.000000000000000 ) ;
#4789 = AXIS2_PLACEMENT_3D ( 'NONE', #3593, #5432, #4450 ) ;
#4790 = PLANE ( 'NONE',  #1358 ) ;
#4791 = EDGE_CURVE ( 'NONE', #4080, #1547, #2383, .T. ) ;
#4792 = ORIENTED_EDGE ( 'NONE', *, *, #1135, .F. ) ;
#4793 = VERTEX_POINT ( 'NONE', #4776 ) ;
#4794 = LINE ( 'NONE', #2017, #2797 ) ;
#4795 = DIRECTION ( 'NONE',  ( 0.0000000000000000000, 0.0000000000000000000, 1.000000000000000000 ) ) ;
#4796 = DIRECTION ( 'NONE',  ( -0.0000000000000000000, -0.0000000000000000000, 1.000000000000000000 ) ) ;
#4797 = VERTEX_POINT ( 'NONE', #1955 ) ;
#4798 = EDGE_CURVE ( 'NONE', #5621, #4039, #4084, .T. ) ;
#4799 = EDGE_CURVE ( 'NONE', #4302, #3239, #5110, .T. ) ;
#4800 = LINE ( 'NONE', #1267, #2877 ) ;
#4801 = LINE ( 'NONE', #264, #5382 ) ;
#4802 = CARTESIAN_POINT ( 'NONE',  ( 1.875000000000000200, 0.4500000000000000100, 0.2500000000000000000 ) ) ;
#4803 = CARTESIAN_POINT ( 'NONE',  ( 1.124999999999999800, 0.1950000000000002800, -1.874999999999999800 ) ) ;
#4804 = EDGE_LOOP ( 'NONE', ( #763, #4616, #862, #1432 ) ) ;
#4805 = EDGE_CURVE ( 'NONE', #5580, #190, #5975, .T. ) ;
#4806 = VERTEX_POINT ( 'NONE', #4284 ) ;
#4807 = AXIS2_PLACEMENT_3D ( 'NONE', #841, #5059, #2242 ) ;
#4808 = LINE ( 'NONE', #1518, #4511 ) ;
#4809 = DIRECTION ( 'NONE',  ( 0.0000000000000000000, -1.000000000000000000, 0.0000000000000000000 ) ) ;
#4810 = LINE ( 'NONE', #4263, #495 ) ;
#4811 = DIRECTION ( 'NONE',  ( 0.0000000000000000000, 0.0000000000000000000, 1.000000000000000000 ) ) ;
#4812 = ORIENTED_EDGE ( 'NONE', *, *, #4658, .F. ) ;
#4813 = LINE ( 'NONE', #5290, #2817 ) ;
#4814 = DIRECTION ( 'NONE',  ( 0.0000000000000000000, -1.000000000000000000, 0.0000000000000000000 ) ) ;
#4815 = CARTESIAN_POINT ( 'NONE',  ( 1.424999999999999600, 0.1950000000000002800, 1.875000000000000200 ) ) ;
#4816 = CARTESIAN_POINT ( 'NONE',  ( -1.874999999999999800, 0.4500000000000000100, 0.5499999999999999300 ) ) ;
#4817 = EDGE_LOOP ( 'NONE', ( #4006, #5198, #220, #228 ) ) ;
#4818 = MECHANICAL_DESIGN_GEOMETRIC_PRESENTATION_REPRESENTATION (  '', ( #5564 ), #2837 ) ;
#4819 = VECTOR ( 'NONE', #2278, 1000.000000000000000 ) ;
#4820 = ORIENTED_EDGE ( 'NONE', *, *, #6002, .F. ) ;
#4821 = CARTESIAN_POINT ( 'NONE',  ( -1.349999999999999000, 0.0000000000000000000, 1.299999999999999800 ) ) ;
#4822 = VECTOR ( 'NONE', #4522, 1000.000000000000000 ) ;
#4823 = CARTESIAN_POINT ( 'NONE',  ( 1.875000000000000200, 0.4500000000000000100, -1.874999999999999800 ) ) ;
#4824 = EDGE_CURVE ( 'NONE', #5251, #4971, #1286, .T. ) ;
#4825 = ORIENTED_EDGE ( 'NONE', *, *, #5796, .F. ) ;
#4826 = VECTOR ( 'NONE', #2202, 1000.000000000000000 ) ;
#4827 = LINE ( 'NONE', #5914, #1011 ) ;
#4828 = AXIS2_PLACEMENT_3D ( 'NONE', #2457, #3876, #571 ) ;
#4829 = EDGE_CURVE ( 'NONE', #4200, #5044, #4234, .T. ) ;
#4830 = ORIENTED_EDGE ( 'NONE', *, *, #2501, .T. ) ;
#4831 = EDGE_CURVE ( 'NONE', #740, #3918, #1875, .T. ) ;
#4832 = CARTESIAN_POINT ( 'NONE',  ( 1.124999999999999800, 0.1950000000000002800, 0.5499999999999999300 ) ) ;
#4833 = DIRECTION ( 'NONE',  ( -1.000000000000000000, 0.0000000000000000000, -0.0000000000000000000 ) ) ;
#4834 = VECTOR ( 'NONE', #688, 1000.000000000000000 ) ;
#4835 = CARTESIAN_POINT ( 'NONE',  ( -1.874999999999999800, 0.4500000000000000100, 1.249999999999999800 ) ) ;
#4836 = FACE_OUTER_BOUND ( 'NONE', #342, .T. ) ;
#4837 = ORIENTED_EDGE ( 'NONE', *, *, #3841, .T. ) ;
#4838 = VERTEX_POINT ( 'NONE', #562 ) ;
#4839 = VERTEX_POINT ( 'NONE', #1608 ) ;
#4840 = VECTOR ( 'NONE', #754, 1000.000000000000000 ) ;
#4841 = DIRECTION ( 'NONE',  ( 0.0000000000000000000, 0.0000000000000000000, -1.000000000000000000 ) ) ;
#4842 = FACE_BOUND ( 'NONE', #4285, .T. ) ;
#4843 = AXIS2_PLACEMENT_3D ( 'NONE', #3145, #4128, #870 ) ;
#4844 = PLANE ( 'NONE',  #809 ) ;
#4845 = DIRECTION ( 'NONE',  ( 0.0000000000000000000, 0.0000000000000000000, -1.000000000000000000 ) ) ;
#4846 = DIRECTION ( 'NONE',  ( 0.0000000000000000000, 0.0000000000000000000, -1.000000000000000000 ) ) ;
#4847 = CARTESIAN_POINT ( 'NONE',  ( 1.124999999999999800, 0.1950000000000002800, -1.874999999999999800 ) ) ;
#4848 = VERTEX_POINT ( 'NONE', #1117 ) ;
#4849 = LINE ( 'NONE', #900, #5578 ) ;
#4850 = CARTESIAN_POINT ( 'NONE',  ( -0.6732431816118361600, 1.629999999999999200, 8.244851074087157300E-017 ) ) ;
#4851 = EDGE_CURVE ( 'NONE', #3916, #4877, #3390, .T. ) ;
#4852 = VERTEX_POINT ( 'NONE', #4878 ) ;
#4853 = CIRCLE ( 'NONE', #353, 1.349751633111184300 ) ;
#4854 = PRODUCT_DEFINITION_SHAPE ( 'NONE', 'NONE',  #832 ) ;
#4855 = CARTESIAN_POINT ( 'NONE',  ( 1.424999999999999600, 0.1200000000000004400, -1.174999999999999800 ) ) ;
#4856 = CARTESIAN_POINT ( 'NONE',  ( -1.299999999999999200, 2.929236009777593800, 0.9000000000000001300 ) ) ;
#4857 = ORIENTED_EDGE ( 'NONE', *, *, #1568, .T. ) ;
#4858 = CARTESIAN_POINT ( 'NONE',  ( 1.350000000000001200, 0.05000000000000000300, 0.9000000000000003600 ) ) ;
#4859 = LINE ( 'NONE', #645, #2134 ) ;
#4860 = ORIENTED_EDGE ( 'NONE', *, *, #4711, .F. ) ;
#4861 = VECTOR ( 'NONE', #279, 1000.000000000000000 ) ;
#4862 = PLANE ( 'NONE',  #2860 ) ;
#4863 = FILL_AREA_STYLE_COLOUR ( '', #5789 ) ;
#4864 = CARTESIAN_POINT ( 'NONE',  ( -1.424999999999999600, 0.1950000000000002800, -0.7749999999999999100 ) ) ;
#4865 = ORIENTED_EDGE ( 'NONE', *, *, #4872, .T. ) ;
#4866 = CARTESIAN_POINT ( 'NONE',  ( 1.875000000000000200, 0.1200000000000004400, 1.249999999999999800 ) ) ;
#4867 = VECTOR ( 'NONE', #2480, 1000.000000000000000 ) ;
#4868 = DIRECTION ( 'NONE',  ( 0.0000000000000000000, 0.0000000000000000000, 1.000000000000000000 ) ) ;
#4869 = ORIENTED_EDGE ( 'NONE', *, *, #5373, .F. ) ;
#4870 = CIRCLE ( 'NONE', #2203, 0.04999999999999991300 ) ;
#4871 = CARTESIAN_POINT ( 'NONE',  ( -1.874999999999999800, 0.1200000000000001600, -0.7749999999999998000 ) ) ;
#4872 = EDGE_CURVE ( 'NONE', #4071, #3241, #3780, .T. ) ;
#4873 = FACE_OUTER_BOUND ( 'NONE', #4254, .T. ) ;
#4874 = ORIENTED_EDGE ( 'NONE', *, *, #149, .T. ) ;
#4875 = DIRECTION ( 'NONE',  ( 0.0000000000000000000, 0.0000000000000000000, -1.000000000000000000 ) ) ;
#4876 = ORIENTED_EDGE ( 'NONE', *, *, #5169, .T. ) ;
#4877 = VERTEX_POINT ( 'NONE', #1137 ) ;
#4878 = CARTESIAN_POINT ( 'NONE',  ( 1.350000000000001200, 0.0000000000000000000, -0.9000000000000003600 ) ) ;
#4879 = FACE_OUTER_BOUND ( 'NONE', #188, .T. ) ;
#4880 = AXIS2_PLACEMENT_3D ( 'NONE', #5132, #2334, #3748 ) ;
#4881 = EDGE_CURVE ( 'NONE', #158, #3434, #70, .T. ) ;
#4882 = FACE_OUTER_BOUND ( 'NONE', #1796, .T. ) ;
#4883 = VERTEX_POINT ( 'NONE', #1738 ) ;
#4884 = EDGE_LOOP ( 'NONE', ( #5050, #835, #1682, #5482 ) ) ;
#4885 = CARTESIAN_POINT ( 'NONE',  ( -1.124999999999999800, 0.1950000000000002800, -0.7749999999999999100 ) ) ;
#4886 = CARTESIAN_POINT ( 'NONE',  ( 1.424999999999999600, 0.1200000000000004400, -1.874999999999999800 ) ) ;
#4887 = VECTOR ( 'NONE', #3815, 1000.000000000000000 ) ;
#4888 = CARTESIAN_POINT ( 'NONE',  ( 1.424999999999999600, 0.1200000000000004400, 0.2500000000000000000 ) ) ;
#4889 = CARTESIAN_POINT ( 'NONE',  ( -1.124999999999999800, 0.1200000000000004400, 1.249999999999999600 ) ) ;
#4890 = AXIS2_PLACEMENT_3D ( 'NONE', #1411, #6015, #6033 ) ;
#4891 = ORIENTED_EDGE ( 'NONE', *, *, #4907, .F. ) ;
#4892 = VERTEX_POINT ( 'NONE', #3433 ) ;
#4893 = VECTOR ( 'NONE', #472, 1000.000000000000000 ) ;
#4894 = DIRECTION ( 'NONE',  ( -1.000000000000000000, -0.0000000000000000000, -0.0000000000000000000 ) ) ;
#4895 = ORIENTED_EDGE ( 'NONE', *, *, #4433, .F. ) ;
#4896 = LINE ( 'NONE', #32, #2397 ) ;
#4897 = DIRECTION ( 'NONE',  ( -0.0000000000000000000, 0.0000000000000000000, -1.000000000000000000 ) ) ;
#4898 = CARTESIAN_POINT ( 'NONE',  ( 1.424999999999999600, 0.1950000000000002800, -1.474999999999999600 ) ) ;
#4899 = ADVANCED_FACE ( 'NONE', ( #5833 ), #4416, .F. ) ;
#4900 = CARTESIAN_POINT ( 'NONE',  ( -1.424999999999999600, 0.1950000000000002800, -1.874999999999999800 ) ) ;
#4901 = ORIENTED_EDGE ( 'NONE', *, *, #2735, .T. ) ;
#4902 = CARTESIAN_POINT ( 'NONE',  ( 0.04999999999999984300, 1.629999999999999400, 0.09999999999999989500 ) ) ;
#4903 = PLANE ( 'NONE',  #275 ) ;
#4904 = CARTESIAN_POINT ( 'NONE',  ( -1.424999999999999600, 0.1200000000000004400, -1.874999999999999800 ) ) ;
#4905 = ORIENTED_EDGE ( 'NONE', *, *, #120, .F. ) ;
#4906 = FACE_OUTER_BOUND ( 'NONE', #601, .T. ) ;
#4907 = EDGE_CURVE ( 'NONE', #4428, #4848, #3316, .T. ) ;
#4908 = ORIENTED_EDGE ( 'NONE', *, *, #1297, .T. ) ;
#4909 = VERTEX_POINT ( 'NONE', #2038 ) ;
#4910 = VECTOR ( 'NONE', #970, 1000.000000000000000 ) ;
#4911 = LINE ( 'NONE', #3108, #5349 ) ;
#4912 = EDGE_CURVE ( 'NONE', #4289, #5410, #2088, .T. ) ;
#4913 = EDGE_CURVE ( 'NONE', #4082, #756, #4370, .T. ) ;
#4914 = DIRECTION ( 'NONE',  ( 0.0000000000000000000, 0.0000000000000000000, 1.000000000000000000 ) ) ;
#4915 = ORIENTED_EDGE ( 'NONE', *, *, #777, .T. ) ;
#4916 = DIRECTION ( 'NONE',  ( 0.0000000000000000000, -1.000000000000000000, 0.0000000000000000000 ) ) ;
#4917 = ORIENTED_EDGE ( 'NONE', *, *, #4567, .F. ) ;
#4918 = LINE ( 'NONE', #5159, #3286 ) ;
#4919 = EDGE_CURVE ( 'NONE', #2446, #5691, #131, .T. ) ;
#4920 = DIRECTION ( 'NONE',  ( 1.000000000000000000, 0.0000000000000000000, 0.0000000000000000000 ) ) ;
#4921 = AXIS2_PLACEMENT_3D ( 'NONE', #1740, #4591, #4555 ) ;
#4922 = CARTESIAN_POINT ( 'NONE',  ( -1.172648133521775800, 1.363205099482562900, -1.939433553866988500E-015 ) ) ;
#4923 = ORIENTED_EDGE ( 'NONE', *, *, #371, .T. ) ;
#4924 = LINE ( 'NONE', #1627, #3009 ) ;
#4925 = ADVANCED_FACE ( 'NONE', ( #1437 ), #5487, .T. ) ;
#4926 = CARTESIAN_POINT ( 'NONE',  ( 1.875000000000000200, 0.1200000000000000900, -1.174999999999999800 ) ) ;
#4927 = ORIENTED_EDGE ( 'NONE', *, *, #1022, .F. ) ;
#4928 = VECTOR ( 'NONE', #1758, 1000.000000000000000 ) ;
#4929 = DIRECTION ( 'NONE',  ( 0.0000000000000000000, 0.0000000000000000000, -1.000000000000000000 ) ) ;
#4930 = EDGE_CURVE ( 'NONE', #5088, #2983, #1577, .T. ) ;
#4931 = AXIS2_PLACEMENT_3D ( 'NONE', #4202, #2325, #3862 ) ;
#4932 = ORIENTED_EDGE ( 'NONE', *, *, #2316, .F. ) ;
#4933 = LINE ( 'NONE', #95, #4867 ) ;
#4934 = DIRECTION ( 'NONE',  ( -1.000000000000000000, -0.0000000000000000000, -0.0000000000000000000 ) ) ;
#4935 =( NAMED_UNIT ( * ) SI_UNIT ( $, .STERADIAN. ) SOLID_ANGLE_UNIT ( ) );
#4936 = DIRECTION ( 'NONE',  ( 0.0000000000000000000, 0.0000000000000000000, 1.000000000000000000 ) ) ;
#4937 = ORIENTED_EDGE ( 'NONE', *, *, #2395, .F. ) ;
#4938 = ORIENTED_EDGE ( 'NONE', *, *, #3388, .T. ) ;
#4939 = CARTESIAN_POINT ( 'NONE',  ( 1.124999999999999800, 0.1200000000000000900, -1.174999999999999800 ) ) ;
#4940 = DIRECTION ( 'NONE',  ( 0.0000000000000000000, 0.0000000000000000000, 1.000000000000000000 ) ) ;
#4941 = DIRECTION ( 'NONE',  ( -1.000000000000000000, 0.0000000000000000000, -0.0000000000000000000 ) ) ;
#4942 = ORIENTED_EDGE ( 'NONE', *, *, #4829, .T. ) ;
#4943 = UNCERTAINTY_MEASURE_WITH_UNIT (LENGTH_MEASURE( 1.000000000000000100E-005 ), #515, 'distance_accuracy_value', 'NONE');
#4944 = DIRECTION ( 'NONE',  ( -0.0000000000000000000, -0.0000000000000000000, -1.000000000000000000 ) ) ;
#4945 = VECTOR ( 'NONE', #2643, 1000.000000000000000 ) ;
#4946 = CARTESIAN_POINT ( 'NONE',  ( -1.874999999999999800, 0.1950000000000000900, 0.5499999999999999300 ) ) ;
#4947 = VECTOR ( 'NONE', #4134, 1000.000000000000000 ) ;
#4948 = ORIENTED_EDGE ( 'NONE', *, *, #4412, .F. ) ;
#4949 = EDGE_CURVE ( 'NONE', #4877, #3898, #2592, .T. ) ;
#4950 = SURFACE_SIDE_STYLE ('',( #1540 ) ) ;
#4951 = CARTESIAN_POINT ( 'NONE',  ( -1.874999999999999800, 0.1949999999999999800, -1.474999999999999600 ) ) ;
#4952 = VERTEX_POINT ( 'NONE', #5001 ) ;
#4953 = ORIENTED_EDGE ( 'NONE', *, *, #1212, .F. ) ;
#4954 = CIRCLE ( 'NONE', #5149, 0.05000000000000002400 ) ;
#4955 = DIRECTION ( 'NONE',  ( -0.0000000000000000000, 0.0000000000000000000, 1.000000000000000000 ) ) ;
#4956 = CARTESIAN_POINT ( 'NONE',  ( -1.349999999999999600, 2.929236009777593800, 0.4500000000000000100 ) ) ;
#4957 = ORIENTED_EDGE ( 'NONE', *, *, #2700, .F. ) ;
#4958 = ORIENTED_EDGE ( 'NONE', *, *, #149, .F. ) ;
#4959 = CARTESIAN_POINT ( 'NONE',  ( -1.424999999999999600, 0.1950000000000002800, 0.2500000000000000000 ) ) ;
#4960 = EDGE_CURVE ( 'NONE', #796, #2652, #1207, .T. ) ;
#4961 = FACE_OUTER_BOUND ( 'NONE', #4884, .T. ) ;
#4962 = DIRECTION ( 'NONE',  ( -0.0000000000000000000, -1.000000000000000000, -0.0000000000000000000 ) ) ;
#4963 = DIRECTION ( 'NONE',  ( 0.0000000000000000000, -1.000000000000000000, 0.0000000000000000000 ) ) ;
#4964 = VERTEX_POINT ( 'NONE', #4400 ) ;
#4965 = ADVANCED_FACE ( 'NONE', ( #352 ), #3705, .T. ) ;
#4966 = CARTESIAN_POINT ( 'NONE',  ( 0.0000000000000000000, 0.9100000000000000300, -1.630969882337201000 ) ) ;
#4967 = PLANE ( 'NONE',  #3924 ) ;
#4968 = VECTOR ( 'NONE', #5307, 1000.000000000000000 ) ;
#4969 = CARTESIAN_POINT ( 'NONE',  ( -1.349999999999999000, -0.0000000000000000000, -0.9000000000000003600 ) ) ;
#4970 = EDGE_CURVE ( 'NONE', #4066, #3434, #4590, .T. ) ;
#4971 = VERTEX_POINT ( 'NONE', #2640 ) ;
#4972 = DIRECTION ( 'NONE',  ( 0.0000000000000000000, -1.000000000000000000, 0.0000000000000000000 ) ) ;
#4973 = ORIENTED_EDGE ( 'NONE', *, *, #767, .F. ) ;
#4974 = CARTESIAN_POINT ( 'NONE',  ( 1.875000000000000200, 0.1950000000000001500, 0.9499999999999999600 ) ) ;
#4975 = LINE ( 'NONE', #3501, #4102 ) ;
#4976 = LINE ( 'NONE', #4536, #2608 ) ;
#4977 = ORIENTED_EDGE ( 'NONE', *, *, #1211, .T. ) ;
#4978 = ORIENTED_EDGE ( 'NONE', *, *, #4717, .T. ) ;
#4979 = VECTOR ( 'NONE', #3398, 1000.000000000000000 ) ;
#4980 = FACE_OUTER_BOUND ( 'NONE', #4190, .T. ) ;
#4981 = DIRECTION ( 'NONE',  ( 0.0000000000000000000, 0.0000000000000000000, 1.000000000000000000 ) ) ;
#4982 = CARTESIAN_POINT ( 'NONE',  ( -1.124999999999999800, 0.1200000000000004400, 0.2500000000000000000 ) ) ;
#4983 = ORIENTED_EDGE ( 'NONE', *, *, #4798, .T. ) ;
#4984 = AXIS2_PLACEMENT_3D ( 'NONE', #1220, #2645, #1677 ) ;
#4985 = ORIENTED_EDGE ( 'NONE', *, *, #3121, .F. ) ;
#4986 = ADVANCED_FACE ( 'NONE', ( #4961 ), #5343, .T. ) ;
#4987 = CARTESIAN_POINT ( 'NONE',  ( 1.875000000000000200, 0.4500000000000000100, -0.7749999999999999100 ) ) ;
#4988 = EDGE_CURVE ( 'NONE', #1132, #4359, #2964, .T. ) ;
#4989 = EDGE_LOOP ( 'NONE', ( #2673, #5783, #2458, #4549 ) ) ;
#4990 = LINE ( 'NONE', #2068, #4840 ) ;
#4991 = FACE_OUTER_BOUND ( 'NONE', #3518, .T. ) ;
#4992 = ADVANCED_FACE ( 'NONE', ( #500 ), #1287, .F. ) ;
#4993 = VERTEX_POINT ( 'NONE', #706 ) ;
#4994 = LINE ( 'NONE', #5829, #30 ) ;
#4995 = EDGE_CURVE ( 'NONE', #3639, #3440, #3107, .T. ) ;
#4996 = EDGE_CURVE ( 'NONE', #3672, #517, #6047, .T. ) ;
#4997 = CARTESIAN_POINT ( 'NONE',  ( -1.874999999999999800, 0.1199999999999999500, -1.474999999999999600 ) ) ;
#4998 = PLANE ( 'NONE',  #2596 ) ;
#4999 = DIRECTION ( 'NONE',  ( -0.0000000000000000000, 1.000000000000000000, -0.0000000000000000000 ) ) ;
#5000 = ORIENTED_EDGE ( 'NONE', *, *, #4485, .T. ) ;
#5001 = CARTESIAN_POINT ( 'NONE',  ( 1.124999999999999800, 0.1950000000000002800, -1.874999999999999800 ) ) ;
#5002 = LINE ( 'NONE', #5026, #5805 ) ;
#5003 = DIRECTION ( 'NONE',  ( 0.0000000000000000000, 0.0000000000000000000, -1.000000000000000000 ) ) ;
#5004 = AXIS2_PLACEMENT_3D ( 'NONE', #4786, #145, #1084 ) ;
#5005 = DIRECTION ( 'NONE',  ( -1.000000000000000000, 0.0000000000000000000, -0.0000000000000000000 ) ) ;
#5006 = DIRECTION ( 'NONE',  ( 1.000000000000000000, 0.0000000000000000000, -0.0000000000000000000 ) ) ;
#5007 = VECTOR ( 'NONE', #5716, 1000.000000000000000 ) ;
#5008 = ORIENTED_EDGE ( 'NONE', *, *, #4919, .T. ) ;
#5009 = CARTESIAN_POINT ( 'NONE',  ( 0.0000000000000000000, 0.8143291400000000100, 1.399999999999999900 ) ) ;
#5010 = VECTOR ( 'NONE', #2244, 1000.000000000000000 ) ;
#5011 = DIRECTION ( 'NONE',  ( 0.0000000000000000000, 0.0000000000000000000, -1.000000000000000000 ) ) ;
#5012 = VERTEX_POINT ( 'NONE', #2006 ) ;
#5013 = CARTESIAN_POINT ( 'NONE',  ( 1.300000000000000700, 0.05000000000000012800, -1.350000000000000100 ) ) ;
#5014 = LINE ( 'NONE', #4146, #2067 ) ;
#5015 = AXIS2_PLACEMENT_3D ( 'NONE', #2868, #3328, #3820 ) ;
#5016 = EDGE_LOOP ( 'NONE', ( #3645, #355, #1139, #303 ) ) ;
#5017 = DIRECTION ( 'NONE',  ( -0.0000000000000000000, 0.0000000000000000000, -1.000000000000000000 ) ) ;
#5018 = DIRECTION ( 'NONE',  ( 0.0000000000000000000, 1.000000000000000000, 0.0000000000000000000 ) ) ;
#5019 = VECTOR ( 'NONE', #2692, 1000.000000000000000 ) ;
#5020 = DIRECTION ( 'NONE',  ( -4.686520405326307800E-017, -0.9238795325112864100, -0.3826834323650905600 ) ) ;
#5021 = VECTOR ( 'NONE', #1303, 1000.000000000000000 ) ;
#5022 = ORIENTED_EDGE ( 'NONE', *, *, #2211, .F. ) ;
#5023 = ORIENTED_EDGE ( 'NONE', *, *, #2929, .T. ) ;
#5024 = ORIENTED_EDGE ( 'NONE', *, *, #3516, .F. ) ;
#5025 = DIRECTION ( 'NONE',  ( 0.0000000000000000000, -1.000000000000000000, 0.0000000000000000000 ) ) ;
#5026 = CARTESIAN_POINT ( 'NONE',  ( 1.875000000000000200, 0.1950000000000001500, 0.9499999999999999600 ) ) ;
#5027 = ADVANCED_FACE ( 'NONE', ( #930 ), #5254, .F. ) ;
#5028 = VECTOR ( 'NONE', #325, 1000.000000000000000 ) ;
#5029 = DIRECTION ( 'NONE',  ( 0.0000000000000000000, -1.000000000000000000, 0.0000000000000000000 ) ) ;
#5030 = LINE ( 'NONE', #4199, #1062 ) ;
#5031 = CARTESIAN_POINT ( 'NONE',  ( 0.0000000000000000000, 0.8143291419087274100, 1.399999999209379200 ) ) ;
#5032 = ORIENTED_EDGE ( 'NONE', *, *, #1768, .T. ) ;
#5033 = VERTEX_POINT ( 'NONE', #3144 ) ;
#5034 = ORIENTED_EDGE ( 'NONE', *, *, #5853, .F. ) ;
#5035 = VECTOR ( 'NONE', #5323, 1000.000000000000000 ) ;
#5036 = EDGE_CURVE ( 'NONE', #1566, #4210, #4813, .T. ) ;
#5037 = EDGE_CURVE ( 'NONE', #5928, #3308, #2314, .T. ) ;
#5038 = DIRECTION ( 'NONE',  ( 0.0000000000000000000, 0.0000000000000000000, -1.000000000000000000 ) ) ;
#5039 = ORIENTED_EDGE ( 'NONE', *, *, #3287, .F. ) ;
#5040 = ORIENTED_EDGE ( 'NONE', *, *, #3491, .T. ) ;
#5041 = DIRECTION ( 'NONE',  ( 0.0000000000000000000, 0.0000000000000000000, 1.000000000000000000 ) ) ;
#5042 = LINE ( 'NONE', #1781, #1295 ) ;
#5043 = DIRECTION ( 'NONE',  ( 0.0000000000000000000, -1.000000000000000000, 0.0000000000000000000 ) ) ;
#5044 = VERTEX_POINT ( 'NONE', #4275 ) ;
#5045 = DIRECTION ( 'NONE',  ( 1.000000000000000000, 0.0000000000000000000, 0.0000000000000000000 ) ) ;
#5046 = CIRCLE ( 'NONE', #2348, 0.05000000000000002400 ) ;
#5047 = CARTESIAN_POINT ( 'NONE',  ( 1.299999999999999800, 0.05000000000000012800, 0.5000000000000000000 ) ) ;
#5048 = DIRECTION ( 'NONE',  ( -0.0000000000000000000, -0.0000000000000000000, 1.000000000000000000 ) ) ;
#5049 = DIRECTION ( 'NONE',  ( 0.0000000000000000000, 0.0000000000000000000, 1.000000000000000000 ) ) ;
#5050 = ORIENTED_EDGE ( 'NONE', *, *, #3720, .F. ) ;
#5051 = VECTOR ( 'NONE', #2547, 1000.000000000000000 ) ;
#5052 = EDGE_CURVE ( 'NONE', #2695, #5401, #4518, .T. ) ;
#5053 = AXIS2_PLACEMENT_3D ( 'NONE', #5178, #4293, #2436 ) ;
#5054 = ORIENTED_EDGE ( 'NONE', *, *, #726, .T. ) ;
#5055 = CARTESIAN_POINT ( 'NONE',  ( 1.925000000000000700, 0.1200000000000000900, -1.174999999999999800 ) ) ;
#5056 = DIRECTION ( 'NONE',  ( -0.0000000000000000000, 0.0000000000000000000, 1.000000000000000000 ) ) ;
#5057 = VECTOR ( 'NONE', #4090, 1000.000000000000000 ) ;
#5058 = ADVANCED_FACE ( 'NONE', ( #5763 ), #2455, .T. ) ;
#5059 = DIRECTION ( 'NONE',  ( -1.000000000000000000, 0.0000000000000000000, 0.0000000000000000000 ) ) ;
#5060 = EDGE_LOOP ( 'NONE', ( #4331, #676, #3762, #1002 ) ) ;
#5061 = CARTESIAN_POINT ( 'NONE',  ( -1.874999999999999800, 0.1200000000000006300, 1.875000000000000400 ) ) ;
#5062 = ORIENTED_EDGE ( 'NONE', *, *, #103, .F. ) ;
#5063 = CARTESIAN_POINT ( 'NONE',  ( 1.350000000000001200, 0.05000000000000000300, -0.9000000000000003600 ) ) ;
#5064 = FACE_OUTER_BOUND ( 'NONE', #2237, .T. ) ;
#5065 = ORIENTED_EDGE ( 'NONE', *, *, #4601, .F. ) ;
#5066 = VECTOR ( 'NONE', #2138, 1000.000000000000000 ) ;
#5067 = CARTESIAN_POINT ( 'NONE',  ( 1.350000000000001200, 0.05000000000000000300, -0.9000000000000003600 ) ) ;
#5068 = DIRECTION ( 'NONE',  ( 1.000000000000000000, 0.0000000000000000000, 0.0000000000000000000 ) ) ;
#5069 = LINE ( 'NONE', #376, #3426 ) ;
#5070 = CARTESIAN_POINT ( 'NONE',  ( -1.124999999999999800, 0.1950000000000002800, -1.874999999999999800 ) ) ;
#5071 = EDGE_CURVE ( 'NONE', #1090, #5231, #2667, .T. ) ;
#5072 = EDGE_CURVE ( 'NONE', #2028, #4596, #3921, .T. ) ;
#5073 = ORIENTED_EDGE ( 'NONE', *, *, #5071, .T. ) ;
#5074 = LINE ( 'NONE', #1774, #1911 ) ;
#5075 = CARTESIAN_POINT ( 'NONE',  ( -1.424999999999999600, 0.1950000000000002800, -1.874999999999999800 ) ) ;
#5076 = CARTESIAN_POINT ( 'NONE',  ( 1.350000000000001200, 0.05000000000000012800, 0.9000000000000003600 ) ) ;
#5077 = ORIENTED_EDGE ( 'NONE', *, *, #1724, .F. ) ;
#5078 = CARTESIAN_POINT ( 'NONE',  ( 1.300000000000000300, 2.929236009777593800, 0.4500000000000000100 ) ) ;
#5079 = TOROIDAL_SURFACE ( 'NONE', #5932, 1.630969882337201000, 0.2500000000000000000 ) ;
#5080 =( NAMED_UNIT ( * ) PLANE_ANGLE_UNIT ( ) SI_UNIT ( $, .RADIAN. ) );
#5081 = ORIENTED_EDGE ( 'NONE', *, *, #5739, .F. ) ;
#5082 = DIRECTION ( 'NONE',  ( 0.0000000000000000000, 0.0000000000000000000, 1.000000000000000000 ) ) ;
#5083 = LINE ( 'NONE', #3295, #3369 ) ;
#5084 = CARTESIAN_POINT ( 'NONE',  ( -1.874999999999999800, 0.1200000000000003100, -0.4749999999999998100 ) ) ;
#5085 = ADVANCED_FACE ( 'NONE', ( #6039 ), #2955, .T. ) ;
#5086 = DIRECTION ( 'NONE',  ( 0.0000000000000000000, 0.0000000000000000000, 1.000000000000000000 ) ) ;
#5087 = CARTESIAN_POINT ( 'NONE',  ( 1.424999999999999600, 0.1200000000000004400, 1.875000000000000200 ) ) ;
#5088 = VERTEX_POINT ( 'NONE', #1497 ) ;
#5089 = EDGE_CURVE ( 'NONE', #1861, #2807, #2739, .T. ) ;
#5090 = CARTESIAN_POINT ( 'NONE',  ( 1.124999999999999800, 0.1200000000000004400, -1.874999999999999800 ) ) ;
#5091 = VERTEX_POINT ( 'NONE', #4823 ) ;
#5092 = ORIENTED_EDGE ( 'NONE', *, *, #634, .F. ) ;
#5093 = DIRECTION ( 'NONE',  ( 0.0000000000000000000, 0.0000000000000000000, -1.000000000000000000 ) ) ;
#5094 = VECTOR ( 'NONE', #2812, 1000.000000000000000 ) ;
#5095 = ORIENTED_EDGE ( 'NONE', *, *, #4118, .T. ) ;
#5096 = LINE ( 'NONE', #432, #3842 ) ;
#5097 = PLANE ( 'NONE',  #3044 ) ;
#5098 = AXIS2_PLACEMENT_3D ( 'NONE', #5329, #5804, #4941 ) ;
#5099 = DIRECTION ( 'NONE',  ( 0.0000000000000000000, -1.000000000000000000, 0.0000000000000000000 ) ) ;
#5100 = CARTESIAN_POINT ( 'NONE',  ( 1.875000000000000200, 0.1950000000000005600, -0.4749999999999998100 ) ) ;
#5101 = ORIENTED_EDGE ( 'NONE', *, *, #2040, .T. ) ;
#5102 = ORIENTED_EDGE ( 'NONE', *, *, #2195, .T. ) ;
#5103 = LINE ( 'NONE', #1248, #3848 ) ;
#5104 = AXIS2_PLACEMENT_3D ( 'NONE', #1079, #5821, #4846 ) ;
#5105 = PLANE ( 'NONE',  #2901 ) ;
#5106 = EDGE_CURVE ( 'NONE', #1520, #3566, #1640, .T. ) ;
#5107 = ORIENTED_EDGE ( 'NONE', *, *, #858, .T. ) ;
#5108 = VERTEX_POINT ( 'NONE', #2920 ) ;
#5109 = DIRECTION ( 'NONE',  ( -0.0000000000000000000, -1.000000000000000000, -0.0000000000000000000 ) ) ;
#5110 = LINE ( 'NONE', #173, #4737 ) ;
#5111 = DIRECTION ( 'NONE',  ( 0.0000000000000000000, 0.0000000000000000000, 1.000000000000000000 ) ) ;
#5112 = PLANE ( 'NONE',  #5816 ) ;
#5113 = ORIENTED_EDGE ( 'NONE', *, *, #5455, .F. ) ;
#5114 = EDGE_CURVE ( 'NONE', #4082, #2223, #4808, .T. ) ;
#5115 = EDGE_CURVE ( 'NONE', #1670, #1553, #1357, .T. ) ;
#5116 = VECTOR ( 'NONE', #4239, 1000.000000000000000 ) ;
#5117 = ADVANCED_FACE ( 'NONE', ( #923 ), #592, .T. ) ;
#5118 = DIRECTION ( 'NONE',  ( 0.0000000000000000000, 0.0000000000000000000, 1.000000000000000000 ) ) ;
#5119 = ORIENTED_EDGE ( 'NONE', *, *, #634, .T. ) ;
#5120 = CARTESIAN_POINT ( 'NONE',  ( -1.124999999999999800, 0.1200000000000004400, 0.9500000000000000700 ) ) ;
#5121 = LINE ( 'NONE', #3109, #1375 ) ;
#5122 = EDGE_CURVE ( 'NONE', #4712, #4587, #4954, .T. ) ;
#5123 = ORIENTED_EDGE ( 'NONE', *, *, #473, .T. ) ;
#5124 = LINE ( 'NONE', #1174, #1223 ) ;
#5125 = CARTESIAN_POINT ( 'NONE',  ( 1.875000000000000200, 0.1200000000000001600, -0.7749999999999998000 ) ) ;
#5126 = FACE_OUTER_BOUND ( 'NONE', #3262, .T. ) ;
#5127 = CARTESIAN_POINT ( 'NONE',  ( 1.925000000000000700, 0.1200000000000003300, 0.9499999999999999600 ) ) ;
#5128 = DIRECTION ( 'NONE',  ( -1.000000000000000000, -0.0000000000000000000, -0.0000000000000000000 ) ) ;
#5129 = ORIENTED_EDGE ( 'NONE', *, *, #3654, .F. ) ;
#5130 = DIRECTION ( 'NONE',  ( 0.0000000000000000000, -1.000000000000000000, 0.0000000000000000000 ) ) ;
#5131 = ORIENTED_EDGE ( 'NONE', *, *, #3430, .F. ) ;
#5132 = CARTESIAN_POINT ( 'NONE',  ( 1.925000000000000700, 0.1950000000000001500, 0.9499999999999999600 ) ) ;
#5133 = VECTOR ( 'NONE', #5025, 1000.000000000000000 ) ;
#5134 = VECTOR ( 'NONE', #224, 1000.000000000000000 ) ;
#5135 = AXIS2_PLACEMENT_3D ( 'NONE', #5960, #5093, #836 ) ;
#5137 = ORIENTED_EDGE ( 'NONE', *, *, #1136, .T. ) ;
#5136 = CARTESIAN_POINT ( 'NONE',  ( -1.349999999999999000, 0.05000000000000000300, 1.299999999999999800 ) ) ;
#5138 = ORIENTED_EDGE ( 'NONE', *, *, #758, .F. ) ;
#5139 = ORIENTED_EDGE ( 'NONE', *, *, #4477, .T. ) ;
#5140 = FACE_OUTER_BOUND ( 'NONE', #3708, .T. ) ;
#5141 = CARTESIAN_POINT ( 'NONE',  ( 1.100000000000003200, 2.929236009777593800, -0.5000000000000000000 ) ) ;
#5142 = LINE ( 'NONE', #5075, #4703 ) ;
#5143 = DIRECTION ( 'NONE',  ( -0.0000000000000000000, 1.000000000000000000, -0.0000000000000000000 ) ) ;
#5144 = EDGE_CURVE ( 'NONE', #4071, #2612, #3539, .T. ) ;
#5145 = ORIENTED_EDGE ( 'NONE', *, *, #3512, .F. ) ;
#5146 = VECTOR ( 'NONE', #963, 1000.000000000000000 ) ;
#5147 = DIRECTION ( 'NONE',  ( 1.000000000000000000, 0.0000000000000000000, 0.0000000000000000000 ) ) ;
#5148 = ADVANCED_FACE ( 'NONE', ( #5759 ), #109, .F. ) ;
#5149 = AXIS2_PLACEMENT_3D ( 'NONE', #4294, #3344, #5724 ) ;
#5150 = ORIENTED_EDGE ( 'NONE', *, *, #5925, .T. ) ;
#5151 = VECTOR ( 'NONE', #3636, 1000.000000000000000 ) ;
#5152 = EDGE_CURVE ( 'NONE', #4793, #3639, #3384, .T. ) ;
#5153 = EDGE_CURVE ( 'NONE', #1070, #5874, #3100, .T. ) ;
#5154 = VECTOR ( 'NONE', #1794, 1000.000000000000000 ) ;
#5155 = EDGE_LOOP ( 'NONE', ( #3777, #201, #3357, #2482 ) ) ;
#5156 = LINE ( 'NONE', #2435, #4861 ) ;
#5157 = AXIS2_PLACEMENT_3D ( 'NONE', #5555, #418, #5946 ) ;
#5158 = DIRECTION ( 'NONE',  ( 1.000000000000000000, 0.0000000000000000000, 0.0000000000000000000 ) ) ;
#5159 = CARTESIAN_POINT ( 'NONE',  ( -1.299999999999998700, 0.05000000000000000300, -1.350000000000000100 ) ) ;
#5160 = ORIENTED_EDGE ( 'NONE', *, *, #4567, .T. ) ;
#5161 = LINE ( 'NONE', #5991, #3828 ) ;
#5162 = EDGE_LOOP ( 'NONE', ( #1321, #3427, #2502, #2152 ) ) ;
#5163 = DIRECTION ( 'NONE',  ( 0.0000000000000000000, -1.000000000000000000, 0.0000000000000000000 ) ) ;
#5164 = FACE_BOUND ( 'NONE', #5569, .T. ) ;
#5165 = DIRECTION ( 'NONE',  ( -1.000000000000000000, 0.0000000000000000000, 0.0000000000000000000 ) ) ;
#5166 = VECTOR ( 'NONE', #5163, 1000.000000000000000 ) ;
#5167 = DIRECTION ( 'NONE',  ( -1.000000000000000000, 0.0000000000000000000, 0.0000000000000000000 ) ) ;
#5168 = CARTESIAN_POINT ( 'NONE',  ( -1.299999999999999200, -0.0000000000000000000, -0.9000000000000001300 ) ) ;
#5169 = EDGE_CURVE ( 'NONE', #3415, #1901, #2449, .T. ) ;
#5170 = AXIS2_PLACEMENT_3D ( 'NONE', #866, #5509, #4586 ) ;
#5171 = ORIENTED_EDGE ( 'NONE', *, *, #1253, .T. ) ;
#5172 = CARTESIAN_POINT ( 'NONE',  ( 1.124999999999999800, 0.1950000000000001500, 0.9499999999999999600 ) ) ;
#5173 = ORIENTED_EDGE ( 'NONE', *, *, #4136, .T. ) ;
#5174 = VERTEX_POINT ( 'NONE', #1558 ) ;
#5175 = LINE ( 'NONE', #2190, #423 ) ;
#5176 = DIRECTION ( 'NONE',  ( 0.0000000000000000000, 1.000000000000000000, 0.0000000000000000000 ) ) ;
#5177 = VECTOR ( 'NONE', #43, 1000.000000000000000 ) ;
#5178 = CARTESIAN_POINT ( 'NONE',  ( -1.299999999999999800, 0.05000000000000000300, 0.4500000000000000100 ) ) ;
#5179 = CARTESIAN_POINT ( 'NONE',  ( -1.349999999999999000, -0.0000000000000000000, -1.299999999999999800 ) ) ;
#5180 = VERTEX_POINT ( 'NONE', #5787 ) ;
#5181 = ADVANCED_FACE ( 'NONE', ( #1201 ), #185, .F. ) ;
#5182 = VERTEX_POINT ( 'NONE', #3943 ) ;
#5183 = ORIENTED_EDGE ( 'NONE', *, *, #1620, .T. ) ;
#5184 = VECTOR ( 'NONE', #2689, 1000.000000000000000 ) ;
#5185 = ORIENTED_EDGE ( 'NONE', *, *, #1600, .T. ) ;
#5186 = ORIENTED_EDGE ( 'NONE', *, *, #557, .F. ) ;
#5187 = CIRCLE ( 'NONE', #2460, 1.399999999209379700 ) ;
#5188 = CARTESIAN_POINT ( 'NONE',  ( -1.349751633111184300, 0.9356394288300758900, 2.562937446682062300E-015 ) ) ;
#5189 = CARTESIAN_POINT ( 'NONE',  ( -1.349999999999999000, 0.05000000000000000300, -1.299999999999999800 ) ) ;
#5190 = EDGE_CURVE ( 'NONE', #1891, #4082, #5459, .T. ) ;
#5191 = ORIENTED_EDGE ( 'NONE', *, *, #3600, .T. ) ;
#5192 = DIRECTION ( 'NONE',  ( -0.0000000000000000000, -0.0000000000000000000, 1.000000000000000000 ) ) ;
#5193 = VERTEX_POINT ( 'NONE', #3917 ) ;
#5194 = CARTESIAN_POINT ( 'NONE',  ( -1.299999999999999800, -0.0000000000000000000, -0.5000000000000000000 ) ) ;
#5195 = VECTOR ( 'NONE', #3832, 1000.000000000000000 ) ;
#5196 = DIRECTION ( 'NONE',  ( -0.0000000000000000000, -1.000000000000000000, -0.0000000000000000000 ) ) ;
#5197 = AXIS2_PLACEMENT_3D ( 'NONE', #476, #3724, #1866 ) ;
#5198 = ORIENTED_EDGE ( 'NONE', *, *, #322, .T. ) ;
#5199 = EDGE_CURVE ( 'NONE', #3325, #497, #1502, .T. ) ;
#5200 = PLANE ( 'NONE',  #3598 ) ;
#5201 = VECTOR ( 'NONE', #1646, 1000.000000000000000 ) ;
#5202 = DIRECTION ( 'NONE',  ( -0.0000000000000000000, -0.0000000000000000000, 1.000000000000000000 ) ) ;
#5203 = EDGE_LOOP ( 'NONE', ( #5727, #4600, #4625, #2536 ) ) ;
#5204 = VECTOR ( 'NONE', #3757, 1000.000000000000000 ) ;
#5205 = VECTOR ( 'NONE', #1631, 1000.000000000000000 ) ;
#5206 = AXIS2_PLACEMENT_3D ( 'NONE', #2308, #5594, #2794 ) ;
#5207 = ORIENTED_EDGE ( 'NONE', *, *, #5556, .F. ) ;
#5208 = CARTESIAN_POINT ( 'NONE',  ( 1.350000000000001200, 2.929236009777593800, 0.9000000000000003600 ) ) ;
#5209 = VERTEX_POINT ( 'NONE', #3464 ) ;
#5210 = ADVANCED_FACE ( 'NONE', ( #781 ), #2111, .T. ) ;
#5211 = ORIENTED_EDGE ( 'NONE', *, *, #2752, .T. ) ;
#5212 = VECTOR ( 'NONE', #247, 1000.000000000000000 ) ;
#5213 = CARTESIAN_POINT ( 'NONE',  ( 1.424999999999999600, 0.1950000000000002800, -1.925000000000000300 ) ) ;
#5214 = CARTESIAN_POINT ( 'NONE',  ( 1.300000000000000700, 2.929236009777593800, 1.350000000000000100 ) ) ;
#5215 = FACE_OUTER_BOUND ( 'NONE', #3982, .T. ) ;
#5216 = DIRECTION ( 'NONE',  ( 0.0000000000000000000, 0.0000000000000000000, 1.000000000000000000 ) ) ;
#5217 = ORIENTED_EDGE ( 'NONE', *, *, #1966, .F. ) ;
#5218 = EDGE_LOOP ( 'NONE', ( #2132, #4609, #4938, #5102 ) ) ;
#5219 = CYLINDRICAL_SURFACE ( 'NONE', #545, 0.04999999999999991300 ) ;
#5220 = ORIENTED_EDGE ( 'NONE', *, *, #4334, .T. ) ;
#5221 = DIRECTION ( 'NONE',  ( -0.0000000000000000000, 0.0000000000000000000, 1.000000000000000000 ) ) ;
#5222 = VECTOR ( 'NONE', #5910, 1000.000000000000000 ) ;
#5223 = EDGE_CURVE ( 'NONE', #4448, #5252, #128, .T. ) ;
#5224 = ORIENTED_EDGE ( 'NONE', *, *, #208, .F. ) ;
#5225 = VECTOR ( 'NONE', #3893, 1000.000000000000000 ) ;
#5226 = DIRECTION ( 'NONE',  ( 0.0000000000000000000, 1.264902534566422200E-015, 1.000000000000000000 ) ) ;
#5227 = DIRECTION ( 'NONE',  ( -1.000000000000000000, -0.0000000000000000000, -0.0000000000000000000 ) ) ;
#5228 = CARTESIAN_POINT ( 'NONE',  ( 1.925000000000000700, 0.1200000000000001600, -0.7749999999999998000 ) ) ;
#5229 = EDGE_CURVE ( 'NONE', #3268, #2695, #4362, .T. ) ;
#5230 = EDGE_CURVE ( 'NONE', #5425, #2197, #1869, .T. ) ;
#5231 = VERTEX_POINT ( 'NONE', #692 ) ;
#5232 = LINE ( 'NONE', #1445, #1482 ) ;
#5233 = VERTEX_POINT ( 'NONE', #675 ) ;
#5234 = CARTESIAN_POINT ( 'NONE',  ( 1.875000000000000200, 0.1200000000000001600, -0.7749999999999998000 ) ) ;
#5235 = DIRECTION ( 'NONE',  ( 1.000000000000000000, 0.0000000000000000000, 0.0000000000000000000 ) ) ;
#5236 = DIRECTION ( 'NONE',  ( -0.0000000000000000000, 0.0000000000000000000, 1.000000000000000000 ) ) ;
#5237 = ORIENTED_EDGE ( 'NONE', *, *, #1274, .T. ) ;
#5238 = ADVANCED_FACE ( 'NONE', ( #3998 ), #4437, .F. ) ;
#5239 = EDGE_CURVE ( 'NONE', #4230, #1537, #1061, .T. ) ;
#5240 = PRODUCT_CONTEXT ( 'NONE', #3304, 'mechanical' ) ;
#5241 = DIRECTION ( 'NONE',  ( -0.0000000000000000000, -0.0000000000000000000, 1.000000000000000000 ) ) ;
#5242 = ORIENTED_EDGE ( 'NONE', *, *, #2426, .T. ) ;
#5243 = VERTEX_POINT ( 'NONE', #2049 ) ;
#5244 = VECTOR ( 'NONE', #5111, 1000.000000000000000 ) ;
#5245 = DIRECTION ( 'NONE',  ( -1.000000000000000000, 0.0000000000000000000, -0.0000000000000000000 ) ) ;
#5246 = ORIENTED_EDGE ( 'NONE', *, *, #1535, .T. ) ;
#5247 = EDGE_LOOP ( 'NONE', ( #1291, #3684, #1648, #5503 ) ) ;
#5248 = EDGE_CURVE ( 'NONE', #1901, #686, #563, .T. ) ;
#5249 = VECTOR ( 'NONE', #4474, 1000.000000000000000 ) ;
#5250 = DIRECTION ( 'NONE',  ( 0.0000000000000000000, 1.000000000000000000, 0.0000000000000000000 ) ) ;
#5251 = VERTEX_POINT ( 'NONE', #5332 ) ;
#5252 = VERTEX_POINT ( 'NONE', #4889 ) ;
#5253 = FACE_OUTER_BOUND ( 'NONE', #1389, .T. ) ;
#5254 = PLANE ( 'NONE',  #4828 ) ;
#5255 = APPLICATION_PROTOCOL_DEFINITION ( 'draft international standard', 'automotive_design', 1998, #3304 ) ;
#5256 = ORIENTED_EDGE ( 'NONE', *, *, #2069, .F. ) ;
#5257 = DIRECTION ( 'NONE',  ( 1.000000000000000000, 0.0000000000000000000, 0.0000000000000000000 ) ) ;
#5258 = VECTOR ( 'NONE', #1401, 1000.000000000000000 ) ;
#5259 = ORIENTED_EDGE ( 'NONE', *, *, #1456, .F. ) ;
#5260 = EDGE_CURVE ( 'NONE', #5680, #3759, #3253, .T. ) ;
#5261 = FACE_OUTER_BOUND ( 'NONE', #1782, .T. ) ;
#5262 = CARTESIAN_POINT ( 'NONE',  ( 0.0000000000000000000, 0.0000000000000000000, 1.875000000000000200 ) ) ;
#5263 = PLANE ( 'NONE',  #2313 ) ;
#5264 = ORIENTED_EDGE ( 'NONE', *, *, #2315, .T. ) ;
#5265 = LINE ( 'NONE', #4734, #3719 ) ;
#5266 = EDGE_CURVE ( 'NONE', #4158, #3879, #5312, .T. ) ;
#5267 = CARTESIAN_POINT ( 'NONE',  ( 1.124999999999999800, 0.1950000000000002800, -0.4749999999999999200 ) ) ;
#5268 = ORIENTED_EDGE ( 'NONE', *, *, #5408, .F. ) ;
#5269 = VECTOR ( 'NONE', #1376, 1000.000000000000000 ) ;
#5270 = FACE_OUTER_BOUND ( 'NONE', #1227, .T. ) ;
#5271 = DIRECTION ( 'NONE',  ( 0.0000000000000000000, 0.0000000000000000000, -1.000000000000000000 ) ) ;
#5272 = VERTEX_POINT ( 'NONE', #4559 ) ;
#5273 = ORIENTED_EDGE ( 'NONE', *, *, #492, .T. ) ;
#5274 = CARTESIAN_POINT ( 'NONE',  ( 1.300000000000000300, 0.05000000000000000300, 0.4500000000000000100 ) ) ;
#5275 = ORIENTED_EDGE ( 'NONE', *, *, #103, .T. ) ;
#5276 = VECTOR ( 'NONE', #4476, 1000.000000000000000 ) ;
#5277 = LINE ( 'NONE', #3469, #3958 ) ;
#5278 = EDGE_CURVE ( 'NONE', #1110, #5928, #5175, .T. ) ;
#5279 = CARTESIAN_POINT ( 'NONE',  ( -1.124999999999999800, 0.4500000000000000100, 1.875000000000000200 ) ) ;
#5280 = PLANE ( 'NONE',  #695 ) ;
#5281 = DIRECTION ( 'NONE',  ( 0.0000000000000000000, 0.0000000000000000000, -1.000000000000000000 ) ) ;
#5282 = DIRECTION ( 'NONE',  ( 0.0000000000000000000, 0.0000000000000000000, 1.000000000000000000 ) ) ;
#5283 = ORIENTED_EDGE ( 'NONE', *, *, #2818, .F. ) ;
#5284 = CARTESIAN_POINT ( 'NONE',  ( 1.350000000000001200, 2.929236009777593800, -0.9000000000000003600 ) ) ;
#5285 = LINE ( 'NONE', #5320, #1917 ) ;
#5286 = CARTESIAN_POINT ( 'NONE',  ( 1.925000000000000700, 0.1950000000000005600, -0.4749999999999998100 ) ) ;
#5287 = ORIENTED_EDGE ( 'NONE', *, *, #4339, .T. ) ;
#5288 = CARTESIAN_POINT ( 'NONE',  ( 1.124999999999999800, 0.1200000000000004400, -1.874999999999999800 ) ) ;
#5289 = VECTOR ( 'NONE', #1242, 1000.000000000000000 ) ;
#5290 = CARTESIAN_POINT ( 'NONE',  ( 1.424999999999999600, 0.1200000000000004400, -1.874999999999999800 ) ) ;
#5291 = DIRECTION ( 'NONE',  ( -1.000000000000000000, -0.0000000000000000000, -0.0000000000000000000 ) ) ;
#5292 = CARTESIAN_POINT ( 'NONE',  ( 1.300000000000001200, 0.0000000000000000000, -1.300000000000000300 ) ) ;
#5293 = FACE_OUTER_BOUND ( 'NONE', #5832, .T. ) ;
#5294 = EDGE_LOOP ( 'NONE', ( #5073, #780, #3163, #2476 ) ) ;
#5295 = VECTOR ( 'NONE', #1530, 1000.000000000000000 ) ;
#5296 = EDGE_CURVE ( 'NONE', #6031, #1730, #4223, .T. ) ;
#5297 = ORIENTED_EDGE ( 'NONE', *, *, #5748, .F. ) ;
#5298 = CARTESIAN_POINT ( 'NONE',  ( -1.125000000000000000, 0.1949999999999999800, -1.474999999999999600 ) ) ;
#5299 = VECTOR ( 'NONE', #5378, 1000.000000000000000 ) ;
#5300 = CARTESIAN_POINT ( 'NONE',  ( -1.924999999999999600, 0.6600000000000000300, -1.925000000000000500 ) ) ;
#5301 = CARTESIAN_POINT ( 'NONE',  ( -1.299999999999998700, 0.0000000000000000000, 0.8500000000000000900 ) ) ;
#5302 = DIRECTION ( 'NONE',  ( -1.000000000000000000, -0.0000000000000000000, -0.0000000000000000000 ) ) ;
#5303 = EDGE_LOOP ( 'NONE', ( #2804, #1761, #2071, #5465 ) ) ;
#5304 = EDGE_CURVE ( 'NONE', #971, #2380, #344, .T. ) ;
#5305 = EDGE_CURVE ( 'NONE', #1076, #1784, #4662, .T. ) ;
#5306 = LINE ( 'NONE', #397, #5896 ) ;
#5307 = DIRECTION ( 'NONE',  ( 0.0000000000000000000, -1.000000000000000000, 0.0000000000000000000 ) ) ;
#5308 = CARTESIAN_POINT ( 'NONE',  ( 1.925000000000000700, 0.1200000000000003100, -0.4749999999999998100 ) ) ;
#5309 = VERTEX_POINT ( 'NONE', #5031 ) ;
#5310 = EDGE_LOOP ( 'NONE', ( #3687, #1743, #2583, #2653 ) ) ;
#5311 = AXIS2_PLACEMENT_3D ( 'NONE', #5574, #2291, #4673 ) ;
#5312 = LINE ( 'NONE', #3078, #3186 ) ;
#5313 = ORIENTED_EDGE ( 'NONE', *, *, #5199, .T. ) ;
#5314 = LINE ( 'NONE', #463, #2661 ) ;
#5315 = ORIENTED_EDGE ( 'NONE', *, *, #5546, .F. ) ;
#5316 = ORIENTED_EDGE ( 'NONE', *, *, #1886, .F. ) ;
#5317 = VECTOR ( 'NONE', #4105, 1000.000000000000000 ) ;
#5318 = CARTESIAN_POINT ( 'NONE',  ( -1.124999999999999800, 0.1200000000000004400, -1.925000000000000300 ) ) ;
#5319 = CARTESIAN_POINT ( 'NONE',  ( -1.299999999999998700, 2.929236009777593800, 0.8500000000000000900 ) ) ;
#5320 = CARTESIAN_POINT ( 'NONE',  ( -1.424999999999999600, 0.1200000000000004400, -1.874999999999999800 ) ) ;
#5321 = ADVANCED_FACE ( 'NONE', ( #2657 ), #271, .F. ) ;
#5322 = CARTESIAN_POINT ( 'NONE',  ( 1.424999999999999600, 0.1950000000000002800, 1.249999999999999600 ) ) ;
#5323 = DIRECTION ( 'NONE',  ( -0.0000000000000000000, -1.000000000000000000, -0.0000000000000000000 ) ) ;
#5324 = ORIENTED_EDGE ( 'NONE', *, *, #5596, .T. ) ;
#5325 = ORIENTED_EDGE ( 'NONE', *, *, #1418, .T. ) ;
#5326 = AXIS2_PLACEMENT_3D ( 'NONE', #3376, #2980, #4344 ) ;
#5327 = CIRCLE ( 'NONE', #3170, 0.05000000000000002400 ) ;
#5328 = EDGE_LOOP ( 'NONE', ( #3110, #561, #4383, #1481 ) ) ;
#5329 = CARTESIAN_POINT ( 'NONE',  ( 1.925000000000000700, 0.1950000000000001500, 0.9499999999999999600 ) ) ;
#5330 = CARTESIAN_POINT ( 'NONE',  ( 1.424999999999999600, 0.1950000000000002800, -1.874999999999999800 ) ) ;
#5331 = FACE_BOUND ( 'NONE', #5155, .T. ) ;
#5332 = CARTESIAN_POINT ( 'NONE',  ( -1.424999999999999800, 0.1200000000000004400, 1.249999999999999800 ) ) ;
#5333 = CARTESIAN_POINT ( 'NONE',  ( -1.299999999999999800, 0.0000000000000000000, 0.5000000000000000000 ) ) ;
#5334 = EDGE_CURVE ( 'NONE', #4289, #4892, #197, .T. ) ;
#5335 = EDGE_LOOP ( 'NONE', ( #4150, #4237, #559, #5377 ) ) ;
#5336 = VECTOR ( 'NONE', #4530, 1000.000000000000000 ) ;
#5337 = DIRECTION ( 'NONE',  ( 0.0000000000000000000, -1.000000000000000000, 0.0000000000000000000 ) ) ;
#5338 = EDGE_CURVE ( 'NONE', #4391, #10, #714, .T. ) ;
#5339 = ORIENTED_EDGE ( 'NONE', *, *, #1535, .F. ) ;
#5340 = EDGE_CURVE ( 'NONE', #2110, #2558, #5545, .T. ) ;
#5341 = PLANE ( 'NONE',  #3978 ) ;
#5342 = VECTOR ( 'NONE', #4814, 1000.000000000000000 ) ;
#5343 = PLANE ( 'NONE',  #2648 ) ;
#5344 = LINE ( 'NONE', #2447, #3407 ) ;
#5345 = ORIENTED_EDGE ( 'NONE', *, *, #329, .F. ) ;
#5346 = ORIENTED_EDGE ( 'NONE', *, *, #1212, .T. ) ;
#5347 = LINE ( 'NONE', #3423, #4193 ) ;
#5348 = DIRECTION ( 'NONE',  ( 1.000000000000000000, 0.0000000000000000000, 0.0000000000000000000 ) ) ;
#5349 = VECTOR ( 'NONE', #5411, 1000.000000000000000 ) ;
#5350 = AXIS2_PLACEMENT_3D ( 'NONE', #2011, #4809, #636 ) ;
#5351 = CARTESIAN_POINT ( 'NONE',  ( 1.172648133521775800, 1.363205099482563100, 2.345296267043556000 ) ) ;
#5352 = CARTESIAN_POINT ( 'NONE',  ( 1.875000000000000200, 0.1950000000000003400, -1.174999999999999800 ) ) ;
#5353 = ORIENTED_EDGE ( 'NONE', *, *, #3065, .T. ) ;
#5354 = DIRECTION ( 'NONE',  ( -0.0000000000000000000, -0.0000000000000000000, 1.000000000000000000 ) ) ;
#5355 = CARTESIAN_POINT ( 'NONE',  ( -1.874999999999999800, 0.1950000000000002800, 1.875000000000000200 ) ) ;
#5356 = LINE ( 'NONE', #2009, #3147 ) ;
#5357 = PRESENTATION_STYLE_ASSIGNMENT (( #822 ) ) ;
#5358 = EDGE_CURVE ( 'NONE', #3373, #5182, #5103, .T. ) ;
#5359 = ORIENTED_EDGE ( 'NONE', *, *, #4519, .F. ) ;
#5360 = FACE_OUTER_BOUND ( 'NONE', #1177, .T. ) ;
#5361 = CARTESIAN_POINT ( 'NONE',  ( -1.424999999999999600, 0.1950000000000002800, 0.5499999999999999300 ) ) ;
#5362 = DIRECTION ( 'NONE',  ( -0.0000000000000000000, -0.0000000000000000000, 1.000000000000000000 ) ) ;
#5363 = CARTESIAN_POINT ( 'NONE',  ( 1.875000000000000200, 0.1950000000000003400, -1.174999999999999800 ) ) ;
#5364 = CARTESIAN_POINT ( 'NONE',  ( 1.875000000000000200, 0.1200000000000003100, -0.4749999999999998100 ) ) ;
#5365 = ORIENTED_EDGE ( 'NONE', *, *, #3046, .T. ) ;
#5366 = VECTOR ( 'NONE', #3873, 1000.000000000000000 ) ;
#5367 = CARTESIAN_POINT ( 'NONE',  ( 1.350000000000000300, 0.0000000000000000000, 0.4500000000000000100 ) ) ;
#5368 = CARTESIAN_POINT ( 'NONE',  ( 1.875000000000000200, 0.1950000000000000900, 0.5499999999999999300 ) ) ;
#5369 = ORIENTED_EDGE ( 'NONE', *, *, #858, .F. ) ;
#5370 = CIRCLE ( 'NONE', #5974, 0.04999999999999991300 ) ;
#5371 = ORIENTED_EDGE ( 'NONE', *, *, #2115, .T. ) ;
#5372 = AXIS2_PLACEMENT_3D ( 'NONE', #1491, #650, #4382 ) ;
#5373 = EDGE_CURVE ( 'NONE', #912, #349, #2587, .T. ) ;
#5374 = ORIENTED_EDGE ( 'NONE', *, *, #5596, .F. ) ;
#5375 = CARTESIAN_POINT ( 'NONE',  ( -1.299999999999998700, 0.05000000000000012800, 1.350000000000000100 ) ) ;
#5376 = EDGE_CURVE ( 'NONE', #5477, #5309, #3310, .T. ) ;
#5377 = ORIENTED_EDGE ( 'NONE', *, *, #5507, .F. ) ;
#5378 = DIRECTION ( 'NONE',  ( 0.0000000000000000000, -1.000000000000000000, 0.0000000000000000000 ) ) ;
#5379 = PLANE ( 'NONE',  #2950 ) ;
#5380 = EDGE_LOOP ( 'NONE', ( #5807, #1455, #3451, #4915 ) ) ;
#5381 = EDGE_LOOP ( 'NONE', ( #5868, #731, #4691, #2952 ) ) ;
#5382 = VECTOR ( 'NONE', #3509, 1000.000000000000000 ) ;
#5383 = AXIS2_PLACEMENT_3D ( 'NONE', #4599, #3081, #5599 ) ;
#5384 = ORIENTED_EDGE ( 'NONE', *, *, #2949, .T. ) ;
#5385 = ORIENTED_EDGE ( 'NONE', *, *, #486, .F. ) ;
#5386 = CARTESIAN_POINT ( 'NONE',  ( 1.875000000000000200, 0.1950000000000002800, 1.249999999999999800 ) ) ;
#5387 = CARTESIAN_POINT ( 'NONE',  ( -1.349999999999999000, 0.05000000000000012800, 1.299999999999999800 ) ) ;
#5388 = CARTESIAN_POINT ( 'NONE',  ( 1.424999999999999600, 0.1950000000000002800, -1.874999999999999800 ) ) ;
#5389 = CARTESIAN_POINT ( 'NONE',  ( -1.299999999999998700, 0.05000000000000000300, 0.8500000000000000900 ) ) ;
#5390 = UNCERTAINTY_MEASURE_WITH_UNIT (LENGTH_MEASURE( 1.000000000000000100E-005 ), #4079, 'distance_accuracy_value', 'NONE');
#5391 = DIRECTION ( 'NONE',  ( -0.0000000000000000000, -1.000000000000000000, -0.0000000000000000000 ) ) ;
#5392 = ORIENTED_EDGE ( 'NONE', *, *, #643, .T. ) ;
#5393 = ORIENTED_EDGE ( 'NONE', *, *, #943, .F. ) ;
#5394 = EDGE_CURVE ( 'NONE', #1339, #3026, #4801, .T. ) ;
#5395 = LINE ( 'NONE', #1334, #4598 ) ;
#5396 = ORIENTED_EDGE ( 'NONE', *, *, #1966, .T. ) ;
#5397 = ORIENTED_EDGE ( 'NONE', *, *, #1023, .T. ) ;
#5398 = CIRCLE ( 'NONE', #62, 0.2500000000000000000 ) ;
#5399 = AXIS2_PLACEMENT_3D ( 'NONE', #5213, #2392, #2856 ) ;
#5400 = CARTESIAN_POINT ( 'NONE',  ( 1.424999999999999600, 0.1950000000000002800, -1.874999999999999800 ) ) ;
#5401 = VERTEX_POINT ( 'NONE', #5880 ) ;
#5402 = FACE_OUTER_BOUND ( 'NONE', #4403, .T. ) ;
#5403 = CARTESIAN_POINT ( 'NONE',  ( 1.925000000000000500, 0.6600000000000000300, 1.924999999999999600 ) ) ;
#5404 =( LENGTH_UNIT ( ) NAMED_UNIT ( * ) SI_UNIT ( .MILLI., .METRE. ) );
#5405 = ORIENTED_EDGE ( 'NONE', *, *, #1887, .F. ) ;
#5406 = ADVANCED_FACE ( 'NONE', ( #2441 ), #347, .T. ) ;
#5407 = LINE ( 'NONE', #3548, #739 ) ;
#5408 = EDGE_CURVE ( 'NONE', #4295, #4745, #267, .T. ) ;
#5409 = ORIENTED_EDGE ( 'NONE', *, *, #3885, .F. ) ;
#5410 = VERTEX_POINT ( 'NONE', #2252 ) ;
#5411 = DIRECTION ( 'NONE',  ( -0.0000000000000000000, -0.0000000000000000000, 1.000000000000000000 ) ) ;
#5412 = CARTESIAN_POINT ( 'NONE',  ( 1.875000000000000200, 0.1950000000000000900, 0.5499999999999999300 ) ) ;
#5413 = VECTOR ( 'NONE', #4920, 1000.000000000000000 ) ;
#5414 = VECTOR ( 'NONE', #3753, 1000.000000000000000 ) ;
#5415 = ADVANCED_FACE ( 'NONE', ( #4656 ), #773, .T. ) ;
#5416 = EDGE_CURVE ( 'NONE', #2941, #190, #5096, .T. ) ;
#5417 = EDGE_CURVE ( 'NONE', #5990, #4393, #2001, .T. ) ;
#5418 = CARTESIAN_POINT ( 'NONE',  ( 1.424999999999999600, 0.1200000000000004400, -1.925000000000000300 ) ) ;
#5419 = ORIENTED_EDGE ( 'NONE', *, *, #4774, .T. ) ;
#5420 = CARTESIAN_POINT ( 'NONE',  ( 1.300000000000000700, 0.0000000000000000000, 1.350000000000000100 ) ) ;
#5421 = ORIENTED_EDGE ( 'NONE', *, *, #1447, .F. ) ;
#5422 = LINE ( 'NONE', #4579, #5646 ) ;
#5423 = CARTESIAN_POINT ( 'NONE',  ( 1.875000000000000200, 0.1200000000000003100, -0.4749999999999998100 ) ) ;
#5424 = LINE ( 'NONE', #3154, #4554 ) ;
#5425 = VERTEX_POINT ( 'NONE', #2271 ) ;
#5426 = ORIENTED_EDGE ( 'NONE', *, *, #1447, .T. ) ;
#5427 = EDGE_CURVE ( 'NONE', #5091, #1594, #2079, .T. ) ;
#5428 = AXIS2_PLACEMENT_3D ( 'NONE', #1606, #4380, #2057 ) ;
#5429 = CARTESIAN_POINT ( 'NONE',  ( -1.874999999999999800, 0.1950000000000000900, 0.5499999999999999300 ) ) ;
#5430 = ORIENTED_EDGE ( 'NONE', *, *, #4177, .F. ) ;
#5431 = DIRECTION ( 'NONE',  ( 0.0000000000000000000, 0.0000000000000000000, -1.000000000000000000 ) ) ;
#5432 = DIRECTION ( 'NONE',  ( 0.0000000000000000000, -1.000000000000000000, 0.0000000000000000000 ) ) ;
#5433 = VECTOR ( 'NONE', #134, 1000.000000000000000 ) ;
#5434 = ORIENTED_EDGE ( 'NONE', *, *, #5338, .T. ) ;
#5435 = CIRCLE ( 'NONE', #1426, 0.05000000000000002400 ) ;
#5436 = DIRECTION ( 'NONE',  ( -0.0000000000000000000, 1.000000000000000000, 0.0000000000000000000 ) ) ;
#5437 = AXIS2_PLACEMENT_3D ( 'NONE', #5548, #5038, #5502 ) ;
#5438 = LINE ( 'NONE', #5418, #3233 ) ;
#5439 = ORIENTED_EDGE ( 'NONE', *, *, #544, .F. ) ;
#5440 = LINE ( 'NONE', #4057, #4348 ) ;
#5441 = CARTESIAN_POINT ( 'NONE',  ( 1.925000000000000700, 0.1200000000000001100, 0.2500000000000000000 ) ) ;
#5442 = DIRECTION ( 'NONE',  ( -0.0000000000000000000, 0.0000000000000000000, -1.000000000000000000 ) ) ;
#5443 = CARTESIAN_POINT ( 'NONE',  ( 1.124999999999999800, 0.1950000000000003400, -1.174999999999999800 ) ) ;
#5444 = ORIENTED_EDGE ( 'NONE', *, *, #64, .T. ) ;
#5445 = VECTOR ( 'NONE', #3971, 1000.000000000000000 ) ;
#5446 = CARTESIAN_POINT ( 'NONE',  ( -1.124999999999999800, 0.1950000000000002800, 1.875000000000000200 ) ) ;
#5447 = DIRECTION ( 'NONE',  ( -0.0000000000000000000, 0.0000000000000000000, 1.000000000000000000 ) ) ;
#5448 = ADVANCED_FACE ( 'NONE', ( #2378 ), #893, .F. ) ;
#5449 = ORIENTED_EDGE ( 'NONE', *, *, #726, .F. ) ;
#5450 = LINE ( 'NONE', #2624, #4945 ) ;
#5451 = CARTESIAN_POINT ( 'NONE',  ( -1.874999999999999800, 0.1950000000000035600, 1.875000000000000400 ) ) ;
#5452 = FACE_OUTER_BOUND ( 'NONE', #856, .T. ) ;
#5453 = ORIENTED_EDGE ( 'NONE', *, *, #2973, .F. ) ;
#5454 = EDGE_CURVE ( 'NONE', #1090, #2165, #416, .T. ) ;
#5455 = EDGE_CURVE ( 'NONE', #2516, #3219, #1352, .T. ) ;
#5456 = DIRECTION ( 'NONE',  ( -1.000000000000000000, 0.0000000000000000000, 0.0000000000000000000 ) ) ;
#5457 = ORIENTED_EDGE ( 'NONE', *, *, #5740, .F. ) ;
#5458 = ORIENTED_EDGE ( 'NONE', *, *, #4022, .T. ) ;
#5459 = LINE ( 'NONE', #2066, #2305 ) ;
#5460 = ORIENTED_EDGE ( 'NONE', *, *, #5230, .T. ) ;
#5461 = LINE ( 'NONE', #5989, #2159 ) ;
#5462 = DIRECTION ( 'NONE',  ( -1.000000000000000000, 0.0000000000000000000, -0.0000000000000000000 ) ) ;
#5463 = CARTESIAN_POINT ( 'NONE',  ( -1.424999999999999600, 0.1950000000000002800, -1.474999999999999600 ) ) ;
#5464 = EDGE_LOOP ( 'NONE', ( #5849, #5583, #1060, #3124, #4273, #5500, #2281, #529, #4957, #4507, #2677, #2497, #4973, #4740, #4377, #499, #5138, #5434, #1164, #4581, #2828, #619, #2541, #4459, #2565, #5191, #5211, #2756, #5950, #1971, #3276, #4001, #4426, #3702, #5791, #2445, #2617, #2585, #5901, #4192, #306, #227, #1036, #861 ) ) ;
#5465 = ORIENTED_EDGE ( 'NONE', *, *, #3372, .T. ) ;
#5466 = VECTOR ( 'NONE', #2468, 1000.000000000000000 ) ;
#5467 = DIRECTION ( 'NONE',  ( 0.0000000000000000000, -1.000000000000000000, 0.0000000000000000000 ) ) ;
#5468 = UNCERTAINTY_MEASURE_WITH_UNIT (LENGTH_MEASURE( 1.000000000000000100E-005 ), #4298, 'distance_accuracy_value', 'NONE');
#5469 = CARTESIAN_POINT ( 'NONE',  ( 1.424999999999999600, 0.1200000000000004400, 0.5499999999999999300 ) ) ;
#5470 = CARTESIAN_POINT ( 'NONE',  ( 1.424999999999999600, 0.1950000000000001500, 0.9499999999999999600 ) ) ;
#5471 = ORIENTED_EDGE ( 'NONE', *, *, #2921, .T. ) ;
#5472 = ORIENTED_EDGE ( 'NONE', *, *, #4607, .T. ) ;
#5473 = CIRCLE ( 'NONE', #678, 1.349751633111184300 ) ;
#5474 = DIRECTION ( 'NONE',  ( -1.000000000000000000, -0.0000000000000000000, -0.0000000000000000000 ) ) ;
#5475 = CARTESIAN_POINT ( 'NONE',  ( 0.0000000000000000000, 0.9356394288300756700, 0.0000000000000000000 ) ) ;
#5476 = EDGE_CURVE ( 'NONE', #4593, #668, #122, .T. ) ;
#5477 = VERTEX_POINT ( 'NONE', #407 ) ;
#5478 = FACE_OUTER_BOUND ( 'NONE', #3652, .T. ) ;
#5479 = CARTESIAN_POINT ( 'NONE',  ( -1.424999999999999800, 0.1200000000000000900, -1.174999999999999800 ) ) ;
#5480 = ADVANCED_FACE ( 'NONE', ( #1128 ), #451, .T. ) ;
#5481 = CARTESIAN_POINT ( 'NONE',  ( -1.874999999999999800, 0.0000000000000000000, 0.0000000000000000000 ) ) ;
#5482 = ORIENTED_EDGE ( 'NONE', *, *, #4286, .F. ) ;
#5483 = CARTESIAN_POINT ( 'NONE',  ( -1.349999999999999000, 2.929236009777593800, 1.299999999999999800 ) ) ;
#5484 = CARTESIAN_POINT ( 'NONE',  ( 1.875000000000000200, 0.1200000000000002200, 0.5499999999999999300 ) ) ;
#5485 = DIRECTION ( 'NONE',  ( -1.000000000000000000, 0.0000000000000000000, 0.0000000000000000000 ) ) ;
#5486 = DIRECTION ( 'NONE',  ( -1.000000000000000000, 0.0000000000000000000, 0.0000000000000000000 ) ) ;
#5487 = PLANE ( 'NONE',  #5615 ) ;
#5488 = ORIENTED_EDGE ( 'NONE', *, *, #1089, .F. ) ;
#5489 = CIRCLE ( 'NONE', #4843, 0.04999999999999991300 ) ;
#5490 = DIRECTION ( 'NONE',  ( -0.0000000000000000000, -0.0000000000000000000, 1.000000000000000000 ) ) ;
#5491 = LINE ( 'NONE', #1928, #3498 ) ;
#5492 = CARTESIAN_POINT ( 'NONE',  ( -1.424999999999999600, 0.1200000000000004400, -1.925000000000000300 ) ) ;
#5493 = DIRECTION ( 'NONE',  ( 0.0000000000000000000, 0.0000000000000000000, 1.000000000000000000 ) ) ;
#5494 = ORIENTED_EDGE ( 'NONE', *, *, #2462, .T. ) ;
#5495 = DIRECTION ( 'NONE',  ( 0.0000000000000000000, -1.000000000000000000, 0.0000000000000000000 ) ) ;
#5496 = AXIS2_PLACEMENT_3D ( 'NONE', #136, #2410, #2448 ) ;
#5497 = ORIENTED_EDGE ( 'NONE', *, *, #4175, .T. ) ;
#5498 = CARTESIAN_POINT ( 'NONE',  ( -1.424999999999999600, 0.1950000000000002800, -0.4749999999999999200 ) ) ;
#5499 = EDGE_CURVE ( 'NONE', #2437, #4587, #5891, .T. ) ;
#5500 = ORIENTED_EDGE ( 'NONE', *, *, #4520, .T. ) ;
#5501 = CIRCLE ( 'NONE', #3335, 0.05000000000000002400 ) ;
#5503 = ORIENTED_EDGE ( 'NONE', *, *, #351, .T. ) ;
#5502 = DIRECTION ( 'NONE',  ( -1.000000000000000000, 0.0000000000000000000, -0.0000000000000000000 ) ) ;
#5504 = LINE ( 'NONE', #1050, #2706 ) ;
#5505 = LINE ( 'NONE', #4101, #5723 ) ;
#5506 = EDGE_CURVE ( 'NONE', #4448, #2114, #2879, .T. ) ;
#5507 = EDGE_CURVE ( 'NONE', #4587, #5528, #853, .T. ) ;
#5508 = CARTESIAN_POINT ( 'NONE',  ( 1.300000000000000300, 0.0000000000000000000, 0.5000000000000000000 ) ) ;
#5509 = DIRECTION ( 'NONE',  ( 0.0000000000000000000, -1.000000000000000000, 0.0000000000000000000 ) ) ;
#5510 = ORIENTED_EDGE ( 'NONE', *, *, #4454, .F. ) ;
#5511 = DIRECTION ( 'NONE',  ( 0.0000000000000000000, -1.000000000000000000, 0.0000000000000000000 ) ) ;
#5512 = ORIENTED_EDGE ( 'NONE', *, *, #6017, .T. ) ;
#5513 = CARTESIAN_POINT ( 'NONE',  ( 1.300000000000000700, 0.05000000000000000300, -0.8500000000000000900 ) ) ;
#5514 = VECTOR ( 'NONE', #3450, 1000.000000000000000 ) ;
#5515 = DIRECTION ( 'NONE',  ( 0.0000000000000000000, -1.000000000000000000, 0.0000000000000000000 ) ) ;
#5516 = DIRECTION ( 'NONE',  ( -1.000000000000000000, 0.0000000000000000000, 0.0000000000000000000 ) ) ;
#5517 = AXIS2_PLACEMENT_3D ( 'NONE', #1326, #5553, #3737 ) ;
#5518 = DIRECTION ( 'NONE',  ( 0.0000000000000000000, 0.0000000000000000000, -1.000000000000000000 ) ) ;
#5519 = ADVANCED_FACE ( 'NONE', ( #4879 ), #1280, .T. ) ;
#5520 = ORIENTED_EDGE ( 'NONE', *, *, #5796, .T. ) ;
#5521 = DIRECTION ( 'NONE',  ( 1.000000000000000000, 0.0000000000000000000, 0.0000000000000000000 ) ) ;
#5522 = LINE ( 'NONE', #4453, #5743 ) ;
#5523 = ORIENTED_EDGE ( 'NONE', *, *, #3317, .F. ) ;
#5524 = CARTESIAN_POINT ( 'NONE',  ( 1.875000000000000200, 0.4500000000000000100, 1.875000000000000200 ) ) ;
#5525 = FACE_OUTER_BOUND ( 'NONE', #3307, .T. ) ;
#5526 = CARTESIAN_POINT ( 'NONE',  ( -1.349999999999999000, -0.0000000000000000000, -0.9000000000000003600 ) ) ;
#5527 = AXIS2_PLACEMENT_3D ( 'NONE', #778, #3470, #700 ) ;
#5528 = VERTEX_POINT ( 'NONE', #1865 ) ;
#5529 = DIRECTION ( 'NONE',  ( 0.0000000000000000000, -1.000000000000000000, 0.0000000000000000000 ) ) ;
#5530 = ORIENTED_EDGE ( 'NONE', *, *, #4296, .F. ) ;
#5531 = DIRECTION ( 'NONE',  ( 0.0000000000000000000, -4.969259957225230300E-016, -1.000000000000000000 ) ) ;
#5532 = ORIENTED_EDGE ( 'NONE', *, *, #412, .F. ) ;
#5533 = CARTESIAN_POINT ( 'NONE',  ( 1.875000000000000200, 0.1950000000000005600, -0.4749999999999998100 ) ) ;
#5534 = EDGE_LOOP ( 'NONE', ( #5077, #3455, #939, #4708 ) ) ;
#5535 = ORIENTED_EDGE ( 'NONE', *, *, #2701, .F. ) ;
#5536 = CARTESIAN_POINT ( 'NONE',  ( 1.925000000000000700, 0.1950000000000005600, -0.4749999999999998100 ) ) ;
#5537 = DIRECTION ( 'NONE',  ( 0.0000000000000000000, 0.0000000000000000000, 1.000000000000000000 ) ) ;
#5538 = EDGE_CURVE ( 'NONE', #3889, #5528, #5965, .T. ) ;
#5539 = LINE ( 'NONE', #1367, #3028 ) ;
#5540 = DIRECTION ( 'NONE',  ( -0.0000000000000000000, -0.0000000000000000000, 1.000000000000000000 ) ) ;
#5541 = CARTESIAN_POINT ( 'NONE',  ( 1.300000000000001200, 0.05000000000000000300, -0.9000000000000001300 ) ) ;
#5542 = VERTEX_POINT ( 'NONE', #5597 ) ;
#5543 = ORIENTED_EDGE ( 'NONE', *, *, #643, .F. ) ;
#5544 = ORIENTED_EDGE ( 'NONE', *, *, #2782, .F. ) ;
#5545 = LINE ( 'NONE', #1679, #4299 ) ;
#5546 = EDGE_CURVE ( 'NONE', #3639, #3301, #3379, .T. ) ;
#5547 = EDGE_CURVE ( 'NONE', #2072, #1849, #3692, .T. ) ;
#5548 = CARTESIAN_POINT ( 'NONE',  ( -1.299999999999998700, 0.05000000000000000300, -1.350000000000000100 ) ) ;
#5549 = ORIENTED_EDGE ( 'NONE', *, *, #5153, .T. ) ;
#5550 = ADVANCED_FACE ( 'NONE', ( #4729 ), #5263, .F. ) ;
#5551 = ORIENTED_EDGE ( 'NONE', *, *, #2718, .F. ) ;
#5552 = CARTESIAN_POINT ( 'NONE',  ( -1.124999999999999800, 0.1200000000000004300, -1.874999999999999800 ) ) ;
#5553 = DIRECTION ( 'NONE',  ( -1.000000000000000000, 0.0000000000000000000, 0.0000000000000000000 ) ) ;
#5554 = VECTOR ( 'NONE', #4493, 1000.000000000000000 ) ;
#5555 = CARTESIAN_POINT ( 'NONE',  ( 1.925000000000000700, 0.1950000000000002800, 1.249999999999999800 ) ) ;
#5556 = EDGE_CURVE ( 'NONE', #756, #2969, #4154, .T. ) ;
#5557 = AXIS2_PLACEMENT_3D ( 'NONE', #3474, #2465, #4897 ) ;
#5558 = ORIENTED_EDGE ( 'NONE', *, *, #3288, .T. ) ;
#5559 = FACE_OUTER_BOUND ( 'NONE', #4639, .T. ) ;
#5560 = CARTESIAN_POINT ( 'NONE',  ( -1.299999999999999200, 0.05000000000000012800, -1.300000000000000300 ) ) ;
#5561 = ORIENTED_EDGE ( 'NONE', *, *, #4751, .F. ) ;
#5562 = DIRECTION ( 'NONE',  ( 0.0000000000000000000, 0.0000000000000000000, -1.000000000000000000 ) ) ;
#5563 = EDGE_CURVE ( 'NONE', #5528, #3292, #6035, .T. ) ;
#5564 = STYLED_ITEM ( 'NONE', ( #3578 ), #2935 ) ;
#5565 = VERTEX_POINT ( 'NONE', #3394 ) ;
#5566 = DIRECTION ( 'NONE',  ( -1.000000000000000000, -0.0000000000000000000, -0.0000000000000000000 ) ) ;
#5567 = VECTOR ( 'NONE', #5086, 1000.000000000000000 ) ;
#5568 = DIRECTION ( 'NONE',  ( -1.000000000000000000, 0.0000000000000000000, 0.0000000000000000000 ) ) ;
#5569 = EDGE_LOOP ( 'NONE', ( #1787, #4467, #5957, #3940 ) ) ;
#5570 = DIRECTION ( 'NONE',  ( -1.000000000000000000, 0.0000000000000000000, -0.0000000000000000000 ) ) ;
#5571 = ORIENTED_EDGE ( 'NONE', *, *, #1990, .T. ) ;
#5572 = VECTOR ( 'NONE', #1555, 1000.000000000000000 ) ;
#5573 = DIRECTION ( 'NONE',  ( 0.0000000000000000000, 0.0000000000000000000, 1.000000000000000000 ) ) ;
#5574 = CARTESIAN_POINT ( 'NONE',  ( 1.875000000000000200, 0.1950000000000001700, -0.7749999999999998000 ) ) ;
#5575 = ADVANCED_FACE ( 'NONE', ( #4429 ), #625, .F. ) ;
#5576 = ORIENTED_EDGE ( 'NONE', *, *, #3012, .F. ) ;
#5577 = VECTOR ( 'NONE', #283, 1000.000000000000000 ) ;
#5578 = VECTOR ( 'NONE', #4811, 1000.000000000000000 ) ;
#5579 = AXIS2_PLACEMENT_3D ( 'NONE', #881, #3710, #938 ) ;
#5580 = VERTEX_POINT ( 'NONE', #5780 ) ;
#5581 = CARTESIAN_POINT ( 'NONE',  ( 1.300000000000001200, 0.0000000000000000000, 1.300000000000000300 ) ) ;
#5582 = EDGE_CURVE ( 'NONE', #3183, #681, #4506, .T. ) ;
#5583 = ORIENTED_EDGE ( 'NONE', *, *, #3720, .T. ) ;
#5584 = LINE ( 'NONE', #118, #3358 ) ;
#5585 = PLANE ( 'NONE',  #1086 ) ;
#5586 = EDGE_CURVE ( 'NONE', #4838, #511, #707, .T. ) ;
#5587 = ORIENTED_EDGE ( 'NONE', *, *, #4412, .T. ) ;
#5588 = DIRECTION ( 'NONE',  ( -0.0000000000000000000, 0.0000000000000000000, -1.000000000000000000 ) ) ;
#5589 = LINE ( 'NONE', #1974, #4341 ) ;
#5590 = CARTESIAN_POINT ( 'NONE',  ( 1.925000000000000700, 0.1949999999999999500, 0.2500000000000000000 ) ) ;
#5591 = VECTOR ( 'NONE', #2662, 1000.000000000000000 ) ;
#5592 = ORIENTED_EDGE ( 'NONE', *, *, #5870, .T. ) ;
#5593 = LINE ( 'NONE', #4492, #618 ) ;
#5594 = DIRECTION ( 'NONE',  ( 0.0000000000000000000, 0.0000000000000000000, -1.000000000000000000 ) ) ;
#5595 = CARTESIAN_POINT ( 'NONE',  ( 1.349751633111184300, 0.9356394288300756700, 0.0000000000000000000 ) ) ;
#5596 = EDGE_CURVE ( 'NONE', #4435, #502, #4583, .T. ) ;
#5597 = CARTESIAN_POINT ( 'NONE',  ( -1.874999999999999800, 0.1200000000000001100, 0.2500000000000000000 ) ) ;
#5598 = ORIENTED_EDGE ( 'NONE', *, *, #3395, .T. ) ;
#5599 = DIRECTION ( 'NONE',  ( 0.0000000000000000000, 0.0000000000000000000, -1.000000000000000000 ) ) ;
#5600 = VECTOR ( 'NONE', #1604, 1000.000000000000000 ) ;
#5601 = ORIENTED_EDGE ( 'NONE', *, *, #5223, .F. ) ;
#5602 = PLANE ( 'NONE',  #2524 ) ;
#5603 = DIRECTION ( 'NONE',  ( -1.000000000000000000, 0.0000000000000000000, 0.0000000000000000000 ) ) ;
#5604 = LINE ( 'NONE', #22, #3838 ) ;
#5605 = ADVANCED_FACE ( 'NONE', ( #4356 ), #2956, .T. ) ;
#5606 = FACE_OUTER_BOUND ( 'NONE', #3043, .T. ) ;
#5607 = PLANE ( 'NONE',  #1484 ) ;
#5608 = PLANE ( 'NONE',  #2827 ) ;
#5609 = DIRECTION ( 'NONE',  ( -1.000000000000000000, 0.0000000000000000000, 0.0000000000000000000 ) ) ;
#5610 = ORIENTED_EDGE ( 'NONE', *, *, #1524, .T. ) ;
#5611 = ORIENTED_EDGE ( 'NONE', *, *, #3318, .F. ) ;
#5612 = VECTOR ( 'NONE', #1579, 1000.000000000000000 ) ;
#5613 = LINE ( 'NONE', #5614, #3102 ) ;
#5614 = CARTESIAN_POINT ( 'NONE',  ( 1.424999999999999600, 0.1950000000000000900, 0.5499999999999999300 ) ) ;
#5615 = AXIS2_PLACEMENT_3D ( 'NONE', #5363, #2668, #3477 ) ;
#5616 = EDGE_CURVE ( 'NONE', #3790, #686, #60, .T. ) ;
#5617 = ORIENTED_EDGE ( 'NONE', *, *, #3131, .F. ) ;
#5618 = ORIENTED_EDGE ( 'NONE', *, *, #2783, .F. ) ;
#5619 = VECTOR ( 'NONE', #2429, 1000.000000000000000 ) ;
#5620 = VERTEX_POINT ( 'NONE', #3849 ) ;
#5621 = VERTEX_POINT ( 'NONE', #1041 ) ;
#5622 = EDGE_CURVE ( 'NONE', #5928, #4668, #4290, .T. ) ;
#5623 = CARTESIAN_POINT ( 'NONE',  ( -1.424999999999999800, 0.1949999999999999800, -1.474999999999999600 ) ) ;
#5624 = EDGE_CURVE ( 'NONE', #4596, #3513, #1934, .T. ) ;
#5625 = LINE ( 'NONE', #2144, #2388 ) ;
#5626 = CARTESIAN_POINT ( 'NONE',  ( -1.299999999999999800, -0.0000000000000000000, -0.4500000000000000100 ) ) ;
#5627 = DIRECTION ( 'NONE',  ( 0.7071067811865515700, 0.0000000000000000000, -0.7071067811865435800 ) ) ;
#5628 = EDGE_LOOP ( 'NONE', ( #4905, #2719, #2323, #6007, #2251, #1947, #6038, #4860 ) ) ;
#5629 = DIRECTION ( 'NONE',  ( 0.0000000000000000000, -1.000000000000000000, 0.0000000000000000000 ) ) ;
#5630 = FACE_BOUND ( 'NONE', #5628, .T. ) ;
#5631 = AXIS2_PLACEMENT_3D ( 'NONE', #1331, #4227, #4698 ) ;
#5632 = ORIENTED_EDGE ( 'NONE', *, *, #1921, .T. ) ;
#5633 = CARTESIAN_POINT ( 'NONE',  ( -1.299999999999999800, 0.0000000000000000000, 0.5000000000000000000 ) ) ;
#5634 = LINE ( 'NONE', #2688, #1893 ) ;
#5635 = DIRECTION ( 'NONE',  ( 0.0000000000000000000, 0.0000000000000000000, 1.000000000000000000 ) ) ;
#5636 = PLANE ( 'NONE',  #5631 ) ;
#5637 = ADVANCED_FACE ( 'NONE', ( #5606 ), #1533, .F. ) ;
#5638 = DIRECTION ( 'NONE',  ( 0.0000000000000000000, 0.0000000000000000000, 1.000000000000000000 ) ) ;
#5639 = CLOSED_SHELL ( 'NONE', ( #2400, #5181, #3011, #728, #2092, #3422, #880, #2705, #5605, #3487 ) ) ;
#5640 = CARTESIAN_POINT ( 'NONE',  ( 1.424999999999999600, 0.1950000000000002800, -1.874999999999999800 ) ) ;
#5641 = LINE ( 'NONE', #4490, #5413 ) ;
#5642 = LINE ( 'NONE', #3340, #4250 ) ;
#5643 = ORIENTED_EDGE ( 'NONE', *, *, #5710, .T. ) ;
#5644 = DIRECTION ( 'NONE',  ( -0.0000000000000000000, -1.000000000000000000, -0.0000000000000000000 ) ) ;
#5645 = ORIENTED_EDGE ( 'NONE', *, *, #1687, .T. ) ;
#5646 = VECTOR ( 'NONE', #1765, 1000.000000000000000 ) ;
#5647 = CARTESIAN_POINT ( 'NONE',  ( 1.424999999999999600, 0.1200000000000004400, -1.874999999999999800 ) ) ;
#5648 = DIRECTION ( 'NONE',  ( 0.0000000000000000000, -0.0000000000000000000, -1.000000000000000000 ) ) ;
#5649 = LINE ( 'NONE', #1983, #4401 ) ;
#5650 = VECTOR ( 'NONE', #5948, 1000.000000000000000 ) ;
#5651 = CARTESIAN_POINT ( 'NONE',  ( 1.349751633111184300, 0.9356394288300758900, -3.305938034267048500E-016 ) ) ;
#5652 = CARTESIAN_POINT ( 'NONE',  ( 1.424999999999999600, 0.1950000000000001700, -0.7749999999999998000 ) ) ;
#5653 = DIRECTION ( 'NONE',  ( -0.0000000000000000000, -0.0000000000000000000, 1.000000000000000000 ) ) ;
#5654 = DIRECTION ( 'NONE',  ( -1.000000000000000000, 0.0000000000000000000, 0.0000000000000000000 ) ) ;
#5655 = CARTESIAN_POINT ( 'NONE',  ( -1.424999999999999600, 0.1200000000000004400, -1.474999999999999600 ) ) ;
#5656 = ORIENTED_EDGE ( 'NONE', *, *, #1306, .T. ) ;
#5657 = VECTOR ( 'NONE', #1489, 1000.000000000000000 ) ;
#5658 = EDGE_CURVE ( 'NONE', #1024, #2209, #5827, .T. ) ;
#5659 = EDGE_CURVE ( 'NONE', #1206, #812, #5539, .T. ) ;
#5660 =( BOUNDED_SURFACE ( )  B_SPLINE_SURFACE ( 3, 3, ( 
 ( #5862, #4902, #3042, #223 ),
 ( #2586, #5819, #3006, #260 ),
 ( #3505, #5351, #3483, #4922 ),
 ( #4421, #3528, #2087, #3460 ) ),
 .UNSPECIFIED., .F., .F., .T. ) 
 B_SPLINE_SURFACE_WITH_KNOTS ( ( 4, 4 ),
 ( 4, 4 ),
 ( 0.0000000000000000000, 1.000000000000000000 ),
 ( 0.0000000000000000000, 1.000000000000000000 ),
 .UNSPECIFIED. ) 
 GEOMETRIC_REPRESENTATION_ITEM ( )  RATIONAL_B_SPLINE_SURFACE ( (
 ( 1.000000000000000000, 0.3333333333333327600, 0.3333333333333327600, 1.000000000000000000),
 ( 0.8675335370894066100, 0.2891778456964683700, 0.2891778456964683700, 0.8675335370894066100),
 ( 0.8675335370894066100, 0.2891778456964683700, 0.2891778456964683700, 0.8675335370894066100),
 ( 1.000000000000000000, 0.3333333333333327600, 0.3333333333333327600, 1.000000000000000000) ) ) 
 REPRESENTATION_ITEM ( '' )  SURFACE ( )  );
#5661 = CARTESIAN_POINT ( 'NONE',  ( -1.683737267485794000E-016, 0.9356394288300756700, -1.349751633111184300 ) ) ;
#5662 = ORIENTED_EDGE ( 'NONE', *, *, #4718, .F. ) ;
#5663 = DIRECTION ( 'NONE',  ( -1.000000000000000000, -0.0000000000000000000, 0.0000000000000000000 ) ) ;
#5664 = DIRECTION ( 'NONE',  ( 0.0000000000000000000, 0.0000000000000000000, 1.000000000000000000 ) ) ;
#5665 = FACE_OUTER_BOUND ( 'NONE', #296, .T. ) ;
#5666 = ADVANCED_FACE ( 'NONE', ( #987 ), #5977, .T. ) ;
#5667 = AXIS2_PLACEMENT_3D ( 'NONE', #4689, #1876, #5158 ) ;
#5668 = CARTESIAN_POINT ( 'NONE',  ( -1.874999999999999800, 0.1200000000000014500, 1.875000000000000400 ) ) ;
#5669 = EDGE_LOOP ( 'NONE', ( #3817, #5023, #5137, #4652 ) ) ;
#5670 = CYLINDRICAL_SURFACE ( 'NONE', #4491, 0.05000000000000007900 ) ;
#5671 = DIRECTION ( 'NONE',  ( -1.000000000000000000, 0.0000000000000000000, 0.0000000000000000000 ) ) ;
#5672 = ORIENTED_EDGE ( 'NONE', *, *, #1098, .F. ) ;
#5673 = ORIENTED_EDGE ( 'NONE', *, *, #4286, .T. ) ;
#5674 = DIRECTION ( 'NONE',  ( 0.0000000000000000000, 0.0000000000000000000, 1.000000000000000000 ) ) ;
#5675 = CARTESIAN_POINT ( 'NONE',  ( -1.874999999999999800, 0.1950000000000005600, -0.4749999999999998100 ) ) ;
#5676 = CARTESIAN_POINT ( 'NONE',  ( -1.299999999999998700, -0.0000000000000000000, -0.8500000000000000900 ) ) ;
#5677 = EDGE_CURVE ( 'NONE', #2941, #2554, #2732, .T. ) ;
#5678 = ORIENTED_EDGE ( 'NONE', *, *, #2893, .T. ) ;
#5679 = EDGE_LOOP ( 'NONE', ( #2014, #2288, #1059, #379 ) ) ;
#5680 = VERTEX_POINT ( 'NONE', #4610 ) ;
#5681 = VECTOR ( 'NONE', #71, 1000.000000000000000 ) ;
#5682 = CARTESIAN_POINT ( 'NONE',  ( 1.424999999999999600, 0.1950000000000002800, 0.9500000000000000700 ) ) ;
#5683 = CARTESIAN_POINT ( 'NONE',  ( 1.300000000000000700, 0.05000000000000000300, 0.8500000000000000900 ) ) ;
#5684 = ORIENTED_EDGE ( 'NONE', *, *, #2782, .T. ) ;
#5685 = ORIENTED_EDGE ( 'NONE', *, *, #4824, .T. ) ;
#5686 = VERTEX_POINT ( 'NONE', #3205 ) ;
#5687 = DIRECTION ( 'NONE',  ( -1.000000000000000000, -0.0000000000000000000, -0.0000000000000000000 ) ) ;
#5688 = VECTOR ( 'NONE', #4381, 1000.000000000000000 ) ;
#5689 = CARTESIAN_POINT ( 'NONE',  ( 1.424999999999999600, 0.1950000000000002800, -1.925000000000000300 ) ) ;
#5690 = ORIENTED_EDGE ( 'NONE', *, *, #3605, .F. ) ;
#5691 = VERTEX_POINT ( 'NONE', #4189 ) ;
#5692 = AXIS2_PLACEMENT_3D ( 'NONE', #445, #5515, #4634 ) ;
#5693 = CARTESIAN_POINT ( 'NONE',  ( 1.997362045909988500E-016, 0.6600000000000000300, 1.630969882337201000 ) ) ;
#5694 = EDGE_CURVE ( 'NONE', #1123, #1520, #1793, .T. ) ;
#5695 = CARTESIAN_POINT ( 'NONE',  ( -1.874999999999999800, 0.0000000000000000000, 0.0000000000000000000 ) ) ;
#5696 = EDGE_CURVE ( 'NONE', #2742, #1772, #1636, .T. ) ;
#5697 = ADVANCED_FACE ( 'NONE', ( #5760 ), #4379, .F. ) ;
#5698 = CARTESIAN_POINT ( 'NONE',  ( 1.875000000000000200, 0.1200000000000001600, -0.7749999999999998000 ) ) ;
#5699 = ORIENTED_EDGE ( 'NONE', *, *, #5089, .F. ) ;
#5700 = VECTOR ( 'NONE', #3981, 1000.000000000000000 ) ;
#5701 = AXIS2_PLACEMENT_3D ( 'NONE', #5541, #3642, #3149 ) ;
#5702 = EDGE_LOOP ( 'NONE', ( #1250, #1138, #1462, #5690, #4413, #3002, #2916, #1821 ) ) ;
#5703 = DIRECTION ( 'NONE',  ( -1.000000000000000000, 0.0000000000000000000, 0.0000000000000000000 ) ) ;
#5704 = CIRCLE ( 'NONE', #6032, 0.05000000000000002400 ) ;
#5705 = CARTESIAN_POINT ( 'NONE',  ( -1.299999999999999200, 2.929236009777593800, 1.300000000000000300 ) ) ;
#5706 = SURFACE_SIDE_STYLE ('',( #738 ) ) ;
#5707 = DIRECTION ( 'NONE',  ( -0.0000000000000000000, -1.000000000000000000, -0.0000000000000000000 ) ) ;
#5708 = ORIENTED_EDGE ( 'NONE', *, *, #2611, .F. ) ;
#5709 = LINE ( 'NONE', #3572, #374 ) ;
#5710 = EDGE_CURVE ( 'NONE', #1630, #2851, #338, .T. ) ;
#5711 = VERTEX_POINT ( 'NONE', #5693 ) ;
#5712 = ORIENTED_EDGE ( 'NONE', *, *, #3087, .F. ) ;
#5713 = CARTESIAN_POINT ( 'NONE',  ( -1.124999999999999800, 0.1950000000000002800, -1.925000000000000300 ) ) ;
#5714 = DIRECTION ( 'NONE',  ( -0.0000000000000000000, 0.0000000000000000000, -1.000000000000000000 ) ) ;
#5715 = VECTOR ( 'NONE', #2375, 1000.000000000000000 ) ;
#5716 = DIRECTION ( 'NONE',  ( 1.000000000000000000, 0.0000000000000000000, 0.0000000000000000000 ) ) ;
#5717 = LINE ( 'NONE', #3401, #3347 ) ;
#5718 = DIRECTION ( 'NONE',  ( -1.000000000000000000, 0.0000000000000000000, -0.0000000000000000000 ) ) ;
#5719 = ORIENTED_EDGE ( 'NONE', *, *, #1759, .T. ) ;
#5720 = ORIENTED_EDGE ( 'NONE', *, *, #4489, .F. ) ;
#5721 = EDGE_LOOP ( 'NONE', ( #4977, #5207, #5828, #1671 ) ) ;
#5722 = MECHANICAL_DESIGN_GEOMETRIC_PRESENTATION_REPRESENTATION (  '', ( #1004 ), #2762 ) ;
#5723 = VECTOR ( 'NONE', #4165, 1000.000000000000000 ) ;
#5724 = DIRECTION ( 'NONE',  ( 0.0000000000000000000, 0.0000000000000000000, -1.000000000000000000 ) ) ;
#5725 = CARTESIAN_POINT ( 'NONE',  ( 0.0000000000000000000, 0.0000000000000000000, 0.0000000000000000000 ) ) ;
#5726 = DIRECTION ( 'NONE',  ( 1.000000000000000000, 0.0000000000000000000, -0.0000000000000000000 ) ) ;
#5727 = ORIENTED_EDGE ( 'NONE', *, *, #3088, .T. ) ;
#5728 = CARTESIAN_POINT ( 'NONE',  ( 1.875000000000000200, 0.4500000000000000100, 1.875000000000000200 ) ) ;
#5729 = VECTOR ( 'NONE', #4934, 1000.000000000000000 ) ;
#5730 = AXIS2_PLACEMENT_3D ( 'NONE', #5330, #205, #3531 ) ;
#5731 = DIRECTION ( 'NONE',  ( -1.000000000000000000, -0.0000000000000000000, -0.0000000000000000000 ) ) ;
#5732 = EDGE_CURVE ( 'NONE', #4728, #2494, #5613, .T. ) ;
#5733 = ORIENTED_EDGE ( 'NONE', *, *, #4831, .F. ) ;
#5734 = VECTOR ( 'NONE', #2506, 1000.000000000000000 ) ;
#5735 = CARTESIAN_POINT ( 'NONE',  ( 1.300000000000000300, 2.929236009777593800, 0.5000000000000000000 ) ) ;
#5736 = CARTESIAN_POINT ( 'NONE',  ( -1.125000000000000000, 0.1200000000000003100, -0.4749999999999998100 ) ) ;
#5737 = DIRECTION ( 'NONE',  ( 0.0000000000000000000, 0.0000000000000000000, 1.000000000000000000 ) ) ;
#5738 = CARTESIAN_POINT ( 'NONE',  ( -1.124999999999999800, 0.1950000000000002800, -1.874999999999999800 ) ) ;
#5739 = EDGE_CURVE ( 'NONE', #3658, #3151, #1721, .T. ) ;
#5740 = EDGE_CURVE ( 'NONE', #3898, #193, #4810, .T. ) ;
#5741 = VECTOR ( 'NONE', #4078, 1000.000000000000000 ) ;
#5742 = ORIENTED_EDGE ( 'NONE', *, *, #4760, .F. ) ;
#5743 = VECTOR ( 'NONE', #2100, 1000.000000000000000 ) ;
#5744 = DIRECTION ( 'NONE',  ( 1.000000000000000000, 0.0000000000000000000, 0.0000000000000000000 ) ) ;
#5745 = ORIENTED_EDGE ( 'NONE', *, *, #578, .T. ) ;
#5746 = DIRECTION ( 'NONE',  ( 0.0000000000000000000, 0.0000000000000000000, -1.000000000000000000 ) ) ;
#5747 = LINE ( 'NONE', #4628, #2790 ) ;
#5748 = EDGE_CURVE ( 'NONE', #5565, #5686, #3254, .T. ) ;
#5749 = DIRECTION ( 'NONE',  ( -0.0000000000000000000, -1.000000000000000000, -0.0000000000000000000 ) ) ;
#5750 = AXIS2_PLACEMENT_3D ( 'NONE', #5262, #4795, #3313 ) ;
#5751 = ORIENTED_EDGE ( 'NONE', *, *, #4805, .T. ) ;
#5752 = VECTOR ( 'NONE', #5674, 1000.000000000000000 ) ;
#5753 = DIRECTION ( 'NONE',  ( -1.000000000000000000, -0.0000000000000000000, -0.0000000000000000000 ) ) ;
#5754 = VECTOR ( 'NONE', #101, 1000.000000000000000 ) ;
#5755 = CARTESIAN_POINT ( 'NONE',  ( 1.925000000000000700, 0.1199999999999999500, -1.474999999999999600 ) ) ;
#5756 = ORIENTED_EDGE ( 'NONE', *, *, #3606, .T. ) ;
#5757 = VERTEX_POINT ( 'NONE', #5633 ) ;
#5758 = DIRECTION ( 'NONE',  ( 1.000000000000000000, -0.0000000000000000000, 0.0000000000000000000 ) ) ;
#5759 = FACE_OUTER_BOUND ( 'NONE', #428, .T. ) ;
#5760 = FACE_OUTER_BOUND ( 'NONE', #3349, .T. ) ;
#5761 = ORIENTED_EDGE ( 'NONE', *, *, #5106, .T. ) ;
#5762 = CARTESIAN_POINT ( 'NONE',  ( -1.124999999999999800, 0.1950000000000002800, 1.875000000000000200 ) ) ;
#5763 = FACE_OUTER_BOUND ( 'NONE', #4133, .T. ) ;
#5764 = PLANE ( 'NONE',  #4196 ) ;
#5765 = DIRECTION ( 'NONE',  ( -0.0000000000000000000, -1.000000000000000000, -0.0000000000000000000 ) ) ;
#5766 = CARTESIAN_POINT ( 'NONE',  ( -1.424999999999999600, 0.1950000000000002800, -1.874999999999999800 ) ) ;
#5767 = EDGE_CURVE ( 'NONE', #3026, #2042, #637, .T. ) ;
#5768 = ORIENTED_EDGE ( 'NONE', *, *, #998, .T. ) ;
#5769 = EDGE_LOOP ( 'NONE', ( #458, #498, #1276, #2770 ) ) ;
#5770 = LINE ( 'NONE', #583, #2529 ) ;
#5771 = CARTESIAN_POINT ( 'NONE',  ( -1.299999999999999800, 0.0000000000000000000, 0.4500000000000000100 ) ) ;
#5772 = AXIS2_PLACEMENT_3D ( 'NONE', #1272, #5495, #1222 ) ;
#5773 = ORIENTED_EDGE ( 'NONE', *, *, #1099, .F. ) ;
#5774 = EDGE_CURVE ( 'NONE', #3955, #2652, #488, .T. ) ;
#5775 = EDGE_CURVE ( 'NONE', #1784, #2209, #2948, .T. ) ;
#5776 = VECTOR ( 'NONE', #310, 1000.000000000000000 ) ;
#5777 = DIRECTION ( 'NONE',  ( 0.0000000000000000000, -1.000000000000000000, 0.0000000000000000000 ) ) ;
#5778 = CARTESIAN_POINT ( 'NONE',  ( 1.424999999999999600, 0.1200000000000004400, -1.874999999999999800 ) ) ;
#5779 = CARTESIAN_POINT ( 'NONE',  ( 1.875000000000000200, 0.1950000000000042000, 1.875000000000000400 ) ) ;
#5780 = CARTESIAN_POINT ( 'NONE',  ( -1.299999999999999200, 0.0000000000000000000, -1.350000000000000100 ) ) ;
#5781 = ORIENTED_EDGE ( 'NONE', *, *, #5677, .F. ) ;
#5782 = CARTESIAN_POINT ( 'NONE',  ( -1.874999999999999800, 0.0000000000000000000, 1.875000000000000200 ) ) ;
#5783 = ORIENTED_EDGE ( 'NONE', *, *, #1886, .T. ) ;
#5784 = CARTESIAN_POINT ( 'NONE',  ( 1.875000000000000200, 0.0000000000000000000, 0.0000000000000000000 ) ) ;
#5785 = DIRECTION ( 'NONE',  ( -0.0000000000000000000, -1.000000000000000000, -0.0000000000000000000 ) ) ;
#5786 = EDGE_LOOP ( 'NONE', ( #2858, #886, #2690, #1033 ) ) ;
#5787 = CARTESIAN_POINT ( 'NONE',  ( -1.299999999999998700, 0.0000000000000000000, 0.8500000000000000900 ) ) ;
#5788 = VECTOR ( 'NONE', #278, 1000.000000000000000 ) ;
#5789 = COLOUR_RGB ( '',0.2509803921568627400, 0.2509803921568627400, 0.2509803921568627400 ) ;
#5790 = PLANE ( 'NONE',  #4647 ) ;
#5791 = ORIENTED_EDGE ( 'NONE', *, *, #4970, .T. ) ;
#5792 = DIRECTION ( 'NONE',  ( 0.0000000000000000000, 0.0000000000000000000, -1.000000000000000000 ) ) ;
#5793 =( NAMED_UNIT ( * ) SI_UNIT ( $, .STERADIAN. ) SOLID_ANGLE_UNIT ( ) );
#5794 = FACE_OUTER_BOUND ( 'NONE', #105, .T. ) ;
#5795 = FACE_BOUND ( 'NONE', #5218, .T. ) ;
#5796 = EDGE_CURVE ( 'NONE', #2223, #926, #3776, .T. ) ;
#5797 = CARTESIAN_POINT ( 'NONE',  ( 1.300000000000000700, 0.05000000000000000300, -1.350000000000000100 ) ) ;
#5798 = CARTESIAN_POINT ( 'NONE',  ( 1.350000000000001200, 2.929236009777593800, 1.299999999999999800 ) ) ;
#5799 = ORIENTED_EDGE ( 'NONE', *, *, #3903, .F. ) ;
#5800 = DIRECTION ( 'NONE',  ( 0.0000000000000000000, -1.000000000000000000, 0.0000000000000000000 ) ) ;
#5801 = VECTOR ( 'NONE', #1094, 1000.000000000000000 ) ;
#5802 = CARTESIAN_POINT ( 'NONE',  ( 1.124999999999999800, 0.1950000000000002800, -1.925000000000000300 ) ) ;
#5803 = ORIENTED_EDGE ( 'NONE', *, *, #2469, .F. ) ;
#5804 = DIRECTION ( 'NONE',  ( 0.0000000000000000000, 0.0000000000000000000, -1.000000000000000000 ) ) ;
#5805 = VECTOR ( 'NONE', #23, 1000.000000000000000 ) ;
#5806 = CARTESIAN_POINT ( 'NONE',  ( 1.875000000000000200, 0.1200000000000003100, -0.4749999999999998100 ) ) ;
#5807 = ORIENTED_EDGE ( 'NONE', *, *, #5658, .T. ) ;
#5808 = LINE ( 'NONE', #2037, #5066 ) ;
#5809 = AXIS2_PLACEMENT_3D ( 'NONE', #3220, #5603, #2741 ) ;
#5810 = EDGE_CURVE ( 'NONE', #4184, #5243, #2012, .T. ) ;
#5811 = ORIENTED_EDGE ( 'NONE', *, *, #2266, .T. ) ;
#5812 = LINE ( 'NONE', #1503, #2571 ) ;
#5813 = DIRECTION ( 'NONE',  ( 0.0000000000000000000, 0.0000000000000000000, -1.000000000000000000 ) ) ;
#5814 = CARTESIAN_POINT ( 'NONE',  ( -1.299999999999999800, 2.929236009777593800, 0.4500000000000000100 ) ) ;
#5815 = EDGE_LOOP ( 'NONE', ( #4543, #3072, #1924, #3797 ) ) ;
#5816 = AXIS2_PLACEMENT_3D ( 'NONE', #5640, #6036, #3231 ) ;
#5817 = EDGE_CURVE ( 'NONE', #686, #1407, #2306, .T. ) ;
#5818 = ORIENTED_EDGE ( 'NONE', *, *, #2808, .T. ) ;
#5819 = CARTESIAN_POINT ( 'NONE',  ( 0.6732431816118361600, 1.629999999999999200, 1.346486363223674800 ) ) ;
#5820 = CARTESIAN_POINT ( 'NONE',  ( 1.875000000000000200, 0.1950000000000001700, -0.7749999999999998000 ) ) ;
#5821 = DIRECTION ( 'NONE',  ( 1.000000000000000000, 0.0000000000000000000, 0.0000000000000000000 ) ) ;
#5822 = ORIENTED_EDGE ( 'NONE', *, *, #48, .T. ) ;
#5823 = CARTESIAN_POINT ( 'NONE',  ( 1.124999999999999800, 0.1950000000000001700, -0.7749999999999998000 ) ) ;
#5824 = ORIENTED_EDGE ( 'NONE', *, *, #4736, .F. ) ;
#5825 = ORIENTED_EDGE ( 'NONE', *, *, #2240, .T. ) ;
#5826 = AXIS2_PLACEMENT_3D ( 'NONE', #4244, #4714, #5714 ) ;
#5827 = CIRCLE ( 'NONE', #5692, 0.04999999999999991300 ) ;
#5828 = ORIENTED_EDGE ( 'NONE', *, *, #4913, .F. ) ;
#5829 = CARTESIAN_POINT ( 'NONE',  ( 1.925000000000000700, 0.1200000000000001100, 0.2500000000000000000 ) ) ;
#5830 = VERTEX_POINT ( 'NONE', #1191 ) ;
#5831 = ORIENTED_EDGE ( 'NONE', *, *, #5304, .F. ) ;
#5832 = EDGE_LOOP ( 'NONE', ( #2386, #5971, #957, #768 ) ) ;
#5833 = FACE_OUTER_BOUND ( 'NONE', #1271, .T. ) ;
#5834 = PLANE ( 'NONE',  #1264 ) ;
#5835 = CARTESIAN_POINT ( 'NONE',  ( -1.349999999999999000, 0.05000000000000000300, 1.299999999999999800 ) ) ;
#5836 = CARTESIAN_POINT ( 'NONE',  ( -1.299999999999998700, 0.05000000000000000300, -0.8500000000000000900 ) ) ;
#5837 = EDGE_LOOP ( 'NONE', ( #1372, #3315, #3285, #4721 ) ) ;
#5838 = EDGE_LOOP ( 'NONE', ( #3927, #1633, #5535, #4236 ) ) ;
#5839 = ORIENTED_EDGE ( 'NONE', *, *, #2500, .T. ) ;
#5840 = AXIS2_PLACEMENT_3D ( 'NONE', #345, #5935, #2188 ) ;
#5841 = PLANE ( 'NONE',  #821 ) ;
#5842 = VECTOR ( 'NONE', #4513, 1000.000000000000000 ) ;
#5843 = CARTESIAN_POINT ( 'NONE',  ( 1.424999999999999600, 0.1950000000000002800, 1.249999999999999800 ) ) ;
#5844 = ORIENTED_EDGE ( 'NONE', *, *, #4988, .F. ) ;
#5845 = LINE ( 'NONE', #2532, #2101 ) ;
#5846 = ADVANCED_FACE ( 'NONE', ( #784 ), #3069, .F. ) ;
#5847 = DIRECTION ( 'NONE',  ( -0.0000000000000000000, -0.0000000000000000000, 1.000000000000000000 ) ) ;
#5848 = EDGE_CURVE ( 'NONE', #3292, #4435, #5461, .T. ) ;
#5849 = ORIENTED_EDGE ( 'NONE', *, *, #3969, .F. ) ;
#5850 = VECTOR ( 'NONE', #3632, 1000.000000000000000 ) ;
#5851 = EDGE_CURVE ( 'NONE', #1131, #354, #1422, .T. ) ;
#5852 = ORIENTED_EDGE ( 'NONE', *, *, #215, .F. ) ;
#5853 = EDGE_CURVE ( 'NONE', #1348, #5882, #5306, .T. ) ;
#5854 = CARTESIAN_POINT ( 'NONE',  ( -1.874999999999999800, 0.1950000000000003400, -1.174999999999999800 ) ) ;
#5855 = CYLINDRICAL_SURFACE ( 'NONE', #3112, 0.04999999999999991300 ) ;
#5856 = ORIENTED_EDGE ( 'NONE', *, *, #4177, .T. ) ;
#5857 = ORIENTED_EDGE ( 'NONE', *, *, #1176, .F. ) ;
#5858 = EDGE_CURVE ( 'NONE', #165, #4059, #1862, .T. ) ;
#5859 = LINE ( 'NONE', #807, #3133 ) ;
#5860 = LINE ( 'NONE', #141, #2478 ) ;
#5861 = AXIS2_PLACEMENT_3D ( 'NONE', #2542, #3906, #5927 ) ;
#5862 = CARTESIAN_POINT ( 'NONE',  ( 0.04999999999999984300, 1.629999999999999400, 0.0000000000000000000 ) ) ;
#5863 = CARTESIAN_POINT ( 'NONE',  ( 1.875000000000000200, 0.1950000000000001500, 0.9499999999999999600 ) ) ;
#5864 = CARTESIAN_POINT ( 'NONE',  ( 1.124999999999999800, 0.1200000000000004400, 1.249999999999999800 ) ) ;
#5865 = ORIENTED_EDGE ( 'NONE', *, *, #2861, .F. ) ;
#5866 = DIRECTION ( 'NONE',  ( 0.0000000000000000000, -1.000000000000000000, 0.0000000000000000000 ) ) ;
#5867 = DIRECTION ( 'NONE',  ( -1.000000000000000000, 0.0000000000000000000, 0.0000000000000000000 ) ) ;
#5868 = ORIENTED_EDGE ( 'NONE', *, *, #3850, .T. ) ;
#5869 = VERTEX_POINT ( 'NONE', #3176 ) ;
#5870 = EDGE_CURVE ( 'NONE', #3668, #2463, #4077, .T. ) ;
#5871 = EDGE_LOOP ( 'NONE', ( #994, #2655, #2213, #359 ) ) ;
#5872 = VECTOR ( 'NONE', #646, 1000.000000000000000 ) ;
#5873 = ADVANCED_FACE ( 'NONE', ( #2958 ), #4122, .F. ) ;
#5874 = VERTEX_POINT ( 'NONE', #2198 ) ;
#5875 = VECTOR ( 'NONE', #506, 1000.000000000000000 ) ;
#5876 = CARTESIAN_POINT ( 'NONE',  ( 1.124999999999999800, 0.1950000000000002800, -0.7749999999999999100 ) ) ;
#5877 = ADVANCED_FACE ( 'NONE', ( #1870 ), #4028, .T. ) ;
#5878 = PLANE ( 'NONE',  #2453 ) ;
#5879 = EDGE_LOOP ( 'NONE', ( #2716, #393, #340, #5129 ) ) ;
#5880 = CARTESIAN_POINT ( 'NONE',  ( 1.925000000000000500, 0.4500000000000000100, 1.924999999999999600 ) ) ;
#5881 = LINE ( 'NONE', #113, #4140 ) ;
#5882 = VERTEX_POINT ( 'NONE', #5943 ) ;
#5883 = AXIS2_PLACEMENT_3D ( 'NONE', #5581, #2754, #4113 ) ;
#5884 = EDGE_CURVE ( 'NONE', #4114, #4302, #1273, .T. ) ;
#5885 = ORIENTED_EDGE ( 'NONE', *, *, #5476, .F. ) ;
#5886 = LINE ( 'NONE', #2075, #2141 ) ;
#5887 = ORIENTED_EDGE ( 'NONE', *, *, #5582, .F. ) ;
#5888 = CARTESIAN_POINT ( 'NONE',  ( -1.874999999999999800, 0.1949999999999999500, 0.2500000000000000000 ) ) ;
#5889 = FACE_OUTER_BOUND ( 'NONE', #5962, .T. ) ;
#5890 = DIRECTION ( 'NONE',  ( -1.000000000000000000, -0.0000000000000000000, -0.0000000000000000000 ) ) ;
#5891 = LINE ( 'NONE', #1373, #917 ) ;
#5892 = ORIENTED_EDGE ( 'NONE', *, *, #3317, .T. ) ;
#5893 = ORIENTED_EDGE ( 'NONE', *, *, #527, .T. ) ;
#5894 = VECTOR ( 'NONE', #5354, 1000.000000000000000 ) ;
#5895 = DIRECTION ( 'NONE',  ( -0.0000000000000000000, -4.517509052022937400E-016, -1.000000000000000000 ) ) ;
#5896 = VECTOR ( 'NONE', #1771, 1000.000000000000000 ) ;
#5897 = CARTESIAN_POINT ( 'NONE',  ( -1.125000000000000000, 0.1950000000000003400, -1.174999999999999800 ) ) ;
#5898 = ADVANCED_FACE ( 'NONE', ( #4216 ), #798, .F. ) ;
#5899 = CARTESIAN_POINT ( 'NONE',  ( 1.424999999999999600, 0.1200000000000004400, -1.474999999999999600 ) ) ;
#5900 = VERTEX_POINT ( 'NONE', #1707 ) ;
#5901 = ORIENTED_EDGE ( 'NONE', *, *, #1304, .T. ) ;
#5902 = EDGE_CURVE ( 'NONE', #2612, #20, #2803, .T. ) ;
#5903 = VECTOR ( 'NONE', #5467, 1000.000000000000000 ) ;
#5904 = SURFACE_STYLE_USAGE ( .BOTH. , #4950 ) ;
#5905 = ORIENTED_EDGE ( 'NONE', *, *, #5190, .T. ) ;
#5906 = ADVANCED_FACE ( 'NONE', ( #5452 ), #2217, .F. ) ;
#5907 = DIRECTION ( 'NONE',  ( 0.0000000000000000000, 0.0000000000000000000, 1.000000000000000000 ) ) ;
#5908 = VECTOR ( 'NONE', #5785, 1000.000000000000000 ) ;
#5909 = CARTESIAN_POINT ( 'NONE',  ( 1.124999999999999800, 0.1950000000000002800, -1.925000000000000300 ) ) ;
#5910 = DIRECTION ( 'NONE',  ( 0.0000000000000000000, -1.000000000000000000, 0.0000000000000000000 ) ) ;
#5911 = ORIENTED_EDGE ( 'NONE', *, *, #1906, .F. ) ;
#5912 = VECTOR ( 'NONE', #1301, 1000.000000000000000 ) ;
#5913 = CARTESIAN_POINT ( 'NONE',  ( -1.299999999999999200, 0.05000000000000000300, 1.300000000000000300 ) ) ;
#5914 = CARTESIAN_POINT ( 'NONE',  ( 1.875000000000000200, 0.1199999999999999500, -1.474999999999999600 ) ) ;
#5915 = EDGE_LOOP ( 'NONE', ( #4455, #4100, #440, #478 ) ) ;
#5916 = AXIS2_PLACEMENT_3D ( 'NONE', #1913, #2844, #2898 ) ;
#5917 = FACE_OUTER_BOUND ( 'NONE', #2605, .T. ) ;
#5918 = VECTOR ( 'NONE', #4266, 1000.000000000000000 ) ;
#5919 = EDGE_CURVE ( 'NONE', #4630, #4148, #3541, .T. ) ;
#5920 = ORIENTED_EDGE ( 'NONE', *, *, #3771, .T. ) ;
#5921 = ORIENTED_EDGE ( 'NONE', *, *, #3926, .F. ) ;
#5922 = CARTESIAN_POINT ( 'NONE',  ( 1.875000000000000200, 0.1200000000000001600, -0.7749999999999998000 ) ) ;
#5923 = PLANE ( 'NONE',  #368 ) ;
#5924 = FACE_OUTER_BOUND ( 'NONE', #2294, .T. ) ;
#5925 = EDGE_CURVE ( 'NONE', #5033, #2830, #4225, .T. ) ;
#5926 = EDGE_CURVE ( 'NONE', #5565, #3922, #3094, .T. ) ;
#5927 = DIRECTION ( 'NONE',  ( 0.0000000000000000000, 0.0000000000000000000, -1.000000000000000000 ) ) ;
#5928 = VERTEX_POINT ( 'NONE', #5552 ) ;
#5929 = VECTOR ( 'NONE', #392, 1000.000000000000000 ) ;
#5930 = EDGE_LOOP ( 'NONE', ( #5911, #3252, #5217, #4276 ) ) ;
#5931 = DIRECTION ( 'NONE',  ( 0.0000000000000000000, 1.000000000000000000, 0.0000000000000000000 ) ) ;
#5932 = AXIS2_PLACEMENT_3D ( 'NONE', #3700, #1818, #905 ) ;
#5933 = ADVANCED_FACE ( 'NONE', ( #4070 ), #5607, .T. ) ;
#5934 = ORIENTED_EDGE ( 'NONE', *, *, #132, .T. ) ;
#5935 = DIRECTION ( 'NONE',  ( 0.0000000000000000000, -1.000000000000000000, 0.0000000000000000000 ) ) ;
#5936 = CARTESIAN_POINT ( 'NONE',  ( 1.424999999999999600, 0.1200000000000004400, -1.925000000000000300 ) ) ;
#5937 = LINE ( 'NONE', #4690, #4558 ) ;
#5938 = DIRECTION ( 'NONE',  ( 0.0000000000000000000, -1.000000000000000000, 0.0000000000000000000 ) ) ;
#5939 = CARTESIAN_POINT ( 'NONE',  ( 0.0000000000000000000, 0.8143291419087274100, 0.0000000000000000000 ) ) ;
#5940 = EDGE_LOOP ( 'NONE', ( #4288, #5457, #1512, #4504 ) ) ;
#5941 = LINE ( 'NONE', #2107, #3514 ) ;
#5942 = CARTESIAN_POINT ( 'NONE',  ( 1.300000000000001200, 0.0000000000000000000, 0.9000000000000001300 ) ) ;
#5943 = CARTESIAN_POINT ( 'NONE',  ( -1.349999999999999000, 0.05000000000000012800, -1.299999999999999800 ) ) ;
#5944 = AXIS2_PLACEMENT_3D ( 'NONE', #81, #4278, #1467 ) ;
#5945 = ORIENTED_EDGE ( 'NONE', *, *, #2232, .F. ) ;
#5946 = DIRECTION ( 'NONE',  ( 1.000000000000000000, 0.0000000000000000000, 0.0000000000000000000 ) ) ;
#5947 = VECTOR ( 'NONE', #5176, 1000.000000000000000 ) ;
#5948 = DIRECTION ( 'NONE',  ( 0.0000000000000000000, -1.000000000000000000, 0.0000000000000000000 ) ) ;
#5949 = CARTESIAN_POINT ( 'NONE',  ( 1.424999999999999600, 0.1950000000000002800, -1.925000000000000300 ) ) ;
#5950 = ORIENTED_EDGE ( 'NONE', *, *, #4390, .F. ) ;
#5951 = LINE ( 'NONE', #3860, #4720 ) ;
#5952 = EDGE_CURVE ( 'NONE', #3879, #5243, #5314, .T. ) ;
#5953 = DIRECTION ( 'NONE',  ( 1.000000000000000000, 0.0000000000000000000, 0.0000000000000000000 ) ) ;
#5954 = VERTEX_POINT ( 'NONE', #1810 ) ;
#5955 = FACE_OUTER_BOUND ( 'NONE', #888, .T. ) ;
#5956 = DIRECTION ( 'NONE',  ( 0.0000000000000000000, 1.264902534566422200E-015, 1.000000000000000000 ) ) ;
#5957 = ORIENTED_EDGE ( 'NONE', *, *, #3988, .F. ) ;
#5958 = EDGE_CURVE ( 'NONE', #4059, #5580, #1564, .T. ) ;
#5959 = EDGE_CURVE ( 'NONE', #415, #1474, #1711, .T. ) ;
#5960 = CARTESIAN_POINT ( 'NONE',  ( -1.874999999999999800, 0.4500000000000000100, 1.875000000000000200 ) ) ;
#5961 = PLANE ( 'NONE',  #1838 ) ;
#5962 = EDGE_LOOP ( 'NONE', ( #5756, #2381, #96, #4676 ) ) ;
#5963 = ORIENTED_EDGE ( 'NONE', *, *, #3424, .F. ) ;
#5964 = ADVANCED_FACE ( 'NONE', ( #4873 ), #5097, .T. ) ;
#5965 = LINE ( 'NONE', #3229, #1195 ) ;
#5966 = CARTESIAN_POINT ( 'NONE',  ( 1.300000000000001200, 0.05000000000000000300, -0.9000000000000001300 ) ) ;
#5967 = PLANE ( 'NONE',  #4807 ) ;
#5968 = CARTESIAN_POINT ( 'NONE',  ( -1.924999999999999600, 0.6600000000000000300, 1.924999999999999600 ) ) ;
#5969 = CARTESIAN_POINT ( 'NONE',  ( 1.124999999999999800, 0.1200000000000004400, -1.925000000000000300 ) ) ;
#5970 = VERTEX_POINT ( 'NONE', #3671 ) ;
#5971 = ORIENTED_EDGE ( 'NONE', *, *, #3936, .F. ) ;
#5972 = VERTEX_POINT ( 'NONE', #4604 ) ;
#5973 = CARTESIAN_POINT ( 'NONE',  ( 1.875000000000000200, 0.1950000000000005600, -0.4749999999999998100 ) ) ;
#5974 = AXIS2_PLACEMENT_3D ( 'NONE', #5292, #576, #2902 ) ;
#5975 = LINE ( 'NONE', #3333, #5466 ) ;
#5976 = CARTESIAN_POINT ( 'NONE',  ( -1.124999999999999800, 0.1200000000000004400, -1.874999999999999800 ) ) ;
#5977 = PLANE ( 'NONE',  #1565 ) ;
#5978 = PLANE ( 'NONE',  #222 ) ;
#5979 = CARTESIAN_POINT ( 'NONE',  ( -1.124999999999999800, 0.1200000000000004400, -1.874999999999999800 ) ) ;
#5980 = ORIENTED_EDGE ( 'NONE', *, *, #3491, .F. ) ;
#5981 = ORIENTED_EDGE ( 'NONE', *, *, #2434, .F. ) ;
#5982 = CARTESIAN_POINT ( 'NONE',  ( 0.0000000000000000000, 0.9356394288300756700, 0.0000000000000000000 ) ) ;
#5983 = CARTESIAN_POINT ( 'NONE',  ( 1.875000000000000200, 0.1950000000000000900, 0.5499999999999999300 ) ) ;
#5984 = EDGE_CURVE ( 'NONE', #4650, #90, #3766, .T. ) ;
#5985 = EDGE_LOOP ( 'NONE', ( #3932, #3139, #1342, #2020 ) ) ;
#5986 = AXIS2_PLACEMENT_3D ( 'NONE', #5784, #3484, #1654 ) ;
#5987 = FACE_OUTER_BOUND ( 'NONE', #1101, .T. ) ;
#5988 = CARTESIAN_POINT ( 'NONE',  ( -1.349999999999999600, 2.929236009777593800, 0.4500000000000000100 ) ) ;
#5989 = CARTESIAN_POINT ( 'NONE',  ( 1.350000000000000300, 0.0000000000000000000, 0.4500000000000000100 ) ) ;
#5990 = VERTEX_POINT ( 'NONE', #1341 ) ;
#5991 = CARTESIAN_POINT ( 'NONE',  ( 1.875000000000000200, 0.1950000000000002800, 1.249999999999999800 ) ) ;
#5992 = CARTESIAN_POINT ( 'NONE',  ( -1.424999999999999600, 0.1200000000000004300, 1.875000000000000200 ) ) ;
#5993 = LINE ( 'NONE', #730, #12 ) ;
#5994 = ORIENTED_EDGE ( 'NONE', *, *, #4519, .T. ) ;
#5995 = LINE ( 'NONE', #793, #3489 ) ;
#5996 = ADVANCED_FACE ( 'NONE', ( #6042 ), #2343, .T. ) ;
#5997 = CARTESIAN_POINT ( 'NONE',  ( 1.300000000000001200, 0.05000000000000000300, 0.9000000000000001300 ) ) ;
#5998 = AXIS2_PLACEMENT_3D ( 'NONE', #4075, #1210, #1257 ) ;
#5999 = EDGE_CURVE ( 'NONE', #2989, #3456, #5030, .T. ) ;
#6000 = ORIENTED_EDGE ( 'NONE', *, *, #3606, .F. ) ;
#6001 = DIRECTION ( 'NONE',  ( 0.0000000000000000000, 1.000000000000000000, -0.0000000000000000000 ) ) ;
#6002 = EDGE_CURVE ( 'NONE', #1590, #2420, #3386, .T. ) ;
#6003 = VECTOR ( 'NONE', #3058, 1000.000000000000000 ) ;
#6005 = ORIENTED_EDGE ( 'NONE', *, *, #685, .T. ) ;
#6004 = DIRECTION ( 'NONE',  ( -0.0000000000000000000, -1.000000000000000000, -0.0000000000000000000 ) ) ;
#6006 = DIRECTION ( 'NONE',  ( -1.000000000000000000, -0.0000000000000000000, -0.0000000000000000000 ) ) ;
#6007 = ORIENTED_EDGE ( 'NONE', *, *, #3309, .F. ) ;
#6008 = DIRECTION ( 'NONE',  ( -0.0000000000000000000, 0.0000000000000000000, -1.000000000000000000 ) ) ;
#6009 = FACE_BOUND ( 'NONE', #5837, .T. ) ;
#6010 = CARTESIAN_POINT ( 'NONE',  ( 1.925000000000000700, 0.1950000000000003400, -1.174999999999999800 ) ) ;
#6011 = CARTESIAN_POINT ( 'NONE',  ( -1.125000000000000000, 0.1200000000000004400, 1.249999999999999800 ) ) ;
#6012 = DIRECTION ( 'NONE',  ( 0.0000000000000000000, -1.000000000000000000, 0.0000000000000000000 ) ) ;
#6013 = ORIENTED_EDGE ( 'NONE', *, *, #5153, .F. ) ;
#6014 = FACE_OUTER_BOUND ( 'NONE', #4268, .T. ) ;
#6015 = DIRECTION ( 'NONE',  ( -1.000000000000000000, 0.0000000000000000000, -0.0000000000000000000 ) ) ;
#6016 = DIRECTION ( 'NONE',  ( 0.0000000000000000000, -1.000000000000000000, 0.0000000000000000000 ) ) ;
#6017 = EDGE_CURVE ( 'NONE', #1566, #4200, #2518, .T. ) ;
#6018 = ORIENTED_EDGE ( 'NONE', *, *, #5416, .T. ) ;
#6019 = LINE ( 'NONE', #1391, #5875 ) ;
#6020 = DIRECTION ( 'NONE',  ( -0.0000000000000000000, -0.0000000000000000000, 1.000000000000000000 ) ) ;
#6021 = ORIENTED_EDGE ( 'NONE', *, *, #1935, .T. ) ;
#6022 = CARTESIAN_POINT ( 'NONE',  ( -1.124999999999999800, 0.1200000000000004400, -1.874999999999999800 ) ) ;
#6023 = VECTOR ( 'NONE', #1916, 1000.000000000000000 ) ;
#6024 = ADVANCED_FACE ( 'NONE', ( #4882 ), #4665, .T. ) ;
#6025 = ORIENTED_EDGE ( 'NONE', *, *, #2984, .F. ) ;
#6026 = CARTESIAN_POINT ( 'NONE',  ( 1.424999999999999600, 0.1200000000000004400, -0.4749999999999999200 ) ) ;
#6027 = DIRECTION ( 'NONE',  ( 1.000000000000000000, 0.0000000000000000000, -0.0000000000000000000 ) ) ;
#6028 = VERTEX_POINT ( 'NONE', #1852 ) ;
#6029 = LINE ( 'NONE', #3887, #2359 ) ;
#6030 = DIRECTION ( 'NONE',  ( 0.0000000000000000000, 0.0000000000000000000, 1.000000000000000000 ) ) ;
#6031 = VERTEX_POINT ( 'NONE', #2785 ) ;
#6032 = AXIS2_PLACEMENT_3D ( 'NONE', #5942, #1748, #2214 ) ;
#6033 = DIRECTION ( 'NONE',  ( -0.0000000000000000000, 0.0000000000000000000, 1.000000000000000000 ) ) ;
#6034 = EDGE_CURVE ( 'NONE', #5621, #5900, #3648, .T. ) ;
#6035 = LINE ( 'NONE', #4677, #776 ) ;
#6036 = DIRECTION ( 'NONE',  ( 1.000000000000000000, 0.0000000000000000000, -0.0000000000000000000 ) ) ;
#6037 = ORIENTED_EDGE ( 'NONE', *, *, #3771, .F. ) ;
#6038 = ORIENTED_EDGE ( 'NONE', *, *, #1950, .F. ) ;
#6039 = FACE_OUTER_BOUND ( 'NONE', #4989, .T. ) ;
#6040 = EDGE_CURVE ( 'NONE', #4848, #585, #3051, .T. ) ;
#6041 = EDGE_CURVE ( 'NONE', #4309, #5425, #2036, .T. ) ;
#6042 = FACE_OUTER_BOUND ( 'NONE', #1653, .T. ) ;
#6043 = CARTESIAN_POINT ( 'NONE',  ( -1.924999999999999600, 0.6600000000000000300, 1.924999999999999600 ) ) ;
#6044 = EDGE_LOOP ( 'NONE', ( #3875, #5601, #274, #1536 ) ) ;
#6045 = ORIENTED_EDGE ( 'NONE', *, *, #3012, .T. ) ;
#6046 = CARTESIAN_POINT ( 'NONE',  ( 1.124999999999999800, 0.1950000000000000900, 0.5499999999999999300 ) ) ;
#6047 = LINE ( 'NONE', #5513, #5184 ) ;
#6048 = DIRECTION ( 'NONE',  ( 0.0000000000000000000, 0.0000000000000000000, 1.000000000000000000 ) ) ;
#6049 = DIRECTION ( 'NONE',  ( 0.0000000000000000000, 0.0000000000000000000, -1.000000000000000000 ) ) ;
ENDSEC;
END-ISO-10303-21;
